{
"type": "FeatureCollection",
"name": "health",
"crs": { "type": "name", "properties": { "name": "urn:ogc:def:crs:OGC:1.3:CRS84" } },
"features": [
{ "type": "Feature", "properties": { "nuts3_code": "RO125", "name": "Spitalul Municipal", "amenity": "hospital", "beds": null }, "geometry": { "type": "Point", "coordinates": [ 24.783871, 46.2207744 ] } },
{ "type": "Feature", "properties": { "nuts3_code": "RO224", "name": "Spitalul de pediatrie \"Sfântul Ioan\"", "amenity": "hospital", "beds": null }, "geometry": { "type": "Point", "coordinates": [ 28.0235885, 45.4313362 ] } },
{ "type": "Feature", "properties": { "nuts3_code": "RO423", "name": "Ambulatoriul de Specialitate", "amenity": "clinic", "beds": null }, "geometry": { "type": "Point", "coordinates": [ 22.9070091, 45.7502831 ] } },
{ "type": "Feature", "properties": { "nuts3_code": "RO423", "name": "Secția de Boli Infecțioase", "amenity": "hospital", "beds": null }, "geometry": { "type": "Point", "coordinates": [ 22.9088614, 45.7488436 ] } },
{ "type": "Feature", "properties": { "nuts3_code": "RO122", "name": "Spitalul Astra", "amenity": "hospital", "beds": null }, "geometry": { "type": "Point", "coordinates": [ 25.6170943, 45.6495818 ] } },
{ "type": "Feature", "properties": { "nuts3_code": "RO122", "name": "Spitalul Militar", "amenity": "hospital", "beds": null }, "geometry": { "type": "Point", "coordinates": [ 25.6001061, 45.6437191 ] } },
{ "type": "Feature", "properties": { "nuts3_code": "RO423", "name": "Spitalul CFR", "amenity": "hospital", "beds": null }, "geometry": { "type": "Point", "coordinates": [ 23.0146918, 45.8480155 ] } },
{ "type": "Feature", "properties": { "nuts3_code": "RO423", "name": "Spitalul Orășenesc", "amenity": "hospital", "beds": null }, "geometry": { "type": "Point", "coordinates": [ 22.7910319, 46.1265851 ] } },
{ "type": "Feature", "properties": { "nuts3_code": "RO112", "name": "Spitalul de Boli Infecțioase", "amenity": "hospital", "beds": null }, "geometry": { "type": "Point", "coordinates": [ 24.4929433, 47.1260309 ] } },
{ "type": "Feature", "properties": { "nuts3_code": "RO112", "name": "Policlinica Bistrița", "amenity": "hospital", "beds": null }, "geometry": { "type": "Point", "coordinates": [ 24.4880897, 47.1314845 ] } },
{ "type": "Feature", "properties": { "nuts3_code": "RO122", "name": "Spitalul de Neuro-Psihiatrie", "amenity": "hospital", "beds": null }, "geometry": { "type": "Point", "coordinates": [ 25.5927496, 45.6473487 ] } },
{ "type": "Feature", "properties": { "nuts3_code": "RO122", "name": "Spitalul Clinic de Copii", "amenity": "hospital", "beds": null }, "geometry": { "type": "Point", "coordinates": [ 25.587008, 45.656751 ] } },
{ "type": "Feature", "properties": { "nuts3_code": "RO122", "name": "Centrul de Transfuzie Sanguină", "amenity": "hospital", "beds": null }, "geometry": { "type": "Point", "coordinates": [ 25.5987234, 45.6515541 ] } },
{ "type": "Feature", "properties": { "nuts3_code": "RO224", "name": "Spitalul CFR", "amenity": "hospital", "beds": null }, "geometry": { "type": "Point", "coordinates": [ 28.0619055, 45.439169 ] } },
{ "type": "Feature", "properties": { "nuts3_code": "RO122", "name": "Spitalul Clinic de Pneumoftiziologie, Pavilion IV adulți", "amenity": "hospital", "beds": null }, "geometry": { "type": "Point", "coordinates": [ 25.5771093, 45.6458376 ] } },
{ "type": "Feature", "properties": { "nuts3_code": "RO313", "name": "Dispensar", "amenity": "hospital", "beds": null }, "geometry": { "type": "Point", "coordinates": [ 25.5372392, 45.1673009 ] } },
{ "type": "Feature", "properties": { "nuts3_code": "RO412", "name": "Spitalul Municipal", "amenity": "hospital", "beds": null }, "geometry": { "type": "Point", "coordinates": [ 23.271195, 45.0325306 ] } },
{ "type": "Feature", "properties": { "nuts3_code": "RO122", "name": "Dispensar Medical de Adulți Nr. 17", "amenity": "hospital", "beds": null }, "geometry": { "type": "Point", "coordinates": [ 25.6365631, 45.6356997 ] } },
{ "type": "Feature", "properties": { "nuts3_code": "RO421", "name": "Dispensarul TBC", "amenity": "hospital", "beds": null }, "geometry": { "type": "Point", "coordinates": [ 21.3103144, 46.1903274 ] } },
{ "type": "Feature", "properties": { "nuts3_code": "RO113", "name": "Pediatrie 2", "amenity": "hospital", "beds": null }, "geometry": { "type": "Point", "coordinates": [ 23.5856202, 46.7776962 ] } },
{ "type": "Feature", "properties": { "nuts3_code": "RO112", "name": "Spital de Bătrâni", "amenity": "clinic", "beds": null }, "geometry": { "type": "Point", "coordinates": [ 24.4882513, 47.129225 ] } },
{ "type": "Feature", "properties": { "nuts3_code": "RO112", "name": null, "amenity": "hospital", "beds": null }, "geometry": { "type": "Point", "coordinates": [ 24.5133729, 47.1381771 ] } },
{ "type": "Feature", "properties": { "nuts3_code": "RO222", "name": "Spitalul Județean De Urgență Buzău", "amenity": "hospital", "beds": null }, "geometry": { "type": "Point", "coordinates": [ 26.8011952, 45.150578 ] } },
{ "type": "Feature", "properties": { "nuts3_code": "RO222", "name": "Clinica Sante", "amenity": "clinic", "beds": null }, "geometry": { "type": "Point", "coordinates": [ 26.8164794, 45.1558965 ] } },
{ "type": "Feature", "properties": { "nuts3_code": "RO222", "name": "Synevo", "amenity": "clinic", "beds": null }, "geometry": { "type": "Point", "coordinates": [ 26.8166403, 45.1552869 ] } },
{ "type": "Feature", "properties": { "nuts3_code": "RO115", "name": "Spitalul Județean Satu-Mare", "amenity": "hospital", "beds": null }, "geometry": { "type": "Point", "coordinates": [ 22.8631551, 47.7828104 ] } },
{ "type": "Feature", "properties": { "nuts3_code": "RO115", "name": "Dispensar Socund", "amenity": "hospital", "beds": null }, "geometry": { "type": "Point", "coordinates": [ 22.9502266, 47.5633039 ] } },
{ "type": "Feature", "properties": { "nuts3_code": "RO221", "name": "Spitalul de Pneumoftiziologie", "amenity": "hospital", "beds": null }, "geometry": { "type": "Point", "coordinates": [ 27.9703046, 45.2695549 ] } },
{ "type": "Feature", "properties": { "nuts3_code": "RO414", "name": "Spitalul Municipal Caracal", "amenity": "hospital", "beds": null }, "geometry": { "type": "Point", "coordinates": [ 24.3547798, 44.1164033 ] } },
{ "type": "Feature", "properties": { "nuts3_code": "RO421", "name": "Spitalul Matern", "amenity": "hospital", "beds": null }, "geometry": { "type": "Point", "coordinates": [ 21.3158065, 46.1756614 ] } },
{ "type": "Feature", "properties": { "nuts3_code": "RO113", "name": "Clinica de Chirurgie Maxilo-Facială", "amenity": "clinic", "beds": null }, "geometry": { "type": "Point", "coordinates": [ 23.5796611, 46.7683581 ] } },
{ "type": "Feature", "properties": { "nuts3_code": "RO421", "name": "Spitalul clinic municipal secția TBC", "amenity": "hospital", "beds": null }, "geometry": { "type": "Point", "coordinates": [ 21.3077851, 46.1721434 ] } },
{ "type": "Feature", "properties": { "nuts3_code": "RO122", "name": "Cabinet Medical", "amenity": "hospital", "beds": null }, "geometry": { "type": "Point", "coordinates": [ 25.6429915, 45.766112 ] } },
{ "type": "Feature", "properties": { "nuts3_code": "RO223", "name": "Policlinică cu plată", "amenity": "hospital", "beds": null }, "geometry": { "type": "Point", "coordinates": [ 28.6329652, 44.0668783 ] } },
{ "type": "Feature", "properties": { "nuts3_code": "RO423", "name": "Centrul de Sănătate Călan", "amenity": "hospital", "beds": null }, "geometry": { "type": "Point", "coordinates": [ 23.0263719, 45.7331603 ] } },
{ "type": "Feature", "properties": { "nuts3_code": "RO215", "name": "Spitalul Municipal", "amenity": "hospital", "beds": null }, "geometry": { "type": "Point", "coordinates": [ 25.3583204, 47.3478745 ] } },
{ "type": "Feature", "properties": { "nuts3_code": "RO215", "name": "Policlinica Municipală", "amenity": "hospital", "beds": null }, "geometry": { "type": "Point", "coordinates": [ 25.3557388, 47.3477065 ] } },
{ "type": "Feature", "properties": { "nuts3_code": "RO215", "name": "Secția de boli infecțioase", "amenity": "hospital", "beds": null }, "geometry": { "type": "Point", "coordinates": [ 25.3596782, 47.3533083 ] } },
{ "type": "Feature", "properties": { "nuts3_code": "RO126", "name": "Maternitatea de Psihologie", "amenity": "hospital", "beds": null }, "geometry": { "type": "Point", "coordinates": [ 24.1564076, 45.8071281 ] } },
{ "type": "Feature", "properties": { "nuts3_code": "RO214", "name": "Policlinica Piatra Neamț", "amenity": "clinic", "beds": null }, "geometry": { "type": "Point", "coordinates": [ 26.3740427, 46.9271491 ] } },
{ "type": "Feature", "properties": { "nuts3_code": "RO423", "name": "Secția de Boli Cronice", "amenity": "hospital", "beds": null }, "geometry": { "type": "Point", "coordinates": [ 22.9035933, 45.7491617 ] } },
{ "type": "Feature", "properties": { "nuts3_code": "RO115", "name": "Laborator de Sănătate Mintală", "amenity": "hospital", "beds": null }, "geometry": { "type": "Point", "coordinates": [ 22.859015, 47.7871125 ] } },
{ "type": "Feature", "properties": { "nuts3_code": "RO114", "name": null, "amenity": "hospital", "beds": null }, "geometry": { "type": "Point", "coordinates": [ 23.5902518, 47.6611589 ] } },
{ "type": "Feature", "properties": { "nuts3_code": "RO313", "name": "Spitalul Județean ortopedie", "amenity": "hospital", "beds": null }, "geometry": { "type": "Point", "coordinates": [ 25.4507427, 44.923597 ] } },
{ "type": "Feature", "properties": { "nuts3_code": "RO322", "name": "Centrul medical NATURALIA", "amenity": "hospital", "beds": null }, "geometry": { "type": "Point", "coordinates": [ 26.1744422, 44.4981209 ] } },
{ "type": "Feature", "properties": { "nuts3_code": "RO421", "name": "Spitalul Sebiș", "amenity": "hospital", "beds": null }, "geometry": { "type": "Point", "coordinates": [ 22.1316241, 46.3725991 ] } },
{ "type": "Feature", "properties": { "nuts3_code": "RO412", "name": "Spitalul Orășenesc", "amenity": "hospital", "beds": null }, "geometry": { "type": "Point", "coordinates": [ 23.1634545, 44.89882 ] } },
{ "type": "Feature", "properties": { "nuts3_code": "RO214", "name": "Cămin Spital", "amenity": "hospital", "beds": null }, "geometry": { "type": "Point", "coordinates": [ 26.5557634, 47.0851762 ] } },
{ "type": "Feature", "properties": { "nuts3_code": "RO424", "name": "Spitalul de copii", "amenity": "hospital", "beds": null }, "geometry": { "type": "Point", "coordinates": [ 21.9018057, 45.6821657 ] } },
{ "type": "Feature", "properties": { "nuts3_code": "RO421", "name": "Spitalul Sfântul Gheorghe", "amenity": "hospital", "beds": null }, "geometry": { "type": "Point", "coordinates": [ 21.515779, 46.5239569 ] } },
{ "type": "Feature", "properties": { "nuts3_code": "RO412", "name": "Spitalul Județean Tudor Vladimirescu", "amenity": "hospital", "beds": null }, "geometry": { "type": "Point", "coordinates": [ 23.2745341, 45.0401597 ] } },
{ "type": "Feature", "properties": { "nuts3_code": "RO321", "name": "Institutul Național de Recuperare, Medicină Fizică și Balneoclimatologie", "amenity": "clinic", "beds": null }, "geometry": { "type": "Point", "coordinates": [ 26.0986545, 44.4310894 ] } },
{ "type": "Feature", "properties": { "nuts3_code": "RO423", "name": "Spitalul Orășenesc", "amenity": "hospital", "beds": null }, "geometry": { "type": "Point", "coordinates": [ 23.1221304, 45.3319073 ] } },
{ "type": "Feature", "properties": { "nuts3_code": "RO126", "name": null, "amenity": "hospital", "beds": null }, "geometry": { "type": "Point", "coordinates": [ 24.1430113, 45.797659 ] } },
{ "type": "Feature", "properties": { "nuts3_code": "RO317", "name": "Spitalul de Pneumoftiziologie", "amenity": "hospital", "beds": null }, "geometry": { "type": "Point", "coordinates": [ 24.964765, 44.0994384 ] } },
{ "type": "Feature", "properties": { "nuts3_code": "RO317", "name": "Spitalul de stat Caritas", "amenity": "hospital", "beds": null }, "geometry": { "type": "Point", "coordinates": [ 24.9876379, 44.115025 ] } },
{ "type": "Feature", "properties": { "nuts3_code": "RO321", "name": "Gral Medical", "amenity": "clinic", "beds": null }, "geometry": { "type": "Point", "coordinates": [ 26.1333309, 44.4227538 ] } },
{ "type": "Feature", "properties": { "nuts3_code": "RO121", "name": "Spitalul Județean de Urgență", "amenity": "hospital", "beds": null }, "geometry": { "type": "Point", "coordinates": [ 23.5578161, 46.0720707 ] } },
{ "type": "Feature", "properties": { "nuts3_code": "RO113", "name": "Policlinica Spital Salvosan Ciobanca", "amenity": "clinic", "beds": null }, "geometry": { "type": "Point", "coordinates": [ 23.5852355, 46.7648425 ] } },
{ "type": "Feature", "properties": { "nuts3_code": "RO115", "name": "Clinica privată de Chirurgie Plastică și Estetică ELISESTET", "amenity": "hospital", "beds": null }, "geometry": { "type": "Point", "coordinates": [ 22.8622824, 47.7988666 ] } },
{ "type": "Feature", "properties": { "nuts3_code": "RO321", "name": "Policlinica", "amenity": "clinic", "beds": null }, "geometry": { "type": "Point", "coordinates": [ 26.0947031, 44.4549686 ] } },
{ "type": "Feature", "properties": { "nuts3_code": "RO321", "name": "Doctor Anghel Medical Center", "amenity": "clinic", "beds": null }, "geometry": { "type": "Point", "coordinates": [ 26.1272262, 44.4264872 ] } },
{ "type": "Feature", "properties": { "nuts3_code": "RO423", "name": "Ambulanta Hunedoara", "amenity": "hospital", "beds": null }, "geometry": { "type": "Point", "coordinates": [ 22.9051033, 45.7500474 ] } },
{ "type": "Feature", "properties": { "nuts3_code": "RO114", "name": "Dispensar", "amenity": "hospital", "beds": null }, "geometry": { "type": "Point", "coordinates": [ 24.3496722, 47.6593039 ] } },
{ "type": "Feature", "properties": { "nuts3_code": "RO321", "name": "Regina Maria - Policlinica Băneasa și Clinica Private Care", "amenity": "clinic", "beds": null }, "geometry": { "type": "Point", "coordinates": [ 26.0781373, 44.4948215 ] } },
{ "type": "Feature", "properties": { "nuts3_code": "RO317", "name": "Spitalul Videle", "amenity": "hospital", "beds": null }, "geometry": { "type": "Point", "coordinates": [ 25.5164167, 44.2787223 ] } },
{ "type": "Feature", "properties": { "nuts3_code": "RO412", "name": "Stația SALVAMONT Gorj", "amenity": "hospital", "beds": null }, "geometry": { "type": "Point", "coordinates": [ 23.7903518, 45.1939772 ] } },
{ "type": "Feature", "properties": { "nuts3_code": "RO222", "name": "Clinica Sante", "amenity": "hospital", "beds": null }, "geometry": { "type": "Point", "coordinates": [ 26.8243225, 45.1530738 ] } },
{ "type": "Feature", "properties": { "nuts3_code": "RO321", "name": "Professional Klinic", "amenity": "clinic", "beds": null }, "geometry": { "type": "Point", "coordinates": [ 26.1291285, 44.4321435 ] } },
{ "type": "Feature", "properties": { "nuts3_code": "RO414", "name": "Dispensar", "amenity": "hospital", "beds": null }, "geometry": { "type": "Point", "coordinates": [ 24.2888095, 43.8582805 ] } },
{ "type": "Feature", "properties": { "nuts3_code": "RO115", "name": null, "amenity": "hospital", "beds": null }, "geometry": { "type": "Point", "coordinates": [ 22.4634168, 47.680698 ] } },
{ "type": "Feature", "properties": { "nuts3_code": "RO321", "name": "Clinica Medicală Hypocrat 2000", "amenity": "hospital", "beds": null }, "geometry": { "type": "Point", "coordinates": [ 26.1582115, 44.4381976 ] } },
{ "type": "Feature", "properties": { "nuts3_code": "RO317", "name": "Spitalul Județean Teleorman", "amenity": "hospital", "beds": null }, "geometry": { "type": "Point", "coordinates": [ 25.3139964, 43.9795507 ] } },
{ "type": "Feature", "properties": { "nuts3_code": "RO321", "name": "Spitalul Clinic Sfânta Maria", "amenity": "hospital", "beds": null }, "geometry": { "type": "Point", "coordinates": [ 26.0790405, 44.4564896 ] } },
{ "type": "Feature", "properties": { "nuts3_code": "RO125", "name": "Policlinica", "amenity": "hospital", "beds": null }, "geometry": { "type": "Point", "coordinates": [ 24.792943, 46.2219334 ] } },
{ "type": "Feature", "properties": { "nuts3_code": "RO125", "name": "Dispensarul TBC", "amenity": "hospital", "beds": null }, "geometry": { "type": "Point", "coordinates": [ 24.7871661, 46.2195292 ] } },
{ "type": "Feature", "properties": { "nuts3_code": "RO122", "name": "Clinica Eva", "amenity": "hospital", "beds": null }, "geometry": { "type": "Point", "coordinates": [ 25.613321, 45.6502626 ] } },
{ "type": "Feature", "properties": { "nuts3_code": "RO321", "name": "Hyperclinica MedLife Unirii", "amenity": "clinic", "beds": null }, "geometry": { "type": "Point", "coordinates": [ 26.1031237, 44.4244721 ] } },
{ "type": "Feature", "properties": { "nuts3_code": "RO321", "name": "Medlife", "amenity": "clinic", "beds": null }, "geometry": { "type": "Point", "coordinates": [ 26.054379, 44.4649584 ] } },
{ "type": "Feature", "properties": { "nuts3_code": "RO424", "name": "Profilaxis", "amenity": "clinic", "beds": null }, "geometry": { "type": "Point", "coordinates": [ 21.2479563, 45.7474017 ] } },
{ "type": "Feature", "properties": { "nuts3_code": "RO223", "name": "Cabinete Medicale", "amenity": "hospital", "beds": null }, "geometry": { "type": "Point", "coordinates": [ 28.5775895, 43.7865984 ] } },
{ "type": "Feature", "properties": { "nuts3_code": "RO125", "name": "Centru Medical Gastroenterologie", "amenity": "hospital", "beds": null }, "geometry": { "type": "Point", "coordinates": [ 24.5768488, 46.5394804 ] } },
{ "type": "Feature", "properties": { "nuts3_code": "RO125", "name": "Centrul Alma Medical", "amenity": "hospital", "beds": null }, "geometry": { "type": "Point", "coordinates": [ 24.5771923, 46.5395291 ] } },
{ "type": "Feature", "properties": { "nuts3_code": "RO424", "name": "Cabinet Dr. Iana Elena Cristina", "amenity": "clinic", "beds": null }, "geometry": { "type": "Point", "coordinates": [ 21.2446159, 45.7624244 ] } },
{ "type": "Feature", "properties": { "nuts3_code": "RO424", "name": "Cabinet Radiografie Dentară", "amenity": "clinic", "beds": null }, "geometry": { "type": "Point", "coordinates": [ 21.2443541, 45.7619553 ] } },
{ "type": "Feature", "properties": { "nuts3_code": "RO321", "name": "AIS Clinics & Hospitals", "amenity": "clinic", "beds": null }, "geometry": { "type": "Point", "coordinates": [ 26.0482604, 44.3999106 ] } },
{ "type": "Feature", "properties": { "nuts3_code": "RO415", "name": "Spitalul Județean de Urgență - Vâlcea", "amenity": "hospital", "beds": null }, "geometry": { "type": "Point", "coordinates": [ 24.3625832, 45.1185439 ] } },
{ "type": "Feature", "properties": { "nuts3_code": "RO321", "name": "ambulatory", "amenity": "clinic", "beds": null }, "geometry": { "type": "Point", "coordinates": [ 26.0453507, 44.4452897 ] } },
{ "type": "Feature", "properties": { "nuts3_code": "RO215", "name": "Spital copii", "amenity": "hospital", "beds": null }, "geometry": { "type": "Point", "coordinates": [ 25.8971132, 47.5562037 ] } },
{ "type": "Feature", "properties": { "nuts3_code": "RO321", "name": "Lasermed Medical Center", "amenity": "clinic", "beds": null }, "geometry": { "type": "Point", "coordinates": [ 26.0404502, 44.4223422 ] } },
{ "type": "Feature", "properties": { "nuts3_code": "RO421", "name": "Spitalul Orășenesc Sântana", "amenity": "hospital", "beds": null }, "geometry": { "type": "Point", "coordinates": [ 21.4989989, 46.343797 ] } },
{ "type": "Feature", "properties": { "nuts3_code": "RO424", "name": "Centrul Medical DALMED", "amenity": "clinic", "beds": null }, "geometry": { "type": "Point", "coordinates": [ 21.2383194, 45.7736642 ] } },
{ "type": "Feature", "properties": { "nuts3_code": "RO223", "name": "Cardiomed", "amenity": "clinic", "beds": null }, "geometry": { "type": "Point", "coordinates": [ 28.6416461, 44.1731031 ] } },
{ "type": "Feature", "properties": { "nuts3_code": "RO111", "name": "Policlinica Băile Felix", "amenity": "clinic", "beds": null }, "geometry": { "type": "Point", "coordinates": [ 21.9776925, 46.9901319 ] } },
{ "type": "Feature", "properties": { "nuts3_code": "RO311", "name": "Laborator Sanatate Mintala", "amenity": "hospital", "beds": null }, "geometry": { "type": "Point", "coordinates": [ 24.8607635, 44.8670294 ] } },
{ "type": "Feature", "properties": { "nuts3_code": "RO311", "name": "Implant & Esthetic Center", "amenity": "clinic", "beds": null }, "geometry": { "type": "Point", "coordinates": [ 24.8674639, 44.85877 ] } },
{ "type": "Feature", "properties": { "nuts3_code": "RO311", "name": "Centrul Medical „Natisan”", "amenity": "clinic", "beds": null }, "geometry": { "type": "Point", "coordinates": [ 24.8442117, 44.8711954 ] } },
{ "type": "Feature", "properties": { "nuts3_code": "RO311", "name": "Cabinet Medical Cadar Sorin", "amenity": "hospital", "beds": null }, "geometry": { "type": "Point", "coordinates": [ 24.8677238, 44.8525738 ] } },
{ "type": "Feature", "properties": { "nuts3_code": "RO311", "name": "Natisan", "amenity": "hospital", "beds": null }, "geometry": { "type": "Point", "coordinates": [ 24.8653438, 44.8670072 ] } },
{ "type": "Feature", "properties": { "nuts3_code": "RO311", "name": "Stomatologia Medical Tour Company", "amenity": "clinic", "beds": null }, "geometry": { "type": "Point", "coordinates": [ 24.8622915, 44.8550932 ] } },
{ "type": "Feature", "properties": { "nuts3_code": "RO311", "name": null, "amenity": "hospital", "beds": null }, "geometry": { "type": "Point", "coordinates": [ 24.9171217, 44.8290094 ] } },
{ "type": "Feature", "properties": { "nuts3_code": "RO122", "name": "\"MEDO\" international medical center - 24/24", "amenity": "hospital", "beds": null }, "geometry": { "type": "Point", "coordinates": [ 25.5955503, 45.6622252 ] } },
{ "type": "Feature", "properties": { "nuts3_code": "RO215", "name": "Maternitatea Fălticeni", "amenity": "hospital", "beds": null }, "geometry": { "type": "Point", "coordinates": [ 26.3009784, 47.4638624 ] } },
{ "type": "Feature", "properties": { "nuts3_code": "RO215", "name": "Spitalul municipal Fălticeni", "amenity": "hospital", "beds": null }, "geometry": { "type": "Point", "coordinates": [ 26.2957182, 47.4612254 ] } },
{ "type": "Feature", "properties": { "nuts3_code": "RO115", "name": "Dr. Heim Manuela", "amenity": "hospital", "beds": null }, "geometry": { "type": "Point", "coordinates": [ 22.8793562, 47.7938766 ] } },
{ "type": "Feature", "properties": { "nuts3_code": "RO321", "name": "Clinica Puls Medica - Teiul Doamnei", "amenity": "clinic", "beds": null }, "geometry": { "type": "Point", "coordinates": [ 26.1292124, 44.457583 ] } },
{ "type": "Feature", "properties": { "nuts3_code": "RO316", "name": "Dispensar Medical", "amenity": "hospital", "beds": null }, "geometry": { "type": "Point", "coordinates": [ 26.5481651, 44.8667009 ] } },
{ "type": "Feature", "properties": { "nuts3_code": "RO421", "name": "Spitalul de stat", "amenity": "hospital", "beds": null }, "geometry": { "type": "Point", "coordinates": [ 21.690075, 46.0906862 ] } },
{ "type": "Feature", "properties": { "nuts3_code": "RO421", "name": "Spitalul Orășenesc", "amenity": "hospital", "beds": null }, "geometry": { "type": "Point", "coordinates": [ 21.6921601, 46.0904332 ] } },
{ "type": "Feature", "properties": { "nuts3_code": "RO313", "name": "Cabinete medicale individuale", "amenity": "hospital", "beds": null }, "geometry": { "type": "Point", "coordinates": [ 25.318619, 44.7218367 ] } },
{ "type": "Feature", "properties": { "nuts3_code": "RO223", "name": "Cabinete Medicale Individuale", "amenity": "clinic", "beds": null }, "geometry": { "type": "Point", "coordinates": [ 28.4795871, 44.16448 ] } },
{ "type": "Feature", "properties": { "nuts3_code": "RO224", "name": "Cabinete Medicale", "amenity": "hospital", "beds": null }, "geometry": { "type": "Point", "coordinates": [ 28.0191736, 45.4304417 ] } },
{ "type": "Feature", "properties": { "nuts3_code": "RO313", "name": "Biomedica", "amenity": "hospital", "beds": null }, "geometry": { "type": "Point", "coordinates": [ 25.4717221, 44.9163076 ] } },
{ "type": "Feature", "properties": { "nuts3_code": "RO216", "name": "Spitalul Județean Vaslui", "amenity": "hospital", "beds": null }, "geometry": { "type": "Point", "coordinates": [ 27.7362613, 46.655443 ] } },
{ "type": "Feature", "properties": { "nuts3_code": "RO216", "name": "Spitalul Vechi", "amenity": "hospital", "beds": null }, "geometry": { "type": "Point", "coordinates": [ 27.7262893, 46.6331916 ] } },
{ "type": "Feature", "properties": { "nuts3_code": "RO113", "name": "Clinica Interservisan", "amenity": "clinic", "beds": null }, "geometry": { "type": "Point", "coordinates": [ 23.6184148, 46.7694557 ] } },
{ "type": "Feature", "properties": { "nuts3_code": "RO314", "name": "Spitalul de psihiatrie Vadu Lat", "amenity": "hospital", "beds": null }, "geometry": { "type": "Point", "coordinates": [ 25.6742269, 44.3422268 ] } },
{ "type": "Feature", "properties": { "nuts3_code": "RO226", "name": "Spitalul Comunei Măicănești", "amenity": "hospital", "beds": null }, "geometry": { "type": "Point", "coordinates": [ 27.4976952, 45.5022233 ] } },
{ "type": "Feature", "properties": { "nuts3_code": "RO211", "name": "Spitalul Ioan Lascăr", "amenity": "hospital", "beds": null }, "geometry": { "type": "Point", "coordinates": [ 26.448467, 46.418749 ] } },
{ "type": "Feature", "properties": { "nuts3_code": "RO125", "name": "Policlinica Regina Maria", "amenity": "clinic", "beds": null }, "geometry": { "type": "Point", "coordinates": [ 24.5570873, 46.5407603 ] } },
{ "type": "Feature", "properties": { "nuts3_code": "RO321", "name": "Spitalul Medicover", "amenity": "hospital", "beds": null }, "geometry": { "type": "Point", "coordinates": [ 26.0916346, 44.4899542 ] } },
{ "type": "Feature", "properties": { "nuts3_code": "RO126", "name": "Spital", "amenity": "hospital", "beds": null }, "geometry": { "type": "Point", "coordinates": [ 23.7989295, 45.8859866 ] } },
{ "type": "Feature", "properties": { "nuts3_code": "RO311", "name": "Spitalul Pneumoftiziologie Câmpulung TBC", "amenity": "hospital", "beds": null }, "geometry": { "type": "Point", "coordinates": [ 25.0475011, 45.2776667 ] } },
{ "type": "Feature", "properties": { "nuts3_code": "RO121", "name": "Spitalul Municipal Blaj", "amenity": "hospital", "beds": null }, "geometry": { "type": "Point", "coordinates": [ 23.9247694, 46.1791954 ] } },
{ "type": "Feature", "properties": { "nuts3_code": "RO224", "name": "Centrul de nefrologie și dializă", "amenity": "clinic", "beds": null }, "geometry": { "type": "Point", "coordinates": [ 28.0224136, 45.4246525 ] } },
{ "type": "Feature", "properties": { "nuts3_code": "RO224", "name": "Dispensar Tulucesti", "amenity": "hospital", "beds": null }, "geometry": { "type": "Point", "coordinates": [ 28.0477768, 45.5687492 ] } },
{ "type": "Feature", "properties": { "nuts3_code": "RO126", "name": "Spital", "amenity": "hospital", "beds": null }, "geometry": { "type": "Point", "coordinates": [ 23.8892212, 45.7912328 ] } },
{ "type": "Feature", "properties": { "nuts3_code": "RO213", "name": null, "amenity": "hospital", "beds": null }, "geometry": { "type": "Point", "coordinates": [ 27.6030098, 47.1680446 ] } },
{ "type": "Feature", "properties": { "nuts3_code": "RO225", "name": "Leprozeria Tichilești", "amenity": "hospital", "beds": null }, "geometry": { "type": "Point", "coordinates": [ 28.3587565, 45.2631331 ] } },
{ "type": "Feature", "properties": { "nuts3_code": "RO224", "name": "Doctor Pediatru Baciu Ginel", "amenity": "clinic", "beds": null }, "geometry": { "type": "Point", "coordinates": [ 28.046956, 45.428209 ] } },
{ "type": "Feature", "properties": { "nuts3_code": "RO224", "name": "Avant Medica", "amenity": "clinic", "beds": null }, "geometry": { "type": "Point", "coordinates": [ 28.0549276, 45.4356422 ] } },
{ "type": "Feature", "properties": { "nuts3_code": "RO224", "name": "Danubius Medica", "amenity": "clinic", "beds": null }, "geometry": { "type": "Point", "coordinates": [ 28.0245044, 45.436176 ] } },
{ "type": "Feature", "properties": { "nuts3_code": "RO213", "name": "Policlinica C.F.R.", "amenity": "hospital", "beds": null }, "geometry": { "type": "Point", "coordinates": [ 27.5731628, 47.1708585 ] } },
{ "type": "Feature", "properties": { "nuts3_code": "RO316", "name": null, "amenity": "hospital", "beds": null }, "geometry": { "type": "Point", "coordinates": [ 26.4400462, 44.9994827 ] } },
{ "type": "Feature", "properties": { "nuts3_code": "RO316", "name": "Spitalul Orășenesc Sfânta Filofteia", "amenity": "hospital", "beds": null }, "geometry": { "type": "Point", "coordinates": [ 26.4435372, 45.00325 ] } },
{ "type": "Feature", "properties": { "nuts3_code": "RO123", "name": "Kórház", "amenity": "hospital", "beds": null }, "geometry": { "type": "Point", "coordinates": [ 25.5915544, 46.0727043 ] } },
{ "type": "Feature", "properties": { "nuts3_code": "RO124", "name": null, "amenity": "hospital", "beds": null }, "geometry": { "type": "Point", "coordinates": [ 25.1837689, 46.4747252 ] } },
{ "type": "Feature", "properties": { "nuts3_code": "RO213", "name": "Policlinica Sfinții Petru și Pavel (Industrială)", "amenity": "clinic", "beds": null }, "geometry": { "type": "Point", "coordinates": [ 27.596427, 47.150327 ] } },
{ "type": "Feature", "properties": { "nuts3_code": "RO221", "name": "Dispensar Viziru III", "amenity": "hospital", "beds": null }, "geometry": { "type": "Point", "coordinates": [ 27.9528046, 45.2500589 ] } },
{ "type": "Feature", "properties": { "nuts3_code": "RO111", "name": "Dispensarul uman", "amenity": "hospital", "beds": null }, "geometry": { "type": "Point", "coordinates": [ 22.4724594, 46.4759412 ] } },
{ "type": "Feature", "properties": { "nuts3_code": "RO423", "name": "Spital TBC", "amenity": "hospital", "beds": null }, "geometry": { "type": "Point", "coordinates": [ 23.1636157, 45.9119807 ] } },
{ "type": "Feature", "properties": { "nuts3_code": "RO316", "name": "Bestmed Serv", "amenity": "hospital", "beds": null }, "geometry": { "type": "Point", "coordinates": [ 26.0316059, 45.0325975 ] } },
{ "type": "Feature", "properties": { "nuts3_code": "RO212", "name": "Preventoriu TBC pt Copii", "amenity": "hospital", "beds": null }, "geometry": { "type": "Point", "coordinates": [ 26.8783746, 47.4657854 ] } },
{ "type": "Feature", "properties": { "nuts3_code": "RO226", "name": "Spitalul Municipal Adjud", "amenity": "hospital", "beds": null }, "geometry": { "type": "Point", "coordinates": [ 27.1878019, 46.0919311 ] } },
{ "type": "Feature", "properties": { "nuts3_code": "RO123", "name": "Orvosi rendelő", "amenity": "hospital", "beds": null }, "geometry": { "type": "Point", "coordinates": [ 26.2706362, 45.7601716 ] } },
{ "type": "Feature", "properties": { "nuts3_code": "RO421", "name": "Centrul Medical Laser System", "amenity": "hospital", "beds": null }, "geometry": { "type": "Point", "coordinates": [ 21.3084991, 46.180955 ] } },
{ "type": "Feature", "properties": { "nuts3_code": "RO214", "name": "Dispensarul Girov", "amenity": "hospital", "beds": null }, "geometry": { "type": "Point", "coordinates": [ 26.502416, 46.9538526 ] } },
{ "type": "Feature", "properties": { "nuts3_code": "RO314", "name": "Spitalul Orășenesc Bolintin-Deal", "amenity": "hospital", "beds": null }, "geometry": { "type": "Point", "coordinates": [ 25.821681, 44.4538206 ] } },
{ "type": "Feature", "properties": { "nuts3_code": "RO317", "name": "Dispensar", "amenity": "hospital", "beds": null }, "geometry": { "type": "Point", "coordinates": [ 25.166038, 43.8005257 ] } },
{ "type": "Feature", "properties": { "nuts3_code": "RO111", "name": null, "amenity": "hospital", "beds": null }, "geometry": { "type": "Point", "coordinates": [ 21.9198089, 47.152146 ] } },
{ "type": "Feature", "properties": { "nuts3_code": "RO213", "name": null, "amenity": "hospital", "beds": null }, "geometry": { "type": "Point", "coordinates": [ 27.7235166, 46.9659571 ] } },
{ "type": "Feature", "properties": { "nuts3_code": "RO312", "name": "Spitalul Orășenesc Lehliu-Gară", "amenity": "hospital", "beds": null }, "geometry": { "type": "Point", "coordinates": [ 26.8523331, 44.4424731 ] } },
{ "type": "Feature", "properties": { "nuts3_code": "RO316", "name": "Ambulatoriu pediatrie", "amenity": "clinic", "beds": null }, "geometry": { "type": "Point", "coordinates": [ 25.5470789, 45.3487732 ] } },
{ "type": "Feature", "properties": { "nuts3_code": "RO214", "name": "Dispensar Roznov", "amenity": "hospital", "beds": null }, "geometry": { "type": "Point", "coordinates": [ 26.5058961, 46.8389506 ] } },
{ "type": "Feature", "properties": { "nuts3_code": "RO321", "name": "Regina Maria", "amenity": "clinic", "beds": null }, "geometry": { "type": "Point", "coordinates": [ 26.1357295, 44.4603392 ] } },
{ "type": "Feature", "properties": { "nuts3_code": "RO321", "name": "Ava Clinique", "amenity": "clinic", "beds": null }, "geometry": { "type": "Point", "coordinates": [ 26.0471828, 44.4820733 ] } },
{ "type": "Feature", "properties": { "nuts3_code": "RO414", "name": "Dispensar", "amenity": "hospital", "beds": null }, "geometry": { "type": "Point", "coordinates": [ 24.5622788, 44.0331618 ] } },
{ "type": "Feature", "properties": { "nuts3_code": "RO414", "name": "Centrul de Dializă", "amenity": "hospital", "beds": null }, "geometry": { "type": "Point", "coordinates": [ 24.3536028, 44.1146199 ] } },
{ "type": "Feature", "properties": { "nuts3_code": "RO321", "name": "Centrul socio-medical \"Sfântul Spiridon Vechi\"", "amenity": "clinic", "beds": null }, "geometry": { "type": "Point", "coordinates": [ 26.0956821, 44.428916 ] } },
{ "type": "Feature", "properties": { "nuts3_code": "RO321", "name": "Clinica \"Nadia Comăneci\"", "amenity": "clinic", "beds": null }, "geometry": { "type": "Point", "coordinates": [ 26.0955211, 44.4291713 ] } },
{ "type": "Feature", "properties": { "nuts3_code": "RO122", "name": null, "amenity": "hospital", "beds": null }, "geometry": { "type": "Point", "coordinates": [ 24.7057415, 45.7258055 ] } },
{ "type": "Feature", "properties": { "nuts3_code": "RO321", "name": "Sebastian Centru Medical", "amenity": "clinic", "beds": null }, "geometry": { "type": "Point", "coordinates": [ 26.1084654, 44.396274 ] } },
{ "type": "Feature", "properties": { "nuts3_code": "RO321", "name": "Clinica Eminescu 100", "amenity": "clinic", "beds": null }, "geometry": { "type": "Point", "coordinates": [ 26.1056485, 44.4479236 ] } },
{ "type": "Feature", "properties": { "nuts3_code": "RO321", "name": "Dacia Medical Center", "amenity": "clinic", "beds": null }, "geometry": { "type": "Point", "coordinates": [ 26.1083877, 44.4462089 ] } },
{ "type": "Feature", "properties": { "nuts3_code": "RO321", "name": "Policlinica Cotroceni", "amenity": "clinic", "beds": null }, "geometry": { "type": "Point", "coordinates": [ 26.0728539, 44.4340779 ] } },
{ "type": "Feature", "properties": { "nuts3_code": "RO321", "name": "Centrul de Sănătate RATB", "amenity": "clinic", "beds": null }, "geometry": { "type": "Point", "coordinates": [ 26.1156489, 44.4539288 ] } },
{ "type": "Feature", "properties": { "nuts3_code": "RO321", "name": "Policlinică", "amenity": "clinic", "beds": null }, "geometry": { "type": "Point", "coordinates": [ 26.0978281, 44.4090889 ] } },
{ "type": "Feature", "properties": { "nuts3_code": "RO313", "name": "dispensar", "amenity": "hospital", "beds": null }, "geometry": { "type": "Point", "coordinates": [ 25.802845, 44.7923944 ] } },
{ "type": "Feature", "properties": { "nuts3_code": "RO321", "name": "Dr. Levy Medical Center", "amenity": "hospital", "beds": null }, "geometry": { "type": "Point", "coordinates": [ 26.0965329, 44.4503653 ] } },
{ "type": "Feature", "properties": { "nuts3_code": "RO321", "name": "Clinica dermatologie Top Derm Uni - Profesor Doctor Olga Simionescu", "amenity": "clinic", "beds": null }, "geometry": { "type": "Point", "coordinates": [ 26.0687837, 44.4322246 ] } },
{ "type": "Feature", "properties": { "nuts3_code": "RO113", "name": "Regina Maria Centrul de Medicina Muncii", "amenity": "clinic", "beds": null }, "geometry": { "type": "Point", "coordinates": [ 23.6206165, 46.7762036 ] } },
{ "type": "Feature", "properties": { "nuts3_code": "RO424", "name": "Cabinet Stomatologic TRIDENT", "amenity": "hospital", "beds": null }, "geometry": { "type": "Point", "coordinates": [ 21.9005972, 45.6830974 ] } },
{ "type": "Feature", "properties": { "nuts3_code": "RO122", "name": "Spital Clinicco", "amenity": "hospital", "beds": null }, "geometry": { "type": "Point", "coordinates": [ 25.585149, 45.6573522 ] } },
{ "type": "Feature", "properties": { "nuts3_code": "RO321", "name": "Medsana Cotroceni", "amenity": "clinic", "beds": null }, "geometry": { "type": "Point", "coordinates": [ 26.0726603, 44.4332803 ] } },
{ "type": "Feature", "properties": { "nuts3_code": "RO321", "name": "Art Implant", "amenity": "clinic", "beds": null }, "geometry": { "type": "Point", "coordinates": [ 26.1093029, 44.4313695 ] } },
{ "type": "Feature", "properties": { "nuts3_code": "RO123", "name": null, "amenity": "clinic", "beds": null }, "geometry": { "type": "Point", "coordinates": [ 25.7959242, 45.8603759 ] } },
{ "type": "Feature", "properties": { "nuts3_code": "RO321", "name": "ProEstetica", "amenity": "clinic", "beds": null }, "geometry": { "type": "Point", "coordinates": [ 26.0980775, 44.4595921 ] } },
{ "type": "Feature", "properties": { "nuts3_code": "RO124", "name": "Spitalul Municipal Toplița", "amenity": "hospital", "beds": null }, "geometry": { "type": "Point", "coordinates": [ 25.3560293, 46.9224615 ] } },
{ "type": "Feature", "properties": { "nuts3_code": "RO124", "name": "Cabinete medicale", "amenity": "clinic", "beds": null }, "geometry": { "type": "Point", "coordinates": [ 25.3548015, 46.9223893 ] } },
{ "type": "Feature", "properties": { "nuts3_code": "RO124", "name": "Cabinete medicale", "amenity": "clinic", "beds": null }, "geometry": { "type": "Point", "coordinates": [ 25.3540135, 46.9228381 ] } },
{ "type": "Feature", "properties": { "nuts3_code": "RO422", "name": "Sanatoriul Marila", "amenity": "hospital", "beds": null }, "geometry": { "type": "Point", "coordinates": [ 21.7768512, 45.0595983 ] } },
{ "type": "Feature", "properties": { "nuts3_code": "RO321", "name": "Centrul de îngrijiri paliative \"Sfântul Nectarie\"", "amenity": "clinic", "beds": null }, "geometry": { "type": "Point", "coordinates": [ 26.1444339, 44.439989 ] } },
{ "type": "Feature", "properties": { "nuts3_code": "RO113", "name": "Spitalul Privat de Chirurgie", "amenity": "clinic", "beds": null }, "geometry": { "type": "Point", "coordinates": [ 23.5874303, 46.7789722 ] } },
{ "type": "Feature", "properties": { "nuts3_code": "RO113", "name": "Terra med", "amenity": "clinic", "beds": null }, "geometry": { "type": "Point", "coordinates": [ 23.5876383, 46.7816502 ] } },
{ "type": "Feature", "properties": { "nuts3_code": "RO321", "name": "AIS Clinics & Hospital", "amenity": "clinic", "beds": null }, "geometry": { "type": "Point", "coordinates": [ 26.0664992, 44.4077501 ] } },
{ "type": "Feature", "properties": { "nuts3_code": "RO321", "name": "Institutul Psychos", "amenity": "clinic", "beds": null }, "geometry": { "type": "Point", "coordinates": [ 26.1002102, 44.4107188 ] } },
{ "type": "Feature", "properties": { "nuts3_code": "RO321", "name": "PROVITA", "amenity": "clinic", "beds": null }, "geometry": { "type": "Point", "coordinates": [ 26.0833058, 44.4647504 ] } },
{ "type": "Feature", "properties": { "nuts3_code": "RO113", "name": "Regina Maria - Punct de recoltare analize", "amenity": "clinic", "beds": null }, "geometry": { "type": "Point", "coordinates": [ 23.5882637, 46.7838714 ] } },
{ "type": "Feature", "properties": { "nuts3_code": "RO321", "name": "Life Care Medical", "amenity": "clinic", "beds": null }, "geometry": { "type": "Point", "coordinates": [ 26.0720615, 44.4447131 ] } },
{ "type": "Feature", "properties": { "nuts3_code": "RO321", "name": "Munor Cris Medica", "amenity": "clinic", "beds": null }, "geometry": { "type": "Point", "coordinates": [ 26.0721933, 44.4433413 ] } },
{ "type": "Feature", "properties": { "nuts3_code": "RO125", "name": "Centrul medical TOPMED", "amenity": "hospital", "beds": null }, "geometry": { "type": "Point", "coordinates": [ 24.5739532, 46.5376677 ] } },
{ "type": "Feature", "properties": { "nuts3_code": "RO315", "name": "Dispensar", "amenity": "hospital", "beds": null }, "geometry": { "type": "Point", "coordinates": [ 26.5303918, 44.7622409 ] } },
{ "type": "Feature", "properties": { "nuts3_code": "RO321", "name": "Ama Optimex", "amenity": "clinic", "beds": null }, "geometry": { "type": "Point", "coordinates": [ 26.0686047, 44.4466376 ] } },
{ "type": "Feature", "properties": { "nuts3_code": "RO321", "name": "Munposan", "amenity": "clinic", "beds": null }, "geometry": { "type": "Point", "coordinates": [ 26.0731464, 44.4442319 ] } },
{ "type": "Feature", "properties": { "nuts3_code": "RO123", "name": null, "amenity": "clinic", "beds": null }, "geometry": { "type": "Point", "coordinates": [ 26.1304463, 45.9969022 ] } },
{ "type": "Feature", "properties": { "nuts3_code": "RO423", "name": "Sanatoriul de Pneumoftiziologie Brad", "amenity": "hospital", "beds": null }, "geometry": { "type": "Point", "coordinates": [ 22.8245118, 46.1350751 ] } },
{ "type": "Feature", "properties": { "nuts3_code": "RO222", "name": "Centrul de transfuzie Buzău", "amenity": "hospital", "beds": null }, "geometry": { "type": "Point", "coordinates": [ 26.7988902, 45.1505133 ] } },
{ "type": "Feature", "properties": { "nuts3_code": "RO222", "name": "Serviciul județean de ambulanță Buzău", "amenity": "hospital", "beds": null }, "geometry": { "type": "Point", "coordinates": [ 26.8002152, 45.1511489 ] } },
{ "type": "Feature", "properties": { "nuts3_code": "RO424", "name": "Cabinet Dr. Giurgiu Daniela", "amenity": "hospital", "beds": null }, "geometry": { "type": "Point", "coordinates": [ 21.2209739, 45.7646351 ] } },
{ "type": "Feature", "properties": { "nuts3_code": "RO316", "name": null, "amenity": "clinic", "beds": null }, "geometry": { "type": "Point", "coordinates": [ 25.9525296, 45.0496709 ] } },
{ "type": "Feature", "properties": { "nuts3_code": "RO225", "name": "Spitalul Măcin", "amenity": "hospital", "beds": null }, "geometry": { "type": "Point", "coordinates": [ 28.135514, 45.2456181 ] } },
{ "type": "Feature", "properties": { "nuts3_code": "RO223", "name": "Spitalul Clinic de Recuperare, Medicină fizică și balneologie Eforie Nord", "amenity": "hospital", "beds": null }, "geometry": { "type": "Point", "coordinates": [ 28.633943, 44.0678321 ] } },
{ "type": "Feature", "properties": { "nuts3_code": "RO223", "name": "Sanatoriul de copii Techirghiol", "amenity": "hospital", "beds": null }, "geometry": { "type": "Point", "coordinates": [ 28.5990546, 44.0520718 ] } },
{ "type": "Feature", "properties": { "nuts3_code": "RO123", "name": "AndiMed", "amenity": "clinic", "beds": null }, "geometry": { "type": "Point", "coordinates": [ 25.7965951, 45.8600619 ] } },
{ "type": "Feature", "properties": { "nuts3_code": "RO317", "name": null, "amenity": "hospital", "beds": null }, "geometry": { "type": "Point", "coordinates": [ 25.1404045, 43.8754907 ] } },
{ "type": "Feature", "properties": { "nuts3_code": "RO321", "name": "Fertilia", "amenity": "clinic", "beds": null }, "geometry": { "type": "Point", "coordinates": [ 26.1260253, 44.4317615 ] } },
{ "type": "Feature", "properties": { "nuts3_code": "RO321", "name": "Clinica Audionova", "amenity": "clinic", "beds": null }, "geometry": { "type": "Point", "coordinates": [ 26.1046392, 44.4230833 ] } },
{ "type": "Feature", "properties": { "nuts3_code": "RO321", "name": "Clinica Audionova", "amenity": "clinic", "beds": null }, "geometry": { "type": "Point", "coordinates": [ 26.1367178, 44.4225589 ] } },
{ "type": "Feature", "properties": { "nuts3_code": "RO321", "name": "Clinica Audionova", "amenity": "clinic", "beds": null }, "geometry": { "type": "Point", "coordinates": [ 26.1199573, 44.4461339 ] } },
{ "type": "Feature", "properties": { "nuts3_code": "RO321", "name": "Clinica Audionova", "amenity": "clinic", "beds": null }, "geometry": { "type": "Point", "coordinates": [ 26.0895573, 44.4503043 ] } },
{ "type": "Feature", "properties": { "nuts3_code": "RO421", "name": "Spitalul Clinic Municipal Secția Oncologie", "amenity": "clinic", "beds": null }, "geometry": { "type": "Point", "coordinates": [ 21.3168962, 46.1796793 ] } },
{ "type": "Feature", "properties": { "nuts3_code": "RO421", "name": "Spitalul Clinic Municipal Secția Dermatovenerologie", "amenity": "clinic", "beds": null }, "geometry": { "type": "Point", "coordinates": [ 21.3171531, 46.1795928 ] } },
{ "type": "Feature", "properties": { "nuts3_code": "RO415", "name": "Clinica Păușa", "amenity": "clinic", "beds": null }, "geometry": { "type": "Point", "coordinates": [ 24.3302594, 45.2581005 ] } },
{ "type": "Feature", "properties": { "nuts3_code": "RO411", "name": "Synevo", "amenity": "clinic", "beds": null }, "geometry": { "type": "Point", "coordinates": [ 23.791116, 44.3064905 ] } },
{ "type": "Feature", "properties": { "nuts3_code": "RO313", "name": "Spitalul orășenesc Pucioasa", "amenity": "hospital", "beds": null }, "geometry": { "type": "Point", "coordinates": [ 25.4353353, 45.0752205 ] } },
{ "type": "Feature", "properties": { "nuts3_code": "RO413", "name": "Bioclinica", "amenity": "clinic", "beds": null }, "geometry": { "type": "Point", "coordinates": [ 22.6501965, 44.6402681 ] } },
{ "type": "Feature", "properties": { "nuts3_code": "RO424", "name": "Telescan", "amenity": "clinic", "beds": null }, "geometry": { "type": "Point", "coordinates": [ 21.2613281, 45.7311556 ] } },
{ "type": "Feature", "properties": { "nuts3_code": "RO316", "name": "Recuperare Medicală Dr. Mehedinți", "amenity": "hospital", "beds": null }, "geometry": { "type": "Point", "coordinates": [ 25.7429525, 45.1211365 ] } },
{ "type": "Feature", "properties": { "nuts3_code": "RO317", "name": "Policlinica", "amenity": "hospital", "beds": null }, "geometry": { "type": "Point", "coordinates": [ 24.8697029, 43.751701 ] } },
{ "type": "Feature", "properties": { "nuts3_code": "RO321", "name": "Centrul Medical Batiștei", "amenity": "clinic", "beds": null }, "geometry": { "type": "Point", "coordinates": [ 26.1038632, 44.438995 ] } },
{ "type": "Feature", "properties": { "nuts3_code": "RO411", "name": "Centrul Medical de Nefrologie și Dializă", "amenity": "clinic", "beds": null }, "geometry": { "type": "Point", "coordinates": [ 23.8028627, 44.3083872 ] } },
{ "type": "Feature", "properties": { "nuts3_code": "RO411", "name": "Policlinica Bunavestire", "amenity": "clinic", "beds": null }, "geometry": { "type": "Point", "coordinates": [ 23.7963748, 44.3098349 ] } },
{ "type": "Feature", "properties": { "nuts3_code": "RO411", "name": "Policlinica Medsan", "amenity": "clinic", "beds": null }, "geometry": { "type": "Point", "coordinates": [ 23.7959135, 44.3129928 ] } },
{ "type": "Feature", "properties": { "nuts3_code": "RO321", "name": "Centrul Medical de Diagnostic și Tratament Ambulatoriu Dr. \"Nicolae Kretzulescu\"", "amenity": "clinic", "beds": null }, "geometry": { "type": "Point", "coordinates": [ 26.0943699, 44.4324088 ] } },
{ "type": "Feature", "properties": { "nuts3_code": "RO411", "name": "SPAD", "amenity": "clinic", "beds": null }, "geometry": { "type": "Point", "coordinates": [ 23.7929271, 44.312365 ] } },
{ "type": "Feature", "properties": { "nuts3_code": "RO411", "name": "Centrul Medical Renașterea", "amenity": "clinic", "beds": null }, "geometry": { "type": "Point", "coordinates": [ 23.8017601, 44.3129057 ] } },
{ "type": "Feature", "properties": { "nuts3_code": "RO411", "name": "Policlinica Medaura", "amenity": "clinic", "beds": null }, "geometry": { "type": "Point", "coordinates": [ 23.8049993, 44.3087652 ] } },
{ "type": "Feature", "properties": { "nuts3_code": "RO411", "name": "Signal Iduna", "amenity": "clinic", "beds": null }, "geometry": { "type": "Point", "coordinates": [ 23.8018177, 44.3138242 ] } },
{ "type": "Feature", "properties": { "nuts3_code": "RO411", "name": "Centrul Medical Camen", "amenity": "clinic", "beds": null }, "geometry": { "type": "Point", "coordinates": [ 23.7873051, 44.3261593 ] } },
{ "type": "Feature", "properties": { "nuts3_code": "RO321", "name": "Zirconium dental center", "amenity": "clinic", "beds": null }, "geometry": { "type": "Point", "coordinates": [ 26.0934223, 44.4651223 ] } },
{ "type": "Feature", "properties": { "nuts3_code": "RO411", "name": "Clinica Dr. Camelia Pătru", "amenity": "clinic", "beds": null }, "geometry": { "type": "Point", "coordinates": [ 23.7885, 44.3256942 ] } },
{ "type": "Feature", "properties": { "nuts3_code": "RO411", "name": "Centrul de Oncologie Sfântul Nectarie Craiova", "amenity": "clinic", "beds": null }, "geometry": { "type": "Point", "coordinates": [ 23.803804, 44.310012 ] } },
{ "type": "Feature", "properties": { "nuts3_code": "RO411", "name": "Terrapsi", "amenity": "clinic", "beds": null }, "geometry": { "type": "Point", "coordinates": [ 23.7900822, 44.3178498 ] } },
{ "type": "Feature", "properties": { "nuts3_code": "RO411", "name": "ENDOlife", "amenity": "clinic", "beds": null }, "geometry": { "type": "Point", "coordinates": [ 23.7782146, 44.3257971 ] } },
{ "type": "Feature", "properties": { "nuts3_code": "RO411", "name": null, "amenity": "clinic", "beds": null }, "geometry": { "type": "Point", "coordinates": [ 23.8201461, 44.3100597 ] } },
{ "type": "Feature", "properties": { "nuts3_code": "RO411", "name": "Centrul Medical Dr. Ianoși", "amenity": "clinic", "beds": null }, "geometry": { "type": "Point", "coordinates": [ 23.8092712, 44.3259849 ] } },
{ "type": "Feature", "properties": { "nuts3_code": "RO411", "name": "Policlinica Sfântul Ilie", "amenity": "clinic", "beds": null }, "geometry": { "type": "Point", "coordinates": [ 23.8059194, 44.3248117 ] } },
{ "type": "Feature", "properties": { "nuts3_code": "RO411", "name": "Policlinica Tommed", "amenity": "clinic", "beds": null }, "geometry": { "type": "Point", "coordinates": [ 23.8040071, 44.3231112 ] } },
{ "type": "Feature", "properties": { "nuts3_code": "RO411", "name": "Maternitate Alpha Medical", "amenity": "clinic", "beds": null }, "geometry": { "type": "Point", "coordinates": [ 23.7983132, 44.3027497 ] } },
{ "type": "Feature", "properties": { "nuts3_code": "RO411", "name": "Renamed Dialcare", "amenity": "clinic", "beds": null }, "geometry": { "type": "Point", "coordinates": [ 23.7976378, 44.3060249 ] } },
{ "type": "Feature", "properties": { "nuts3_code": "RO321", "name": "Medicover", "amenity": "clinic", "beds": null }, "geometry": { "type": "Point", "coordinates": [ 26.0903006, 44.4509595 ] } },
{ "type": "Feature", "properties": { "nuts3_code": "RO122", "name": "Spitalul Sf. Constantin", "amenity": "hospital", "beds": null }, "geometry": { "type": "Point", "coordinates": [ 25.6530705, 45.6076953 ] } },
{ "type": "Feature", "properties": { "nuts3_code": "RO321", "name": "Centrul Medical Hiperdia", "amenity": "clinic", "beds": null }, "geometry": { "type": "Point", "coordinates": [ 26.1119754, 44.4534841 ] } },
{ "type": "Feature", "properties": { "nuts3_code": "RO321", "name": "Clinica de Neurologie \"Gheorghe Marinescu\"", "amenity": "clinic", "beds": null }, "geometry": { "type": "Point", "coordinates": [ 26.1122073, 44.4535399 ] } },
{ "type": "Feature", "properties": { "nuts3_code": "RO321", "name": "Clinica de Boli Profesionale", "amenity": "clinic", "beds": null }, "geometry": { "type": "Point", "coordinates": [ 26.1125773, 44.454028 ] } },
{ "type": "Feature", "properties": { "nuts3_code": "RO125", "name": "Cabinet Medical Saes", "amenity": "clinic", "beds": null }, "geometry": { "type": "Point", "coordinates": [ 24.7663675, 46.1585353 ] } },
{ "type": "Feature", "properties": { "nuts3_code": "RO316", "name": "Spitalul SanConfind Câmpina", "amenity": "hospital", "beds": null }, "geometry": { "type": "Point", "coordinates": [ 25.7110303, 45.1288142 ] } },
{ "type": "Feature", "properties": { "nuts3_code": "RO411", "name": "Regina Maria", "amenity": "clinic", "beds": null }, "geometry": { "type": "Point", "coordinates": [ 23.8034179, 44.3180977 ] } },
{ "type": "Feature", "properties": { "nuts3_code": "RO411", "name": "Synlab", "amenity": "clinic", "beds": null }, "geometry": { "type": "Point", "coordinates": [ 23.8119719, 44.3180633 ] } },
{ "type": "Feature", "properties": { "nuts3_code": "RO411", "name": "Tiens", "amenity": "clinic", "beds": null }, "geometry": { "type": "Point", "coordinates": [ 23.8080822, 44.3203274 ] } },
{ "type": "Feature", "properties": { "nuts3_code": "RO316", "name": "Dispensar uman Găgeni", "amenity": "clinic", "beds": null }, "geometry": { "type": "Point", "coordinates": [ 25.9439478, 45.0217539 ] } },
{ "type": "Feature", "properties": { "nuts3_code": "RO411", "name": "OB-GYN", "amenity": "clinic", "beds": null }, "geometry": { "type": "Point", "coordinates": [ 23.8217572, 44.3202813 ] } },
{ "type": "Feature", "properties": { "nuts3_code": "RO123", "name": "Dental Lab Bálint – laborator de tehnică dentară", "amenity": "hospital", "beds": null }, "geometry": { "type": "Point", "coordinates": [ 26.1418258, 46.0018856 ] } },
{ "type": "Feature", "properties": { "nuts3_code": "RO313", "name": "Spitalul de Pneumoftiziologie Izvoru", "amenity": "hospital", "beds": null }, "geometry": { "type": "Point", "coordinates": [ 25.5370402, 44.5122921 ] } },
{ "type": "Feature", "properties": { "nuts3_code": "RO226", "name": null, "amenity": "clinic", "beds": null }, "geometry": { "type": "Point", "coordinates": [ 27.2041649, 45.6148581 ] } },
{ "type": "Feature", "properties": { "nuts3_code": "RO411", "name": "Centrul medical MaDonna Maria", "amenity": "clinic", "beds": null }, "geometry": { "type": "Point", "coordinates": [ 23.7940368, 44.3236378 ] } },
{ "type": "Feature", "properties": { "nuts3_code": "RO215", "name": "Dispensarul comunei Ciprian Porumbescu", "amenity": "hospital", "beds": null }, "geometry": { "type": "Point", "coordinates": [ 26.0622879, 47.5684564 ] } },
{ "type": "Feature", "properties": { "nuts3_code": "RO321", "name": "Clinica Gral Medical", "amenity": "clinic", "beds": null }, "geometry": { "type": "Point", "coordinates": [ 26.1083167, 44.4527303 ] } },
{ "type": "Feature", "properties": { "nuts3_code": "RO411", "name": "Medical Center", "amenity": "clinic", "beds": null }, "geometry": { "type": "Point", "coordinates": [ 23.7779572, 44.3361739 ] } },
{ "type": "Feature", "properties": { "nuts3_code": "RO411", "name": "Policlinica Sfântul Ilie", "amenity": "clinic", "beds": null }, "geometry": { "type": "Point", "coordinates": [ 23.806708, 44.3254082 ] } },
{ "type": "Feature", "properties": { "nuts3_code": "RO113", "name": "Medicover", "amenity": "clinic", "beds": null }, "geometry": { "type": "Point", "coordinates": [ 23.5923883, 46.759909 ] } },
{ "type": "Feature", "properties": { "nuts3_code": "RO213", "name": null, "amenity": "hospital", "beds": null }, "geometry": { "type": "Point", "coordinates": [ 27.5603727, 46.9743744 ] } },
{ "type": "Feature", "properties": { "nuts3_code": "RO113", "name": "Spital Iara", "amenity": "hospital", "beds": null }, "geometry": { "type": "Point", "coordinates": [ 23.5152585, 46.554806 ] } },
{ "type": "Feature", "properties": { "nuts3_code": "RO211", "name": "Policlinică", "amenity": "clinic", "beds": null }, "geometry": { "type": "Point", "coordinates": [ 26.7649566, 46.253633 ] } },
{ "type": "Feature", "properties": { "nuts3_code": "RO211", "name": "Psihiatrie", "amenity": "clinic", "beds": null }, "geometry": { "type": "Point", "coordinates": [ 26.7636259, 46.2548517 ] } },
{ "type": "Feature", "properties": { "nuts3_code": "RO211", "name": "Maternitate", "amenity": "clinic", "beds": null }, "geometry": { "type": "Point", "coordinates": [ 26.7643514, 46.2550254 ] } },
{ "type": "Feature", "properties": { "nuts3_code": "RO211", "name": "Infecțioase", "amenity": "clinic", "beds": null }, "geometry": { "type": "Point", "coordinates": [ 26.7634702, 46.2545727 ] } },
{ "type": "Feature", "properties": { "nuts3_code": "RO316", "name": "Fundația Eden Breaza", "amenity": "hospital", "beds": null }, "geometry": { "type": "Point", "coordinates": [ 25.6620393, 45.17769 ] } },
{ "type": "Feature", "properties": { "nuts3_code": "RO121", "name": "Spitalul Orășenesc Câmpeni", "amenity": "hospital", "beds": null }, "geometry": { "type": "Point", "coordinates": [ 23.0418565, 46.3624169 ] } },
{ "type": "Feature", "properties": { "nuts3_code": "RO121", "name": "Spitalul de boli cronice Câmpeni", "amenity": "hospital", "beds": null }, "geometry": { "type": "Point", "coordinates": [ 23.0461062, 46.3647951 ] } },
{ "type": "Feature", "properties": { "nuts3_code": "RO316", "name": "Secția de Recuperare Medicală Fizică și Balneologie Bușteni", "amenity": "hospital", "beds": null }, "geometry": { "type": "Point", "coordinates": [ 25.5404197, 45.4015359 ] } },
{ "type": "Feature", "properties": { "nuts3_code": "RO321", "name": "MedLife Berceni", "amenity": "clinic", "beds": null }, "geometry": { "type": "Point", "coordinates": [ 26.1201205, 44.393389 ] } },
{ "type": "Feature", "properties": { "nuts3_code": "RO321", "name": "Regina Maria", "amenity": "clinic", "beds": null }, "geometry": { "type": "Point", "coordinates": [ 26.1217432, 44.3946422 ] } },
{ "type": "Feature", "properties": { "nuts3_code": "RO122", "name": "Dispensar policlinic Predeal", "amenity": "hospital", "beds": null }, "geometry": { "type": "Point", "coordinates": [ 25.5740897, 45.5088504 ] } },
{ "type": "Feature", "properties": { "nuts3_code": "RO113", "name": "Centrul Medical Sina", "amenity": "clinic", "beds": null }, "geometry": { "type": "Point", "coordinates": [ 23.7456427, 46.7930485 ] } },
{ "type": "Feature", "properties": { "nuts3_code": "RO122", "name": "Pediatrie", "amenity": "hospital", "beds": null }, "geometry": { "type": "Point", "coordinates": [ 24.9593017, 45.8417856 ] } },
{ "type": "Feature", "properties": { "nuts3_code": "RO316", "name": "Cabinet medical individual", "amenity": "clinic", "beds": null }, "geometry": { "type": "Point", "coordinates": [ 25.9390586, 45.2309069 ] } },
{ "type": "Feature", "properties": { "nuts3_code": "RO222", "name": "Clinica New Life", "amenity": "clinic", "beds": null }, "geometry": { "type": "Point", "coordinates": [ 26.8173112, 45.1484724 ] } },
{ "type": "Feature", "properties": { "nuts3_code": "RO222", "name": "Policlinica 23 August", "amenity": "hospital", "beds": null }, "geometry": { "type": "Point", "coordinates": [ 26.8102796, 45.1522065 ] } },
{ "type": "Feature", "properties": { "nuts3_code": "RO222", "name": "Medicer", "amenity": "clinic", "beds": null }, "geometry": { "type": "Point", "coordinates": [ 26.8170684, 45.1502983 ] } },
{ "type": "Feature", "properties": { "nuts3_code": "RO113", "name": "CosMedica", "amenity": "clinic", "beds": null }, "geometry": { "type": "Point", "coordinates": [ 23.5984728, 46.775777 ] } },
{ "type": "Feature", "properties": { "nuts3_code": "RO214", "name": "Clinica Micromedica", "amenity": "clinic", "beds": null }, "geometry": { "type": "Point", "coordinates": [ 26.373125, 46.9342396 ] } },
{ "type": "Feature", "properties": { "nuts3_code": "RO214", "name": "Gauss - Clinică oftalmologică", "amenity": "clinic", "beds": null }, "geometry": { "type": "Point", "coordinates": [ 26.3637809, 46.930719 ] } },
{ "type": "Feature", "properties": { "nuts3_code": "RO114", "name": "RXCT - Radiologie și Tomografie Dentară 3D, Baia Mare", "amenity": "clinic", "beds": null }, "geometry": { "type": "Point", "coordinates": [ 23.5714748, 47.647324 ] } },
{ "type": "Feature", "properties": { "nuts3_code": "RO215", "name": "Cabinet Medical", "amenity": "hospital", "beds": null }, "geometry": { "type": "Point", "coordinates": [ 25.2783977, 47.4797191 ] } },
{ "type": "Feature", "properties": { "nuts3_code": "RO215", "name": "Cabinet Medical Veterinar", "amenity": "hospital", "beds": null }, "geometry": { "type": "Point", "coordinates": [ 25.2738242, 47.4836137 ] } },
{ "type": "Feature", "properties": { "nuts3_code": "RO322", "name": "Milena", "amenity": "clinic", "beds": null }, "geometry": { "type": "Point", "coordinates": [ 25.9878153, 44.4425738 ] } },
{ "type": "Feature", "properties": { "nuts3_code": "RO321", "name": "Syromed+", "amenity": "clinic", "beds": null }, "geometry": { "type": "Point", "coordinates": [ 26.1050705, 44.45525 ] } },
{ "type": "Feature", "properties": { "nuts3_code": "RO322", "name": "Centrul de Îngrijiri Paliative „Sfânta Irina”", "amenity": "hospital", "beds": null }, "geometry": { "type": "Point", "coordinates": [ 26.1754403, 44.497301 ] } },
{ "type": "Feature", "properties": { "nuts3_code": "RO113", "name": "Hyperclinica MedLife", "amenity": "clinic", "beds": null }, "geometry": { "type": "Point", "coordinates": [ 23.5818017, 46.7673543 ] } },
{ "type": "Feature", "properties": { "nuts3_code": "RO125", "name": "Farmacia Unirii", "amenity": "hospital", "beds": null }, "geometry": { "type": "Point", "coordinates": [ 24.5468127, 46.5570258 ] } },
{ "type": "Feature", "properties": { "nuts3_code": "RO411", "name": "Clinica Medisof", "amenity": "clinic", "beds": null }, "geometry": { "type": "Point", "coordinates": [ 23.8049514, 44.3092358 ] } },
{ "type": "Feature", "properties": { "nuts3_code": "RO222", "name": "Policlinica Militară Buzău", "amenity": "hospital", "beds": null }, "geometry": { "type": "Point", "coordinates": [ 26.8159636, 45.1482672 ] } },
{ "type": "Feature", "properties": { "nuts3_code": "RO223", "name": "Policlinica Farma Medis", "amenity": "clinic", "beds": null }, "geometry": { "type": "Point", "coordinates": [ 28.6324379, 44.1424279 ] } },
{ "type": "Feature", "properties": { "nuts3_code": "RO223", "name": "Centrul Regional de Transfuzii Sanguine Constanța", "amenity": "clinic", "beds": null }, "geometry": { "type": "Point", "coordinates": [ 28.6414114, 44.1865723 ] } },
{ "type": "Feature", "properties": { "nuts3_code": "RO411", "name": "Centrul Medical \"Sănătatea\"", "amenity": "clinic", "beds": null }, "geometry": { "type": "Point", "coordinates": [ 23.8091356, 44.3153897 ] } },
{ "type": "Feature", "properties": { "nuts3_code": "RO223", "name": "Clinica Sante", "amenity": "clinic", "beds": null }, "geometry": { "type": "Point", "coordinates": [ 28.6364164, 44.1849597 ] } },
{ "type": "Feature", "properties": { "nuts3_code": "RO321", "name": "Centrul medical Sanador", "amenity": "clinic", "beds": null }, "geometry": { "type": "Point", "coordinates": [ 26.1296405, 44.4268861 ] } },
{ "type": "Feature", "properties": { "nuts3_code": "RO313", "name": "Centrul medical Polimed", "amenity": "clinic", "beds": null }, "geometry": { "type": "Point", "coordinates": [ 25.4298508, 45.078354 ] } },
{ "type": "Feature", "properties": { "nuts3_code": "RO313", "name": "Policlinica Simona", "amenity": "clinic", "beds": null }, "geometry": { "type": "Point", "coordinates": [ 25.4292665, 45.0785092 ] } },
{ "type": "Feature", "properties": { "nuts3_code": "RO312", "name": "Dispensar", "amenity": "hospital", "beds": null }, "geometry": { "type": "Point", "coordinates": [ 26.4480918, 44.2873396 ] } },
{ "type": "Feature", "properties": { "nuts3_code": "RO411", "name": "Centrul Medical \"Sfântul Nicolae\"", "amenity": "clinic", "beds": null }, "geometry": { "type": "Point", "coordinates": [ 23.8106346, 44.3144882 ] } },
{ "type": "Feature", "properties": { "nuts3_code": "RO223", "name": "Cabinet Oftalmologic", "amenity": "clinic", "beds": null }, "geometry": { "type": "Point", "coordinates": [ 28.6277486, 44.1994822 ] } },
{ "type": "Feature", "properties": { "nuts3_code": "RO411", "name": "Centrul medical dr. Bătăiosu", "amenity": "clinic", "beds": null }, "geometry": { "type": "Point", "coordinates": [ 23.807533, 44.3199162 ] } },
{ "type": "Feature", "properties": { "nuts3_code": "RO412", "name": "Dispensar anti-TBC", "amenity": "hospital", "beds": null }, "geometry": { "type": "Point", "coordinates": [ 23.6642616, 45.1730147 ] } },
{ "type": "Feature", "properties": { "nuts3_code": "RO412", "name": "Spitalul orășenesc Novaci", "amenity": "hospital", "beds": null }, "geometry": { "type": "Point", "coordinates": [ 23.6616334, 45.1734608 ] } },
{ "type": "Feature", "properties": { "nuts3_code": "RO412", "name": "Dispensar Baia de Fier", "amenity": "hospital", "beds": null }, "geometry": { "type": "Point", "coordinates": [ 23.7579177, 45.1708202 ] } },
{ "type": "Feature", "properties": { "nuts3_code": "RO222", "name": "Clinica Medicard", "amenity": "clinic", "beds": null }, "geometry": { "type": "Point", "coordinates": [ 26.8187736, 45.1522721 ] } },
{ "type": "Feature", "properties": { "nuts3_code": "RO113", "name": "Cabinet de nefrologie și centru de dializă Fresenius", "amenity": "clinic", "beds": null }, "geometry": { "type": "Point", "coordinates": [ 23.5897429, 46.7430352 ] } },
{ "type": "Feature", "properties": { "nuts3_code": "RO316", "name": "Gral Medical", "amenity": "clinic", "beds": null }, "geometry": { "type": "Point", "coordinates": [ 26.0173783, 44.9426483 ] } },
{ "type": "Feature", "properties": { "nuts3_code": "RO316", "name": "Almedica Berlin", "amenity": "clinic", "beds": null }, "geometry": { "type": "Point", "coordinates": [ 26.0180381, 44.9436812 ] } },
{ "type": "Feature", "properties": { "nuts3_code": "RO316", "name": "Novus Medical", "amenity": "clinic", "beds": null }, "geometry": { "type": "Point", "coordinates": [ 26.015841, 44.9439534 ] } },
{ "type": "Feature", "properties": { "nuts3_code": "RO316", "name": "Clinica Mc Gral", "amenity": "clinic", "beds": null }, "geometry": { "type": "Point", "coordinates": [ 26.0173354, 44.9430717 ] } },
{ "type": "Feature", "properties": { "nuts3_code": "RO316", "name": "Al Medica Berlin", "amenity": "clinic", "beds": null }, "geometry": { "type": "Point", "coordinates": [ 26.0145197, 44.9446706 ] } },
{ "type": "Feature", "properties": { "nuts3_code": "RO316", "name": "Clinica Uromed", "amenity": "clinic", "beds": null }, "geometry": { "type": "Point", "coordinates": [ 26.014164, 44.9446771 ] } },
{ "type": "Feature", "properties": { "nuts3_code": "RO211", "name": "Synevo", "amenity": "clinic", "beds": null }, "geometry": { "type": "Point", "coordinates": [ 26.9122466, 46.555185 ] } },
{ "type": "Feature", "properties": { "nuts3_code": "RO122", "name": "Medlife", "amenity": "clinic", "beds": null }, "geometry": { "type": "Point", "coordinates": [ 24.96558, 45.84368 ] } },
{ "type": "Feature", "properties": { "nuts3_code": "RO122", "name": "Cabinet oftalmologic", "amenity": "clinic", "beds": null }, "geometry": { "type": "Point", "coordinates": [ 24.9772532, 45.8428512 ] } },
{ "type": "Feature", "properties": { "nuts3_code": "RO411", "name": "Centrul Medical Phoenix", "amenity": "clinic", "beds": null }, "geometry": { "type": "Point", "coordinates": [ 23.8239672, 44.3155858 ] } },
{ "type": "Feature", "properties": { "nuts3_code": "RO111", "name": "Policlinica Aleșd", "amenity": "hospital", "beds": null }, "geometry": { "type": "Point", "coordinates": [ 22.3970455, 47.0600875 ] } },
{ "type": "Feature", "properties": { "nuts3_code": "RO321", "name": "Centrul Medical Academica", "amenity": "clinic", "beds": null }, "geometry": { "type": "Point", "coordinates": [ 26.0858141, 44.4647174 ] } },
{ "type": "Feature", "properties": { "nuts3_code": "RO322", "name": "Bio Medica Pipera", "amenity": "clinic", "beds": null }, "geometry": { "type": "Point", "coordinates": [ 26.1381904, 44.5078619 ] } },
{ "type": "Feature", "properties": { "nuts3_code": "RO215", "name": "Arcadia", "amenity": "clinic", "beds": null }, "geometry": { "type": "Point", "coordinates": [ 26.2488368, 47.650498 ] } },
{ "type": "Feature", "properties": { "nuts3_code": "RO415", "name": "Affidea", "amenity": "clinic", "beds": null }, "geometry": { "type": "Point", "coordinates": [ 24.3632654, 45.1193542 ] } },
{ "type": "Feature", "properties": { "nuts3_code": "RO113", "name": "Clinica Bendis", "amenity": "clinic", "beds": null }, "geometry": { "type": "Point", "coordinates": [ 23.580842, 46.7547233 ] } },
{ "type": "Feature", "properties": { "nuts3_code": "RO113", "name": "Medical Cor", "amenity": "clinic", "beds": null }, "geometry": { "type": "Point", "coordinates": [ 23.5761978, 46.7552703 ] } },
{ "type": "Feature", "properties": { "nuts3_code": "RO113", "name": "Radusan", "amenity": "clinic", "beds": null }, "geometry": { "type": "Point", "coordinates": [ 23.5951202, 46.7748816 ] } },
{ "type": "Feature", "properties": { "nuts3_code": "RO113", "name": "Centrul medical gastroenterologie și hepatologie", "amenity": "clinic", "beds": null }, "geometry": { "type": "Point", "coordinates": [ 23.6042298, 46.7701927 ] } },
{ "type": "Feature", "properties": { "nuts3_code": "RO113", "name": "Ronda Medical", "amenity": "clinic", "beds": null }, "geometry": { "type": "Point", "coordinates": [ 23.5806823, 46.7577809 ] } },
{ "type": "Feature", "properties": { "nuts3_code": "RO322", "name": "Dispensarul Popesti-Leordeni", "amenity": "clinic", "beds": null }, "geometry": { "type": "Point", "coordinates": [ 26.1683898, 44.3790385 ] } },
{ "type": "Feature", "properties": { "nuts3_code": "RO321", "name": "Life Med", "amenity": "clinic", "beds": null }, "geometry": { "type": "Point", "coordinates": [ 26.1167494, 44.4115067 ] } },
{ "type": "Feature", "properties": { "nuts3_code": "RO113", "name": "QClinic", "amenity": "clinic", "beds": null }, "geometry": { "type": "Point", "coordinates": [ 23.6112231, 46.7622961 ] } },
{ "type": "Feature", "properties": { "nuts3_code": "RO321", "name": "Affidea", "amenity": "clinic", "beds": null }, "geometry": { "type": "Point", "coordinates": [ 26.1229631, 44.3932838 ] } },
{ "type": "Feature", "properties": { "nuts3_code": "RO313", "name": "Clinica Odontologică Târgoviște", "amenity": "clinic", "beds": null }, "geometry": { "type": "Point", "coordinates": [ 25.453265, 44.929838 ] } },
{ "type": "Feature", "properties": { "nuts3_code": "RO415", "name": "Dispensarul medical Cheia", "amenity": "hospital", "beds": null }, "geometry": { "type": "Point", "coordinates": [ 24.2163358, 45.1822201 ] } },
{ "type": "Feature", "properties": { "nuts3_code": "RO113", "name": "Institutul de Urologie", "amenity": "clinic", "beds": null }, "geometry": { "type": "Point", "coordinates": [ 23.5832335, 46.7662994 ] } },
{ "type": "Feature", "properties": { "nuts3_code": "RO321", "name": "Romar Medical", "amenity": "clinic", "beds": null }, "geometry": { "type": "Point", "coordinates": [ 26.1351921, 44.4186764 ] } },
{ "type": "Feature", "properties": { "nuts3_code": "RO124", "name": null, "amenity": "hospital", "beds": null }, "geometry": { "type": "Point", "coordinates": [ 25.5001556, 46.8005067 ] } },
{ "type": "Feature", "properties": { "nuts3_code": "RO321", "name": "Centrul Medical Panduri", "amenity": "clinic", "beds": null }, "geometry": { "type": "Point", "coordinates": [ 26.0699039, 44.4262805 ] } },
{ "type": "Feature", "properties": { "nuts3_code": "RO122", "name": "Clinica de diagnoză și tratament CNNA", "amenity": "clinic", "beds": null }, "geometry": { "type": "Point", "coordinates": [ 24.9682803, 45.8354771 ] } },
{ "type": "Feature", "properties": { "nuts3_code": "RO411", "name": "Medeea Clinic", "amenity": "clinic", "beds": null }, "geometry": { "type": "Point", "coordinates": [ 23.8008593, 44.3202117 ] } },
{ "type": "Feature", "properties": { "nuts3_code": "RO113", "name": "MS Care Dr. Sbirciu", "amenity": "clinic", "beds": null }, "geometry": { "type": "Point", "coordinates": [ 23.5888984, 46.7719033 ] } },
{ "type": "Feature", "properties": { "nuts3_code": "RO424", "name": "Dispensar Giratoriu Buziașului. Centru de permanență", "amenity": "clinic", "beds": null }, "geometry": { "type": "Point", "coordinates": [ 21.259323, 45.7321207 ] } },
{ "type": "Feature", "properties": { "nuts3_code": "RO222", "name": "Clinica Medinvest", "amenity": "clinic", "beds": null }, "geometry": { "type": "Point", "coordinates": [ 26.8170999, 45.1483702 ] } },
{ "type": "Feature", "properties": { "nuts3_code": "RO113", "name": "Spitalul clinic de pneumoftiziologie „Leon Daniello” Cluj-Napoca - Secția de Pneumologie -TBC Săvădisla", "amenity": "hospital", "beds": null }, "geometry": { "type": "Point", "coordinates": [ 23.4565859, 46.6746657 ] } },
{ "type": "Feature", "properties": { "nuts3_code": "RO226", "name": "Policlinica 2", "amenity": "clinic", "beds": null }, "geometry": { "type": "Point", "coordinates": [ 27.1873752, 45.6893734 ] } },
{ "type": "Feature", "properties": { "nuts3_code": "RO223", "name": "C.P.I. Madalina Ghizu", "amenity": "clinic", "beds": null }, "geometry": { "type": "Point", "coordinates": [ 28.6271925, 44.1976369 ] } },
{ "type": "Feature", "properties": { "nuts3_code": "RO126", "name": "SC Lotus Med", "amenity": "clinic", "beds": null }, "geometry": { "type": "Point", "coordinates": [ 24.3483151, 46.1628284 ] } },
{ "type": "Feature", "properties": { "nuts3_code": "RO223", "name": "Centrul medical Pro Diagnostic", "amenity": "clinic", "beds": null }, "geometry": { "type": "Point", "coordinates": [ 28.5995028, 44.0529783 ] } },
{ "type": "Feature", "properties": { "nuts3_code": "RO411", "name": "Neurolife", "amenity": "clinic", "beds": null }, "geometry": { "type": "Point", "coordinates": [ 23.781625, 44.3272012 ] } },
{ "type": "Feature", "properties": { "nuts3_code": "RO224", "name": "CABINET MEDICAL CARDIOLOGIE DR. BUCATANSCHI", "amenity": "clinic", "beds": null }, "geometry": { "type": "Point", "coordinates": [ 28.0554914, 45.4308284 ] } },
{ "type": "Feature", "properties": { "nuts3_code": "RO223", "name": "Mediconst", "amenity": "clinic", "beds": null }, "geometry": { "type": "Point", "coordinates": [ 28.6373749, 44.1889734 ] } },
{ "type": "Feature", "properties": { "nuts3_code": "RO321", "name": "Clinica Nova ORL", "amenity": "clinic", "beds": null }, "geometry": { "type": "Point", "coordinates": [ 26.1527363, 44.4288244 ] } },
{ "type": "Feature", "properties": { "nuts3_code": "RO321", "name": "INFOSAN Clinică Oftalmologică", "amenity": "clinic", "beds": null }, "geometry": { "type": "Point", "coordinates": [ 26.0997912, 44.4507801 ] } },
{ "type": "Feature", "properties": { "nuts3_code": "RO316", "name": "SanConfind Cabinet Pediatrie - Neonatologie", "amenity": "hospital", "beds": null }, "geometry": { "type": "Point", "coordinates": [ 25.7365703, 45.1220717 ] } },
{ "type": "Feature", "properties": { "nuts3_code": "RO421", "name": "REDMEDICA", "amenity": "clinic", "beds": null }, "geometry": { "type": "Point", "coordinates": [ 21.3034334, 46.1892495 ] } },
{ "type": "Feature", "properties": { "nuts3_code": "RO213", "name": "Spitalul Raducaneni", "amenity": "hospital", "beds": null }, "geometry": { "type": "Point", "coordinates": [ 27.9426741, 46.9634263 ] } },
{ "type": "Feature", "properties": { "nuts3_code": "RO126", "name": "Clinica Polisano", "amenity": "clinic", "beds": null }, "geometry": { "type": "Point", "coordinates": [ 24.1578994, 45.7936876 ] } },
{ "type": "Feature", "properties": { "nuts3_code": "RO126", "name": "Spitalul European Polisano", "amenity": "hospital", "beds": null }, "geometry": { "type": "Point", "coordinates": [ 24.1579366, 45.7936988 ] } },
{ "type": "Feature", "properties": { "nuts3_code": "RO124", "name": "GinArt Magánrendelő", "amenity": "clinic", "beds": null }, "geometry": { "type": "Point", "coordinates": [ 25.2972748, 46.3065141 ] } },
{ "type": "Feature", "properties": { "nuts3_code": "RO322", "name": "EUROCLINIC Pipera", "amenity": "clinic", "beds": null }, "geometry": { "type": "Point", "coordinates": [ 26.1175371, 44.5149849 ] } },
{ "type": "Feature", "properties": { "nuts3_code": "RO321", "name": "PROVITA", "amenity": "clinic", "beds": null }, "geometry": { "type": "Point", "coordinates": [ 26.1134208, 44.4550769 ] } },
{ "type": "Feature", "properties": { "nuts3_code": "RO421", "name": "Policlinica Doctor Turcin", "amenity": "clinic", "beds": null }, "geometry": { "type": "Point", "coordinates": [ 21.2981925, 46.177087 ] } },
{ "type": "Feature", "properties": { "nuts3_code": "RO421", "name": "Policlinica AS", "amenity": "hospital", "beds": null }, "geometry": { "type": "Point", "coordinates": [ 21.2913409, 46.2026408 ] } },
{ "type": "Feature", "properties": { "nuts3_code": "RO214", "name": "Sectia Psihiatrie", "amenity": "hospital", "beds": null }, "geometry": { "type": "Point", "coordinates": [ 26.3736729, 46.9297977 ] } },
{ "type": "Feature", "properties": { "nuts3_code": "RO411", "name": "Cabinet Psihologie Eduard Bondoc", "amenity": "clinic", "beds": null }, "geometry": { "type": "Point", "coordinates": [ 23.8187571, 44.3171173 ] } },
{ "type": "Feature", "properties": { "nuts3_code": "RO423", "name": "Cabinet Medical Udrea-Ionașcu", "amenity": "clinic", "beds": null }, "geometry": { "type": "Point", "coordinates": [ 23.3728055, 45.4152681 ] } },
{ "type": "Feature", "properties": { "nuts3_code": "RO312", "name": "C.M.I Oftalmologic Dr. Paris Cristina", "amenity": "hospital", "beds": null }, "geometry": { "type": "Point", "coordinates": [ 27.3257251, 44.1938835 ] } },
{ "type": "Feature", "properties": { "nuts3_code": "RO322", "name": "CardioRec", "amenity": "clinic", "beds": null }, "geometry": { "type": "Point", "coordinates": [ 26.042364, 44.593707 ] } },
{ "type": "Feature", "properties": { "nuts3_code": "RO224", "name": "InterBeauty Clinic", "amenity": "clinic", "beds": null }, "geometry": { "type": "Point", "coordinates": [ 28.0248483, 45.4318306 ] } },
{ "type": "Feature", "properties": { "nuts3_code": "RO215", "name": "Dispensar uman", "amenity": "hospital", "beds": null }, "geometry": { "type": "Point", "coordinates": [ 25.3305868, 47.2409462 ] } },
{ "type": "Feature", "properties": { "nuts3_code": "RO415", "name": "Maternitatea Râmnicu Vâlcea", "amenity": "hospital", "beds": null }, "geometry": { "type": "Point", "coordinates": [ 24.3789597, 45.1060512 ] } },
{ "type": "Feature", "properties": { "nuts3_code": "RO411", "name": "Priority Medical", "amenity": "clinic", "beds": null }, "geometry": { "type": "Point", "coordinates": [ 23.7896766, 44.3229665 ] } },
{ "type": "Feature", "properties": { "nuts3_code": "RO312", "name": "Dispensar", "amenity": "clinic", "beds": null }, "geometry": { "type": "Point", "coordinates": [ 26.6068721, 44.1677801 ] } },
{ "type": "Feature", "properties": { "nuts3_code": "RO213", "name": null, "amenity": "clinic", "beds": null }, "geometry": { "type": "Point", "coordinates": [ 27.5780596, 47.1679937 ] } },
{ "type": "Feature", "properties": { "nuts3_code": "RO213", "name": "Pro Life Clinics", "amenity": "clinic", "beds": null }, "geometry": { "type": "Point", "coordinates": [ 27.5931611, 47.1615627 ] } },
{ "type": "Feature", "properties": { "nuts3_code": "RO224", "name": "Cabinet Medical Obstetrica Ginecologie", "amenity": "clinic", "beds": null }, "geometry": { "type": "Point", "coordinates": [ 28.0466935, 45.4433448 ] } },
{ "type": "Feature", "properties": { "nuts3_code": "RO223", "name": "CMI COJOCARU CRISTINA", "amenity": "clinic", "beds": null }, "geometry": { "type": "Point", "coordinates": [ 28.6223896, 44.207169 ] } },
{ "type": "Feature", "properties": { "nuts3_code": "RO321", "name": "Puls", "amenity": "clinic", "beds": null }, "geometry": { "type": "Point", "coordinates": [ 26.1062948, 44.4499634 ] } },
{ "type": "Feature", "properties": { "nuts3_code": "RO114", "name": "Clinică Dentară", "amenity": "clinic", "beds": null }, "geometry": { "type": "Point", "coordinates": [ 23.884623, 47.9248472 ] } },
{ "type": "Feature", "properties": { "nuts3_code": "RO113", "name": "Centrul Medical Raderm", "amenity": "clinic", "beds": null }, "geometry": { "type": "Point", "coordinates": [ 23.5693348, 46.7712586 ] } },
{ "type": "Feature", "properties": { "nuts3_code": "RO423", "name": "CLINICA H", "amenity": "clinic", "beds": null }, "geometry": { "type": "Point", "coordinates": [ 22.9079173, 45.7496086 ] } },
{ "type": "Feature", "properties": { "nuts3_code": "RO321", "name": "Synevo Sebastian", "amenity": "clinic", "beds": null }, "geometry": { "type": "Point", "coordinates": [ 26.0681448, 44.4176688 ] } },
{ "type": "Feature", "properties": { "nuts3_code": "RO421", "name": "Serviciul Județean de Ambulanță Arad", "amenity": "hospital", "beds": null }, "geometry": { "type": "Point", "coordinates": [ 21.3064873, 46.1825878 ] } },
{ "type": "Feature", "properties": { "nuts3_code": "RO321", "name": "Synevo", "amenity": "clinic", "beds": null }, "geometry": { "type": "Point", "coordinates": [ 26.0328879, 44.4178293 ] } },
{ "type": "Feature", "properties": { "nuts3_code": "RO321", "name": "Centrul medical Diaverum", "amenity": "clinic", "beds": null }, "geometry": { "type": "Point", "coordinates": [ 26.167622, 44.4382933 ] } },
{ "type": "Feature", "properties": { "nuts3_code": "RO321", "name": "Regina Maria laborator", "amenity": "clinic", "beds": null }, "geometry": { "type": "Point", "coordinates": [ 26.157246, 44.4339865 ] } },
{ "type": "Feature", "properties": { "nuts3_code": "RO321", "name": "Neuroptics", "amenity": "clinic", "beds": null }, "geometry": { "type": "Point", "coordinates": [ 26.0746147, 44.4542885 ] } },
{ "type": "Feature", "properties": { "nuts3_code": "RO211", "name": "Clinica Palade", "amenity": "clinic", "beds": null }, "geometry": { "type": "Point", "coordinates": [ 26.9150797, 46.5555752 ] } },
{ "type": "Feature", "properties": { "nuts3_code": "RO113", "name": "Med Center", "amenity": "clinic", "beds": null }, "geometry": { "type": "Point", "coordinates": [ 23.616131, 46.778978 ] } },
{ "type": "Feature", "properties": { "nuts3_code": "RO113", "name": "Novia Cosmetic Harmony Clinic", "amenity": "clinic", "beds": null }, "geometry": { "type": "Point", "coordinates": [ 23.6182582, 46.7693737 ] } },
{ "type": "Feature", "properties": { "nuts3_code": "RO321", "name": "Spectrum Clinique - Clinica de Oftalmologie si Obstetrica-Ginecologie", "amenity": "clinic", "beds": null }, "geometry": { "type": "Point", "coordinates": [ 26.1127075, 44.4280285 ] } },
{ "type": "Feature", "properties": { "nuts3_code": "RO321", "name": null, "amenity": "clinic", "beds": null }, "geometry": { "type": "Point", "coordinates": [ 26.0789055, 44.4538822 ] } },
{ "type": "Feature", "properties": { "nuts3_code": "RO116", "name": "Spitalul de bolii cronice Crasna", "amenity": "hospital", "beds": null }, "geometry": { "type": "Point", "coordinates": [ 22.8801958, 47.161853 ] } },
{ "type": "Feature", "properties": { "nuts3_code": "RO321", "name": "Sectia Cardiologie", "amenity": "hospital", "beds": null }, "geometry": { "type": "Point", "coordinates": [ 26.1138921, 44.4539744 ] } },
{ "type": "Feature", "properties": { "nuts3_code": "RO321", "name": "Synevo", "amenity": "clinic", "beds": null }, "geometry": { "type": "Point", "coordinates": [ 26.1180165, 44.4224102 ] } },
{ "type": "Feature", "properties": { "nuts3_code": "RO124", "name": "Dispensarul Uman Atid", "amenity": "hospital", "beds": null }, "geometry": { "type": "Point", "coordinates": [ 25.0460175, 46.4546997 ] } },
{ "type": "Feature", "properties": { "nuts3_code": "RO224", "name": "Affidea", "amenity": "clinic", "beds": null }, "geometry": { "type": "Point", "coordinates": [ 28.0406862, 45.4292649 ] } },
{ "type": "Feature", "properties": { "nuts3_code": "RO321", "name": "Anemona Med", "amenity": "clinic", "beds": null }, "geometry": { "type": "Point", "coordinates": [ 26.0432174, 44.4772663 ] } },
{ "type": "Feature", "properties": { "nuts3_code": "RO215", "name": "Psihiatrie Cronici", "amenity": "hospital", "beds": null }, "geometry": { "type": "Point", "coordinates": [ 26.0680758, 47.9511784 ] } },
{ "type": "Feature", "properties": { "nuts3_code": "RO424", "name": "Clinica de Neonatologie - Prematuri", "amenity": "clinic", "beds": null }, "geometry": { "type": "Point", "coordinates": [ 21.220739, 45.753293 ] } },
{ "type": "Feature", "properties": { "nuts3_code": "RO423", "name": "Salvamont Parâng", "amenity": "clinic", "beds": null }, "geometry": { "type": "Point", "coordinates": [ 23.4715182, 45.3844991 ] } },
{ "type": "Feature", "properties": { "nuts3_code": "RO113", "name": "Affidea", "amenity": "clinic", "beds": null }, "geometry": { "type": "Point", "coordinates": [ 23.5857889, 46.7571044 ] } },
{ "type": "Feature", "properties": { "nuts3_code": "RO113", "name": "Novogyn", "amenity": "clinic", "beds": null }, "geometry": { "type": "Point", "coordinates": [ 23.5954562, 46.7537773 ] } },
{ "type": "Feature", "properties": { "nuts3_code": "RO321", "name": "Genesys Fertility Center", "amenity": "clinic", "beds": null }, "geometry": { "type": "Point", "coordinates": [ 26.0702034, 44.4676815 ] } },
{ "type": "Feature", "properties": { "nuts3_code": "RO123", "name": "Pro Vitam SRL", "amenity": "clinic", "beds": null }, "geometry": { "type": "Point", "coordinates": [ 25.788495, 45.8560817 ] } },
{ "type": "Feature", "properties": { "nuts3_code": "RO421", "name": "Affidea", "amenity": "clinic", "beds": null }, "geometry": { "type": "Point", "coordinates": [ 21.3470213, 46.1749858 ] } },
{ "type": "Feature", "properties": { "nuts3_code": "RO223", "name": "Spitalul orășenesc Hârșova", "amenity": "hospital", "beds": null }, "geometry": { "type": "Point", "coordinates": [ 27.9521316, 44.6911955 ] } },
{ "type": "Feature", "properties": { "nuts3_code": "RO415", "name": "Dispensar Frâncești", "amenity": "hospital", "beds": null }, "geometry": { "type": "Point", "coordinates": [ 24.1861586, 44.9990222 ] } },
{ "type": "Feature", "properties": { "nuts3_code": "RO415", "name": "Spitalul orășenesc Horezu", "amenity": "hospital", "beds": null }, "geometry": { "type": "Point", "coordinates": [ 23.9919611, 45.1431921 ] } },
{ "type": "Feature", "properties": { "nuts3_code": "RO311", "name": "Spitalul Domnești", "amenity": "hospital", "beds": null }, "geometry": { "type": "Point", "coordinates": [ 24.8421847, 45.1984745 ] } },
{ "type": "Feature", "properties": { "nuts3_code": "RO124", "name": "SMURD", "amenity": "hospital", "beds": null }, "geometry": { "type": "Point", "coordinates": [ 25.5908601, 46.7217644 ] } },
{ "type": "Feature", "properties": { "nuts3_code": "RO311", "name": "Spitalul de boli cronice Călinești", "amenity": "hospital", "beds": null }, "geometry": { "type": "Point", "coordinates": [ 25.0443737, 44.8292802 ] } },
{ "type": "Feature", "properties": { "nuts3_code": "RO124", "name": "CardioMedPlus", "amenity": "clinic", "beds": null }, "geometry": { "type": "Point", "coordinates": [ 25.6011989, 46.7202994 ] } },
{ "type": "Feature", "properties": { "nuts3_code": "RO123", "name": "Spital boli cardiologice", "amenity": "hospital", "beds": null }, "geometry": { "type": "Point", "coordinates": [ 26.2094375, 45.8458354 ] } },
{ "type": "Feature", "properties": { "nuts3_code": "RO321", "name": "Regina Maria Floreasca", "amenity": "clinic", "beds": null }, "geometry": { "type": "Point", "coordinates": [ 26.0997028, 44.4543569 ] } },
{ "type": "Feature", "properties": { "nuts3_code": "RO316", "name": "Dispensar medical", "amenity": "hospital", "beds": null }, "geometry": { "type": "Point", "coordinates": [ 25.5528798, 45.4416061 ] } },
{ "type": "Feature", "properties": { "nuts3_code": "RO215", "name": "Ecograf Lefter", "amenity": "clinic", "beds": null }, "geometry": { "type": "Point", "coordinates": [ 25.8930778, 47.5545715 ] } },
{ "type": "Feature", "properties": { "nuts3_code": "RO113", "name": "Salina Saltera", "amenity": "clinic", "beds": null }, "geometry": { "type": "Point", "coordinates": [ 23.5872376, 46.7821362 ] } },
{ "type": "Feature", "properties": { "nuts3_code": "RO314", "name": "Dispensar medical Comana", "amenity": "clinic", "beds": null }, "geometry": { "type": "Point", "coordinates": [ 26.1478385, 44.1721146 ] } },
{ "type": "Feature", "properties": { "nuts3_code": "RO223", "name": "Ok Medical", "amenity": "clinic", "beds": null }, "geometry": { "type": "Point", "coordinates": [ 28.6411821, 44.1794464 ] } },
{ "type": "Feature", "properties": { "nuts3_code": "RO313", "name": "Controlmed", "amenity": "clinic", "beds": null }, "geometry": { "type": "Point", "coordinates": [ 25.4502875, 44.9312584 ] } },
{ "type": "Feature", "properties": { "nuts3_code": "RO415", "name": "Clinica AMAMED pavilion A", "amenity": "hospital", "beds": null }, "geometry": { "type": "Point", "coordinates": [ 24.1171251, 45.1721416 ] } },
{ "type": "Feature", "properties": { "nuts3_code": "RO415", "name": "Clinica AMAMED Pavilion B", "amenity": "hospital", "beds": null }, "geometry": { "type": "Point", "coordinates": [ 24.1174161, 45.1716687 ] } },
{ "type": "Feature", "properties": { "nuts3_code": "RO415", "name": "Clinica AMAMED Pavilion C", "amenity": "hospital", "beds": null }, "geometry": { "type": "Point", "coordinates": [ 24.1171043, 45.1720058 ] } },
{ "type": "Feature", "properties": { "nuts3_code": "RO415", "name": "Dispensar", "amenity": "hospital", "beds": null }, "geometry": { "type": "Point", "coordinates": [ 24.2722401, 44.9298898 ] } },
{ "type": "Feature", "properties": { "nuts3_code": "RO113", "name": "Dispensar", "amenity": "clinic", "beds": null }, "geometry": { "type": "Point", "coordinates": [ 23.5285529, 46.7910302 ] } },
{ "type": "Feature", "properties": { "nuts3_code": "RO213", "name": "SonoEcoMed - Dr. Carmina Schaas", "amenity": "clinic", "beds": null }, "geometry": { "type": "Point", "coordinates": [ 27.567604, 47.17108 ] } },
{ "type": "Feature", "properties": { "nuts3_code": "RO313", "name": "Centrul medical Eurotop", "amenity": "clinic", "beds": null }, "geometry": { "type": "Point", "coordinates": [ 25.4542734, 44.9340039 ] } },
{ "type": "Feature", "properties": { "nuts3_code": "RO113", "name": "Clinica Mociu", "amenity": "clinic", "beds": null }, "geometry": { "type": "Point", "coordinates": [ 24.0268099, 46.7959294 ] } },
{ "type": "Feature", "properties": { "nuts3_code": "RO321", "name": "Scorseze Medical Grup", "amenity": "clinic", "beds": null }, "geometry": { "type": "Point", "coordinates": [ 26.1200643, 44.4601918 ] } },
{ "type": "Feature", "properties": { "nuts3_code": "RO321", "name": "Centrul Medireflex", "amenity": "clinic", "beds": null }, "geometry": { "type": "Point", "coordinates": [ 26.0716051, 44.4671912 ] } },
{ "type": "Feature", "properties": { "nuts3_code": "RO222", "name": "CLINICA SFÂNTA MARIA", "amenity": "clinic", "beds": null }, "geometry": { "type": "Point", "coordinates": [ 26.8043961, 45.1464831 ] } },
{ "type": "Feature", "properties": { "nuts3_code": "RO311", "name": "Dispensar Poienari", "amenity": "clinic", "beds": null }, "geometry": { "type": "Point", "coordinates": [ 25.0549245, 45.2172474 ] } },
{ "type": "Feature", "properties": { "nuts3_code": "RO214", "name": "Micomedica", "amenity": "clinic", "beds": null }, "geometry": { "type": "Point", "coordinates": [ 26.3628283, 47.2081082 ] } },
{ "type": "Feature", "properties": { "nuts3_code": "RO424", "name": "Medici's", "amenity": "clinic", "beds": null }, "geometry": { "type": "Point", "coordinates": [ 21.2388169, 45.7574872 ] } },
{ "type": "Feature", "properties": { "nuts3_code": "RO223", "name": "Sinevo", "amenity": "clinic", "beds": null }, "geometry": { "type": "Point", "coordinates": [ 28.6376824, 44.1723361 ] } },
{ "type": "Feature", "properties": { "nuts3_code": "RO314", "name": "Dispensar", "amenity": "hospital", "beds": null }, "geometry": { "type": "Point", "coordinates": [ 25.9416972, 44.1657688 ] } },
{ "type": "Feature", "properties": { "nuts3_code": "RO121", "name": "Spital Vechi", "amenity": "hospital", "beds": null }, "geometry": { "type": "Point", "coordinates": [ 23.8435976, 46.3858476 ] } },
{ "type": "Feature", "properties": { "nuts3_code": "RO311", "name": "Dispensar Brăduleț", "amenity": "hospital", "beds": null }, "geometry": { "type": "Point", "coordinates": [ 24.7833511, 45.276425 ] } },
{ "type": "Feature", "properties": { "nuts3_code": "RO415", "name": "Dispensar", "amenity": "hospital", "beds": null }, "geometry": { "type": "Point", "coordinates": [ 24.1607665, 45.1220553 ] } },
{ "type": "Feature", "properties": { "nuts3_code": "RO415", "name": "Dispensarul Lădești", "amenity": "hospital", "beds": null }, "geometry": { "type": "Point", "coordinates": [ 24.0434312, 44.8787783 ] } },
{ "type": "Feature", "properties": { "nuts3_code": "RO214", "name": "Baza de tratament Bălțătești", "amenity": "hospital", "beds": null }, "geometry": { "type": "Point", "coordinates": [ 26.3096726, 47.1195262 ] } },
{ "type": "Feature", "properties": { "nuts3_code": "RO215", "name": "Dispensarul Uman Saru Dornei", "amenity": "hospital", "beds": null }, "geometry": { "type": "Point", "coordinates": [ 25.3715301, 47.2903079 ] } },
{ "type": "Feature", "properties": { "nuts3_code": "RO211", "name": "Medical-Xen Asistența Medicală", "amenity": "clinic", "beds": null }, "geometry": { "type": "Point", "coordinates": [ 26.885815, 46.7388601 ] } },
{ "type": "Feature", "properties": { "nuts3_code": "RO415", "name": "Centrul medical Straubing", "amenity": "clinic", "beds": null }, "geometry": { "type": "Point", "coordinates": [ 23.9917748, 45.1435806 ] } },
{ "type": "Feature", "properties": { "nuts3_code": "RO321", "name": "Regina Maria", "amenity": "clinic", "beds": null }, "geometry": { "type": "Point", "coordinates": [ 26.034038, 44.4337527 ] } },
{ "type": "Feature", "properties": { "nuts3_code": "RO321", "name": "Life Med", "amenity": "clinic", "beds": null }, "geometry": { "type": "Point", "coordinates": [ 26.0344055, 44.4347396 ] } },
{ "type": "Feature", "properties": { "nuts3_code": "RO415", "name": "Dispensarul Budești", "amenity": "hospital", "beds": null }, "geometry": { "type": "Point", "coordinates": [ 24.3875851, 45.0641649 ] } },
{ "type": "Feature", "properties": { "nuts3_code": "RO415", "name": "Spitalul de Psihiatrie Drăgoești", "amenity": "hospital", "beds": null }, "geometry": { "type": "Point", "coordinates": [ 24.2824554, 44.8319445 ] } },
{ "type": "Feature", "properties": { "nuts3_code": "RO415", "name": "Spitalul de Îngrijire și Tratament Zătreni", "amenity": "hospital", "beds": null }, "geometry": { "type": "Point", "coordinates": [ 23.8552714, 44.7625776 ] } },
{ "type": "Feature", "properties": { "nuts3_code": "RO224", "name": "Centru Medical \"Sanavita\"", "amenity": "clinic", "beds": null }, "geometry": { "type": "Point", "coordinates": [ 28.0472102, 45.4512681 ] } },
{ "type": "Feature", "properties": { "nuts3_code": "RO223", "name": "Centrul medical Nordmed", "amenity": "clinic", "beds": null }, "geometry": { "type": "Point", "coordinates": [ 28.6314537, 44.0692771 ] } },
{ "type": "Feature", "properties": { "nuts3_code": "RO213", "name": "TransmedExpert Medex", "amenity": "clinic", "beds": null }, "geometry": { "type": "Point", "coordinates": [ 27.5744076, 47.1615786 ] } },
{ "type": "Feature", "properties": { "nuts3_code": "RO424", "name": "NeuroTim Med", "amenity": "clinic", "beds": null }, "geometry": { "type": "Point", "coordinates": [ 21.2386264, 45.739625 ] } },
{ "type": "Feature", "properties": { "nuts3_code": "RO424", "name": "Socrates Clinic", "amenity": "clinic", "beds": null }, "geometry": { "type": "Point", "coordinates": [ 21.2386615, 45.7400162 ] } },
{ "type": "Feature", "properties": { "nuts3_code": "RO212", "name": "Spital Orășănesc", "amenity": "hospital", "beds": null }, "geometry": { "type": "Point", "coordinates": [ 26.4401106, 47.7707508 ] } },
{ "type": "Feature", "properties": { "nuts3_code": "RO424", "name": "Centru de Dializă B. Braun", "amenity": "clinic", "beds": null }, "geometry": { "type": "Point", "coordinates": [ 21.2121048, 45.7328163 ] } },
{ "type": "Feature", "properties": { "nuts3_code": "RO321", "name": "Hyperclinica MedLife", "amenity": "clinic", "beds": null }, "geometry": { "type": "Point", "coordinates": [ 26.079603, 44.4905589 ] } },
{ "type": "Feature", "properties": { "nuts3_code": "RO211", "name": "PANTARU MARIA CMI", "amenity": "clinic", "beds": null }, "geometry": { "type": "Point", "coordinates": [ 26.839672, 46.7647538 ] } },
{ "type": "Feature", "properties": { "nuts3_code": "RO112", "name": "Centru de agrement Sângeorz-Băi", "amenity": "clinic", "beds": null }, "geometry": { "type": "Point", "coordinates": [ 24.67059, 47.3693599 ] } },
{ "type": "Feature", "properties": { "nuts3_code": "RO112", "name": "Complex Sanatorial Sângeorz-Băi", "amenity": "clinic", "beds": null }, "geometry": { "type": "Point", "coordinates": [ 24.6614544, 47.3765821 ] } },
{ "type": "Feature", "properties": { "nuts3_code": "RO113", "name": "Medcenter", "amenity": "clinic", "beds": null }, "geometry": { "type": "Point", "coordinates": [ 23.7519888, 46.5405076 ] } },
{ "type": "Feature", "properties": { "nuts3_code": "RO211", "name": "DRAGAN SILVIU CMV & NOVAC MARIUS CMI", "amenity": "clinic", "beds": null }, "geometry": { "type": "Point", "coordinates": [ 26.6593843, 46.6948004 ] } },
{ "type": "Feature", "properties": { "nuts3_code": "RO321", "name": "Gral Băneasa", "amenity": "clinic", "beds": null }, "geometry": { "type": "Point", "coordinates": [ 26.0785798, 44.4904843 ] } },
{ "type": "Feature", "properties": { "nuts3_code": "RO211", "name": "CANCEL ANTON CMI", "amenity": "clinic", "beds": null }, "geometry": { "type": "Point", "coordinates": [ 26.8439025, 46.7410714 ] } },
{ "type": "Feature", "properties": { "nuts3_code": "RO321", "name": "Derma Life", "amenity": "clinic", "beds": null }, "geometry": { "type": "Point", "coordinates": [ 26.0796888, 44.4907719 ] } },
{ "type": "Feature", "properties": { "nuts3_code": "RO321", "name": "Clinica Dr. Barbu", "amenity": "clinic", "beds": null }, "geometry": { "type": "Point", "coordinates": [ 26.0682584, 44.4663792 ] } },
{ "type": "Feature", "properties": { "nuts3_code": "RO321", "name": "UpMedical", "amenity": "clinic", "beds": null }, "geometry": { "type": "Point", "coordinates": [ 26.0679568, 44.4660582 ] } },
{ "type": "Feature", "properties": { "nuts3_code": "RO321", "name": "Discovery Clinic", "amenity": "clinic", "beds": null }, "geometry": { "type": "Point", "coordinates": [ 26.1046006, 44.3997282 ] } },
{ "type": "Feature", "properties": { "nuts3_code": "RO321", "name": "Clinica Dr. Albu", "amenity": "clinic", "beds": null }, "geometry": { "type": "Point", "coordinates": [ 26.1055933, 44.4567464 ] } },
{ "type": "Feature", "properties": { "nuts3_code": "RO321", "name": "Cardio Clinic", "amenity": "clinic", "beds": null }, "geometry": { "type": "Point", "coordinates": [ 26.1065433, 44.4563657 ] } },
{ "type": "Feature", "properties": { "nuts3_code": "RO223", "name": "S.A.J", "amenity": "clinic", "beds": null }, "geometry": { "type": "Point", "coordinates": [ 28.6504899, 44.0287435 ] } },
{ "type": "Feature", "properties": { "nuts3_code": "RO415", "name": "Cabinet medical Bodești", "amenity": "hospital", "beds": null }, "geometry": { "type": "Point", "coordinates": [ 24.113529, 45.1359945 ] } },
{ "type": "Feature", "properties": { "nuts3_code": "RO421", "name": "Bioclinica", "amenity": "clinic", "beds": null }, "geometry": { "type": "Point", "coordinates": [ 21.3535964, 46.1681621 ] } },
{ "type": "Feature", "properties": { "nuts3_code": "RO421", "name": "Spitalul Clinic Județean - Secțiile O.R.L. și Oftalmologie", "amenity": "hospital", "beds": null }, "geometry": { "type": "Point", "coordinates": [ 21.3174562, 46.1795171 ] } },
{ "type": "Feature", "properties": { "nuts3_code": "RO222", "name": "Centru Dializă", "amenity": "clinic", "beds": null }, "geometry": { "type": "Point", "coordinates": [ 26.8017399, 45.1502627 ] } },
{ "type": "Feature", "properties": { "nuts3_code": "RO222", "name": "Cabinet obstetrică ginecologie Șuteu", "amenity": "clinic", "beds": null }, "geometry": { "type": "Point", "coordinates": [ 26.8120874, 45.1597146 ] } },
{ "type": "Feature", "properties": { "nuts3_code": "RO422", "name": "Cabinet urgenta medicala", "amenity": "hospital", "beds": null }, "geometry": { "type": "Point", "coordinates": [ 22.4120211, 44.8806904 ] } },
{ "type": "Feature", "properties": { "nuts3_code": "RO215", "name": "Clinica Sigmed", "amenity": "clinic", "beds": null }, "geometry": { "type": "Point", "coordinates": [ 26.2487358, 47.6508987 ] } },
{ "type": "Feature", "properties": { "nuts3_code": "RO421", "name": "Cabinet Medical", "amenity": "clinic", "beds": null }, "geometry": { "type": "Point", "coordinates": [ 21.3492916, 46.1766604 ] } },
{ "type": "Feature", "properties": { "nuts3_code": "RO216", "name": "Spitalul Municipal Huși", "amenity": "hospital", "beds": null }, "geometry": { "type": "Point", "coordinates": [ 28.0502675, 46.6751099 ] } },
{ "type": "Feature", "properties": { "nuts3_code": "RO422", "name": "Spitalul nr. 3", "amenity": "hospital", "beds": null }, "geometry": { "type": "Point", "coordinates": [ 21.8927813, 45.2907438 ] } },
{ "type": "Feature", "properties": { "nuts3_code": "RO313", "name": "Clinica Valeriana", "amenity": "clinic", "beds": null }, "geometry": { "type": "Point", "coordinates": [ 25.4659919, 44.927485 ] } },
{ "type": "Feature", "properties": { "nuts3_code": "RO313", "name": "Centrul Medical Carol Davila", "amenity": "clinic", "beds": null }, "geometry": { "type": "Point", "coordinates": [ 25.4663698, 44.9272951 ] } },
{ "type": "Feature", "properties": { "nuts3_code": "RO422", "name": null, "amenity": "clinic", "beds": null }, "geometry": { "type": "Point", "coordinates": [ 21.8838554, 45.2898704 ] } },
{ "type": "Feature", "properties": { "nuts3_code": "RO313", "name": "Bio Clinica", "amenity": "clinic", "beds": null }, "geometry": { "type": "Point", "coordinates": [ 25.4476011, 44.9259598 ] } },
{ "type": "Feature", "properties": { "nuts3_code": "RO316", "name": "Hyperclinica MedLife", "amenity": "clinic", "beds": null }, "geometry": { "type": "Point", "coordinates": [ 26.0201048, 44.9411852 ] } },
{ "type": "Feature", "properties": { "nuts3_code": "RO321", "name": "Clinica Elysium", "amenity": "clinic", "beds": null }, "geometry": { "type": "Point", "coordinates": [ 26.0892275, 44.466981 ] } },
{ "type": "Feature", "properties": { "nuts3_code": "RO316", "name": "Dorison", "amenity": "clinic", "beds": null }, "geometry": { "type": "Point", "coordinates": [ 26.0242602, 44.9470392 ] } },
{ "type": "Feature", "properties": { "nuts3_code": "RO321", "name": "Medtelesystems", "amenity": "clinic", "beds": null }, "geometry": { "type": "Point", "coordinates": [ 26.0900324, 44.4778281 ] } },
{ "type": "Feature", "properties": { "nuts3_code": "RO224", "name": "Remenix", "amenity": "clinic", "beds": null }, "geometry": { "type": "Point", "coordinates": [ 28.0190537, 45.4306329 ] } },
{ "type": "Feature", "properties": { "nuts3_code": "RO423", "name": "Spitalul Orașului Ilia", "amenity": "hospital", "beds": null }, "geometry": { "type": "Point", "coordinates": [ 22.6629992, 45.9314159 ] } },
{ "type": "Feature", "properties": { "nuts3_code": "RO423", "name": "Spitalul Lupeni", "amenity": "hospital", "beds": null }, "geometry": { "type": "Point", "coordinates": [ 23.217885, 45.3552234 ] } },
{ "type": "Feature", "properties": { "nuts3_code": "RO121", "name": "Spitalul Comunal Sălciua de Jos", "amenity": "hospital", "beds": null }, "geometry": { "type": "Point", "coordinates": [ 23.4177446, 46.3984567 ] } },
{ "type": "Feature", "properties": { "nuts3_code": "RO121", "name": "Spitalul Orășenesc \"Dr. Alexandru Borza\" Abrud", "amenity": "hospital", "beds": null }, "geometry": { "type": "Point", "coordinates": [ 23.0826073, 46.2658698 ] } },
{ "type": "Feature", "properties": { "nuts3_code": "RO423", "name": "Spitalul comunal Brănișca", "amenity": "hospital", "beds": null }, "geometry": { "type": "Point", "coordinates": [ 22.7720738, 45.9154617 ] } },
{ "type": "Feature", "properties": { "nuts3_code": "RO125", "name": "Cabinet Medical Suplac", "amenity": "clinic", "beds": null }, "geometry": { "type": "Point", "coordinates": [ 24.519738, 46.3962674 ] } },
{ "type": "Feature", "properties": { "nuts3_code": "RO125", "name": "Cabinet Medical Bahnea", "amenity": "clinic", "beds": null }, "geometry": { "type": "Point", "coordinates": [ 24.4806048, 46.3747726 ] } },
{ "type": "Feature", "properties": { "nuts3_code": "RO321", "name": "Institutul Naţional de Diabet, Nutriţie şi Boli Metabolice “N.C. Paulescu”", "amenity": "clinic", "beds": null }, "geometry": { "type": "Point", "coordinates": [ 26.110614, 44.4445781 ] } },
{ "type": "Feature", "properties": { "nuts3_code": "RO414", "name": "Dispensar", "amenity": "clinic", "beds": null }, "geometry": { "type": "Point", "coordinates": [ 23.9439338, 44.4854802 ] } },
{ "type": "Feature", "properties": { "nuts3_code": "RO113", "name": "Lavitamed", "amenity": "clinic", "beds": null }, "geometry": { "type": "Point", "coordinates": [ 23.6190639, 46.7785922 ] } },
{ "type": "Feature", "properties": { "nuts3_code": "RO113", "name": "Synevo", "amenity": "clinic", "beds": null }, "geometry": { "type": "Point", "coordinates": [ 23.6156715, 46.7787603 ] } },
{ "type": "Feature", "properties": { "nuts3_code": "RO122", "name": "Spitalul Clinic de Psihiatrie si Neurologie Brasov", "amenity": "hospital", "beds": null }, "geometry": { "type": "Point", "coordinates": [ 25.5848518, 45.6381442 ] } },
{ "type": "Feature", "properties": { "nuts3_code": "RO122", "name": "Unitatea de Asistență Medico-Socială de Pneumoftiziologie Sânpetru", "amenity": "hospital", "beds": null }, "geometry": { "type": "Point", "coordinates": [ 25.6481657, 45.7220405 ] } },
{ "type": "Feature", "properties": { "nuts3_code": "RO414", "name": "Policlinica Promed", "amenity": "clinic", "beds": null }, "geometry": { "type": "Point", "coordinates": [ 24.3607622, 44.4281541 ] } },
{ "type": "Feature", "properties": { "nuts3_code": "RO321", "name": "Medcenter Head Offices", "amenity": "clinic", "beds": null }, "geometry": { "type": "Point", "coordinates": [ 26.0079458, 44.497337 ] } },
{ "type": "Feature", "properties": { "nuts3_code": "RO414", "name": "Centrul Medical Unimed", "amenity": "clinic", "beds": null }, "geometry": { "type": "Point", "coordinates": [ 24.3619517, 44.4257464 ] } },
{ "type": "Feature", "properties": { "nuts3_code": "RO321", "name": "Clinica Gral", "amenity": "clinic", "beds": null }, "geometry": { "type": "Point", "coordinates": [ 26.1212958, 44.4510011 ] } },
{ "type": "Feature", "properties": { "nuts3_code": "RO414", "name": "Clinica Hellios", "amenity": "clinic", "beds": null }, "geometry": { "type": "Point", "coordinates": [ 24.3722807, 44.4239818 ] } },
{ "type": "Feature", "properties": { "nuts3_code": "RO321", "name": "Clarfon proteze auditive", "amenity": "clinic", "beds": null }, "geometry": { "type": "Point", "coordinates": [ 26.1173381, 44.3950483 ] } },
{ "type": "Feature", "properties": { "nuts3_code": "RO214", "name": "Cabinet medical", "amenity": "clinic", "beds": null }, "geometry": { "type": "Point", "coordinates": [ 26.3631427, 47.2046108 ] } },
{ "type": "Feature", "properties": { "nuts3_code": "RO113", "name": "Opticline", "amenity": "clinic", "beds": null }, "geometry": { "type": "Point", "coordinates": [ 23.7836697, 46.5676872 ] } },
{ "type": "Feature", "properties": { "nuts3_code": "RO321", "name": "Apollo Med Center", "amenity": "clinic", "beds": null }, "geometry": { "type": "Point", "coordinates": [ 26.1509478, 44.3668135 ] } },
{ "type": "Feature", "properties": { "nuts3_code": "RO321", "name": "Clarfon", "amenity": "clinic", "beds": null }, "geometry": { "type": "Point", "coordinates": [ 26.0676462, 44.4516715 ] } },
{ "type": "Feature", "properties": { "nuts3_code": "RO321", "name": "Life Memorial Hospital", "amenity": "hospital", "beds": null }, "geometry": { "type": "Point", "coordinates": [ 26.0541426, 44.4652048 ] } },
{ "type": "Feature", "properties": { "nuts3_code": "RO321", "name": "Clinica Urechii - Audiologie", "amenity": "clinic", "beds": null }, "geometry": { "type": "Point", "coordinates": [ 26.1060105, 44.4215979 ] } },
{ "type": "Feature", "properties": { "nuts3_code": "RO321", "name": "Clinica Urechii - Chirurgie", "amenity": "clinic", "beds": null }, "geometry": { "type": "Point", "coordinates": [ 26.075231, 44.4487629 ] } },
{ "type": "Feature", "properties": { "nuts3_code": "RO321", "name": "Clinica Polisano", "amenity": "clinic", "beds": null }, "geometry": { "type": "Point", "coordinates": [ 26.1063806, 44.4222003 ] } },
{ "type": "Feature", "properties": { "nuts3_code": "RO321", "name": "Centrul Medical Sphera", "amenity": "clinic", "beds": null }, "geometry": { "type": "Point", "coordinates": [ 26.1077061, 44.4221578 ] } },
{ "type": "Feature", "properties": { "nuts3_code": "RO321", "name": "Laser Esthetic Concept", "amenity": "clinic", "beds": null }, "geometry": { "type": "Point", "coordinates": [ 26.1045268, 44.4191975 ] } },
{ "type": "Feature", "properties": { "nuts3_code": "RO321", "name": "Sanador", "amenity": "clinic", "beds": null }, "geometry": { "type": "Point", "coordinates": [ 26.0804531, 44.5157938 ] } },
{ "type": "Feature", "properties": { "nuts3_code": "RO222", "name": "Dispensar Medical Glodeanu Sărat", "amenity": "clinic", "beds": null }, "geometry": { "type": "Point", "coordinates": [ 26.6498124, 44.8734291 ] } },
{ "type": "Feature", "properties": { "nuts3_code": "RO113", "name": "Clinic Med Diagnosis", "amenity": "clinic", "beds": null }, "geometry": { "type": "Point", "coordinates": [ 23.8145905, 46.557097 ] } },
{ "type": "Feature", "properties": { "nuts3_code": "RO321", "name": "Gral Medical", "amenity": "clinic", "beds": null }, "geometry": { "type": "Point", "coordinates": [ 26.1332351, 44.4227252 ] } },
{ "type": "Feature", "properties": { "nuts3_code": "RO321", "name": "Bio Ortoclinic", "amenity": "clinic", "beds": null }, "geometry": { "type": "Point", "coordinates": [ 26.0363622, 44.5050823 ] } },
{ "type": "Feature", "properties": { "nuts3_code": "RO316", "name": "Mediurg", "amenity": "hospital", "beds": null }, "geometry": { "type": "Point", "coordinates": [ 25.7386756, 45.1200317 ] } },
{ "type": "Feature", "properties": { "nuts3_code": "RO321", "name": "Alfa medical - recuperare medicală", "amenity": "clinic", "beds": null }, "geometry": { "type": "Point", "coordinates": [ 26.1312576, 44.3878805 ] } },
{ "type": "Feature", "properties": { "nuts3_code": "RO321", "name": "Alfa medical - recuperare medicală", "amenity": "clinic", "beds": null }, "geometry": { "type": "Point", "coordinates": [ 26.093138, 44.3870921 ] } },
{ "type": "Feature", "properties": { "nuts3_code": "RO321", "name": "Centrul Medical Promemoria", "amenity": "clinic", "beds": null }, "geometry": { "type": "Point", "coordinates": [ 26.1042907, 44.4389836 ] } },
{ "type": "Feature", "properties": { "nuts3_code": "RO321", "name": "Fortus Medical", "amenity": "clinic", "beds": null }, "geometry": { "type": "Point", "coordinates": [ 26.1367934, 44.4433288 ] } },
{ "type": "Feature", "properties": { "nuts3_code": "RO113", "name": "NM Integrative Therapy", "amenity": "clinic", "beds": null }, "geometry": { "type": "Point", "coordinates": [ 23.5636769, 46.7719457 ] } },
{ "type": "Feature", "properties": { "nuts3_code": "RO113", "name": "Dr. Creteanu Razvan", "amenity": "clinic", "beds": null }, "geometry": { "type": "Point", "coordinates": [ 23.8859922, 46.5467549 ] } },
{ "type": "Feature", "properties": { "nuts3_code": "RO113", "name": "Surgent Medical Center", "amenity": "clinic", "beds": null }, "geometry": { "type": "Point", "coordinates": [ 23.8847606, 46.5466113 ] } },
{ "type": "Feature", "properties": { "nuts3_code": "RO321", "name": "Affidea", "amenity": "clinic", "beds": null }, "geometry": { "type": "Point", "coordinates": [ 26.0744648, 44.4661722 ] } },
{ "type": "Feature", "properties": { "nuts3_code": "RO321", "name": "Kinetomedica", "amenity": "clinic", "beds": null }, "geometry": { "type": "Point", "coordinates": [ 26.1094588, 44.3959786 ] } },
{ "type": "Feature", "properties": { "nuts3_code": "RO321", "name": "Regina Maria - analize de laborator", "amenity": "clinic", "beds": null }, "geometry": { "type": "Point", "coordinates": [ 26.1095655, 44.3930097 ] } },
{ "type": "Feature", "properties": { "nuts3_code": "RO116", "name": "Dispensar", "amenity": "hospital", "beds": null }, "geometry": { "type": "Point", "coordinates": [ 22.9127732, 47.2084919 ] } },
{ "type": "Feature", "properties": { "nuts3_code": "RO213", "name": null, "amenity": "clinic", "beds": null }, "geometry": { "type": "Point", "coordinates": [ 27.5857285, 47.1616972 ] } },
{ "type": "Feature", "properties": { "nuts3_code": "RO213", "name": "Dispensar Deleni", "amenity": "hospital", "beds": null }, "geometry": { "type": "Point", "coordinates": [ 26.8822403, 47.4559039 ] } },
{ "type": "Feature", "properties": { "nuts3_code": "RO321", "name": "Laurus Medical", "amenity": "clinic", "beds": null }, "geometry": { "type": "Point", "coordinates": [ 26.0922735, 44.4801576 ] } },
{ "type": "Feature", "properties": { "nuts3_code": "RO424", "name": "Bioclinica", "amenity": "clinic", "beds": null }, "geometry": { "type": "Point", "coordinates": [ 21.2243989, 45.7645745 ] } },
{ "type": "Feature", "properties": { "nuts3_code": "RO311", "name": "Centrul de Diagnostic și Tratament Brătianu", "amenity": "clinic", "beds": null }, "geometry": { "type": "Point", "coordinates": [ 24.8691018, 44.8616238 ] } },
{ "type": "Feature", "properties": { "nuts3_code": "RO424", "name": "Regina Maria", "amenity": "clinic", "beds": null }, "geometry": { "type": "Point", "coordinates": [ 21.2301724, 45.7662089 ] } },
{ "type": "Feature", "properties": { "nuts3_code": "RO113", "name": "Centrul Medical Florești", "amenity": "clinic", "beds": null }, "geometry": { "type": "Point", "coordinates": [ 23.4852016, 46.7443755 ] } },
{ "type": "Feature", "properties": { "nuts3_code": "RO113", "name": "Endocard", "amenity": "clinic", "beds": null }, "geometry": { "type": "Point", "coordinates": [ 23.7987461, 46.5578051 ] } },
{ "type": "Feature", "properties": { "nuts3_code": "RO211", "name": "DISPENSAR", "amenity": "clinic", "beds": null }, "geometry": { "type": "Point", "coordinates": [ 26.4421096, 46.2126299 ] } },
{ "type": "Feature", "properties": { "nuts3_code": "RO223", "name": "Dispennsarul 2", "amenity": "hospital", "beds": null }, "geometry": { "type": "Point", "coordinates": [ 28.5761764, 43.8138072 ] } },
{ "type": "Feature", "properties": { "nuts3_code": "RO321", "name": "Synevo recoltare analize medicale", "amenity": "clinic", "beds": null }, "geometry": { "type": "Point", "coordinates": [ 26.0498859, 44.4157806 ] } },
{ "type": "Feature", "properties": { "nuts3_code": "RO223", "name": "Centrul Medical Provita 2000", "amenity": "clinic", "beds": null }, "geometry": { "type": "Point", "coordinates": [ 28.6387899, 44.1941716 ] } },
{ "type": "Feature", "properties": { "nuts3_code": "RO126", "name": "Dispensar Medical Vasile Aaron", "amenity": "hospital", "beds": null }, "geometry": { "type": "Point", "coordinates": [ 24.1694316, 45.7855841 ] } },
{ "type": "Feature", "properties": { "nuts3_code": "RO126", "name": "Clinica Medicala Gineko Pro Medical Sibiu", "amenity": "clinic", "beds": null }, "geometry": { "type": "Point", "coordinates": [ 24.1487355, 45.7892257 ] } },
{ "type": "Feature", "properties": { "nuts3_code": "RO424", "name": "sepsiszentgyorgy", "amenity": "hospital", "beds": null }, "geometry": { "type": "Point", "coordinates": [ 21.931685, 45.6428201 ] } },
{ "type": "Feature", "properties": { "nuts3_code": "RO223", "name": "Clinica Sante", "amenity": "clinic", "beds": null }, "geometry": { "type": "Point", "coordinates": [ 28.630244, 44.2014485 ] } },
{ "type": "Feature", "properties": { "nuts3_code": "RO423", "name": null, "amenity": "clinic", "beds": null }, "geometry": { "type": "Point", "coordinates": [ 22.9081048, 45.8638733 ] } },
{ "type": "Feature", "properties": { "nuts3_code": "RO423", "name": null, "amenity": "clinic", "beds": null }, "geometry": { "type": "Point", "coordinates": [ 22.896728, 45.8803245 ] } },
{ "type": "Feature", "properties": { "nuts3_code": "RO423", "name": null, "amenity": "clinic", "beds": null }, "geometry": { "type": "Point", "coordinates": [ 22.9033227, 45.8799143 ] } },
{ "type": "Feature", "properties": { "nuts3_code": "RO424", "name": "Medici's Academica", "amenity": "clinic", "beds": null }, "geometry": { "type": "Point", "coordinates": [ 21.2185843, 45.7594604 ] } },
{ "type": "Feature", "properties": { "nuts3_code": "RO421", "name": "Ayedent", "amenity": "clinic", "beds": null }, "geometry": { "type": "Point", "coordinates": [ 21.2992888, 46.1692871 ] } },
{ "type": "Feature", "properties": { "nuts3_code": "RO114", "name": "Clinică", "amenity": "hospital", "beds": null }, "geometry": { "type": "Point", "coordinates": [ 24.2237306, 47.8244139 ] } },
{ "type": "Feature", "properties": { "nuts3_code": "RO114", "name": "Clinică", "amenity": "hospital", "beds": null }, "geometry": { "type": "Point", "coordinates": [ 24.2238242, 47.8232107 ] } },
{ "type": "Feature", "properties": { "nuts3_code": "RO415", "name": "Centru de Sănătate Mintală", "amenity": "clinic", "beds": null }, "geometry": { "type": "Point", "coordinates": [ 24.3675472, 45.1077073 ] } },
{ "type": "Feature", "properties": { "nuts3_code": "RO213", "name": "Secția exterioară psihiatrie Șipote", "amenity": "hospital", "beds": null }, "geometry": { "type": "Point", "coordinates": [ 27.2157008, 47.5188981 ] } },
{ "type": "Feature", "properties": { "nuts3_code": "RO321", "name": "MediClass", "amenity": "clinic", "beds": null }, "geometry": { "type": "Point", "coordinates": [ 26.0718335, 44.4317583 ] } },
{ "type": "Feature", "properties": { "nuts3_code": "RO321", "name": "centrul medical axa provita", "amenity": "clinic", "beds": null }, "geometry": { "type": "Point", "coordinates": [ 26.0977516, 44.3817172 ] } },
{ "type": "Feature", "properties": { "nuts3_code": "RO321", "name": "MedicalES", "amenity": "clinic", "beds": null }, "geometry": { "type": "Point", "coordinates": [ 26.0811024, 44.4294704 ] } },
{ "type": "Feature", "properties": { "nuts3_code": "RO321", "name": "Prof Medica", "amenity": "clinic", "beds": null }, "geometry": { "type": "Point", "coordinates": [ 26.071018, 44.4323606 ] } },
{ "type": "Feature", "properties": { "nuts3_code": "RO321", "name": "Medicor Centru Medical", "amenity": "clinic", "beds": null }, "geometry": { "type": "Point", "coordinates": [ 26.1148614, 44.382553 ] } },
{ "type": "Feature", "properties": { "nuts3_code": "RO311", "name": "Solomed Costesti", "amenity": "clinic", "beds": null }, "geometry": { "type": "Point", "coordinates": [ 24.8802367, 44.6697892 ] } },
{ "type": "Feature", "properties": { "nuts3_code": "RO321", "name": "Regina Maria", "amenity": "clinic", "beds": null }, "geometry": { "type": "Point", "coordinates": [ 26.067766, 44.4374097 ] } },
{ "type": "Feature", "properties": { "nuts3_code": "RO424", "name": "Reha Clinic", "amenity": "clinic", "beds": null }, "geometry": { "type": "Point", "coordinates": [ 21.2404408, 45.7452362 ] } },
{ "type": "Feature", "properties": { "nuts3_code": "RO415", "name": "Centrul Medical Rec Med", "amenity": "clinic", "beds": null }, "geometry": { "type": "Point", "coordinates": [ 24.182595, 45.0803716 ] } },
{ "type": "Feature", "properties": { "nuts3_code": "RO322", "name": null, "amenity": "clinic", "beds": null }, "geometry": { "type": "Point", "coordinates": [ 26.2059733, 44.4512444 ] } },
{ "type": "Feature", "properties": { "nuts3_code": "RO322", "name": "Liberty", "amenity": "clinic", "beds": null }, "geometry": { "type": "Point", "coordinates": [ 26.1971073, 44.5376208 ] } },
{ "type": "Feature", "properties": { "nuts3_code": "RO415", "name": "Dispensar Câineni", "amenity": "hospital", "beds": null }, "geometry": { "type": "Point", "coordinates": [ 24.309386, 45.4938556 ] } },
{ "type": "Feature", "properties": { "nuts3_code": "RO321", "name": "Nicomed", "amenity": "clinic", "beds": null }, "geometry": { "type": "Point", "coordinates": [ 26.1143544, 44.4447887 ] } },
{ "type": "Feature", "properties": { "nuts3_code": "RO411", "name": "Dispensar", "amenity": "hospital", "beds": null }, "geometry": { "type": "Point", "coordinates": [ 23.7506001, 44.5040186 ] } },
{ "type": "Feature", "properties": { "nuts3_code": "RO212", "name": "Est Clinic - Consultatii și analize", "amenity": "clinic", "beds": null }, "geometry": { "type": "Point", "coordinates": [ 26.6556756, 47.7458979 ] } },
{ "type": "Feature", "properties": { "nuts3_code": "RO214", "name": null, "amenity": "clinic", "beds": null }, "geometry": { "type": "Point", "coordinates": [ 26.4713927, 46.854189 ] } },
{ "type": "Feature", "properties": { "nuts3_code": "RO424", "name": "Bioclinica", "amenity": "clinic", "beds": null }, "geometry": { "type": "Point", "coordinates": [ 21.246616, 45.7343622 ] } },
{ "type": "Feature", "properties": { "nuts3_code": "RO411", "name": "Direcția de Sănătate Publică Calafat", "amenity": "hospital", "beds": null }, "geometry": { "type": "Point", "coordinates": [ 22.9406766, 43.9948272 ] } },
{ "type": "Feature", "properties": { "nuts3_code": "RO321", "name": "Hyperclinica MedLife Titan", "amenity": "clinic", "beds": null }, "geometry": { "type": "Point", "coordinates": [ 26.1621133, 44.4245138 ] } },
{ "type": "Feature", "properties": { "nuts3_code": "RO424", "name": "Neurorad", "amenity": "clinic", "beds": null }, "geometry": { "type": "Point", "coordinates": [ 21.2210213, 45.7551674 ] } },
{ "type": "Feature", "properties": { "nuts3_code": "RO413", "name": "Spitalul Orășenesc Strehaia", "amenity": "hospital", "beds": null }, "geometry": { "type": "Point", "coordinates": [ 23.1912564, 44.622091 ] } },
{ "type": "Feature", "properties": { "nuts3_code": "RO421", "name": "Dispensarul uman Archiș", "amenity": "hospital", "beds": null }, "geometry": { "type": "Point", "coordinates": [ 22.0539667, 46.4775708 ] } },
{ "type": "Feature", "properties": { "nuts3_code": "RO121", "name": "Dispensarul uman Albac", "amenity": "hospital", "beds": null }, "geometry": { "type": "Point", "coordinates": [ 22.9613765, 46.4505639 ] } },
{ "type": "Feature", "properties": { "nuts3_code": "RO321", "name": "Regina Maria", "amenity": "clinic", "beds": null }, "geometry": { "type": "Point", "coordinates": [ 26.1189829, 44.4823027 ] } },
{ "type": "Feature", "properties": { "nuts3_code": "RO113", "name": "Centrul de Pediatrie", "amenity": "clinic", "beds": null }, "geometry": { "type": "Point", "coordinates": [ 23.6114853, 46.7762225 ] } },
{ "type": "Feature", "properties": { "nuts3_code": "RO424", "name": "Medic 1", "amenity": "clinic", "beds": null }, "geometry": { "type": "Point", "coordinates": [ 21.2047774, 45.7410154 ] } },
{ "type": "Feature", "properties": { "nuts3_code": "RO226", "name": "FizioLife - Recuperare", "amenity": "hospital", "beds": null }, "geometry": { "type": "Point", "coordinates": [ 27.1247702, 45.7253265 ] } },
{ "type": "Feature", "properties": { "nuts3_code": "RO224", "name": "Audionova", "amenity": "clinic", "beds": null }, "geometry": { "type": "Point", "coordinates": [ 28.0250807, 45.4333349 ] } },
{ "type": "Feature", "properties": { "nuts3_code": "RO224", "name": "Chiriac S.R.L.", "amenity": "clinic", "beds": null }, "geometry": { "type": "Point", "coordinates": [ 28.0190859, 45.4306199 ] } },
{ "type": "Feature", "properties": { "nuts3_code": "RO224", "name": "Romar Medical", "amenity": "clinic", "beds": null }, "geometry": { "type": "Point", "coordinates": [ 28.0236998, 45.4453704 ] } },
{ "type": "Feature", "properties": { "nuts3_code": "RO116", "name": "Spital Jibou", "amenity": "hospital", "beds": null }, "geometry": { "type": "Point", "coordinates": [ 23.2522905, 47.2590218 ] } },
{ "type": "Feature", "properties": { "nuts3_code": "RO311", "name": "Cabinet Medical", "amenity": "clinic", "beds": null }, "geometry": { "type": "Point", "coordinates": [ 24.8480053, 44.7809431 ] } },
{ "type": "Feature", "properties": { "nuts3_code": "RO114", "name": "Centrul De Diagnostic Santa Vita", "amenity": "clinic", "beds": null }, "geometry": { "type": "Point", "coordinates": [ 23.8842355, 47.9256821 ] } },
{ "type": "Feature", "properties": { "nuts3_code": "RO424", "name": "Spitalul Dr. Karl Diel Jimbolia", "amenity": "hospital", "beds": null }, "geometry": { "type": "Point", "coordinates": [ 20.7155477, 45.7823797 ] } },
{ "type": "Feature", "properties": { "nuts3_code": "RO122", "name": "Spitalul Municipal Codlea", "amenity": "hospital", "beds": null }, "geometry": { "type": "Point", "coordinates": [ 25.4471683, 45.7026941 ] } },
{ "type": "Feature", "properties": { "nuts3_code": "RO424", "name": "Spitalul Orasenesc Sannicolau Mare", "amenity": "hospital", "beds": null }, "geometry": { "type": "Point", "coordinates": [ 20.6361536, 46.0681538 ] } },
{ "type": "Feature", "properties": { "nuts3_code": "RO415", "name": "Spitalul Orasenesc Brezoi", "amenity": "hospital", "beds": null }, "geometry": { "type": "Point", "coordinates": [ 24.2457898, 45.3423993 ] } },
{ "type": "Feature", "properties": { "nuts3_code": "RO422", "name": "Spitalul Orasenesc Otelu Rosu Otelu Rosu", "amenity": "hospital", "beds": null }, "geometry": { "type": "Point", "coordinates": [ 22.3677075, 45.5258536 ] } },
{ "type": "Feature", "properties": { "nuts3_code": "RO321", "name": "Institutul de Pneumoftiziologie Marius Nasta", "amenity": "hospital", "beds": null }, "geometry": { "type": "Point", "coordinates": [ 26.0904168, 44.4060819 ] } },
{ "type": "Feature", "properties": { "nuts3_code": "RO421", "name": "Spitalul Orasenesc Lipova", "amenity": "hospital", "beds": null }, "geometry": { "type": "Point", "coordinates": [ 21.6905884, 46.0910724 ] } },
{ "type": "Feature", "properties": { "nuts3_code": "RO124", "name": "Orvosi rendelő", "amenity": "clinic", "beds": null }, "geometry": { "type": "Point", "coordinates": [ 25.5049648, 46.7014098 ] } },
{ "type": "Feature", "properties": { "nuts3_code": "RO122", "name": "Medivers", "amenity": "clinic", "beds": null }, "geometry": { "type": "Point", "coordinates": [ 25.6206979, 45.6458714 ] } },
{ "type": "Feature", "properties": { "nuts3_code": "RO223", "name": "Prosana Medical Center", "amenity": "clinic", "beds": null }, "geometry": { "type": "Point", "coordinates": [ 28.6428736, 44.1944678 ] } },
{ "type": "Feature", "properties": { "nuts3_code": "RO321", "name": "Centru de Dializă", "amenity": "clinic", "beds": null }, "geometry": { "type": "Point", "coordinates": [ 26.0488793, 44.4424564 ] } },
{ "type": "Feature", "properties": { "nuts3_code": "RO321", "name": "Spitalul de Boli Cardiovasculare \"Angiomedica\"", "amenity": "clinic", "beds": null }, "geometry": { "type": "Point", "coordinates": [ 26.1160213, 44.4520205 ] } },
{ "type": "Feature", "properties": { "nuts3_code": "RO124", "name": "Clinica Borosnyay", "amenity": "clinic", "beds": null }, "geometry": { "type": "Point", "coordinates": [ 25.585949, 46.7215932 ] } },
{ "type": "Feature", "properties": { "nuts3_code": "RO423", "name": "Dispensar", "amenity": "hospital", "beds": null }, "geometry": { "type": "Point", "coordinates": [ 23.173384, 45.7294991 ] } },
{ "type": "Feature", "properties": { "nuts3_code": "RO424", "name": "Centrul Medical Mariam", "amenity": "clinic", "beds": null }, "geometry": { "type": "Point", "coordinates": [ 21.2230071, 45.7581537 ] } },
{ "type": "Feature", "properties": { "nuts3_code": "RO113", "name": "Regina Maria Policlinica Observatorului", "amenity": "clinic", "beds": null }, "geometry": { "type": "Point", "coordinates": [ 23.5952594, 46.7555329 ] } },
{ "type": "Feature", "properties": { "nuts3_code": "RO113", "name": "Clinica Artis 3", "amenity": "clinic", "beds": null }, "geometry": { "type": "Point", "coordinates": [ 23.5926513, 46.7589267 ] } },
{ "type": "Feature", "properties": { "nuts3_code": "RO113", "name": "Cardiomed", "amenity": "clinic", "beds": null }, "geometry": { "type": "Point", "coordinates": [ 23.5876864, 46.7642818 ] } },
{ "type": "Feature", "properties": { "nuts3_code": "RO211", "name": "Cabinet Medical", "amenity": "hospital", "beds": null }, "geometry": { "type": "Point", "coordinates": [ 26.4838987, 46.467211 ] } },
{ "type": "Feature", "properties": { "nuts3_code": "RO214", "name": "Centrul Medical „Palimed”", "amenity": "hospital", "beds": null }, "geometry": { "type": "Point", "coordinates": [ 26.3717547, 47.217693 ] } },
{ "type": "Feature", "properties": { "nuts3_code": "RO321", "name": "Policlinica Dr Taberei", "amenity": "clinic", "beds": null }, "geometry": { "type": "Point", "coordinates": [ 26.0413007, 44.4245602 ] } },
{ "type": "Feature", "properties": { "nuts3_code": "RO321", "name": "Stomatologie", "amenity": "clinic", "beds": null }, "geometry": { "type": "Point", "coordinates": [ 26.0415766, 44.4248057 ] } },
{ "type": "Feature", "properties": { "nuts3_code": "RO125", "name": "Spitalul Orasesc", "amenity": "hospital", "beds": null }, "geometry": { "type": "Point", "coordinates": [ 24.1640653, 46.7553581 ] } },
{ "type": "Feature", "properties": { "nuts3_code": "RO213", "name": "Synlab", "amenity": "clinic", "beds": null }, "geometry": { "type": "Point", "coordinates": [ 27.5864139, 47.155192 ] } },
{ "type": "Feature", "properties": { "nuts3_code": "RO411", "name": "MedLife Sama", "amenity": "clinic", "beds": null }, "geometry": { "type": "Point", "coordinates": [ 23.8113285, 44.3168253 ] } },
{ "type": "Feature", "properties": { "nuts3_code": "RO413", "name": "Centrul de Îngrijire și Asistență pentru Persoanele cu Alzheimer", "amenity": "clinic", "beds": null }, "geometry": { "type": "Point", "coordinates": [ 22.5396834, 44.8049437 ] } },
{ "type": "Feature", "properties": { "nuts3_code": "RO321", "name": "WellBorn", "amenity": "clinic", "beds": null }, "geometry": { "type": "Point", "coordinates": [ 26.0738015, 44.4967457 ] } },
{ "type": "Feature", "properties": { "nuts3_code": "RO321", "name": "Provita", "amenity": "clinic", "beds": null }, "geometry": { "type": "Point", "coordinates": [ 26.1326795, 44.434934 ] } },
{ "type": "Feature", "properties": { "nuts3_code": "RO321", "name": "Provita", "amenity": "clinic", "beds": null }, "geometry": { "type": "Point", "coordinates": [ 26.1326958, 44.4348779 ] } },
{ "type": "Feature", "properties": { "nuts3_code": "RO321", "name": "Medicover", "amenity": "clinic", "beds": null }, "geometry": { "type": "Point", "coordinates": [ 26.0593121, 44.4449489 ] } },
{ "type": "Feature", "properties": { "nuts3_code": "RO321", "name": "Policlinica Socială Baba Novac", "amenity": "clinic", "beds": null }, "geometry": { "type": "Point", "coordinates": [ 26.136603, 44.4248863 ] } },
{ "type": "Feature", "properties": { "nuts3_code": "RO321", "name": "Sanador", "amenity": "clinic", "beds": null }, "geometry": { "type": "Point", "coordinates": [ 26.0042417, 44.4334744 ] } },
{ "type": "Feature", "properties": { "nuts3_code": "RO321", "name": "Symetrique Medical", "amenity": "clinic", "beds": null }, "geometry": { "type": "Point", "coordinates": [ 26.1294821, 44.4218887 ] } },
{ "type": "Feature", "properties": { "nuts3_code": "RO114", "name": "medic de familie", "amenity": "hospital", "beds": null }, "geometry": { "type": "Point", "coordinates": [ 23.5763419, 47.6531542 ] } },
{ "type": "Feature", "properties": { "nuts3_code": "RO113", "name": "LaurusMedical", "amenity": "clinic", "beds": null }, "geometry": { "type": "Point", "coordinates": [ 23.5900893, 46.7621819 ] } },
{ "type": "Feature", "properties": { "nuts3_code": "RO424", "name": "Synevo", "amenity": "clinic", "beds": null }, "geometry": { "type": "Point", "coordinates": [ 21.2382747, 45.7369003 ] } },
{ "type": "Feature", "properties": { "nuts3_code": "RO321", "name": "Skinmed", "amenity": "clinic", "beds": null }, "geometry": { "type": "Point", "coordinates": [ 26.1299708, 44.4264431 ] } },
{ "type": "Feature", "properties": { "nuts3_code": "RO321", "name": "Medissima", "amenity": "clinic", "beds": null }, "geometry": { "type": "Point", "coordinates": [ 26.1006611, 44.4603705 ] } },
{ "type": "Feature", "properties": { "nuts3_code": "RO415", "name": "Dispensar Gușoianca", "amenity": "hospital", "beds": null }, "geometry": { "type": "Point", "coordinates": [ 24.1104331, 44.7472573 ] } },
{ "type": "Feature", "properties": { "nuts3_code": "RO321", "name": "Rytmomed", "amenity": "clinic", "beds": null }, "geometry": { "type": "Point", "coordinates": [ 26.0847053, 44.44244 ] } },
{ "type": "Feature", "properties": { "nuts3_code": "RO321", "name": "Romgermed", "amenity": "clinic", "beds": null }, "geometry": { "type": "Point", "coordinates": [ 26.070739, 44.4412795 ] } },
{ "type": "Feature", "properties": { "nuts3_code": "RO321", "name": "Optissima", "amenity": "clinic", "beds": null }, "geometry": { "type": "Point", "coordinates": [ 26.0892712, 44.4349274 ] } },
{ "type": "Feature", "properties": { "nuts3_code": "RO321", "name": "Medas", "amenity": "clinic", "beds": null }, "geometry": { "type": "Point", "coordinates": [ 26.0909143, 44.4344632 ] } },
{ "type": "Feature", "properties": { "nuts3_code": "RO424", "name": "Centul Medical Dr. Stan", "amenity": "clinic", "beds": null }, "geometry": { "type": "Point", "coordinates": [ 21.2146611, 45.7617429 ] } },
{ "type": "Feature", "properties": { "nuts3_code": "RO424", "name": null, "amenity": "clinic", "beds": null }, "geometry": { "type": "Point", "coordinates": [ 21.2387283, 45.7402212 ] } },
{ "type": "Feature", "properties": { "nuts3_code": "RO224", "name": "Pneumologie si Medicina somnului - Dr. Anamaria Necula", "amenity": "clinic", "beds": null }, "geometry": { "type": "Point", "coordinates": [ 28.0257396, 45.4502571 ] } },
{ "type": "Feature", "properties": { "nuts3_code": "RO414", "name": "Synevo Slatina", "amenity": "clinic", "beds": null }, "geometry": { "type": "Point", "coordinates": [ 24.3638045, 44.4293953 ] } },
{ "type": "Feature", "properties": { "nuts3_code": "RO321", "name": "Dr. Antohi", "amenity": "clinic", "beds": null }, "geometry": { "type": "Point", "coordinates": [ 26.0757242, 44.4641369 ] } },
{ "type": "Feature", "properties": { "nuts3_code": "RO321", "name": "Centrul de Diabet, Nutritie si Metabolism", "amenity": "clinic", "beds": null }, "geometry": { "type": "Point", "coordinates": [ 26.102782, 44.4668164 ] } },
{ "type": "Feature", "properties": { "nuts3_code": "RO424", "name": "Regina Maria", "amenity": "clinic", "beds": null }, "geometry": { "type": "Point", "coordinates": [ 21.2374456, 45.7434005 ] } },
{ "type": "Feature", "properties": { "nuts3_code": "RO424", "name": "Regina Maria", "amenity": "clinic", "beds": null }, "geometry": { "type": "Point", "coordinates": [ 21.2213479, 45.7575731 ] } },
{ "type": "Feature", "properties": { "nuts3_code": "RO424", "name": "Regina Maria", "amenity": "clinic", "beds": null }, "geometry": { "type": "Point", "coordinates": [ 21.238635, 45.7397206 ] } },
{ "type": "Feature", "properties": { "nuts3_code": "RO424", "name": "Profilaxis", "amenity": "clinic", "beds": null }, "geometry": { "type": "Point", "coordinates": [ 21.2386452, 45.7398347 ] } },
{ "type": "Feature", "properties": { "nuts3_code": "RO226", "name": "Cabinet Medical Neurologie - dr. Buleu Mariana", "amenity": "clinic", "beds": null }, "geometry": { "type": "Point", "coordinates": [ 27.1877328, 45.6919894 ] } },
{ "type": "Feature", "properties": { "nuts3_code": "RO424", "name": "Synevo", "amenity": "clinic", "beds": null }, "geometry": { "type": "Point", "coordinates": [ 21.2161784, 45.7678137 ] } },
{ "type": "Feature", "properties": { "nuts3_code": "RO214", "name": "Clinica Antares", "amenity": "clinic", "beds": null }, "geometry": { "type": "Point", "coordinates": [ 26.3668411, 46.9326653 ] } },
{ "type": "Feature", "properties": { "nuts3_code": "RO224", "name": "Cabinet veterinar dr. Silvia Tiolan", "amenity": "hospital", "beds": null }, "geometry": { "type": "Point", "coordinates": [ 28.0447884, 45.4308919 ] } },
{ "type": "Feature", "properties": { "nuts3_code": "RO212", "name": "Spitalul Orasenesc Darabani", "amenity": "hospital", "beds": null }, "geometry": { "type": "Point", "coordinates": [ 26.5913284, 48.1840497 ] } },
{ "type": "Feature", "properties": { "nuts3_code": "RO214", "name": "Clinica Pediatrică Anastasia", "amenity": "clinic", "beds": null }, "geometry": { "type": "Point", "coordinates": [ 26.3728262, 46.9239746 ] } },
{ "type": "Feature", "properties": { "nuts3_code": "RO411", "name": "Unitatea de Primiri Urgențe", "amenity": "hospital", "beds": null }, "geometry": { "type": "Point", "coordinates": [ 23.7929466, 44.3060717 ] } },
{ "type": "Feature", "properties": { "nuts3_code": "RO214", "name": "Dispensarul Nr. 3 Piatra Neamț", "amenity": "clinic", "beds": null }, "geometry": { "type": "Point", "coordinates": [ 26.3745897, 46.9239415 ] } },
{ "type": "Feature", "properties": { "nuts3_code": "RO214", "name": "Clinica On", "amenity": "clinic", "beds": null }, "geometry": { "type": "Point", "coordinates": [ 26.380556, 46.9212769 ] } },
{ "type": "Feature", "properties": { "nuts3_code": "RO125", "name": "Policlina Carit-San Medical", "amenity": "clinic", "beds": null }, "geometry": { "type": "Point", "coordinates": [ 24.5727861, 46.5485682 ] } },
{ "type": "Feature", "properties": { "nuts3_code": "RO321", "name": "Veridia", "amenity": "clinic", "beds": null }, "geometry": { "type": "Point", "coordinates": [ 26.0327753, 44.4178508 ] } },
{ "type": "Feature", "properties": { "nuts3_code": "RO321", "name": "Medicare", "amenity": "clinic", "beds": null }, "geometry": { "type": "Point", "coordinates": [ 26.10107, 44.4314124 ] } },
{ "type": "Feature", "properties": { "nuts3_code": "RO421", "name": "Spitalul pentru Urgente Stomatologice", "amenity": "hospital", "beds": null }, "geometry": { "type": "Point", "coordinates": [ 21.3193157, 46.1785945 ] } },
{ "type": "Feature", "properties": { "nuts3_code": "RO213", "name": "FizioMed Expert", "amenity": "hospital", "beds": null }, "geometry": { "type": "Point", "coordinates": [ 26.8134646, 47.0942734 ] } },
{ "type": "Feature", "properties": { "nuts3_code": "RO321", "name": "Centrul Medical Focus", "amenity": "clinic", "beds": null }, "geometry": { "type": "Point", "coordinates": [ 26.138865, 44.4486591 ] } },
{ "type": "Feature", "properties": { "nuts3_code": "RO411", "name": "Cabinet psiholog Daniela Ianoș", "amenity": "clinic", "beds": null }, "geometry": { "type": "Point", "coordinates": [ 23.8100349, 44.3210016 ] } },
{ "type": "Feature", "properties": { "nuts3_code": "RO125", "name": "Clinica SANTE", "amenity": "clinic", "beds": null }, "geometry": { "type": "Point", "coordinates": [ 24.5683519, 46.5388354 ] } },
{ "type": "Feature", "properties": { "nuts3_code": "RO125", "name": "Centrul Med. Neuron", "amenity": "clinic", "beds": null }, "geometry": { "type": "Point", "coordinates": [ 24.5671899, 46.539691 ] } },
{ "type": "Feature", "properties": { "nuts3_code": "RO125", "name": "Clinica SANTE", "amenity": "clinic", "beds": null }, "geometry": { "type": "Point", "coordinates": [ 24.5781146, 46.558209 ] } },
{ "type": "Feature", "properties": { "nuts3_code": "RO223", "name": "Med Center", "amenity": "clinic", "beds": null }, "geometry": { "type": "Point", "coordinates": [ 28.6167003, 44.1796211 ] } },
{ "type": "Feature", "properties": { "nuts3_code": "RO413", "name": "Spital TBC", "amenity": "hospital", "beds": null }, "geometry": { "type": "Point", "coordinates": [ 22.6404649, 44.6245832 ] } },
{ "type": "Feature", "properties": { "nuts3_code": "RO223", "name": "Centrul Medical Cermed", "amenity": "clinic", "beds": null }, "geometry": { "type": "Point", "coordinates": [ 28.6378333, 44.1796799 ] } },
{ "type": "Feature", "properties": { "nuts3_code": "RO212", "name": "Spitalul Municipal Dorohoi", "amenity": "hospital", "beds": null }, "geometry": { "type": "Point", "coordinates": [ 26.4040035, 47.9462032 ] } },
{ "type": "Feature", "properties": { "nuts3_code": "RO212", "name": "Spitalul de boli cronice și îngrijiri paliative", "amenity": "hospital", "beds": null }, "geometry": { "type": "Point", "coordinates": [ 26.6359148, 47.7526053 ] } },
{ "type": "Feature", "properties": { "nuts3_code": "RO223", "name": "Poliana", "amenity": "clinic", "beds": null }, "geometry": { "type": "Point", "coordinates": [ 28.6445015, 44.2108916 ] } },
{ "type": "Feature", "properties": { "nuts3_code": "RO321", "name": "Rinmed", "amenity": "clinic", "beds": null }, "geometry": { "type": "Point", "coordinates": [ 26.0126403, 44.4250785 ] } },
{ "type": "Feature", "properties": { "nuts3_code": "RO316", "name": "Clinica Medicover Ploiești", "amenity": "clinic", "beds": null }, "geometry": { "type": "Point", "coordinates": [ 26.0269777, 44.9307703 ] } },
{ "type": "Feature", "properties": { "nuts3_code": "RO321", "name": "Centrul Medical Recumed", "amenity": "hospital", "beds": null }, "geometry": { "type": "Point", "coordinates": [ 26.0919471, 44.4513731 ] } },
{ "type": "Feature", "properties": { "nuts3_code": "RO113", "name": "Asteco", "amenity": "clinic", "beds": null }, "geometry": { "type": "Point", "coordinates": [ 23.6102657, 46.7626443 ] } },
{ "type": "Feature", "properties": { "nuts3_code": "RO314", "name": "Policlinică", "amenity": "clinic", "beds": null }, "geometry": { "type": "Point", "coordinates": [ 25.9571133, 43.8943236 ] } },
{ "type": "Feature", "properties": { "nuts3_code": "RO414", "name": "Dispensar", "amenity": "clinic", "beds": null }, "geometry": { "type": "Point", "coordinates": [ 23.9629062, 44.4390898 ] } },
{ "type": "Feature", "properties": { "nuts3_code": "RO223", "name": "Axis", "amenity": "clinic", "beds": null }, "geometry": { "type": "Point", "coordinates": [ 28.6349014, 44.2022109 ] } },
{ "type": "Feature", "properties": { "nuts3_code": "RO412", "name": "MBN Clinic", "amenity": "clinic", "beds": null }, "geometry": { "type": "Point", "coordinates": [ 23.2780695, 45.0336375 ] } },
{ "type": "Feature", "properties": { "nuts3_code": "RO412", "name": "MedoClinic", "amenity": "clinic", "beds": null }, "geometry": { "type": "Point", "coordinates": [ 23.2704296, 45.0328359 ] } },
{ "type": "Feature", "properties": { "nuts3_code": "RO421", "name": "Oncologie Spitalul Clinic Județean de Urgență Arad", "amenity": "hospital", "beds": null }, "geometry": { "type": "Point", "coordinates": [ 21.3123892, 46.1771665 ] } },
{ "type": "Feature", "properties": { "nuts3_code": "RO113", "name": "Institutul roNEURO", "amenity": "clinic", "beds": null }, "geometry": { "type": "Point", "coordinates": [ 23.5887782, 46.7519694 ] } },
{ "type": "Feature", "properties": { "nuts3_code": "RO115", "name": "Unitatea Primire Urgențe UPU", "amenity": "hospital", "beds": null }, "geometry": { "type": "Point", "coordinates": [ 23.4284725, 47.8722173 ] } },
{ "type": "Feature", "properties": { "nuts3_code": "RO411", "name": "Synevo", "amenity": "clinic", "beds": null }, "geometry": { "type": "Point", "coordinates": [ 23.8144178, 44.3175745 ] } },
{ "type": "Feature", "properties": { "nuts3_code": "RO213", "name": "Clinica Zenmed", "amenity": "clinic", "beds": null }, "geometry": { "type": "Point", "coordinates": [ 27.5840722, 47.1460452 ] } },
{ "type": "Feature", "properties": { "nuts3_code": "RO223", "name": "Policlinica Gastromond", "amenity": "clinic", "beds": null }, "geometry": { "type": "Point", "coordinates": [ 28.6443657, 44.1854754 ] } },
{ "type": "Feature", "properties": { "nuts3_code": "RO122", "name": "Spitalul Municipal Săcele", "amenity": "hospital", "beds": null }, "geometry": { "type": "Point", "coordinates": [ 25.7173654, 45.6108675 ] } },
{ "type": "Feature", "properties": { "nuts3_code": "RO321", "name": "Ioana Medical Center", "amenity": "clinic", "beds": null }, "geometry": { "type": "Point", "coordinates": [ 26.075064, 44.4509896 ] } },
{ "type": "Feature", "properties": { "nuts3_code": "RO213", "name": "Cabinete medicina de familie", "amenity": "clinic", "beds": null }, "geometry": { "type": "Point", "coordinates": [ 27.5799433, 47.1495483 ] } },
{ "type": "Feature", "properties": { "nuts3_code": "RO214", "name": "Clinica ASCLEPION", "amenity": "clinic", "beds": null }, "geometry": { "type": "Point", "coordinates": [ 26.3686779, 46.9247884 ] } },
{ "type": "Feature", "properties": { "nuts3_code": "RO316", "name": "Policlinica De Copii Ploiești", "amenity": "clinic", "beds": null }, "geometry": { "type": "Point", "coordinates": [ 26.0259665, 44.935227 ] } },
{ "type": "Feature", "properties": { "nuts3_code": "RO316", "name": "MediUrg", "amenity": "clinic", "beds": null }, "geometry": { "type": "Point", "coordinates": [ 26.0270932, 44.9340152 ] } },
{ "type": "Feature", "properties": { "nuts3_code": "RO321", "name": "LOTUS-MED", "amenity": "clinic", "beds": null }, "geometry": { "type": "Point", "coordinates": [ 26.0484079, 44.4717127 ] } },
{ "type": "Feature", "properties": { "nuts3_code": "RO125", "name": "Centrul Medical Cutezanței", "amenity": "clinic", "beds": null }, "geometry": { "type": "Point", "coordinates": [ 24.5901771, 46.5371078 ] } },
{ "type": "Feature", "properties": { "nuts3_code": "RO316", "name": "Iris Medical", "amenity": "clinic", "beds": null }, "geometry": { "type": "Point", "coordinates": [ 25.9969326, 44.9374507 ] } },
{ "type": "Feature", "properties": { "nuts3_code": "RO421", "name": "Bioclinica analize medicale", "amenity": "clinic", "beds": null }, "geometry": { "type": "Point", "coordinates": [ 21.301998, 46.1954415 ] } },
{ "type": "Feature", "properties": { "nuts3_code": "RO421", "name": "Synevo", "amenity": "clinic", "beds": null }, "geometry": { "type": "Point", "coordinates": [ 21.2991897, 46.1961876 ] } },
{ "type": "Feature", "properties": { "nuts3_code": "RO214", "name": "Clinica Medicală Sf. Andrei - Piatra Neamț", "amenity": "clinic", "beds": null }, "geometry": { "type": "Point", "coordinates": [ 26.3935671, 46.9378767 ] } },
{ "type": "Feature", "properties": { "nuts3_code": "RO215", "name": "Avize Medicale Suceava - Clinica Expert Medical", "amenity": "clinic", "beds": null }, "geometry": { "type": "Point", "coordinates": [ 26.2104992, 47.6505866 ] } },
{ "type": "Feature", "properties": { "nuts3_code": "RO415", "name": "Clinica Rapitest", "amenity": "clinic", "beds": null }, "geometry": { "type": "Point", "coordinates": [ 24.3637161, 45.1168446 ] } },
{ "type": "Feature", "properties": { "nuts3_code": "RO415", "name": "Medvil", "amenity": "clinic", "beds": null }, "geometry": { "type": "Point", "coordinates": [ 24.3621347, 45.0997307 ] } },
{ "type": "Feature", "properties": { "nuts3_code": "RO415", "name": "Sanatoriul 1 Mai", "amenity": "hospital", "beds": null }, "geometry": { "type": "Point", "coordinates": [ 24.2479884, 45.1980033 ] } },
{ "type": "Feature", "properties": { "nuts3_code": "RO211", "name": null, "amenity": "hospital", "beds": null }, "geometry": { "type": "Point", "coordinates": [ 26.5321175, 46.5515466 ] } },
{ "type": "Feature", "properties": { "nuts3_code": "RO214", "name": "Centrul Medical Buna Vestire", "amenity": "clinic", "beds": null }, "geometry": { "type": "Point", "coordinates": [ 26.3136796, 46.9419172 ] } },
{ "type": "Feature", "properties": { "nuts3_code": "RO226", "name": "Cabinet medical Psihomedicus Clinic", "amenity": "hospital", "beds": null }, "geometry": { "type": "Point", "coordinates": [ 27.1825962, 45.6961611 ] } },
{ "type": "Feature", "properties": { "nuts3_code": "RO224", "name": "Clinica Sante", "amenity": "clinic", "beds": null }, "geometry": { "type": "Point", "coordinates": [ 27.4315976, 45.8432289 ] } },
{ "type": "Feature", "properties": { "nuts3_code": "RO316", "name": "Spitalul de pneumoftiziologie Drajna", "amenity": "hospital", "beds": null }, "geometry": { "type": "Point", "coordinates": [ 26.0502313, 45.2221011 ] } },
{ "type": "Feature", "properties": { "nuts3_code": "RO125", "name": "Clinica Sante", "amenity": "clinic", "beds": null }, "geometry": { "type": "Point", "coordinates": [ 24.7972821, 46.2196952 ] } },
{ "type": "Feature", "properties": { "nuts3_code": "RO125", "name": "Centrul de medicină naturistă", "amenity": "clinic", "beds": null }, "geometry": { "type": "Point", "coordinates": [ 24.7911587, 46.2160776 ] } },
{ "type": "Feature", "properties": { "nuts3_code": "RO125", "name": "Centrul medical Topmed", "amenity": "clinic", "beds": null }, "geometry": { "type": "Point", "coordinates": [ 24.7914889, 46.2217808 ] } },
{ "type": "Feature", "properties": { "nuts3_code": "RO321", "name": "General Med", "amenity": "clinic", "beds": null }, "geometry": { "type": "Point", "coordinates": [ 26.1081401, 44.4825045 ] } },
{ "type": "Feature", "properties": { "nuts3_code": "RO321", "name": "Policlinica NovaLife", "amenity": "clinic", "beds": null }, "geometry": { "type": "Point", "coordinates": [ 26.109004, 44.3879015 ] } },
{ "type": "Feature", "properties": { "nuts3_code": "RO321", "name": "Synevo", "amenity": "clinic", "beds": null }, "geometry": { "type": "Point", "coordinates": [ 26.1262887, 44.3889023 ] } },
{ "type": "Feature", "properties": { "nuts3_code": "RO321", "name": "Regina Maria analize de laborator", "amenity": "clinic", "beds": null }, "geometry": { "type": "Point", "coordinates": [ 26.1261377, 44.3890755 ] } },
{ "type": "Feature", "properties": { "nuts3_code": "RO321", "name": "Medilab laborator de analize", "amenity": "clinic", "beds": null }, "geometry": { "type": "Point", "coordinates": [ 26.1144775, 44.3903051 ] } },
{ "type": "Feature", "properties": { "nuts3_code": "RO221", "name": "Cabinet Medicale", "amenity": "clinic", "beds": null }, "geometry": { "type": "Point", "coordinates": [ 27.9661763, 45.2614035 ] } },
{ "type": "Feature", "properties": { "nuts3_code": "RO221", "name": "West Clinique", "amenity": "clinic", "beds": null }, "geometry": { "type": "Point", "coordinates": [ 27.96422, 45.2713405 ] } },
{ "type": "Feature", "properties": { "nuts3_code": "RO321", "name": "Avanta", "amenity": "clinic", "beds": null }, "geometry": { "type": "Point", "coordinates": [ 26.1135689, 44.4266938 ] } },
{ "type": "Feature", "properties": { "nuts3_code": "RO213", "name": "Synevo", "amenity": "clinic", "beds": null }, "geometry": { "type": "Point", "coordinates": [ 27.5860393, 47.1517655 ] } },
{ "type": "Feature", "properties": { "nuts3_code": "RO221", "name": "Sfânta Maria Analize Medicale", "amenity": "clinic", "beds": null }, "geometry": { "type": "Point", "coordinates": [ 27.9739909, 45.2732827 ] } },
{ "type": "Feature", "properties": { "nuts3_code": "RO113", "name": "Cabinet de pediatrie", "amenity": "clinic", "beds": null }, "geometry": { "type": "Point", "coordinates": [ 23.4835841, 46.7362336 ] } },
{ "type": "Feature", "properties": { "nuts3_code": "RO113", "name": "Regina Maria", "amenity": "clinic", "beds": null }, "geometry": { "type": "Point", "coordinates": [ 23.4842223, 46.7364194 ] } },
{ "type": "Feature", "properties": { "nuts3_code": "RO113", "name": "Synevo", "amenity": "clinic", "beds": null }, "geometry": { "type": "Point", "coordinates": [ 23.4842939, 46.7390504 ] } },
{ "type": "Feature", "properties": { "nuts3_code": "RO113", "name": "IQ-Med", "amenity": "clinic", "beds": null }, "geometry": { "type": "Point", "coordinates": [ 23.4842236, 46.7393936 ] } },
{ "type": "Feature", "properties": { "nuts3_code": "RO113", "name": "Centrul Medical Mimed", "amenity": "clinic", "beds": null }, "geometry": { "type": "Point", "coordinates": [ 23.4898773, 46.7390201 ] } },
{ "type": "Feature", "properties": { "nuts3_code": "RO113", "name": "Ortho Implant", "amenity": "clinic", "beds": null }, "geometry": { "type": "Point", "coordinates": [ 23.6307308, 46.7681919 ] } },
{ "type": "Feature", "properties": { "nuts3_code": "RO414", "name": "CENTRUL DE VACCINARE", "amenity": "clinic", "beds": null }, "geometry": { "type": "Point", "coordinates": [ 24.3415799, 44.1135014 ] } },
{ "type": "Feature", "properties": { "nuts3_code": "RO214", "name": "DISPENSAR MEDICAL", "amenity": "clinic", "beds": null }, "geometry": { "type": "Point", "coordinates": [ 26.3966359, 46.917791 ] } },
{ "type": "Feature", "properties": { "nuts3_code": "RO414", "name": "Centrul Medical Coram", "amenity": "clinic", "beds": null }, "geometry": { "type": "Point", "coordinates": [ 24.3493494, 44.113296 ] } },
{ "type": "Feature", "properties": { "nuts3_code": "RO124", "name": "LobMed", "amenity": "clinic", "beds": null }, "geometry": { "type": "Point", "coordinates": [ 25.34638, 46.9244142 ] } },
{ "type": "Feature", "properties": { "nuts3_code": "RO214", "name": "Dispensar Medical Urban Nr. 1", "amenity": "clinic", "beds": null }, "geometry": { "type": "Point", "coordinates": [ 26.3675203, 46.9308239 ] } },
{ "type": "Feature", "properties": { "nuts3_code": "RO213", "name": "Centrul Medical Sf Gheorghe", "amenity": "clinic", "beds": null }, "geometry": { "type": "Point", "coordinates": [ 27.5941184, 47.1619333 ] } },
{ "type": "Feature", "properties": { "nuts3_code": "RO223", "name": "Aqua Clinic", "amenity": "clinic", "beds": null }, "geometry": { "type": "Point", "coordinates": [ 28.6441208, 44.1864728 ] } },
{ "type": "Feature", "properties": { "nuts3_code": "RO424", "name": "Bioclinica", "amenity": "clinic", "beds": null }, "geometry": { "type": "Point", "coordinates": [ 21.2499558, 45.7580619 ] } },
{ "type": "Feature", "properties": { "nuts3_code": "RO113", "name": "Giro", "amenity": "clinic", "beds": null }, "geometry": { "type": "Point", "coordinates": [ 23.4855742, 46.7443924 ] } },
{ "type": "Feature", "properties": { "nuts3_code": "RO321", "name": "Synevo", "amenity": "clinic", "beds": null }, "geometry": { "type": "Point", "coordinates": [ 26.109691, 44.385523 ] } },
{ "type": "Feature", "properties": { "nuts3_code": "RO321", "name": "Regina Maria - Policlinica Primăverii", "amenity": "clinic", "beds": null }, "geometry": { "type": "Point", "coordinates": [ 26.0878463, 44.4659639 ] } },
{ "type": "Feature", "properties": { "nuts3_code": "RO321", "name": "Clinica Sante", "amenity": "clinic", "beds": null }, "geometry": { "type": "Point", "coordinates": [ 26.1089168, 44.3875234 ] } },
{ "type": "Feature", "properties": { "nuts3_code": "RO214", "name": "Radiologie Dentară Wittenberger", "amenity": "clinic", "beds": null }, "geometry": { "type": "Point", "coordinates": [ 26.364415, 46.9327052 ] } },
{ "type": "Feature", "properties": { "nuts3_code": "RO122", "name": "ORTOKINETIC", "amenity": "clinic", "beds": null }, "geometry": { "type": "Point", "coordinates": [ 25.5994999, 45.6694541 ] } },
{ "type": "Feature", "properties": { "nuts3_code": "RO223", "name": "Regina Maria - Policlinica Delfinariu", "amenity": "clinic", "beds": null }, "geometry": { "type": "Point", "coordinates": [ 28.6462838, 44.2018215 ] } },
{ "type": "Feature", "properties": { "nuts3_code": "RO125", "name": "Skinderma", "amenity": "clinic", "beds": null }, "geometry": { "type": "Point", "coordinates": [ 24.5919969, 46.5322186 ] } },
{ "type": "Feature", "properties": { "nuts3_code": "RO125", "name": "Centrul Medical Provisan", "amenity": "clinic", "beds": null }, "geometry": { "type": "Point", "coordinates": [ 24.5820038, 46.5363871 ] } },
{ "type": "Feature", "properties": { "nuts3_code": "RO125", "name": "MedLife", "amenity": "clinic", "beds": null }, "geometry": { "type": "Point", "coordinates": [ 24.5696419, 46.539459 ] } },
{ "type": "Feature", "properties": { "nuts3_code": "RO321", "name": "Synlab", "amenity": "clinic", "beds": null }, "geometry": { "type": "Point", "coordinates": [ 26.1066922, 44.3990688 ] } },
{ "type": "Feature", "properties": { "nuts3_code": "RO214", "name": null, "amenity": "clinic", "beds": null }, "geometry": { "type": "Point", "coordinates": [ 26.3619991, 46.9268722 ] } },
{ "type": "Feature", "properties": { "nuts3_code": "RO125", "name": "Omniprax", "amenity": "clinic", "beds": null }, "geometry": { "type": "Point", "coordinates": [ 24.5653853, 46.5484934 ] } },
{ "type": "Feature", "properties": { "nuts3_code": "RO214", "name": "Cabinet Ginecologic Dr. Rugină", "amenity": "clinic", "beds": null }, "geometry": { "type": "Point", "coordinates": [ 26.3625327, 46.9270774 ] } },
{ "type": "Feature", "properties": { "nuts3_code": "RO321", "name": "Clinica Sanador Floreasca", "amenity": "clinic", "beds": null }, "geometry": { "type": "Point", "coordinates": [ 26.1014649, 44.4652637 ] } },
{ "type": "Feature", "properties": { "nuts3_code": "RO321", "name": "Clinica sante - analize medicale", "amenity": "clinic", "beds": null }, "geometry": { "type": "Point", "coordinates": [ 26.1180357, 44.3828011 ] } },
{ "type": "Feature", "properties": { "nuts3_code": "RO113", "name": "Physio Medica", "amenity": "clinic", "beds": null }, "geometry": { "type": "Point", "coordinates": [ 23.5556476, 46.7603074 ] } },
{ "type": "Feature", "properties": { "nuts3_code": "RO411", "name": "UMF - Centrul de Imagistică", "amenity": "hospital", "beds": null }, "geometry": { "type": "Point", "coordinates": [ 23.7944514, 44.3049118 ] } },
{ "type": "Feature", "properties": { "nuts3_code": "RO113", "name": "Clinica Napoca", "amenity": "clinic", "beds": null }, "geometry": { "type": "Point", "coordinates": [ 23.5912925, 46.7744806 ] } },
{ "type": "Feature", "properties": { "nuts3_code": "RO222", "name": "Siro Dent", "amenity": "clinic", "beds": null }, "geometry": { "type": "Point", "coordinates": [ 26.8210249, 45.1518754 ] } },
{ "type": "Feature", "properties": { "nuts3_code": "RO214", "name": "Centru de permanenţă Precista", "amenity": "clinic", "beds": null }, "geometry": { "type": "Point", "coordinates": [ 26.3577502, 46.9314454 ] } },
{ "type": "Feature", "properties": { "nuts3_code": "RO422", "name": "Dispensar Comunal Carasova", "amenity": "hospital", "beds": null }, "geometry": { "type": "Point", "coordinates": [ 21.8648658, 45.2029053 ] } },
{ "type": "Feature", "properties": { "nuts3_code": "RO421", "name": "Urgente Vladimirescu", "amenity": "clinic", "beds": null }, "geometry": { "type": "Point", "coordinates": [ 21.4034563, 46.1640918 ] } },
{ "type": "Feature", "properties": { "nuts3_code": "RO411", "name": "Dispensar Tunarii Vechi", "amenity": "clinic", "beds": null }, "geometry": { "type": "Point", "coordinates": [ 23.1150684, 43.9111019 ] } },
{ "type": "Feature", "properties": { "nuts3_code": "RO321", "name": "SenzoAutism", "amenity": "clinic", "beds": null }, "geometry": { "type": "Point", "coordinates": [ 26.142126, 44.432227 ] } },
{ "type": "Feature", "properties": { "nuts3_code": "RO214", "name": "Clinica Anastasia", "amenity": "clinic", "beds": null }, "geometry": { "type": "Point", "coordinates": [ 26.3610084, 46.9332186 ] } },
{ "type": "Feature", "properties": { "nuts3_code": "RO122", "name": "Cabinet Medical", "amenity": "clinic", "beds": null }, "geometry": { "type": "Point", "coordinates": [ 25.4641245, 45.5923385 ] } },
{ "type": "Feature", "properties": { "nuts3_code": "RO113", "name": "Biogyn", "amenity": "clinic", "beds": null }, "geometry": { "type": "Point", "coordinates": [ 23.6478724, 46.7843439 ] } },
{ "type": "Feature", "properties": { "nuts3_code": "RO113", "name": "Derma Elite", "amenity": "clinic", "beds": null }, "geometry": { "type": "Point", "coordinates": [ 23.5805677, 46.7672718 ] } },
{ "type": "Feature", "properties": { "nuts3_code": "RO222", "name": "Spitalul de Boli Cronice Smeeni", "amenity": "hospital", "beds": null }, "geometry": { "type": "Point", "coordinates": [ 26.8607234, 44.9966222 ] } },
{ "type": "Feature", "properties": { "nuts3_code": "RO116", "name": "Clinica O.R.L. dr. Matioc", "amenity": "clinic", "beds": null }, "geometry": { "type": "Point", "coordinates": [ 23.0530599, 47.1863299 ] } },
{ "type": "Feature", "properties": { "nuts3_code": "RO321", "name": "Eucriss Sano Med", "amenity": "clinic", "beds": null }, "geometry": { "type": "Point", "coordinates": [ 26.1580287, 44.3763837 ] } },
{ "type": "Feature", "properties": { "nuts3_code": "RO321", "name": "Regina Maria", "amenity": "clinic", "beds": null }, "geometry": { "type": "Point", "coordinates": [ 26.0655254, 44.4456017 ] } },
{ "type": "Feature", "properties": { "nuts3_code": "RO113", "name": "Synlab", "amenity": "clinic", "beds": null }, "geometry": { "type": "Point", "coordinates": [ 23.6141863, 46.7804024 ] } },
{ "type": "Feature", "properties": { "nuts3_code": "RO321", "name": "Regina Maria", "amenity": "clinic", "beds": null }, "geometry": { "type": "Point", "coordinates": [ 26.0836097, 44.450554 ] } },
{ "type": "Feature", "properties": { "nuts3_code": "RO321", "name": "Banca Centrală de Celule Stem Regina Maria", "amenity": "clinic", "beds": null }, "geometry": { "type": "Point", "coordinates": [ 26.0764652, 44.4962756 ] } },
{ "type": "Feature", "properties": { "nuts3_code": "RO111", "name": "Lavinia Davidescu", "amenity": "clinic", "beds": null }, "geometry": { "type": "Point", "coordinates": [ 21.9404042, 47.0563209 ] } },
{ "type": "Feature", "properties": { "nuts3_code": "RO122", "name": "Policlinica Poli ana", "amenity": "clinic", "beds": null }, "geometry": { "type": "Point", "coordinates": [ 25.4618455, 45.593067 ] } },
{ "type": "Feature", "properties": { "nuts3_code": "RO122", "name": "Clinica Sante - analize medicale", "amenity": "clinic", "beds": null }, "geometry": { "type": "Point", "coordinates": [ 25.4661136, 45.5911582 ] } },
{ "type": "Feature", "properties": { "nuts3_code": "RO424", "name": "Regina Maria", "amenity": "clinic", "beds": null }, "geometry": { "type": "Point", "coordinates": [ 21.2421429, 45.7602153 ] } },
{ "type": "Feature", "properties": { "nuts3_code": "RO415", "name": "Dispensar Buleta", "amenity": "hospital", "beds": null }, "geometry": { "type": "Point", "coordinates": [ 24.2539393, 45.0386697 ] } },
{ "type": "Feature", "properties": { "nuts3_code": "RO115", "name": "Clinica Primamedica", "amenity": "clinic", "beds": null }, "geometry": { "type": "Point", "coordinates": [ 22.9228256, 47.7780454 ] } },
{ "type": "Feature", "properties": { "nuts3_code": "RO321", "name": "Regina Maria", "amenity": "clinic", "beds": null }, "geometry": { "type": "Point", "coordinates": [ 26.0967745, 44.4427646 ] } },
{ "type": "Feature", "properties": { "nuts3_code": "RO422", "name": "Vestmed", "amenity": "clinic", "beds": null }, "geometry": { "type": "Point", "coordinates": [ 21.8868673, 45.286443 ] } },
{ "type": "Feature", "properties": { "nuts3_code": "RO421", "name": "Clinica City Med", "amenity": "clinic", "beds": null }, "geometry": { "type": "Point", "coordinates": [ 21.3167983, 46.1682041 ] } },
{ "type": "Feature", "properties": { "nuts3_code": "RO412", "name": "Spitalul Orășenesc Turceni", "amenity": "hospital", "beds": null }, "geometry": { "type": "Point", "coordinates": [ 23.3702138, 44.681059 ] } },
{ "type": "Feature", "properties": { "nuts3_code": "RO113", "name": "Ares Cardiomed", "amenity": "clinic", "beds": null }, "geometry": { "type": "Point", "coordinates": [ 23.6283127, 46.7745634 ] } },
{ "type": "Feature", "properties": { "nuts3_code": "RO412", "name": "Spital Psihiatrie Turceni", "amenity": "hospital", "beds": null }, "geometry": { "type": "Point", "coordinates": [ 23.3799206, 44.6886544 ] } },
{ "type": "Feature", "properties": { "nuts3_code": "RO115", "name": "CMI Dr.Fărcaș Bogdan și Diana", "amenity": "clinic", "beds": null }, "geometry": { "type": "Point", "coordinates": [ 22.8658444, 47.790204 ] } },
{ "type": "Feature", "properties": { "nuts3_code": "RO116", "name": null, "amenity": "hospital", "beds": null }, "geometry": { "type": "Point", "coordinates": [ 23.2886719, 47.4098785 ] } },
{ "type": "Feature", "properties": { "nuts3_code": "RO122", "name": "Medical Work Center", "amenity": "clinic", "beds": null }, "geometry": { "type": "Point", "coordinates": [ 25.623714, 45.653786 ] } },
{ "type": "Feature", "properties": { "nuts3_code": "RO111", "name": "Secție Exterioară Spitalul Municipal Dr. Pop Mircea Marghita", "amenity": "hospital", "beds": null }, "geometry": { "type": "Point", "coordinates": [ 22.1330836, 47.5200534 ] } },
{ "type": "Feature", "properties": { "nuts3_code": "RO213", "name": "Clinica Almedra", "amenity": "clinic", "beds": null }, "geometry": { "type": "Point", "coordinates": [ 27.5307277, 47.1796885 ] } },
{ "type": "Feature", "properties": { "nuts3_code": "RO113", "name": "Medicover", "amenity": "clinic", "beds": null }, "geometry": { "type": "Point", "coordinates": [ 23.5948873, 46.7878664 ] } },
{ "type": "Feature", "properties": { "nuts3_code": "RO122", "name": "RMN Diagnostica", "amenity": "clinic", "beds": null }, "geometry": { "type": "Point", "coordinates": [ 25.6279921, 45.642836 ] } },
{ "type": "Feature", "properties": { "nuts3_code": "RO411", "name": "Oncolab", "amenity": "clinic", "beds": null }, "geometry": { "type": "Point", "coordinates": [ 23.7982643, 44.3124538 ] } },
{ "type": "Feature", "properties": { "nuts3_code": "RO226", "name": "Cabinet Medical", "amenity": "hospital", "beds": null }, "geometry": { "type": "Point", "coordinates": [ 27.1266025, 45.71269 ] } },
{ "type": "Feature", "properties": { "nuts3_code": "RO424", "name": "Medozon", "amenity": "clinic", "beds": null }, "geometry": { "type": "Point", "coordinates": [ 21.2367104, 45.7685408 ] } },
{ "type": "Feature", "properties": { "nuts3_code": "RO415", "name": "RAPITEST Clinică medicală", "amenity": "clinic", "beds": null }, "geometry": { "type": "Point", "coordinates": [ 23.989916, 45.1443597 ] } },
{ "type": "Feature", "properties": { "nuts3_code": "RO125", "name": "Clinica Sante", "amenity": "clinic", "beds": null }, "geometry": { "type": "Point", "coordinates": [ 24.7011939, 46.7792205 ] } },
{ "type": "Feature", "properties": { "nuts3_code": "RO423", "name": "Alma Med", "amenity": "clinic", "beds": null }, "geometry": { "type": "Point", "coordinates": [ 23.3750213, 45.4090994 ] } },
{ "type": "Feature", "properties": { "nuts3_code": "RO322", "name": "Clinica Viva", "amenity": "clinic", "beds": null }, "geometry": { "type": "Point", "coordinates": [ 26.1688193, 44.3790148 ] } },
{ "type": "Feature", "properties": { "nuts3_code": "RO222", "name": "Clinica Medicală Razedent", "amenity": "clinic", "beds": null }, "geometry": { "type": "Point", "coordinates": [ 26.8159525, 45.1534908 ] } },
{ "type": "Feature", "properties": { "nuts3_code": "RO223", "name": "Dispensar", "amenity": "hospital", "beds": null }, "geometry": { "type": "Point", "coordinates": [ 28.462148, 44.3643368 ] } },
{ "type": "Feature", "properties": { "nuts3_code": "RO125", "name": "Anima Cord", "amenity": "clinic", "beds": null }, "geometry": { "type": "Point", "coordinates": [ 24.5655419, 46.5389345 ] } },
{ "type": "Feature", "properties": { "nuts3_code": "RO125", "name": "Policlinica 2", "amenity": "hospital", "beds": null }, "geometry": { "type": "Point", "coordinates": [ 24.561277, 46.5392001 ] } },
{ "type": "Feature", "properties": { "nuts3_code": "RO125", "name": "Algocalm II", "amenity": "clinic", "beds": null }, "geometry": { "type": "Point", "coordinates": [ 24.5596175, 46.5347791 ] } },
{ "type": "Feature", "properties": { "nuts3_code": "RO125", "name": "MCA Health Care", "amenity": "clinic", "beds": null }, "geometry": { "type": "Point", "coordinates": [ 24.5805214, 46.5394801 ] } },
{ "type": "Feature", "properties": { "nuts3_code": "RO125", "name": "Procardia", "amenity": "clinic", "beds": null }, "geometry": { "type": "Point", "coordinates": [ 24.5638074, 46.5484878 ] } },
{ "type": "Feature", "properties": { "nuts3_code": "RO125", "name": "Angio Center", "amenity": "clinic", "beds": null }, "geometry": { "type": "Point", "coordinates": [ 24.5680066, 46.545523 ] } },
{ "type": "Feature", "properties": { "nuts3_code": "RO125", "name": "Centrul medical Topmed", "amenity": "clinic", "beds": null }, "geometry": { "type": "Point", "coordinates": [ 24.5526983, 46.536405 ] } },
{ "type": "Feature", "properties": { "nuts3_code": "RO321", "name": "Clinica RMN Tineretului", "amenity": "clinic", "beds": null }, "geometry": { "type": "Point", "coordinates": [ 26.1036935, 44.4155584 ] } },
{ "type": "Feature", "properties": { "nuts3_code": "RO414", "name": "Regina Maria Crișan Slatina", "amenity": "clinic", "beds": null }, "geometry": { "type": "Point", "coordinates": [ 24.3702203, 44.432523 ] } },
{ "type": "Feature", "properties": { "nuts3_code": "RO322", "name": "Medikali", "amenity": "clinic", "beds": null }, "geometry": { "type": "Point", "coordinates": [ 26.2068587, 44.4051309 ] } },
{ "type": "Feature", "properties": { "nuts3_code": "RO113", "name": "Regina Maria", "amenity": "clinic", "beds": null }, "geometry": { "type": "Point", "coordinates": [ 23.5913714, 46.7753027 ] } },
{ "type": "Feature", "properties": { "nuts3_code": "RO113", "name": "Cuore", "amenity": "clinic", "beds": null }, "geometry": { "type": "Point", "coordinates": [ 23.6120336, 46.7862801 ] } },
{ "type": "Feature", "properties": { "nuts3_code": "RO226", "name": "Spitalul Orasenesc Panciu", "amenity": "hospital", "beds": null }, "geometry": { "type": "Point", "coordinates": [ 27.0863085, 45.9092775 ] } },
{ "type": "Feature", "properties": { "nuts3_code": "RO125", "name": "NB Med", "amenity": "clinic", "beds": null }, "geometry": { "type": "Point", "coordinates": [ 24.5795058, 46.5531158 ] } },
{ "type": "Feature", "properties": { "nuts3_code": "RO121", "name": "Clinimar", "amenity": "clinic", "beds": null }, "geometry": { "type": "Point", "coordinates": [ 23.565901, 45.9511927 ] } },
{ "type": "Feature", "properties": { "nuts3_code": "RO321", "name": "Rosana Medical", "amenity": "clinic", "beds": null }, "geometry": { "type": "Point", "coordinates": [ 26.013754, 44.4161919 ] } },
{ "type": "Feature", "properties": { "nuts3_code": "RO113", "name": "Telus Care", "amenity": "clinic", "beds": null }, "geometry": { "type": "Point", "coordinates": [ 23.6094583, 46.7837131 ] } },
{ "type": "Feature", "properties": { "nuts3_code": "RO113", "name": "UroPoint", "amenity": "clinic", "beds": null }, "geometry": { "type": "Point", "coordinates": [ 23.6090018, 46.7834719 ] } },
{ "type": "Feature", "properties": { "nuts3_code": "RO211", "name": "Clinica Luxor", "amenity": "clinic", "beds": null }, "geometry": { "type": "Point", "coordinates": [ 26.9134943, 46.5616045 ] } },
{ "type": "Feature", "properties": { "nuts3_code": "RO211", "name": "Audionova", "amenity": "clinic", "beds": null }, "geometry": { "type": "Point", "coordinates": [ 26.9138622, 46.5619919 ] } },
{ "type": "Feature", "properties": { "nuts3_code": "RO216", "name": "Recumed Clinic", "amenity": "clinic", "beds": null }, "geometry": { "type": "Point", "coordinates": [ 27.7286478, 46.6328063 ] } },
{ "type": "Feature", "properties": { "nuts3_code": "RO216", "name": "Mediclinic", "amenity": "clinic", "beds": null }, "geometry": { "type": "Point", "coordinates": [ 27.7347522, 46.6421515 ] } },
{ "type": "Feature", "properties": { "nuts3_code": "RO126", "name": "Dispensar Urban Dumbrăveni", "amenity": "clinic", "beds": null }, "geometry": { "type": "Point", "coordinates": [ 24.573424, 46.2253921 ] } },
{ "type": "Feature", "properties": { "nuts3_code": "RO311", "name": "Dr. Natașa Nenițoiu Clinică Ginecologică", "amenity": "clinic", "beds": null }, "geometry": { "type": "Point", "coordinates": [ 24.8703466, 44.8591519 ] } },
{ "type": "Feature", "properties": { "nuts3_code": "RO223", "name": "Clinic Doctor 3D", "amenity": "clinic", "beds": null }, "geometry": { "type": "Point", "coordinates": [ 28.6396277, 44.1808172 ] } },
{ "type": "Feature", "properties": { "nuts3_code": "RO121", "name": "Clinica Sante", "amenity": "clinic", "beds": null }, "geometry": { "type": "Point", "coordinates": [ 23.5685168, 45.9569853 ] } },
{ "type": "Feature", "properties": { "nuts3_code": "RO321", "name": "Medlife", "amenity": "clinic", "beds": null }, "geometry": { "type": "Point", "coordinates": [ 26.0813851, 44.4546238 ] } },
{ "type": "Feature", "properties": { "nuts3_code": "RO211", "name": "Clinică stomatologica - radiologie dentară", "amenity": "clinic", "beds": null }, "geometry": { "type": "Point", "coordinates": [ 26.9191318, 46.5344972 ] } },
{ "type": "Feature", "properties": { "nuts3_code": "RO211", "name": "Clinica OncoFort", "amenity": "clinic", "beds": null }, "geometry": { "type": "Point", "coordinates": [ 26.9198131, 46.5323631 ] } },
{ "type": "Feature", "properties": { "nuts3_code": "RO321", "name": "Clinica Hope", "amenity": "clinic", "beds": null }, "geometry": { "type": "Point", "coordinates": [ 26.1116523, 44.398831 ] } },
{ "type": "Feature", "properties": { "nuts3_code": "RO213", "name": "Clinica Hope", "amenity": "clinic", "beds": null }, "geometry": { "type": "Point", "coordinates": [ 27.5909919, 47.165616 ] } },
{ "type": "Feature", "properties": { "nuts3_code": "RO122", "name": "Gral Medical", "amenity": "clinic", "beds": null }, "geometry": { "type": "Point", "coordinates": [ 25.5987648, 45.6567159 ] } },
{ "type": "Feature", "properties": { "nuts3_code": "RO122", "name": "Kamiva Med", "amenity": "clinic", "beds": null }, "geometry": { "type": "Point", "coordinates": [ 25.6127287, 45.641291 ] } },
{ "type": "Feature", "properties": { "nuts3_code": "RO415", "name": "Dispensar Măgura", "amenity": "clinic", "beds": null }, "geometry": { "type": "Point", "coordinates": [ 24.2427689, 45.0079225 ] } },
{ "type": "Feature", "properties": { "nuts3_code": "RO321", "name": "Clinica Pallady", "amenity": "clinic", "beds": null }, "geometry": { "type": "Point", "coordinates": [ 26.1976154, 44.410856 ] } },
{ "type": "Feature", "properties": { "nuts3_code": "RO222", "name": "Spitalul Sf. Sava - Buzău", "amenity": "hospital", "beds": null }, "geometry": { "type": "Point", "coordinates": [ 26.3605257, 45.3185738 ] } },
{ "type": "Feature", "properties": { "nuts3_code": "RO222", "name": "Medcenter", "amenity": "clinic", "beds": null }, "geometry": { "type": "Point", "coordinates": [ 26.3604371, 45.3185305 ] } },
{ "type": "Feature", "properties": { "nuts3_code": "RO321", "name": "Luxury Aesthetics", "amenity": "clinic", "beds": null }, "geometry": { "type": "Point", "coordinates": [ 26.0991531, 44.459722 ] } },
{ "type": "Feature", "properties": { "nuts3_code": "RO223", "name": "policlinica Cobadin", "amenity": "clinic", "beds": null }, "geometry": { "type": "Point", "coordinates": [ 28.224054, 44.0686287 ] } },
{ "type": "Feature", "properties": { "nuts3_code": "RO321", "name": "Clinica ORL Dr. Mocanu", "amenity": "clinic", "beds": null }, "geometry": { "type": "Point", "coordinates": [ 26.0866952, 44.4401136 ] } },
{ "type": "Feature", "properties": { "nuts3_code": "RO321", "name": "Top-Derm Clinics", "amenity": "clinic", "beds": null }, "geometry": { "type": "Point", "coordinates": [ 26.0898792, 44.4399876 ] } },
{ "type": "Feature", "properties": { "nuts3_code": "RO121", "name": "MedLife", "amenity": "clinic", "beds": null }, "geometry": { "type": "Point", "coordinates": [ 23.5767447, 45.9561023 ] } },
{ "type": "Feature", "properties": { "nuts3_code": "RO113", "name": "Clinica Duman", "amenity": "clinic", "beds": null }, "geometry": { "type": "Point", "coordinates": [ 23.6022969, 46.7642582 ] } },
{ "type": "Feature", "properties": { "nuts3_code": "RO223", "name": "jvr", "amenity": "clinic", "beds": null }, "geometry": { "type": "Point", "coordinates": [ 27.5803878, 44.1222405 ] } },
{ "type": "Feature", "properties": { "nuts3_code": "RO113", "name": "Union Medical", "amenity": "clinic", "beds": null }, "geometry": { "type": "Point", "coordinates": [ 23.5585031, 46.7550831 ] } },
{ "type": "Feature", "properties": { "nuts3_code": "RO321", "name": "Clinica Sante", "amenity": "clinic", "beds": null }, "geometry": { "type": "Point", "coordinates": [ 26.1249109, 44.4206877 ] } },
{ "type": "Feature", "properties": { "nuts3_code": "RO316", "name": "Diaverum - Centrul medical de nefrologie și dializă", "amenity": "clinic", "beds": null }, "geometry": { "type": "Point", "coordinates": [ 25.5379261, 45.3949262 ] } },
{ "type": "Feature", "properties": { "nuts3_code": "RO113", "name": "Rheumed Clinic", "amenity": "clinic", "beds": null }, "geometry": { "type": "Point", "coordinates": [ 23.5580353, 46.7559049 ] } },
{ "type": "Feature", "properties": { "nuts3_code": "RO424", "name": "Pedihelp", "amenity": "clinic", "beds": null }, "geometry": { "type": "Point", "coordinates": [ 21.2340617, 45.7714557 ] } },
{ "type": "Feature", "properties": { "nuts3_code": "RO125", "name": "ZonaMed", "amenity": "clinic", "beds": null }, "geometry": { "type": "Point", "coordinates": [ 24.5639397, 46.5468022 ] } },
{ "type": "Feature", "properties": { "nuts3_code": "RO114", "name": "Spitalul De Urgență", "amenity": "hospital", "beds": null }, "geometry": { "type": "Point", "coordinates": [ 24.2750948, 47.7840339 ] } },
{ "type": "Feature", "properties": { "nuts3_code": "RO114", "name": "Dispensar", "amenity": "hospital", "beds": null }, "geometry": { "type": "Point", "coordinates": [ 24.4271503, 47.8251265 ] } },
{ "type": "Feature", "properties": { "nuts3_code": "RO321", "name": "Clinica Sanador Buzești", "amenity": "clinic", "beds": null }, "geometry": { "type": "Point", "coordinates": [ 26.0839211, 44.45008 ] } },
{ "type": "Feature", "properties": { "nuts3_code": "RO113", "name": "Regina Maria", "amenity": "clinic", "beds": null }, "geometry": { "type": "Point", "coordinates": [ 23.5849043, 46.754104 ] } },
{ "type": "Feature", "properties": { "nuts3_code": "RO122", "name": "Synevo", "amenity": "clinic", "beds": null }, "geometry": { "type": "Point", "coordinates": [ 25.6282436, 45.6426303 ] } },
{ "type": "Feature", "properties": { "nuts3_code": "RO222", "name": "Fizio clinic", "amenity": "clinic", "beds": null }, "geometry": { "type": "Point", "coordinates": [ 26.8156809, 45.1625145 ] } },
{ "type": "Feature", "properties": { "nuts3_code": "RO222", "name": "Clinica de pediatrie IVY Kids", "amenity": "clinic", "beds": null }, "geometry": { "type": "Point", "coordinates": [ 26.8171716, 45.165098 ] } },
{ "type": "Feature", "properties": { "nuts3_code": "RO222", "name": "Cabinet Obstetrică și Ginecologie", "amenity": "clinic", "beds": null }, "geometry": { "type": "Point", "coordinates": [ 26.8176045, 45.1660331 ] } },
{ "type": "Feature", "properties": { "nuts3_code": "RO213", "name": "Psihoterapeut Gianina Georgeta Lupu", "amenity": "clinic", "beds": null }, "geometry": { "type": "Point", "coordinates": [ 27.5751417, 47.1719221 ] } },
{ "type": "Feature", "properties": { "nuts3_code": "RO311", "name": "Spitalul Orasenesc \"Regele Carol I\" Costesti", "amenity": "hospital", "beds": null }, "geometry": { "type": "Point", "coordinates": [ 24.8742189, 44.6647229 ] } },
{ "type": "Feature", "properties": { "nuts3_code": "RO213", "name": "GastroMedica", "amenity": "clinic", "beds": null }, "geometry": { "type": "Point", "coordinates": [ 27.5730417, 47.1715898 ] } },
{ "type": "Feature", "properties": { "nuts3_code": "RO213", "name": "Lumisan", "amenity": "clinic", "beds": null }, "geometry": { "type": "Point", "coordinates": [ 27.5806555, 47.1722778 ] } },
{ "type": "Feature", "properties": { "nuts3_code": "RO421", "name": "Policlinica AS", "amenity": "hospital", "beds": null }, "geometry": { "type": "Point", "coordinates": [ 21.4595378, 46.2075314 ] } },
{ "type": "Feature", "properties": { "nuts3_code": "RO321", "name": "Maison Des Dents", "amenity": "hospital", "beds": null }, "geometry": { "type": "Point", "coordinates": [ 26.1253709, 44.4399941 ] } },
{ "type": "Feature", "properties": { "nuts3_code": "RO321", "name": "Embryos Fertility Clinic", "amenity": "clinic", "beds": null }, "geometry": { "type": "Point", "coordinates": [ 26.0816677, 44.4477744 ] } },
{ "type": "Feature", "properties": { "nuts3_code": "RO415", "name": "Dispensarul Uman Berislăvești", "amenity": "hospital", "beds": null }, "geometry": { "type": "Point", "coordinates": [ 24.4256023, 45.2607019 ] } },
{ "type": "Feature", "properties": { "nuts3_code": "RO223", "name": null, "amenity": "clinic", "beds": null }, "geometry": { "type": "Point", "coordinates": [ 28.6413448, 44.173413 ] } },
{ "type": "Feature", "properties": { "nuts3_code": "RO321", "name": "Neuroaxis", "amenity": "clinic", "beds": null }, "geometry": { "type": "Point", "coordinates": [ 26.1025628, 44.4132457 ] } },
{ "type": "Feature", "properties": { "nuts3_code": "RO321", "name": "aBeauty", "amenity": "clinic", "beds": null }, "geometry": { "type": "Point", "coordinates": [ 26.0921273, 44.4812619 ] } },
{ "type": "Feature", "properties": { "nuts3_code": "RO126", "name": "Dispensar medical", "amenity": "hospital", "beds": null }, "geometry": { "type": "Point", "coordinates": [ 24.1346701, 45.786376 ] } },
{ "type": "Feature", "properties": { "nuts3_code": "RO321", "name": "Medlife", "amenity": "clinic", "beds": null }, "geometry": { "type": "Point", "coordinates": [ 26.1006233, 44.4601217 ] } },
{ "type": "Feature", "properties": { "nuts3_code": "RO122", "name": "Vivamed", "amenity": "clinic", "beds": null }, "geometry": { "type": "Point", "coordinates": [ 25.6260982, 45.6463921 ] } },
{ "type": "Feature", "properties": { "nuts3_code": "RO213", "name": "Athena", "amenity": "clinic", "beds": null }, "geometry": { "type": "Point", "coordinates": [ 27.5821526, 47.1570591 ] } },
{ "type": "Feature", "properties": { "nuts3_code": "RO213", "name": "Emerald", "amenity": "clinic", "beds": null }, "geometry": { "type": "Point", "coordinates": [ 27.5808317, 47.1570161 ] } },
{ "type": "Feature", "properties": { "nuts3_code": "RO225", "name": "Centru Comunitar Sanitar Văcăreni", "amenity": "clinic", "beds": null }, "geometry": { "type": "Point", "coordinates": [ 28.1912147, 45.3302695 ] } },
{ "type": "Feature", "properties": { "nuts3_code": "RO211", "name": "Complex Balnear Racoviță (inchis)", "amenity": "clinic", "beds": null }, "geometry": { "type": "Point", "coordinates": [ 26.4388514, 46.2063077 ] } },
{ "type": "Feature", "properties": { "nuts3_code": "RO411", "name": "Centrul de Permanenţă Goicea", "amenity": "clinic", "beds": null }, "geometry": { "type": "Point", "coordinates": [ 23.6109821, 43.9379659 ] } },
{ "type": "Feature", "properties": { "nuts3_code": "RO211", "name": "Eurosan Clinic", "amenity": "clinic", "beds": null }, "geometry": { "type": "Point", "coordinates": [ 26.4369715, 46.2075181 ] } },
{ "type": "Feature", "properties": { "nuts3_code": "RO211", "name": "Sanatoriu Balnear Slănic Moldova", "amenity": "clinic", "beds": null }, "geometry": { "type": "Point", "coordinates": [ 26.439355, 46.2072989 ] } },
{ "type": "Feature", "properties": { "nuts3_code": "RO126", "name": "ReliveMed", "amenity": "clinic", "beds": null }, "geometry": { "type": "Point", "coordinates": [ 24.1661649, 45.7784545 ] } },
{ "type": "Feature", "properties": { "nuts3_code": "RO222", "name": "Medinvest Spital", "amenity": "hospital", "beds": null }, "geometry": { "type": "Point", "coordinates": [ 26.832621, 45.1854208 ] } },
{ "type": "Feature", "properties": { "nuts3_code": "RO223", "name": "Visa Med", "amenity": "clinic", "beds": null }, "geometry": { "type": "Point", "coordinates": [ 28.6288059, 44.2156767 ] } },
{ "type": "Feature", "properties": { "nuts3_code": "RO223", "name": "Visa Med", "amenity": "clinic", "beds": null }, "geometry": { "type": "Point", "coordinates": [ 28.6458185, 44.2057623 ] } },
{ "type": "Feature", "properties": { "nuts3_code": "RO223", "name": "Visa Med", "amenity": "clinic", "beds": null }, "geometry": { "type": "Point", "coordinates": [ 28.6376783, 44.2180578 ] } },
{ "type": "Feature", "properties": { "nuts3_code": "RO122", "name": "Centrul de Permanență MEDFAM Astra", "amenity": "hospital", "beds": null }, "geometry": { "type": "Point", "coordinates": [ 25.6279128, 45.6451144 ] } },
{ "type": "Feature", "properties": { "nuts3_code": "RO222", "name": "Clinica Sante", "amenity": "clinic", "beds": null }, "geometry": { "type": "Point", "coordinates": [ 26.3019591, 45.416742 ] } },
{ "type": "Feature", "properties": { "nuts3_code": "RO321", "name": "ALFA Polyclinics", "amenity": "clinic", "beds": null }, "geometry": { "type": "Point", "coordinates": [ 26.1081721, 44.3881104 ] } },
{ "type": "Feature", "properties": { "nuts3_code": "RO321", "name": "Clinica Doctor MiT", "amenity": "clinic", "beds": null }, "geometry": { "type": "Point", "coordinates": [ 26.06233, 44.4940519 ] } },
{ "type": "Feature", "properties": { "nuts3_code": "RO113", "name": "MEDSTAR Policlinica Zorilor", "amenity": "clinic", "beds": null }, "geometry": { "type": "Point", "coordinates": [ 23.5778193, 46.7557639 ] } },
{ "type": "Feature", "properties": { "nuts3_code": "RO321", "name": "Regina Maria - Policlinica Titu Maiorescu", "amenity": "clinic", "beds": null }, "geometry": { "type": "Point", "coordinates": [ 26.1155957, 44.4138508 ] } },
{ "type": "Feature", "properties": { "nuts3_code": "RO424", "name": "Medici's", "amenity": "clinic", "beds": null }, "geometry": { "type": "Point", "coordinates": [ 21.2505316, 45.8025903 ] } },
{ "type": "Feature", "properties": { "nuts3_code": "RO214", "name": "Spitalul de Pneumoftiziologie Bisericani", "amenity": "hospital", "beds": null }, "geometry": { "type": "Point", "coordinates": [ 26.2389043, 46.9582431 ] } },
{ "type": "Feature", "properties": { "nuts3_code": "RO321", "name": "Westeye Hospital", "amenity": "clinic", "beds": null }, "geometry": { "type": "Point", "coordinates": [ 26.1325608, 44.4152563 ] } },
{ "type": "Feature", "properties": { "nuts3_code": "RO321", "name": "Affidea Sema", "amenity": "clinic", "beds": null }, "geometry": { "type": "Point", "coordinates": [ 26.0436219, 44.443723 ] } },
{ "type": "Feature", "properties": { "nuts3_code": "RO321", "name": "Affidea Fundeni", "amenity": "clinic", "beds": null }, "geometry": { "type": "Point", "coordinates": [ 26.1553359, 44.4634588 ] } },
{ "type": "Feature", "properties": { "nuts3_code": "RO214", "name": "Affidea", "amenity": "clinic", "beds": null }, "geometry": { "type": "Point", "coordinates": [ 26.3744455, 46.9267438 ] } },
{ "type": "Feature", "properties": { "nuts3_code": "RO317", "name": "Affidea", "amenity": "clinic", "beds": null }, "geometry": { "type": "Point", "coordinates": [ 25.5332458, 44.2768518 ] } },
{ "type": "Feature", "properties": { "nuts3_code": "RO317", "name": "Affidea", "amenity": "clinic", "beds": null }, "geometry": { "type": "Point", "coordinates": [ 25.3377288, 43.9736268 ] } },
{ "type": "Feature", "properties": { "nuts3_code": "RO121", "name": "Affidea", "amenity": "clinic", "beds": null }, "geometry": { "type": "Point", "coordinates": [ 23.5680959, 46.0808238 ] } },
{ "type": "Feature", "properties": { "nuts3_code": "RO112", "name": "Affidea", "amenity": "clinic", "beds": null }, "geometry": { "type": "Point", "coordinates": [ 24.4865085, 47.1327628 ] } },
{ "type": "Feature", "properties": { "nuts3_code": "RO122", "name": "Affidea", "amenity": "clinic", "beds": null }, "geometry": { "type": "Point", "coordinates": [ 25.6079773, 45.6480984 ] } },
{ "type": "Feature", "properties": { "nuts3_code": "RO113", "name": "Affidea", "amenity": "clinic", "beds": null }, "geometry": { "type": "Point", "coordinates": [ 23.5918414, 46.7606442 ] } },
{ "type": "Feature", "properties": { "nuts3_code": "RO226", "name": "Affidea", "amenity": "clinic", "beds": null }, "geometry": { "type": "Point", "coordinates": [ 27.1834963, 45.7108056 ] } },
{ "type": "Feature", "properties": { "nuts3_code": "RO423", "name": "Affidea", "amenity": "clinic", "beds": null }, "geometry": { "type": "Point", "coordinates": [ 22.9059738, 45.8780847 ] } },
{ "type": "Feature", "properties": { "nuts3_code": "RO213", "name": "Affidea", "amenity": "clinic", "beds": null }, "geometry": { "type": "Point", "coordinates": [ 27.5772688, 47.1742769 ] } },
{ "type": "Feature", "properties": { "nuts3_code": "RO223", "name": "Affidea", "amenity": "clinic", "beds": null }, "geometry": { "type": "Point", "coordinates": [ 28.5850739, 43.8174072 ] } },
{ "type": "Feature", "properties": { "nuts3_code": "RO124", "name": "Affidea", "amenity": "clinic", "beds": null }, "geometry": { "type": "Point", "coordinates": [ 25.80887, 46.348368 ] } },
{ "type": "Feature", "properties": { "nuts3_code": "RO111", "name": "Affidea", "amenity": "clinic", "beds": null }, "geometry": { "type": "Point", "coordinates": [ 21.9385546, 47.0598868 ] } },
{ "type": "Feature", "properties": { "nuts3_code": "RO316", "name": "Affidea", "amenity": "clinic", "beds": null }, "geometry": { "type": "Point", "coordinates": [ 25.9908226, 44.9281478 ] } },
{ "type": "Feature", "properties": { "nuts3_code": "RO424", "name": "Hyperdia", "amenity": "clinic", "beds": null }, "geometry": { "type": "Point", "coordinates": [ 21.2129635, 45.7509806 ] } },
{ "type": "Feature", "properties": { "nuts3_code": "RO414", "name": "Affidea", "amenity": "clinic", "beds": null }, "geometry": { "type": "Point", "coordinates": [ 24.3681747, 44.4345191 ] } },
{ "type": "Feature", "properties": { "nuts3_code": "RO415", "name": "Affidea", "amenity": "clinic", "beds": null }, "geometry": { "type": "Point", "coordinates": [ 24.3646556, 45.1143879 ] } },
{ "type": "Feature", "properties": { "nuts3_code": "RO424", "name": "Affidea", "amenity": "clinic", "beds": null }, "geometry": { "type": "Point", "coordinates": [ 21.2519386, 45.7506811 ] } },
{ "type": "Feature", "properties": { "nuts3_code": "RO321", "name": "Acibadem", "amenity": "clinic", "beds": null }, "geometry": { "type": "Point", "coordinates": [ 26.0972048, 44.4427588 ] } },
{ "type": "Feature", "properties": { "nuts3_code": "RO116", "name": "Spitalul Orășenesc Dr. Ioan Pușcaș", "amenity": "hospital", "beds": null }, "geometry": { "type": "Point", "coordinates": [ 22.8039526, 47.2254195 ] } },
{ "type": "Feature", "properties": { "nuts3_code": "RO321", "name": "Medic Line", "amenity": "clinic", "beds": null }, "geometry": { "type": "Point", "coordinates": [ 26.1059896, 44.4564525 ] } },
{ "type": "Feature", "properties": { "nuts3_code": "RO223", "name": "EURODIALIZA", "amenity": "clinic", "beds": null }, "geometry": { "type": "Point", "coordinates": [ 28.6063993, 44.1617066 ] } },
{ "type": "Feature", "properties": { "nuts3_code": "RO321", "name": "Clinica ORL Dr. Daniela Ionescu", "amenity": "clinic", "beds": null }, "geometry": { "type": "Point", "coordinates": [ 26.094369, 44.4470057 ] } },
{ "type": "Feature", "properties": { "nuts3_code": "RO113", "name": "Centru Medical Anastasios", "amenity": "clinic", "beds": null }, "geometry": { "type": "Point", "coordinates": [ 23.5841323, 46.753716 ] } },
{ "type": "Feature", "properties": { "nuts3_code": "RO113", "name": "Centrul Artisal", "amenity": "clinic", "beds": null }, "geometry": { "type": "Point", "coordinates": [ 23.5833076, 46.7547894 ] } },
{ "type": "Feature", "properties": { "nuts3_code": "RO113", "name": "Transilvania Recovery Centre", "amenity": "clinic", "beds": null }, "geometry": { "type": "Point", "coordinates": [ 23.5560591, 46.7631142 ] } },
{ "type": "Feature", "properties": { "nuts3_code": "RO321", "name": "Kinetic", "amenity": "clinic", "beds": null }, "geometry": { "type": "Point", "coordinates": [ 26.0512879, 44.4349621 ] } },
{ "type": "Feature", "properties": { "nuts3_code": "RO321", "name": "Regina Maria", "amenity": "clinic", "beds": null }, "geometry": { "type": "Point", "coordinates": [ 26.0511092, 44.4349623 ] } },
{ "type": "Feature", "properties": { "nuts3_code": "RO214", "name": "Salvcenter", "amenity": "clinic", "beds": null }, "geometry": { "type": "Point", "coordinates": [ 26.4294477, 46.8883213 ] } },
{ "type": "Feature", "properties": { "nuts3_code": "RO111", "name": "MedLife", "amenity": "clinic", "beds": null }, "geometry": { "type": "Point", "coordinates": [ 21.9377932, 47.0502079 ] } },
{ "type": "Feature", "properties": { "nuts3_code": "RO321", "name": "GMH", "amenity": "clinic", "beds": null }, "geometry": { "type": "Point", "coordinates": [ 26.1292935, 44.412413 ] } },
{ "type": "Feature", "properties": { "nuts3_code": "RO222", "name": "Clinica Medcon", "amenity": "clinic", "beds": null }, "geometry": { "type": "Point", "coordinates": [ 26.8169304, 45.1487619 ] } },
{ "type": "Feature", "properties": { "nuts3_code": "RO222", "name": "Revital Med Buzău", "amenity": "clinic", "beds": null }, "geometry": { "type": "Point", "coordinates": [ 26.821524, 45.1545818 ] } },
{ "type": "Feature", "properties": { "nuts3_code": "RO111", "name": "Spitalul de Recuperare", "amenity": "hospital", "beds": null }, "geometry": { "type": "Point", "coordinates": [ 21.9831887, 46.9903961 ] } },
{ "type": "Feature", "properties": { "nuts3_code": "RO122", "name": "Affidea", "amenity": "clinic", "beds": null }, "geometry": { "type": "Point", "coordinates": [ 25.584645, 45.6378991 ] } },
{ "type": "Feature", "properties": { "nuts3_code": "RO322", "name": "Affidea", "amenity": "clinic", "beds": null }, "geometry": { "type": "Point", "coordinates": [ 26.1697313, 44.531189 ] } },
{ "type": "Feature", "properties": { "nuts3_code": "RO321", "name": "Affidea", "amenity": "clinic", "beds": null }, "geometry": { "type": "Point", "coordinates": [ 26.1121711, 44.4538809 ] } },
{ "type": "Feature", "properties": { "nuts3_code": "RO126", "name": "Affidea", "amenity": "clinic", "beds": null }, "geometry": { "type": "Point", "coordinates": [ 24.3564856, 46.1630949 ] } },
{ "type": "Feature", "properties": { "nuts3_code": "RO115", "name": "Affidea", "amenity": "clinic", "beds": null }, "geometry": { "type": "Point", "coordinates": [ 22.8786528, 47.7919929 ] } },
{ "type": "Feature", "properties": { "nuts3_code": "RO317", "name": "Affidea", "amenity": "clinic", "beds": null }, "geometry": { "type": "Point", "coordinates": [ 24.987427, 44.1144969 ] } },
{ "type": "Feature", "properties": { "nuts3_code": "RO317", "name": "Affidea", "amenity": "clinic", "beds": null }, "geometry": { "type": "Point", "coordinates": [ 25.3134175, 43.9801971 ] } },
{ "type": "Feature", "properties": { "nuts3_code": "RO115", "name": "Affidea", "amenity": "clinic", "beds": null }, "geometry": { "type": "Point", "coordinates": [ 22.4652171, 47.6807608 ] } },
{ "type": "Feature", "properties": { "nuts3_code": "RO316", "name": "Affidea", "amenity": "clinic", "beds": null }, "geometry": { "type": "Point", "coordinates": [ 26.0119932, 44.9522675 ] } },
{ "type": "Feature", "properties": { "nuts3_code": "RO321", "name": "Ecomed", "amenity": "clinic", "beds": null }, "geometry": { "type": "Point", "coordinates": [ 26.1145578, 44.4396683 ] } },
{ "type": "Feature", "properties": { "nuts3_code": "RO122", "name": "Neomed", "amenity": "clinic", "beds": null }, "geometry": { "type": "Point", "coordinates": [ 25.6160349, 45.6418896 ] } },
{ "type": "Feature", "properties": { "nuts3_code": "RO322", "name": "Clinica Medicală Biolife", "amenity": "clinic", "beds": null }, "geometry": { "type": "Point", "coordinates": [ 26.167936, 44.3796494 ] } },
{ "type": "Feature", "properties": { "nuts3_code": "RO411", "name": "Centrul de Oncologie \"Sfântul Nectarie\"", "amenity": "hospital", "beds": null }, "geometry": { "type": "Point", "coordinates": [ 23.8287155, 44.3001909 ] } },
{ "type": "Feature", "properties": { "nuts3_code": "RO321", "name": "Centrul Medical Gorjului", "amenity": "clinic", "beds": null }, "geometry": { "type": "Point", "coordinates": [ 26.0213759, 44.4336711 ] } },
{ "type": "Feature", "properties": { "nuts3_code": "RO423", "name": "Centrul Medical Promed", "amenity": "hospital", "beds": null }, "geometry": { "type": "Point", "coordinates": [ 22.9133918, 45.8690084 ] } },
{ "type": "Feature", "properties": { "nuts3_code": "RO213", "name": "Stefania Medical", "amenity": "clinic", "beds": null }, "geometry": { "type": "Point", "coordinates": [ 27.5841231, 47.1460717 ] } },
{ "type": "Feature", "properties": { "nuts3_code": "RO424", "name": "Clinica Dr. Stoica", "amenity": "clinic", "beds": null }, "geometry": { "type": "Point", "coordinates": [ 21.2081393, 45.7638329 ] } },
{ "type": "Feature", "properties": { "nuts3_code": "RO113", "name": "Cabinet Oftalmologie", "amenity": "clinic", "beds": null }, "geometry": { "type": "Point", "coordinates": [ 23.587542, 46.765881 ] } },
{ "type": "Feature", "properties": { "nuts3_code": "RO126", "name": "Policlinica Medica Family Center", "amenity": "clinic", "beds": null }, "geometry": { "type": "Point", "coordinates": [ 24.1632705, 45.7785476 ] } },
{ "type": "Feature", "properties": { "nuts3_code": "RO321", "name": "Swed Clinic", "amenity": "clinic", "beds": null }, "geometry": { "type": "Point", "coordinates": [ 26.1309298, 44.441917 ] } },
{ "type": "Feature", "properties": { "nuts3_code": "RO113", "name": "Happydent", "amenity": "clinic", "beds": null }, "geometry": { "type": "Point", "coordinates": [ 23.5630442, 46.7572578 ] } },
{ "type": "Feature", "properties": { "nuts3_code": "RO321", "name": "Brotac Medical Center", "amenity": "clinic", "beds": null }, "geometry": { "type": "Point", "coordinates": [ 26.1377188, 44.4329566 ] } },
{ "type": "Feature", "properties": { "nuts3_code": "RO321", "name": "Affidea", "amenity": "clinic", "beds": null }, "geometry": { "type": "Point", "coordinates": [ 26.1630123, 44.4312957 ] } },
{ "type": "Feature", "properties": { "nuts3_code": "RO215", "name": "Affidea", "amenity": "clinic", "beds": null }, "geometry": { "type": "Point", "coordinates": [ 26.2411076, 47.6383572 ] } },
{ "type": "Feature", "properties": { "nuts3_code": "RO215", "name": "Affidea", "amenity": "clinic", "beds": null }, "geometry": { "type": "Point", "coordinates": [ 26.2351531, 47.6361812 ] } },
{ "type": "Feature", "properties": { "nuts3_code": "RO215", "name": "Affidea", "amenity": "clinic", "beds": null }, "geometry": { "type": "Point", "coordinates": [ 26.2316178, 47.6427416 ] } },
{ "type": "Feature", "properties": { "nuts3_code": "RO122", "name": "Clinical de Podologie Julia", "amenity": "clinic", "beds": null }, "geometry": { "type": "Point", "coordinates": [ 25.5790646, 45.6615688 ] } },
{ "type": "Feature", "properties": { "nuts3_code": "RO122", "name": "Poliana", "amenity": "clinic", "beds": null }, "geometry": { "type": "Point", "coordinates": [ 25.6228178, 45.6393682 ] } },
{ "type": "Feature", "properties": { "nuts3_code": "RO122", "name": "Bioclinica", "amenity": "clinic", "beds": null }, "geometry": { "type": "Point", "coordinates": [ 25.6283801, 45.642232 ] } },
{ "type": "Feature", "properties": { "nuts3_code": "RO122", "name": "Clinica Sante", "amenity": "clinic", "beds": null }, "geometry": { "type": "Point", "coordinates": [ 25.6269072, 45.6419618 ] } },
{ "type": "Feature", "properties": { "nuts3_code": "RO122", "name": "Cabinet ORL", "amenity": "clinic", "beds": null }, "geometry": { "type": "Point", "coordinates": [ 25.6058794, 45.651216 ] } },
{ "type": "Feature", "properties": { "nuts3_code": "RO122", "name": "Clinica Sante", "amenity": "clinic", "beds": null }, "geometry": { "type": "Point", "coordinates": [ 25.5790824, 45.6634892 ] } },
{ "type": "Feature", "properties": { "nuts3_code": "RO321", "name": "Clinica Ortopedicum", "amenity": "hospital", "beds": null }, "geometry": { "type": "Point", "coordinates": [ 26.1003328, 44.461389 ] } },
{ "type": "Feature", "properties": { "nuts3_code": "RO314", "name": "Synevo Analize Medicale", "amenity": "clinic", "beds": null }, "geometry": { "type": "Point", "coordinates": [ 25.9665861, 43.8914797 ] } },
{ "type": "Feature", "properties": { "nuts3_code": "RO321", "name": "ASM Smart Clinic", "amenity": "clinic", "beds": null }, "geometry": { "type": "Point", "coordinates": [ 26.0353801, 44.414826 ] } },
{ "type": "Feature", "properties": { "nuts3_code": "RO214", "name": "Centrul de Permanență Vaduri", "amenity": "hospital", "beds": null }, "geometry": { "type": "Point", "coordinates": [ 26.2534631, 46.9340255 ] } },
{ "type": "Feature", "properties": { "nuts3_code": "RO424", "name": "Neoclinic", "amenity": "clinic", "beds": null }, "geometry": { "type": "Point", "coordinates": [ 21.2599839, 45.761773 ] } },
{ "type": "Feature", "properties": { "nuts3_code": "RO213", "name": "Cabinete medicale studențești", "amenity": "clinic", "beds": null }, "geometry": { "type": "Point", "coordinates": [ 27.6096235, 47.155291 ] } },
{ "type": "Feature", "properties": { "nuts3_code": "RO113", "name": "Gynia Embrio", "amenity": "clinic", "beds": null }, "geometry": { "type": "Point", "coordinates": [ 23.6063515, 46.7711107 ] } },
{ "type": "Feature", "properties": { "nuts3_code": "RO321", "name": "Gral Medical", "amenity": "clinic", "beds": null }, "geometry": { "type": "Point", "coordinates": [ 26.1093065, 44.4451343 ] } },
{ "type": "Feature", "properties": { "nuts3_code": "RO321", "name": "Gral Medical", "amenity": "clinic", "beds": null }, "geometry": { "type": "Point", "coordinates": [ 26.14377, 44.3901033 ] } },
{ "type": "Feature", "properties": { "nuts3_code": "RO321", "name": "Gral Medical", "amenity": "clinic", "beds": null }, "geometry": { "type": "Point", "coordinates": [ 26.1736633, 44.4410459 ] } },
{ "type": "Feature", "properties": { "nuts3_code": "RO321", "name": "Gral Medical", "amenity": "clinic", "beds": null }, "geometry": { "type": "Point", "coordinates": [ 26.1092609, 44.3901378 ] } },
{ "type": "Feature", "properties": { "nuts3_code": "RO321", "name": "Gral Medical", "amenity": "clinic", "beds": null }, "geometry": { "type": "Point", "coordinates": [ 26.1655229, 44.4206493 ] } },
{ "type": "Feature", "properties": { "nuts3_code": "RO121", "name": "Gral Medical", "amenity": "clinic", "beds": null }, "geometry": { "type": "Point", "coordinates": [ 23.5593492, 45.9645266 ] } },
{ "type": "Feature", "properties": { "nuts3_code": "RO321", "name": "Gral Medical", "amenity": "clinic", "beds": null }, "geometry": { "type": "Point", "coordinates": [ 26.1237261, 44.3873432 ] } },
{ "type": "Feature", "properties": { "nuts3_code": "RO321", "name": "Gral Medical", "amenity": "clinic", "beds": null }, "geometry": { "type": "Point", "coordinates": [ 26.1260971, 44.4224193 ] } },
{ "type": "Feature", "properties": { "nuts3_code": "RO321", "name": "Gral Medical", "amenity": "clinic", "beds": null }, "geometry": { "type": "Point", "coordinates": [ 26.0770342, 44.4584298 ] } },
{ "type": "Feature", "properties": { "nuts3_code": "RO321", "name": "Gral Medical", "amenity": "clinic", "beds": null }, "geometry": { "type": "Point", "coordinates": [ 26.0361841, 44.4345823 ] } },
{ "type": "Feature", "properties": { "nuts3_code": "RO126", "name": "Gral Medical", "amenity": "clinic", "beds": null }, "geometry": { "type": "Point", "coordinates": [ 24.3340275, 46.1521147 ] } },
{ "type": "Feature", "properties": { "nuts3_code": "RO321", "name": "Gral Medical", "amenity": "clinic", "beds": null }, "geometry": { "type": "Point", "coordinates": [ 26.1146924, 44.4375892 ] } },
{ "type": "Feature", "properties": { "nuts3_code": "RO321", "name": "Gral Medical", "amenity": "clinic", "beds": null }, "geometry": { "type": "Point", "coordinates": [ 26.1143142, 44.453115 ] } },
{ "type": "Feature", "properties": { "nuts3_code": "RO126", "name": "Gral Medical", "amenity": "clinic", "beds": null }, "geometry": { "type": "Point", "coordinates": [ 24.1521335, 45.8038877 ] } },
{ "type": "Feature", "properties": { "nuts3_code": "RO316", "name": "Gral Medical", "amenity": "clinic", "beds": null }, "geometry": { "type": "Point", "coordinates": [ 26.0393706, 44.939664 ] } },
{ "type": "Feature", "properties": { "nuts3_code": "RO126", "name": "Gral Medical", "amenity": "clinic", "beds": null }, "geometry": { "type": "Point", "coordinates": [ 24.1535765, 45.8042729 ] } },
{ "type": "Feature", "properties": { "nuts3_code": "RO321", "name": "Gral Medical", "amenity": "clinic", "beds": null }, "geometry": { "type": "Point", "coordinates": [ 26.1340016, 44.4224289 ] } },
{ "type": "Feature", "properties": { "nuts3_code": "RO313", "name": "Gral Medical", "amenity": "clinic", "beds": null }, "geometry": { "type": "Point", "coordinates": [ 25.457786, 44.9313548 ] } },
{ "type": "Feature", "properties": { "nuts3_code": "RO321", "name": "Gral Medical", "amenity": "clinic", "beds": null }, "geometry": { "type": "Point", "coordinates": [ 26.0990739, 44.4527436 ] } },
{ "type": "Feature", "properties": { "nuts3_code": "RO314", "name": "Clinica Sante Analize Medicale", "amenity": "clinic", "beds": null }, "geometry": { "type": "Point", "coordinates": [ 25.9695132, 43.8938921 ] } },
{ "type": "Feature", "properties": { "nuts3_code": "RO314", "name": "Centrul Medical Ema", "amenity": "clinic", "beds": null }, "geometry": { "type": "Point", "coordinates": [ 25.9685616, 43.8944182 ] } },
{ "type": "Feature", "properties": { "nuts3_code": "RO126", "name": "Poliana", "amenity": "clinic", "beds": null }, "geometry": { "type": "Point", "coordinates": [ 24.1267597, 45.7682932 ] } },
{ "type": "Feature", "properties": { "nuts3_code": "RO126", "name": "Saneos", "amenity": "clinic", "beds": null }, "geometry": { "type": "Point", "coordinates": [ 24.1426093, 45.7762197 ] } },
{ "type": "Feature", "properties": { "nuts3_code": "RO321", "name": "Spitalul Universitar de Stomatologie", "amenity": "hospital", "beds": null }, "geometry": { "type": "Point", "coordinates": [ 26.104282, 44.400705 ] } },
{ "type": "Feature", "properties": { "nuts3_code": "RO321", "name": "Clinica MedSport", "amenity": "clinic", "beds": null }, "geometry": { "type": "Point", "coordinates": [ 26.1472266, 44.4357192 ] } },
{ "type": "Feature", "properties": { "nuts3_code": "RO411", "name": "Centrul medical HyltMED", "amenity": "clinic", "beds": null }, "geometry": { "type": "Point", "coordinates": [ 23.7790374, 44.3266941 ] } },
{ "type": "Feature", "properties": { "nuts3_code": "RO321", "name": "Hyperclinica MedLife", "amenity": "clinic", "beds": null }, "geometry": { "type": "Point", "coordinates": [ 26.0464005, 44.4248539 ] } },
{ "type": "Feature", "properties": { "nuts3_code": "RO321", "name": "Adeomed", "amenity": "clinic", "beds": null }, "geometry": { "type": "Point", "coordinates": [ 26.0369512, 44.4291654 ] } },
{ "type": "Feature", "properties": { "nuts3_code": "RO321", "name": "Policlinica Bujoreni", "amenity": "clinic", "beds": null }, "geometry": { "type": "Point", "coordinates": [ 26.0537954, 44.4282015 ] } },
{ "type": "Feature", "properties": { "nuts3_code": "RO314", "name": "Medima", "amenity": "clinic", "beds": null }, "geometry": { "type": "Point", "coordinates": [ 25.9635065, 43.8996652 ] } },
{ "type": "Feature", "properties": { "nuts3_code": "RO321", "name": "Gral Medical", "amenity": "clinic", "beds": null }, "geometry": { "type": "Point", "coordinates": [ 26.0854214, 44.4356146 ] } },
{ "type": "Feature", "properties": { "nuts3_code": "RO222", "name": "Clinica Sante", "amenity": "clinic", "beds": null }, "geometry": { "type": "Point", "coordinates": [ 26.9901493, 44.9168041 ] } },
{ "type": "Feature", "properties": { "nuts3_code": "RO321", "name": "Pro In Life", "amenity": "clinic", "beds": null }, "geometry": { "type": "Point", "coordinates": [ 26.0771039, 44.4489062 ] } },
{ "type": "Feature", "properties": { "nuts3_code": "RO321", "name": "Regina Maria", "amenity": "clinic", "beds": null }, "geometry": { "type": "Point", "coordinates": [ 26.1941123, 44.4085254 ] } },
{ "type": "Feature", "properties": { "nuts3_code": "RO321", "name": "Gral Medical", "amenity": "clinic", "beds": null }, "geometry": { "type": "Point", "coordinates": [ 26.1334034, 44.4228442 ] } },
{ "type": "Feature", "properties": { "nuts3_code": "RO321", "name": "Gral Medical", "amenity": "clinic", "beds": null }, "geometry": { "type": "Point", "coordinates": [ 26.1341169, 44.4226032 ] } },
{ "type": "Feature", "properties": { "nuts3_code": "RO411", "name": "Phoenix Medicover", "amenity": "clinic", "beds": null }, "geometry": { "type": "Point", "coordinates": [ 23.794576, 44.3023981 ] } },
{ "type": "Feature", "properties": { "nuts3_code": "RO321", "name": "Clinica Alegria", "amenity": "clinic", "beds": null }, "geometry": { "type": "Point", "coordinates": [ 26.1295079, 44.3780712 ] } },
{ "type": "Feature", "properties": { "nuts3_code": "RO113", "name": null, "amenity": "clinic", "beds": null }, "geometry": { "type": "Point", "coordinates": [ 23.9027937, 46.5541607 ] } },
{ "type": "Feature", "properties": { "nuts3_code": "RO211", "name": "Dispensarul Brusturoasa", "amenity": "clinic", "beds": null }, "geometry": { "type": "Point", "coordinates": [ 26.1788154, 46.5199263 ] } },
{ "type": "Feature", "properties": { "nuts3_code": "RO321", "name": "Clinica stomatologica non-stop", "amenity": "hospital", "beds": null }, "geometry": { "type": "Point", "coordinates": [ 26.0768039, 44.4145595 ] } },
{ "type": "Feature", "properties": { "nuts3_code": "RO114", "name": "INTERCARDIO - Cabinet Medical Dr. Mihai Schiopu", "amenity": "clinic", "beds": null }, "geometry": { "type": "Point", "coordinates": [ 23.5621682, 47.6485548 ] } },
{ "type": "Feature", "properties": { "nuts3_code": "RO114", "name": "Bioclinica", "amenity": "clinic", "beds": null }, "geometry": { "type": "Point", "coordinates": [ 23.5613126, 47.6497311 ] } },
{ "type": "Feature", "properties": { "nuts3_code": "RO113", "name": "Zen Dental", "amenity": "clinic", "beds": null }, "geometry": { "type": "Point", "coordinates": [ 23.594387, 46.7907224 ] } },
{ "type": "Feature", "properties": { "nuts3_code": "RO113", "name": "Integria Medical", "amenity": "clinic", "beds": null }, "geometry": { "type": "Point", "coordinates": [ 23.5789228, 46.771994 ] } },
{ "type": "Feature", "properties": { "nuts3_code": "RO213", "name": "Neolife", "amenity": "clinic", "beds": null }, "geometry": { "type": "Point", "coordinates": [ 27.5675245, 47.1809181 ] } },
{ "type": "Feature", "properties": { "nuts3_code": "RO222", "name": "Clinica AngiSan", "amenity": "clinic", "beds": null }, "geometry": { "type": "Point", "coordinates": [ 26.811894, 45.1498653 ] } },
{ "type": "Feature", "properties": { "nuts3_code": "RO222", "name": "Clinica Stomamed Estet", "amenity": "clinic", "beds": null }, "geometry": { "type": "Point", "coordinates": [ 26.8148632, 45.1501467 ] } },
{ "type": "Feature", "properties": { "nuts3_code": "RO222", "name": "Unic Dent Clinic", "amenity": "clinic", "beds": null }, "geometry": { "type": "Point", "coordinates": [ 26.8134434, 45.1566438 ] } },
{ "type": "Feature", "properties": { "nuts3_code": "RO222", "name": "Centromedica", "amenity": "clinic", "beds": null }, "geometry": { "type": "Point", "coordinates": [ 26.8165951, 45.1497055 ] } },
{ "type": "Feature", "properties": { "nuts3_code": "RO222", "name": "Clinica Sciencemed", "amenity": "clinic", "beds": null }, "geometry": { "type": "Point", "coordinates": [ 26.8170598, 45.1501634 ] } },
{ "type": "Feature", "properties": { "nuts3_code": "RO222", "name": "Clinica de Stomatologie - Dent A.S.", "amenity": "clinic", "beds": null }, "geometry": { "type": "Point", "coordinates": [ 26.8172355, 45.1482553 ] } },
{ "type": "Feature", "properties": { "nuts3_code": "RO222", "name": "RMN, Computer Tomograf", "amenity": "clinic", "beds": null }, "geometry": { "type": "Point", "coordinates": [ 26.8170972, 45.1486059 ] } },
{ "type": "Feature", "properties": { "nuts3_code": "RO124", "name": "Multimed", "amenity": "clinic", "beds": null }, "geometry": { "type": "Point", "coordinates": [ 25.8060647, 46.3629626 ] } },
{ "type": "Feature", "properties": { "nuts3_code": "RO222", "name": "Clinica Biodent", "amenity": "clinic", "beds": null }, "geometry": { "type": "Point", "coordinates": [ 26.8158326, 45.1498893 ] } },
{ "type": "Feature", "properties": { "nuts3_code": "RO311", "name": "Centrul de Ortopedie Pediatrică BUNești", "amenity": "hospital", "beds": null }, "geometry": { "type": "Point", "coordinates": [ 24.7687354, 45.0189937 ] } },
{ "type": "Feature", "properties": { "nuts3_code": "RO413", "name": "Hospimed", "amenity": "clinic", "beds": null }, "geometry": { "type": "Point", "coordinates": [ 22.6461335, 44.6309055 ] } },
{ "type": "Feature", "properties": { "nuts3_code": "RO222", "name": "Clinica Stomatologică Dr. Octavian Honciu", "amenity": "clinic", "beds": null }, "geometry": { "type": "Point", "coordinates": [ 26.8180027, 45.1521914 ] } },
{ "type": "Feature", "properties": { "nuts3_code": "RO321", "name": "DIGIRX Center", "amenity": "clinic", "beds": null }, "geometry": { "type": "Point", "coordinates": [ 26.0578487, 44.4178164 ] } },
{ "type": "Feature", "properties": { "nuts3_code": "RO321", "name": "RMN București", "amenity": "clinic", "beds": null }, "geometry": { "type": "Point", "coordinates": [ 26.1341314, 44.4148985 ] } },
{ "type": "Feature", "properties": { "nuts3_code": "RO424", "name": "MedLife", "amenity": "clinic", "beds": null }, "geometry": { "type": "Point", "coordinates": [ 21.2296711, 45.7651526 ] } },
{ "type": "Feature", "properties": { "nuts3_code": "RO424", "name": "ArTerra", "amenity": "clinic", "beds": null }, "geometry": { "type": "Point", "coordinates": [ 21.2033239, 45.758459 ] } },
{ "type": "Feature", "properties": { "nuts3_code": "RO222", "name": "Clinica Matcord", "amenity": "clinic", "beds": null }, "geometry": { "type": "Point", "coordinates": [ 26.8095424, 45.1516461 ] } },
{ "type": "Feature", "properties": { "nuts3_code": "RO211", "name": "Policlinica cu plată Bacău", "amenity": "clinic", "beds": null }, "geometry": { "type": "Point", "coordinates": [ 26.9095444, 46.5677281 ] } },
{ "type": "Feature", "properties": { "nuts3_code": "RO321", "name": "Centrokinetik", "amenity": "clinic", "beds": null }, "geometry": { "type": "Point", "coordinates": [ 26.1194649, 44.3904045 ] } },
{ "type": "Feature", "properties": { "nuts3_code": "RO321", "name": "Regina Maria - Centrul de Imagistică Agricultori", "amenity": "clinic", "beds": null }, "geometry": { "type": "Point", "coordinates": [ 26.1317385, 44.4385841 ] } },
{ "type": "Feature", "properties": { "nuts3_code": "RO321", "name": "Clinica QI", "amenity": "clinic", "beds": null }, "geometry": { "type": "Point", "coordinates": [ 26.1310099, 44.4409547 ] } },
{ "type": "Feature", "properties": { "nuts3_code": "RO115", "name": "Pfau Med", "amenity": "clinic", "beds": null }, "geometry": { "type": "Point", "coordinates": [ 22.8673499, 47.7975555 ] } },
{ "type": "Feature", "properties": { "nuts3_code": "RO315", "name": "S.C. Almarom 2001 S.R.L.", "amenity": "hospital", "beds": null }, "geometry": { "type": "Point", "coordinates": [ 27.365433, 44.5594718 ] } },
{ "type": "Feature", "properties": { "nuts3_code": "RO115", "name": "Doctor familie", "amenity": "clinic", "beds": null }, "geometry": { "type": "Point", "coordinates": [ 23.1541408, 48.0411195 ] } },
{ "type": "Feature", "properties": { "nuts3_code": "RO321", "name": "Spitalul de Urgenta Prof. Dr. Agrippa Ionescu", "amenity": "hospital", "beds": null }, "geometry": { "type": "Point", "coordinates": [ 26.0795859, 44.4585985 ] } },
{ "type": "Feature", "properties": { "nuts3_code": "RO322", "name": "Marvel Clinic", "amenity": "clinic", "beds": null }, "geometry": { "type": "Point", "coordinates": [ 26.1580362, 44.3667777 ] } },
{ "type": "Feature", "properties": { "nuts3_code": "RO223", "name": "ROCOMED - Clinică de chirurgie", "amenity": "clinic", "beds": null }, "geometry": { "type": "Point", "coordinates": [ 28.6019337, 44.1645748 ] } },
{ "type": "Feature", "properties": { "nuts3_code": "RO122", "name": "Serviciul Județean de Medicină Legală", "amenity": "clinic", "beds": null }, "geometry": { "type": "Point", "coordinates": [ 25.5989005, 45.6520547 ] } },
{ "type": "Feature", "properties": { "nuts3_code": "RO116", "name": "Policlinica Sfânta Vineri", "amenity": "clinic", "beds": null }, "geometry": { "type": "Point", "coordinates": [ 23.0544987, 47.1943004 ] } },
{ "type": "Feature", "properties": { "nuts3_code": "RO316", "name": "ICON LAB", "amenity": "clinic", "beds": null }, "geometry": { "type": "Point", "coordinates": [ 26.0420729, 44.9396127 ] } },
{ "type": "Feature", "properties": { "nuts3_code": "RO215", "name": "Policlinica Bethesda", "amenity": "hospital", "beds": null }, "geometry": { "type": "Point", "coordinates": [ 26.2658247, 47.6611264 ] } },
{ "type": "Feature", "properties": { "nuts3_code": "RO321", "name": "CMI NEUROLOGIE DR. TOMESCU V. ELENA", "amenity": "hospital", "beds": null }, "geometry": { "type": "Point", "coordinates": [ 26.1635151, 44.3816078 ] } },
{ "type": "Feature", "properties": { "nuts3_code": "RO215", "name": "Policlinica", "amenity": "hospital", "beds": null }, "geometry": { "type": "Point", "coordinates": [ 26.4230895, 47.6601239 ] } },
{ "type": "Feature", "properties": { "nuts3_code": "RO215", "name": "UNITATE DE ASISTENȚĂ MEDICO SOCIALĂ", "amenity": "hospital", "beds": null }, "geometry": { "type": "Point", "coordinates": [ 26.4233866, 47.6604799 ] } },
{ "type": "Feature", "properties": { "nuts3_code": "RO214", "name": "Spitalul Municipal de Urgență Roman", "amenity": "hospital", "beds": null }, "geometry": { "type": "Point", "coordinates": [ 26.9310269, 46.9278349 ] } },
{ "type": "Feature", "properties": { "nuts3_code": "RO321", "name": "Physio Medical Center", "amenity": "clinic", "beds": null }, "geometry": { "type": "Point", "coordinates": [ 26.1015992, 44.4508004 ] } },
{ "type": "Feature", "properties": { "nuts3_code": "RO415", "name": "Centru Medical Ciobimex", "amenity": "clinic", "beds": null }, "geometry": { "type": "Point", "coordinates": [ 24.3627512, 45.0956186 ] } },
{ "type": "Feature", "properties": { "nuts3_code": "RO317", "name": "Centrul de Permanență Bragadiru", "amenity": "clinic", "beds": null }, "geometry": { "type": "Point", "coordinates": [ 25.5089907, 43.7665793 ] } },
{ "type": "Feature", "properties": { "nuts3_code": "RO424", "name": "Medical.33", "amenity": "clinic", "beds": null }, "geometry": { "type": "Point", "coordinates": [ 21.1970581, 45.7663473 ] } },
{ "type": "Feature", "properties": { "nuts3_code": "RO215", "name": null, "amenity": "clinic", "beds": null }, "geometry": { "type": "Point", "coordinates": [ 26.4213803, 47.6597731 ] } },
{ "type": "Feature", "properties": { "nuts3_code": "RO321", "name": "Medic de familie - Dr. Marin Emilia", "amenity": "clinic", "beds": null }, "geometry": { "type": "Point", "coordinates": [ 26.0848487, 44.4603961 ] } },
{ "type": "Feature", "properties": { "nuts3_code": "RO321", "name": "Clinica Ark", "amenity": "clinic", "beds": null }, "geometry": { "type": "Point", "coordinates": [ 26.0959988, 44.4607269 ] } },
{ "type": "Feature", "properties": { "nuts3_code": "RO215", "name": "Dispensarul Stroiești", "amenity": "hospital", "beds": null }, "geometry": { "type": "Point", "coordinates": [ 26.1311258, 47.6147806 ] } },
{ "type": "Feature", "properties": { "nuts3_code": "RO321", "name": "Kineto Demo Group", "amenity": "clinic", "beds": null }, "geometry": { "type": "Point", "coordinates": [ 26.0586532, 44.4422262 ] } },
{ "type": "Feature", "properties": { "nuts3_code": "RO424", "name": "Slovenski", "amenity": "clinic", "beds": null }, "geometry": { "type": "Point", "coordinates": [ 21.206174, 45.7665933 ] } },
{ "type": "Feature", "properties": { "nuts3_code": "RO415", "name": "Evroclinic", "amenity": "clinic", "beds": null }, "geometry": { "type": "Point", "coordinates": [ 24.3633198, 45.1094895 ] } },
{ "type": "Feature", "properties": { "nuts3_code": "RO415", "name": "GyNeo", "amenity": "clinic", "beds": null }, "geometry": { "type": "Point", "coordinates": [ 24.3631403, 45.1113865 ] } },
{ "type": "Feature", "properties": { "nuts3_code": "RO321", "name": "Ozonoterapie Dr. Al Assadi Ali", "amenity": "clinic", "beds": null }, "geometry": { "type": "Point", "coordinates": [ 26.1134645, 44.4123409 ] } },
{ "type": "Feature", "properties": { "nuts3_code": "RO321", "name": "Adia Kineto", "amenity": "clinic", "beds": null }, "geometry": { "type": "Point", "coordinates": [ 26.0932948, 44.450911 ] } },
{ "type": "Feature", "properties": { "nuts3_code": "RO321", "name": "StandardMed", "amenity": "clinic", "beds": null }, "geometry": { "type": "Point", "coordinates": [ 26.111199, 44.4372303 ] } },
{ "type": "Feature", "properties": { "nuts3_code": "RO113", "name": "Medlife", "amenity": "clinic", "beds": null }, "geometry": { "type": "Point", "coordinates": [ 23.8989446, 47.0238867 ] } },
{ "type": "Feature", "properties": { "nuts3_code": "RO424", "name": "Centrul Medical Dr. Pirjol", "amenity": "clinic", "beds": null }, "geometry": { "type": "Point", "coordinates": [ 21.2460124, 45.7314137 ] } },
{ "type": "Feature", "properties": { "nuts3_code": "RO122", "name": "Regina Maria", "amenity": "clinic", "beds": null }, "geometry": { "type": "Point", "coordinates": [ 25.6227588, 45.6472054 ] } },
{ "type": "Feature", "properties": { "nuts3_code": "RO415", "name": "GeNA Clinique", "amenity": "clinic", "beds": null }, "geometry": { "type": "Point", "coordinates": [ 24.3634219, 45.1210533 ] } },
{ "type": "Feature", "properties": { "nuts3_code": "RO223", "name": "Centrul Multifuncțional de Asistență Socio-Medicală", "amenity": "clinic", "beds": null }, "geometry": { "type": "Point", "coordinates": [ 28.5557244, 44.1128389 ] } },
{ "type": "Feature", "properties": { "nuts3_code": "RO223", "name": "Centrul de Sănătate Multifuncțional Năvodari", "amenity": "clinic", "beds": null }, "geometry": { "type": "Point", "coordinates": [ 28.6115501, 44.3203776 ] } },
{ "type": "Feature", "properties": { "nuts3_code": "RO322", "name": "Centrul Medical Măgurele", "amenity": "clinic", "beds": null }, "geometry": { "type": "Point", "coordinates": [ 26.0304649, 44.3547048 ] } },
{ "type": "Feature", "properties": { "nuts3_code": "RO415", "name": "Medart", "amenity": "clinic", "beds": null }, "geometry": { "type": "Point", "coordinates": [ 24.3639049, 45.1304784 ] } },
{ "type": "Feature", "properties": { "nuts3_code": "RO321", "name": "MedicalES", "amenity": "clinic", "beds": null }, "geometry": { "type": "Point", "coordinates": [ 26.1192077, 44.3901067 ] } },
{ "type": "Feature", "properties": { "nuts3_code": "RO312", "name": "Dispensar", "amenity": "clinic", "beds": null }, "geometry": { "type": "Point", "coordinates": [ 26.3855712, 44.4611314 ] } },
{ "type": "Feature", "properties": { "nuts3_code": "RO321", "name": "Dental Sense", "amenity": "clinic", "beds": null }, "geometry": { "type": "Point", "coordinates": [ 26.0977127, 44.4543435 ] } },
{ "type": "Feature", "properties": { "nuts3_code": "RO411", "name": "Clinica Sante", "amenity": "clinic", "beds": null }, "geometry": { "type": "Point", "coordinates": [ 23.5212617, 44.5540375 ] } },
{ "type": "Feature", "properties": { "nuts3_code": "RO412", "name": "Cardiologie Dr Malaescu", "amenity": "clinic", "beds": null }, "geometry": { "type": "Point", "coordinates": [ 23.2718285, 45.0401564 ] } },
{ "type": "Feature", "properties": { "nuts3_code": "RO224", "name": "Medlife", "amenity": "clinic", "beds": null }, "geometry": { "type": "Point", "coordinates": [ 28.0543846, 45.4357908 ] } },
{ "type": "Feature", "properties": { "nuts3_code": "RO321", "name": "MedicalES Pantelimon", "amenity": "clinic", "beds": null }, "geometry": { "type": "Point", "coordinates": [ 26.1579605, 44.4423967 ] } },
{ "type": "Feature", "properties": { "nuts3_code": "RO424", "name": "Clinica Synevo", "amenity": "hospital", "beds": null }, "geometry": { "type": "Point", "coordinates": [ 21.251369, 45.7637235 ] } },
{ "type": "Feature", "properties": { "nuts3_code": "RO424", "name": "Centrul medical Sfantul Stefan", "amenity": "hospital", "beds": null }, "geometry": { "type": "Point", "coordinates": [ 21.2511885, 45.7636697 ] } },
{ "type": "Feature", "properties": { "nuts3_code": "RO424", "name": "Clinica Helpsan", "amenity": "hospital", "beds": null }, "geometry": { "type": "Point", "coordinates": [ 21.2515821, 45.7637591 ] } },
{ "type": "Feature", "properties": { "nuts3_code": "RO122", "name": "PoliAna", "amenity": "clinic", "beds": null }, "geometry": { "type": "Point", "coordinates": [ 25.6195588, 45.6507632 ] } },
{ "type": "Feature", "properties": { "nuts3_code": "RO211", "name": "Cabinet medical școlar nr.3", "amenity": "clinic", "beds": null }, "geometry": { "type": "Point", "coordinates": [ 26.7777236, 46.2522619 ] } },
{ "type": "Feature", "properties": { "nuts3_code": "RO222", "name": "New Medical", "amenity": "clinic", "beds": null }, "geometry": { "type": "Point", "coordinates": [ 26.8264618, 45.1492706 ] } },
{ "type": "Feature", "properties": { "nuts3_code": "RO113", "name": "Mediprax", "amenity": "clinic", "beds": null }, "geometry": { "type": "Point", "coordinates": [ 23.5621642, 46.7570681 ] } },
{ "type": "Feature", "properties": { "nuts3_code": "RO316", "name": "Centrul Medical Carol", "amenity": "clinic", "beds": null }, "geometry": { "type": "Point", "coordinates": [ 25.5487287, 45.3488899 ] } },
{ "type": "Feature", "properties": { "nuts3_code": "RO224", "name": "Medic One - Divizia medicală", "amenity": "clinic", "beds": null }, "geometry": { "type": "Point", "coordinates": [ 27.4302514, 45.8435265 ] } },
{ "type": "Feature", "properties": { "nuts3_code": "RO224", "name": "Policlinica", "amenity": "hospital", "beds": null }, "geometry": { "type": "Point", "coordinates": [ 27.9127914, 45.8711141 ] } },
{ "type": "Feature", "properties": { "nuts3_code": "RO424", "name": "Clinica Sante", "amenity": "clinic", "beds": null }, "geometry": { "type": "Point", "coordinates": [ 21.2077928, 45.7317486 ] } },
{ "type": "Feature", "properties": { "nuts3_code": "RO317", "name": "Centrul de Recuperare și Consiliere Psihologică pentru Copii cu Dizabilități", "amenity": "clinic", "beds": null }, "geometry": { "type": "Point", "coordinates": [ 25.3627491, 43.6526112 ] } },
{ "type": "Feature", "properties": { "nuts3_code": "RO122", "name": null, "amenity": "clinic", "beds": null }, "geometry": { "type": "Point", "coordinates": [ 25.6012746, 45.6496001 ] } },
{ "type": "Feature", "properties": { "nuts3_code": "RO424", "name": "IliMed Kinetica", "amenity": "clinic", "beds": null }, "geometry": { "type": "Point", "coordinates": [ 21.2173187, 45.7287796 ] } },
{ "type": "Feature", "properties": { "nuts3_code": "RO321", "name": "Clinica Prevencia", "amenity": "clinic", "beds": null }, "geometry": { "type": "Point", "coordinates": [ 26.1660213, 44.4491005 ] } },
{ "type": "Feature", "properties": { "nuts3_code": "RO321", "name": "Medima", "amenity": "clinic", "beds": null }, "geometry": { "type": "Point", "coordinates": [ 26.0365821, 44.4430847 ] } },
{ "type": "Feature", "properties": { "nuts3_code": "RO112", "name": "CMI Dr. Ruști Anca", "amenity": "hospital", "beds": null }, "geometry": { "type": "Point", "coordinates": [ 24.5061082, 47.1390174 ] } },
{ "type": "Feature", "properties": { "nuts3_code": "RO321", "name": "Medlife", "amenity": "clinic", "beds": null }, "geometry": { "type": "Point", "coordinates": [ 26.1121513, 44.3970163 ] } },
{ "type": "Feature", "properties": { "nuts3_code": "RO321", "name": "Bioclinica", "amenity": "clinic", "beds": null }, "geometry": { "type": "Point", "coordinates": [ 26.1125942, 44.3968678 ] } },
{ "type": "Feature", "properties": { "nuts3_code": "RO122", "name": "CentroKinetic", "amenity": "clinic", "beds": null }, "geometry": { "type": "Point", "coordinates": [ 25.6193174, 45.6381014 ] } },
{ "type": "Feature", "properties": { "nuts3_code": "RO421", "name": "Spitalul MedLife Genesys Arad", "amenity": "hospital", "beds": null }, "geometry": { "type": "Point", "coordinates": [ 21.3462837, 46.1745149 ] } },
{ "type": "Feature", "properties": { "nuts3_code": "RO421", "name": "Centrul de Permanență MedLife Genesys", "amenity": "clinic", "beds": null }, "geometry": { "type": "Point", "coordinates": [ 21.3441199, 46.174078 ] } },
{ "type": "Feature", "properties": { "nuts3_code": "RO113", "name": "Clinica de medicina muncii", "amenity": "clinic", "beds": null }, "geometry": { "type": "Point", "coordinates": [ 23.5833604, 46.7652448 ] } },
{ "type": "Feature", "properties": { "nuts3_code": "RO321", "name": "Poliana", "amenity": "clinic", "beds": null }, "geometry": { "type": "Point", "coordinates": [ 26.1154942, 44.4519717 ] } },
{ "type": "Feature", "properties": { "nuts3_code": "RO111", "name": "Raze", "amenity": "clinic", "beds": null }, "geometry": { "type": "Point", "coordinates": [ 21.9191906, 47.06187 ] } },
{ "type": "Feature", "properties": { "nuts3_code": "RO223", "name": "Clinica Fiziozone", "amenity": "clinic", "beds": null }, "geometry": { "type": "Point", "coordinates": [ 28.6340446, 44.1912651 ] } },
{ "type": "Feature", "properties": { "nuts3_code": "RO415", "name": "Clinica Dentară Victoria", "amenity": "clinic", "beds": null }, "geometry": { "type": "Point", "coordinates": [ 24.3587909, 45.1027312 ] } },
{ "type": "Feature", "properties": { "nuts3_code": "RO321", "name": "Synevo", "amenity": "clinic", "beds": null }, "geometry": { "type": "Point", "coordinates": [ 26.1088346, 44.4526573 ] } },
{ "type": "Feature", "properties": { "nuts3_code": "RO321", "name": "Bioclinica", "amenity": "clinic", "beds": null }, "geometry": { "type": "Point", "coordinates": [ 26.1127262, 44.4525583 ] } },
{ "type": "Feature", "properties": { "nuts3_code": "RO321", "name": "Regina Maria", "amenity": "clinic", "beds": null }, "geometry": { "type": "Point", "coordinates": [ 26.113079, 44.4525401 ] } },
{ "type": "Feature", "properties": { "nuts3_code": "RO213", "name": "Arcadia Moara de Foc", "amenity": "clinic", "beds": null }, "geometry": { "type": "Point", "coordinates": [ 27.5598108, 47.1719011 ] } },
{ "type": "Feature", "properties": { "nuts3_code": "RO213", "name": "Clinica Delv", "amenity": "clinic", "beds": null }, "geometry": { "type": "Point", "coordinates": [ 27.5740238, 47.1507246 ] } },
{ "type": "Feature", "properties": { "nuts3_code": "RO224", "name": "Arestetic", "amenity": "clinic", "beds": null }, "geometry": { "type": "Point", "coordinates": [ 28.0438127, 45.4301708 ] } },
{ "type": "Feature", "properties": { "nuts3_code": "RO321", "name": "Kineto Station", "amenity": "clinic", "beds": null }, "geometry": { "type": "Point", "coordinates": [ 26.1279633, 44.4125927 ] } },
{ "type": "Feature", "properties": { "nuts3_code": "RO116", "name": "Policlinica Salvosan Ciobanca", "amenity": "clinic", "beds": null }, "geometry": { "type": "Point", "coordinates": [ 23.0498257, 47.1932159 ] } },
{ "type": "Feature", "properties": { "nuts3_code": "RO213", "name": "Regina Maria - Punct de recoltare analize", "amenity": "clinic", "beds": null }, "geometry": { "type": "Point", "coordinates": [ 27.5702508, 47.159744 ] } },
{ "type": "Feature", "properties": { "nuts3_code": "RO412", "name": "Clinica Medcover", "amenity": "clinic", "beds": null }, "geometry": { "type": "Point", "coordinates": [ 23.4015401, 44.8844249 ] } },
{ "type": "Feature", "properties": { "nuts3_code": "RO224", "name": "Spitalul Militar de Urgență \"Dr. Aristide Serfioti\"", "amenity": "hospital", "beds": null }, "geometry": { "type": "Point", "coordinates": [ 28.0431102, 45.4496258 ] } },
{ "type": "Feature", "properties": { "nuts3_code": "RO224", "name": "Spitalul de psihiatrie \"Elisabeta Doamna\"", "amenity": "hospital", "beds": null }, "geometry": { "type": "Point", "coordinates": [ 28.0396093, 45.459806 ] } },
{ "type": "Feature", "properties": { "nuts3_code": "RO321", "name": "Spitalul Clinic de Psihiatrie “Prof. Dr. Alexandru Obregia”", "amenity": "hospital", "beds": null }, "geometry": { "type": "Point", "coordinates": [ 26.1248628, 44.3860758 ] } },
{ "type": "Feature", "properties": { "nuts3_code": "RO321", "name": "Spitalul Universitar de Urgență Militar Central „Dr. Carol Davila”", "amenity": "hospital", "beds": null }, "geometry": { "type": "Point", "coordinates": [ 26.0749299, 44.4429665 ] } },
{ "type": "Feature", "properties": { "nuts3_code": "RO321", "name": "Spitalul Filantropia", "amenity": "hospital", "beds": null }, "geometry": { "type": "Point", "coordinates": [ 26.0819245, 44.4535043 ] } },
{ "type": "Feature", "properties": { "nuts3_code": "RO321", "name": "INHT C.T Nicolau", "amenity": "hospital", "beds": null }, "geometry": { "type": "Point", "coordinates": [ 26.0799803, 44.4539658 ] } },
{ "type": "Feature", "properties": { "nuts3_code": "RO321", "name": "Spitalul Clinic de Urgență pentru Copii „Grigore Alexandrescu”", "amenity": "hospital", "beds": null }, "geometry": { "type": "Point", "coordinates": [ 26.0918832, 44.4518507 ] } },
{ "type": "Feature", "properties": { "nuts3_code": "RO321", "name": "Spitalul de Pneumoftiziologie Marius Nasta", "amenity": "hospital", "beds": null }, "geometry": { "type": "Point", "coordinates": [ 26.0905305, 44.4060346 ] } },
{ "type": "Feature", "properties": { "nuts3_code": "RO321", "name": "Spitalul Fundeni", "amenity": "hospital", "beds": null }, "geometry": { "type": "Point", "coordinates": [ 26.1551711, 44.4647593 ] } },
{ "type": "Feature", "properties": { "nuts3_code": "RO321", "name": "Spitalul Clinic de Urgență Sfântul Ioan", "amenity": "hospital", "beds": null }, "geometry": { "type": "Point", "coordinates": [ 26.1440203, 44.3907064 ] } },
{ "type": "Feature", "properties": { "nuts3_code": "RO321", "name": "Spitalul Dr. Panait Sîrbu - Maternitatea Giulești", "amenity": "hospital", "beds": null }, "geometry": { "type": "Point", "coordinates": [ 26.0603749, 44.4498751 ] } },
{ "type": "Feature", "properties": { "nuts3_code": "RO114", "name": "Spitalul Vișeu", "amenity": "hospital", "beds": null }, "geometry": { "type": "Point", "coordinates": [ 24.4246538, 47.7086958 ] } },
{ "type": "Feature", "properties": { "nuts3_code": "RO424", "name": "Spitalul Clinic Județean de Urgență Pius Brînzeu", "amenity": "hospital", "beds": null }, "geometry": { "type": "Point", "coordinates": [ 21.2420539, 45.7367673 ] } },
{ "type": "Feature", "properties": { "nuts3_code": "RO321", "name": "Policlinica Cetatea Histria", "amenity": "clinic", "beds": null }, "geometry": { "type": "Point", "coordinates": [ 26.022465, 44.4200323 ] } },
{ "type": "Feature", "properties": { "nuts3_code": "RO321", "name": "Spitalul Clinic nr.1 C.F. Witing", "amenity": "hospital", "beds": null }, "geometry": { "type": "Point", "coordinates": [ 26.072121, 44.4427886 ] } },
{ "type": "Feature", "properties": { "nuts3_code": "RO322", "name": "Spitalul Clinic de Urgență Prof. Dr. Agrippa Ionescu", "amenity": "hospital", "beds": null }, "geometry": { "type": "Point", "coordinates": [ 26.1201508, 44.6460682 ] } },
{ "type": "Feature", "properties": { "nuts3_code": "RO321", "name": "Institutul Național de Boli Infecțioase \"Profesor Doctor Matei Balș\"", "amenity": "hospital", "beds": null }, "geometry": { "type": "Point", "coordinates": [ 26.1134227, 44.4554422 ] } },
{ "type": "Feature", "properties": { "nuts3_code": "RO321", "name": "Pavilion D - Policlinica Grozovici", "amenity": "clinic", "beds": null }, "geometry": { "type": "Point", "coordinates": [ 26.1149445, 44.4545681 ] } },
{ "type": "Feature", "properties": { "nuts3_code": "RO321", "name": "Institutul Național pentru Sănătatea Mamei și Copilului „Alessandrescu-Rusescu”", "amenity": "hospital", "beds": null }, "geometry": { "type": "Point", "coordinates": [ 26.1229627, 44.4626643 ] } },
{ "type": "Feature", "properties": { "nuts3_code": "RO321", "name": "Policlinica Globului", "amenity": "clinic", "beds": null }, "geometry": { "type": "Point", "coordinates": [ 26.1525595, 44.4287741 ] } },
{ "type": "Feature", "properties": { "nuts3_code": "RO321", "name": "Dispensar", "amenity": "clinic", "beds": null }, "geometry": { "type": "Point", "coordinates": [ 26.1625501, 44.4325535 ] } },
{ "type": "Feature", "properties": { "nuts3_code": "RO321", "name": "Institutul de Endocrinologie \"C I Parhon\"", "amenity": "hospital", "beds": null }, "geometry": { "type": "Point", "coordinates": [ 26.0874915, 44.4603487 ] } },
{ "type": "Feature", "properties": { "nuts3_code": "RO125", "name": "Clinica de Chirurgie oro-maxilo-facială", "amenity": "hospital", "beds": null }, "geometry": { "type": "Point", "coordinates": [ 24.5613052, 46.5391729 ] } },
{ "type": "Feature", "properties": { "nuts3_code": "RO125", "name": "Hipocrate 2000", "amenity": "clinic", "beds": null }, "geometry": { "type": "Point", "coordinates": [ 24.5555668, 46.5423476 ] } },
{ "type": "Feature", "properties": { "nuts3_code": "RO215", "name": "Policlinica Suceava", "amenity": "clinic", "beds": null }, "geometry": { "type": "Point", "coordinates": [ 26.2497434, 47.6409957 ] } },
{ "type": "Feature", "properties": { "nuts3_code": "RO215", "name": "Spitalul Bethesda", "amenity": "hospital", "beds": null }, "geometry": { "type": "Point", "coordinates": [ 26.2826188, 47.6733151 ] } },
{ "type": "Feature", "properties": { "nuts3_code": "RO321", "name": "Spitalul Clinic de Boli Infecțioase și Tropicale “Dr. Victor Babeș”", "amenity": "hospital", "beds": null }, "geometry": { "type": "Point", "coordinates": [ 26.1394851, 44.4267514 ] } },
{ "type": "Feature", "properties": { "nuts3_code": "RO225", "name": null, "amenity": "hospital", "beds": null }, "geometry": { "type": "Point", "coordinates": [ 29.6639731, 45.155224 ] } },
{ "type": "Feature", "properties": { "nuts3_code": "RO113", "name": "Institutul Oncologic Prof. Dr. Ion Chiricuță", "amenity": "hospital", "beds": null }, "geometry": { "type": "Point", "coordinates": [ 23.5870763, 46.7632921 ] } },
{ "type": "Feature", "properties": { "nuts3_code": "RO423", "name": "Secția de boli cronice", "amenity": "hospital", "beds": null }, "geometry": { "type": "Point", "coordinates": [ 22.9036757, 45.7490818 ] } },
{ "type": "Feature", "properties": { "nuts3_code": "RO313", "name": "Spitalul Județean Dâmbovița", "amenity": "hospital", "beds": null }, "geometry": { "type": "Point", "coordinates": [ 25.450142, 44.9229072 ] } },
{ "type": "Feature", "properties": { "nuts3_code": "RO321", "name": "Neolife Medical Center", "amenity": "clinic", "beds": null }, "geometry": { "type": "Point", "coordinates": [ 26.0858887, 44.4929783 ] } },
{ "type": "Feature", "properties": { "nuts3_code": "RO321", "name": "Policlinica MAPN", "amenity": "clinic", "beds": null }, "geometry": { "type": "Point", "coordinates": [ 26.0855238, 44.4382763 ] } },
{ "type": "Feature", "properties": { "nuts3_code": "RO316", "name": "Centrul Medical de Diagnostic si Tratament Ambulatoriu Ploiești", "amenity": "clinic", "beds": null }, "geometry": { "type": "Point", "coordinates": [ 26.037359, 44.9163626 ] } },
{ "type": "Feature", "properties": { "nuts3_code": "RO222", "name": "Spitalul Municipal", "amenity": "hospital", "beds": null }, "geometry": { "type": "Point", "coordinates": [ 27.0520207, 45.3785941 ] } },
{ "type": "Feature", "properties": { "nuts3_code": "RO313", "name": "Policlinica Târgoviște", "amenity": "hospital", "beds": null }, "geometry": { "type": "Point", "coordinates": [ 25.45101, 44.9219203 ] } },
{ "type": "Feature", "properties": { "nuts3_code": "RO313", "name": "Spitalul Municipal Târgoviște", "amenity": "hospital", "beds": null }, "geometry": { "type": "Point", "coordinates": [ 25.4574517, 44.9193267 ] } },
{ "type": "Feature", "properties": { "nuts3_code": "RO224", "name": "Spitalul de Boli Infecțioase", "amenity": "hospital", "beds": null }, "geometry": { "type": "Point", "coordinates": [ 28.0342265, 45.4651502 ] } },
{ "type": "Feature", "properties": { "nuts3_code": "RO224", "name": "Spitalul de Boli Infecțioase", "amenity": "hospital", "beds": null }, "geometry": { "type": "Point", "coordinates": [ 28.0340469, 45.4654633 ] } },
{ "type": "Feature", "properties": { "nuts3_code": "RO313", "name": "UPU", "amenity": "hospital", "beds": null }, "geometry": { "type": "Point", "coordinates": [ 25.4511604, 44.922293 ] } },
{ "type": "Feature", "properties": { "nuts3_code": "RO313", "name": null, "amenity": "hospital", "beds": null }, "geometry": { "type": "Point", "coordinates": [ 25.4506793, 44.9236087 ] } },
{ "type": "Feature", "properties": { "nuts3_code": "RO313", "name": "Recuperari", "amenity": "hospital", "beds": null }, "geometry": { "type": "Point", "coordinates": [ 25.4502796, 44.9239761 ] } },
{ "type": "Feature", "properties": { "nuts3_code": "RO313", "name": "Institutiu de Patologie", "amenity": "hospital", "beds": null }, "geometry": { "type": "Point", "coordinates": [ 25.449306, 44.9233154 ] } },
{ "type": "Feature", "properties": { "nuts3_code": "RO313", "name": "Directia", "amenity": "hospital", "beds": null }, "geometry": { "type": "Point", "coordinates": [ 25.4501984, 44.923271 ] } },
{ "type": "Feature", "properties": { "nuts3_code": "RO313", "name": "Centrala Termica", "amenity": "hospital", "beds": null }, "geometry": { "type": "Point", "coordinates": [ 25.4500795, 44.9223913 ] } },
{ "type": "Feature", "properties": { "nuts3_code": "RO313", "name": "Spitalul Municipal", "amenity": "hospital", "beds": null }, "geometry": { "type": "Point", "coordinates": [ 25.4576078, 44.9193697 ] } },
{ "type": "Feature", "properties": { "nuts3_code": "RO313", "name": "Centrul de Transfuzie Sanguină", "amenity": "hospital", "beds": null }, "geometry": { "type": "Point", "coordinates": [ 25.4570408, 44.9189063 ] } },
{ "type": "Feature", "properties": { "nuts3_code": "RO213", "name": "Hyperclinica MedLife", "amenity": "clinic", "beds": null }, "geometry": { "type": "Point", "coordinates": [ 27.6115308, 47.1599571 ] } },
{ "type": "Feature", "properties": { "nuts3_code": "RO213", "name": "Spitalul clinic de urgență pentru copii „Sfânta Maria”", "amenity": "hospital", "beds": null }, "geometry": { "type": "Point", "coordinates": [ 27.6073911, 47.1592638 ] } },
{ "type": "Feature", "properties": { "nuts3_code": "RO213", "name": "Policlinica Veronica", "amenity": "clinic", "beds": null }, "geometry": { "type": "Point", "coordinates": [ 27.6042312, 47.1580144 ] } },
{ "type": "Feature", "properties": { "nuts3_code": "RO321", "name": "Spitalul de Ortopedie MedLife", "amenity": "hospital", "beds": null }, "geometry": { "type": "Point", "coordinates": [ 26.1281937, 44.4429037 ] } },
{ "type": "Feature", "properties": { "nuts3_code": "RO321", "name": "Policlinica Titan", "amenity": "clinic", "beds": null }, "geometry": { "type": "Point", "coordinates": [ 26.1652748, 44.4206291 ] } },
{ "type": "Feature", "properties": { "nuts3_code": "RO224", "name": "Spitalul \"Buna Vestire\" obstretică-ginecologie", "amenity": "hospital", "beds": null }, "geometry": { "type": "Point", "coordinates": [ 28.0431854, 45.4444185 ] } },
{ "type": "Feature", "properties": { "nuts3_code": "RO424", "name": "Spitalul Municipal \"Dr. Teodor Andrei\"", "amenity": "hospital", "beds": null }, "geometry": { "type": "Point", "coordinates": [ 21.8893188, 45.6915144 ] } },
{ "type": "Feature", "properties": { "nuts3_code": "RO424", "name": "Spitalul de Boli Infecțioase", "amenity": "hospital", "beds": null }, "geometry": { "type": "Point", "coordinates": [ 21.8878888, 45.6897445 ] } },
{ "type": "Feature", "properties": { "nuts3_code": "RO213", "name": "Spitalul Providența", "amenity": "hospital", "beds": null }, "geometry": { "type": "Point", "coordinates": [ 27.5695587, 47.1255285 ] } },
{ "type": "Feature", "properties": { "nuts3_code": "RO121", "name": "Policlinica Aiud", "amenity": "hospital", "beds": null }, "geometry": { "type": "Point", "coordinates": [ 23.7235522, 46.3075891 ] } },
{ "type": "Feature", "properties": { "nuts3_code": "RO121", "name": "Spitalul Municipal Aiud", "amenity": "hospital", "beds": null }, "geometry": { "type": "Point", "coordinates": [ 23.7229969, 46.3080964 ] } },
{ "type": "Feature", "properties": { "nuts3_code": "RO321", "name": null, "amenity": "hospital", "beds": null }, "geometry": { "type": "Point", "coordinates": [ 26.1590282, 44.4097858 ] } },
{ "type": "Feature", "properties": { "nuts3_code": "RO321", "name": "Spitalul Clinic Județean de Urgență Ilfov", "amenity": "hospital", "beds": null }, "geometry": { "type": "Point", "coordinates": [ 26.1571821, 44.4348371 ] } },
{ "type": "Feature", "properties": { "nuts3_code": "RO213", "name": "Clinica Dermatologică", "amenity": "hospital", "beds": null }, "geometry": { "type": "Point", "coordinates": [ 27.6165598, 47.1574937 ] } },
{ "type": "Feature", "properties": { "nuts3_code": "RO111", "name": "Spitalul Municipal Salonta", "amenity": "hospital", "beds": null }, "geometry": { "type": "Point", "coordinates": [ 21.6700258, 46.8050818 ] } },
{ "type": "Feature", "properties": { "nuts3_code": "RO213", "name": "Centrul Medical Copou", "amenity": "clinic", "beds": null }, "geometry": { "type": "Point", "coordinates": [ 27.570971, 47.1733359 ] } },
{ "type": "Feature", "properties": { "nuts3_code": "RO321", "name": "Policlinica Vitan", "amenity": "clinic", "beds": null }, "geometry": { "type": "Point", "coordinates": [ 26.12619, 44.4227155 ] } },
{ "type": "Feature", "properties": { "nuts3_code": "RO213", "name": "Spitalul Clinic de Urgență \"Prof. Dr. Nicolae Oblu\"", "amenity": "hospital", "beds": null }, "geometry": { "type": "Point", "coordinates": [ 27.6063691, 47.1611903 ] } },
{ "type": "Feature", "properties": { "nuts3_code": "RO321", "name": "Maternitatea Bucur", "amenity": "hospital", "beds": null }, "geometry": { "type": "Point", "coordinates": [ 26.1083473, 44.4218017 ] } },
{ "type": "Feature", "properties": { "nuts3_code": "RO125", "name": "Serviciul de urgență SMURD", "amenity": "hospital", "beds": null }, "geometry": { "type": "Point", "coordinates": [ 24.5837043, 46.5598179 ] } },
{ "type": "Feature", "properties": { "nuts3_code": "RO125", "name": "Centrul Regional de Transfuzie Sanguină Tg-Mureș", "amenity": "hospital", "beds": null }, "geometry": { "type": "Point", "coordinates": [ 24.5832778, 46.5605886 ] } },
{ "type": "Feature", "properties": { "nuts3_code": "RO221", "name": "Spitalul Clinic Județean de Urgență Brăila - Corp B", "amenity": "hospital", "beds": null }, "geometry": { "type": "Point", "coordinates": [ 27.9525937, 45.2583862 ] } },
{ "type": "Feature", "properties": { "nuts3_code": "RO312", "name": "Spitalul de pneumoftiziologie Călărași", "amenity": "hospital", "beds": null }, "geometry": { "type": "Point", "coordinates": [ 27.3518561, 44.1938354 ] } },
{ "type": "Feature", "properties": { "nuts3_code": "RO316", "name": "Spitalul Județean de Urgență Ploiești", "amenity": "hospital", "beds": null }, "geometry": { "type": "Point", "coordinates": [ 26.0093939, 44.9627262 ] } },
{ "type": "Feature", "properties": { "nuts3_code": "RO321", "name": "Spitalul Prof. Dr. Constantin Angelescu", "amenity": "hospital", "beds": null }, "geometry": { "type": "Point", "coordinates": [ 26.1132647, 44.4280142 ] } },
{ "type": "Feature", "properties": { "nuts3_code": "RO221", "name": "Policlinica Hipodrom", "amenity": "hospital", "beds": null }, "geometry": { "type": "Point", "coordinates": [ 27.9531314, 45.2599286 ] } },
{ "type": "Feature", "properties": { "nuts3_code": "RO321", "name": "Spitalul de Urgență \"Prof. Dr. Dimitrie Gerota\"", "amenity": "hospital", "beds": null }, "geometry": { "type": "Point", "coordinates": [ 26.1235511, 44.4406093 ] } },
{ "type": "Feature", "properties": { "nuts3_code": "RO321", "name": "Spitalul Clinic \"Doctor Ioan Cantacuzino\"", "amenity": "hospital", "beds": null }, "geometry": { "type": "Point", "coordinates": [ 26.1097721, 44.4445815 ] } },
{ "type": "Feature", "properties": { "nuts3_code": "RO423", "name": "Spitalul Clinic Județean de Urgență", "amenity": "hospital", "beds": null }, "geometry": { "type": "Point", "coordinates": [ 22.9047525, 45.8762338 ] } },
{ "type": "Feature", "properties": { "nuts3_code": "RO125", "name": "Clinica de Psihiatrie", "amenity": "hospital", "beds": null }, "geometry": { "type": "Point", "coordinates": [ 24.5840581, 46.5560682 ] } },
{ "type": "Feature", "properties": { "nuts3_code": "RO125", "name": "Clinica de Pediatrie", "amenity": "hospital", "beds": null }, "geometry": { "type": "Point", "coordinates": [ 24.5828244, 46.5552051 ] } },
{ "type": "Feature", "properties": { "nuts3_code": "RO125", "name": "Clinica de Ortopedie-Traumatologie", "amenity": "hospital", "beds": null }, "geometry": { "type": "Point", "coordinates": [ 24.5738944, 46.5517045 ] } },
{ "type": "Feature", "properties": { "nuts3_code": "RO423", "name": "Secția Pediatrie", "amenity": "hospital", "beds": null }, "geometry": { "type": "Point", "coordinates": [ 22.9060291, 45.8764685 ] } },
{ "type": "Feature", "properties": { "nuts3_code": "RO221", "name": "Policlinică stomatologică", "amenity": "clinic", "beds": null }, "geometry": { "type": "Point", "coordinates": [ 27.9700731, 45.2878141 ] } },
{ "type": "Feature", "properties": { "nuts3_code": "RO423", "name": "Serviciul Județean de Medicină Legală", "amenity": "hospital", "beds": null }, "geometry": { "type": "Point", "coordinates": [ 22.9060234, 45.8703253 ] } },
{ "type": "Feature", "properties": { "nuts3_code": "RO423", "name": "Centrul de Sănătate Mintală Copii", "amenity": "hospital", "beds": null }, "geometry": { "type": "Point", "coordinates": [ 22.9064739, 45.8704414 ] } },
{ "type": "Feature", "properties": { "nuts3_code": "RO316", "name": "Novus Medical", "amenity": "clinic", "beds": null }, "geometry": { "type": "Point", "coordinates": [ 26.0171753, 44.9424951 ] } },
{ "type": "Feature", "properties": { "nuts3_code": "RO125", "name": "Nova Vita", "amenity": "hospital", "beds": null }, "geometry": { "type": "Point", "coordinates": [ 24.5535002, 46.5367188 ] } },
{ "type": "Feature", "properties": { "nuts3_code": "RO125", "name": "Clinica de Boli Infecțioase 1", "amenity": "hospital", "beds": null }, "geometry": { "type": "Point", "coordinates": [ 24.5500708, 46.5304694 ] } },
{ "type": "Feature", "properties": { "nuts3_code": "RO126", "name": "Bloc materno-infantil, Cardiologie, Radiologie, Laborator analize, Farmacie", "amenity": "hospital", "beds": null }, "geometry": { "type": "Point", "coordinates": [ 24.1555849, 45.7944763 ] } },
{ "type": "Feature", "properties": { "nuts3_code": "RO125", "name": "Clinica de Neuropsihiatrie Infantilă", "amenity": "hospital", "beds": null }, "geometry": { "type": "Point", "coordinates": [ 24.5650928, 46.5371793 ] } },
{ "type": "Feature", "properties": { "nuts3_code": "RO221", "name": "Spitalul de Obstetrică și Ginecologie", "amenity": "hospital", "beds": null }, "geometry": { "type": "Point", "coordinates": [ 27.9734159, 45.2800761 ] } },
{ "type": "Feature", "properties": { "nuts3_code": "RO213", "name": "Spitalul Clinic de Psihiatrie Socola", "amenity": "hospital", "beds": null }, "geometry": { "type": "Point", "coordinates": [ 27.6128917, 47.1285323 ] } },
{ "type": "Feature", "properties": { "nuts3_code": "RO422", "name": "Spitalul Orășenesc", "amenity": "hospital", "beds": null }, "geometry": { "type": "Point", "coordinates": [ 21.6228257, 44.7264056 ] } },
{ "type": "Feature", "properties": { "nuts3_code": "RO221", "name": "Spitalul de psihiatrie \"Sf. Pantelimon\"", "amenity": "hospital", "beds": null }, "geometry": { "type": "Point", "coordinates": [ 27.9663519, 45.2603327 ] } },
{ "type": "Feature", "properties": { "nuts3_code": "RO321", "name": "Diaverum", "amenity": "clinic", "beds": null }, "geometry": { "type": "Point", "coordinates": [ 26.1340445, 44.4148337 ] } },
{ "type": "Feature", "properties": { "nuts3_code": "RO316", "name": "Gral Medical", "amenity": "clinic", "beds": null }, "geometry": { "type": "Point", "coordinates": [ 26.0193891, 44.941347 ] } },
{ "type": "Feature", "properties": { "nuts3_code": "RO126", "name": "Spitalul de Boli infecțioase (copii)", "amenity": "hospital", "beds": null }, "geometry": { "type": "Point", "coordinates": [ 24.1394337, 45.7907515 ] } },
{ "type": "Feature", "properties": { "nuts3_code": "RO126", "name": null, "amenity": "hospital", "beds": null }, "geometry": { "type": "Point", "coordinates": [ 24.1420598, 45.7936461 ] } },
{ "type": "Feature", "properties": { "nuts3_code": "RO126", "name": "Endocrinologie", "amenity": "hospital", "beds": null }, "geometry": { "type": "Point", "coordinates": [ 24.1575539, 45.7952566 ] } },
{ "type": "Feature", "properties": { "nuts3_code": "RO126", "name": "Policlinica CFR", "amenity": "hospital", "beds": null }, "geometry": { "type": "Point", "coordinates": [ 24.1574193, 45.792201 ] } },
{ "type": "Feature", "properties": { "nuts3_code": "RO126", "name": "Spitalul de Pediatrie \"Luther\"", "amenity": "hospital", "beds": null }, "geometry": { "type": "Point", "coordinates": [ 24.1476706, 45.7928466 ] } },
{ "type": "Feature", "properties": { "nuts3_code": "RO424", "name": "Policlinica Circumvalațiunii", "amenity": "clinic", "beds": null }, "geometry": { "type": "Point", "coordinates": [ 21.2184869, 45.7636962 ] } },
{ "type": "Feature", "properties": { "nuts3_code": "RO316", "name": "Centru de recoltare Synevo", "amenity": "clinic", "beds": null }, "geometry": { "type": "Point", "coordinates": [ 26.018287, 44.9455496 ] } },
{ "type": "Feature", "properties": { "nuts3_code": "RO424", "name": "Medicover", "amenity": "clinic", "beds": null }, "geometry": { "type": "Point", "coordinates": [ 21.2077272, 45.7671901 ] } },
{ "type": "Feature", "properties": { "nuts3_code": "RO125", "name": "Policlinica nr. 2", "amenity": "hospital", "beds": null }, "geometry": { "type": "Point", "coordinates": [ 24.5607944, 46.5389249 ] } },
{ "type": "Feature", "properties": { "nuts3_code": "RO126", "name": "Policlinica Astra", "amenity": "clinic", "beds": null }, "geometry": { "type": "Point", "coordinates": [ 24.1430846, 45.7797821 ] } },
{ "type": "Feature", "properties": { "nuts3_code": "RO126", "name": "SanoStar", "amenity": "clinic", "beds": null }, "geometry": { "type": "Point", "coordinates": [ 24.1562506, 45.7852862 ] } },
{ "type": "Feature", "properties": { "nuts3_code": "RO223", "name": "Spitalul Clinic de Pneumoftiziologie Constanța", "amenity": "hospital", "beds": null }, "geometry": { "type": "Point", "coordinates": [ 28.6078247, 44.2310366 ] } },
{ "type": "Feature", "properties": { "nuts3_code": "RO223", "name": "Spitalul de Psihiatrie Palazu Mare", "amenity": "hospital", "beds": null }, "geometry": { "type": "Point", "coordinates": [ 28.600245, 44.2330245 ] } },
{ "type": "Feature", "properties": { "nuts3_code": "RO113", "name": "Clinica de Neurologie, Psihiatrie și Neurochirurgie", "amenity": "clinic", "beds": null }, "geometry": { "type": "Point", "coordinates": [ 23.5847593, 46.7631852 ] } },
{ "type": "Feature", "properties": { "nuts3_code": "RO126", "name": "Spitalul Clinic Județean de Urgentă", "amenity": "hospital", "beds": null }, "geometry": { "type": "Point", "coordinates": [ 24.1574101, 45.7946696 ] } },
{ "type": "Feature", "properties": { "nuts3_code": "RO411", "name": "Spitalul Municipal Calafat", "amenity": "hospital", "beds": null }, "geometry": { "type": "Point", "coordinates": [ 22.9439848, 43.9941324 ] } },
{ "type": "Feature", "properties": { "nuts3_code": "RO113", "name": "Spitalul Ares", "amenity": "hospital", "beds": null }, "geometry": { "type": "Point", "coordinates": [ 23.5867745, 46.7667651 ] } },
{ "type": "Feature", "properties": { "nuts3_code": "RO111", "name": "Maternitatea", "amenity": "hospital", "beds": null }, "geometry": { "type": "Point", "coordinates": [ 22.3507754, 46.6629863 ] } },
{ "type": "Feature", "properties": { "nuts3_code": "RO111", "name": "Spitalul Municipal", "amenity": "hospital", "beds": null }, "geometry": { "type": "Point", "coordinates": [ 22.349849, 46.6693631 ] } },
{ "type": "Feature", "properties": { "nuts3_code": "RO125", "name": null, "amenity": "hospital", "beds": null }, "geometry": { "type": "Point", "coordinates": [ 24.5736242, 46.5517519 ] } },
{ "type": "Feature", "properties": { "nuts3_code": "RO125", "name": "Clinica de Neonatologie-Prematuri", "amenity": "hospital", "beds": null }, "geometry": { "type": "Point", "coordinates": [ 24.5578109, 46.5329993 ] } },
{ "type": "Feature", "properties": { "nuts3_code": "RO125", "name": "Clinica de Boli Infecțioase 2", "amenity": "hospital", "beds": null }, "geometry": { "type": "Point", "coordinates": [ 24.5464715, 46.5283185 ] } },
{ "type": "Feature", "properties": { "nuts3_code": "RO125", "name": "Clinica de Dermato-Venerologie", "amenity": "hospital", "beds": null }, "geometry": { "type": "Point", "coordinates": [ 24.5576662, 46.5385541 ] } },
{ "type": "Feature", "properties": { "nuts3_code": "RO126", "name": "Policlinica \"Paltinul\"", "amenity": "hospital", "beds": null }, "geometry": { "type": "Point", "coordinates": [ 24.1598764, 45.7811714 ] } },
{ "type": "Feature", "properties": { "nuts3_code": "RO316", "name": "Policlinica - Ambulatoriu Integrat - Spitalul Orășenesc Urlați", "amenity": "hospital", "beds": null }, "geometry": { "type": "Point", "coordinates": [ 26.2314932, 44.9953889 ] } },
{ "type": "Feature", "properties": { "nuts3_code": "RO316", "name": null, "amenity": "clinic", "beds": null }, "geometry": { "type": "Point", "coordinates": [ 26.0220992, 44.9390576 ] } },
{ "type": "Feature", "properties": { "nuts3_code": "RO424", "name": "Policlinica Dr. Grigoraș", "amenity": "clinic", "beds": null }, "geometry": { "type": "Point", "coordinates": [ 21.2083854, 45.7328301 ] } },
{ "type": "Feature", "properties": { "nuts3_code": "RO316", "name": "Spitalul Municipal Ploiești (Schuller)", "amenity": "hospital", "beds": null }, "geometry": { "type": "Point", "coordinates": [ 26.020256, 44.9313506 ] } },
{ "type": "Feature", "properties": { "nuts3_code": "RO316", "name": "Spitalul Boldescu", "amenity": "hospital", "beds": null }, "geometry": { "type": "Point", "coordinates": [ 26.0247518, 44.9498034 ] } },
{ "type": "Feature", "properties": { "nuts3_code": "RO316", "name": "Policlinica CINA", "amenity": "hospital", "beds": null }, "geometry": { "type": "Point", "coordinates": [ 26.0117211, 44.9521898 ] } },
{ "type": "Feature", "properties": { "nuts3_code": "RO213", "name": "Cabinete medicale individuale", "amenity": "clinic", "beds": null }, "geometry": { "type": "Point", "coordinates": [ 27.6160231, 47.1613177 ] } },
{ "type": "Feature", "properties": { "nuts3_code": "RO424", "name": "Centrul Medical Sfânta Maria", "amenity": "clinic", "beds": null }, "geometry": { "type": "Point", "coordinates": [ 21.2157599, 45.741662 ] } },
{ "type": "Feature", "properties": { "nuts3_code": "RO213", "name": "Cabinete medicale de specialitate", "amenity": "clinic", "beds": null }, "geometry": { "type": "Point", "coordinates": [ 27.59664, 47.1502539 ] } },
{ "type": "Feature", "properties": { "nuts3_code": "RO213", "name": "Clinica Empatio", "amenity": "clinic", "beds": null }, "geometry": { "type": "Point", "coordinates": [ 27.6144431, 47.1630291 ] } },
{ "type": "Feature", "properties": { "nuts3_code": "RO126", "name": "Spitalul Agnita", "amenity": "hospital", "beds": null }, "geometry": { "type": "Point", "coordinates": [ 24.6225777, 45.9791302 ] } },
{ "type": "Feature", "properties": { "nuts3_code": "RO126", "name": "Spitalul Municipal", "amenity": "hospital", "beds": null }, "geometry": { "type": "Point", "coordinates": [ 24.3572684, 46.16321 ] } },
{ "type": "Feature", "properties": { "nuts3_code": "RO213", "name": "Centrul de Diagnosticare Radiologică și Imagistică Nicolina", "amenity": "clinic", "beds": null }, "geometry": { "type": "Point", "coordinates": [ 27.5716157, 47.1517836 ] } },
{ "type": "Feature", "properties": { "nuts3_code": "RO223", "name": "Serviciul Clinic Județean de Medicină Legală", "amenity": "clinic", "beds": null }, "geometry": { "type": "Point", "coordinates": [ 28.6248831, 44.2007022 ] } },
{ "type": "Feature", "properties": { "nuts3_code": "RO223", "name": "Dispensarele nr 16, 17, 18, 28", "amenity": "clinic", "beds": null }, "geometry": { "type": "Point", "coordinates": [ 28.6091998, 44.1704889 ] } },
{ "type": "Feature", "properties": { "nuts3_code": "RO223", "name": "Dispensar TBC", "amenity": "hospital", "beds": null }, "geometry": { "type": "Point", "coordinates": [ 28.630142, 44.201175 ] } },
{ "type": "Feature", "properties": { "nuts3_code": "RO223", "name": "Clinica Stomatologie nr. 2", "amenity": "clinic", "beds": null }, "geometry": { "type": "Point", "coordinates": [ 28.6251299, 44.2077538 ] } },
{ "type": "Feature", "properties": { "nuts3_code": "RO223", "name": "Policinica Stomatologică nr. 2", "amenity": "clinic", "beds": null }, "geometry": { "type": "Point", "coordinates": [ 28.625109, 44.2080892 ] } },
{ "type": "Feature", "properties": { "nuts3_code": "RO223", "name": "Secția boli interne și diabet", "amenity": "clinic", "beds": null }, "geometry": { "type": "Point", "coordinates": [ 28.6384888, 44.172081 ] } },
{ "type": "Feature", "properties": { "nuts3_code": "RO223", "name": "Affidea", "amenity": "clinic", "beds": null }, "geometry": { "type": "Point", "coordinates": [ 28.6435437, 44.1857961 ] } },
{ "type": "Feature", "properties": { "nuts3_code": "RO223", "name": "Secția Clinică de Dermatovenerologie", "amenity": "clinic", "beds": null }, "geometry": { "type": "Point", "coordinates": [ 28.6307399, 44.161388 ] } },
{ "type": "Feature", "properties": { "nuts3_code": "RO223", "name": "Dispensar medical nr. 27-30", "amenity": "clinic", "beds": null }, "geometry": { "type": "Point", "coordinates": [ 28.6183727, 44.2034095 ] } },
{ "type": "Feature", "properties": { "nuts3_code": "RO223", "name": "Euromaterna", "amenity": "hospital", "beds": null }, "geometry": { "type": "Point", "coordinates": [ 28.6138357, 44.2012127 ] } },
{ "type": "Feature", "properties": { "nuts3_code": "RO311", "name": "Centrul Medical „Doctor Luca”", "amenity": "clinic", "beds": null }, "geometry": { "type": "Point", "coordinates": [ 24.8644153, 44.8502125 ] } },
{ "type": "Feature", "properties": { "nuts3_code": "RO311", "name": "Spitalul de Pediatrie Pitești", "amenity": "hospital", "beds": null }, "geometry": { "type": "Point", "coordinates": [ 24.8652897, 44.8507763 ] } },
{ "type": "Feature", "properties": { "nuts3_code": "RO311", "name": "Spitalul Militar de Urgență „Dr. Ion Jianu”", "amenity": "hospital", "beds": null }, "geometry": { "type": "Point", "coordinates": [ 24.8613209, 44.8645707 ] } },
{ "type": "Feature", "properties": { "nuts3_code": "RO311", "name": "Spitalul Județean de Urgență Pitești, Secțiile Oftalmologie, Psihiatrie și Pneumologie", "amenity": "hospital", "beds": null }, "geometry": { "type": "Point", "coordinates": [ 24.8598246, 44.8661029 ] } },
{ "type": "Feature", "properties": { "nuts3_code": "RO316", "name": "Sanatoriul balneoclimateric pentru copii Bușteni", "amenity": "clinic", "beds": null }, "geometry": { "type": "Point", "coordinates": [ 25.5351948, 45.4161313 ] } },
{ "type": "Feature", "properties": { "nuts3_code": "RO424", "name": "Explomed", "amenity": "clinic", "beds": null }, "geometry": { "type": "Point", "coordinates": [ 21.2591531, 45.7655395 ] } },
{ "type": "Feature", "properties": { "nuts3_code": "RO123", "name": null, "amenity": "hospital", "beds": null }, "geometry": { "type": "Point", "coordinates": [ 25.784383, 45.8637497 ] } },
{ "type": "Feature", "properties": { "nuts3_code": "RO321", "name": "Gral Medical", "amenity": "clinic", "beds": null }, "geometry": { "type": "Point", "coordinates": [ 26.0710617, 44.4092557 ] } },
{ "type": "Feature", "properties": { "nuts3_code": "RO321", "name": "Spitalul Clinic de Chirurgie Oro-Maxilo-Facială \"Prof. Dr. Dan Theodorescu\"", "amenity": "hospital", "beds": null }, "geometry": { "type": "Point", "coordinates": [ 26.0854739, 44.4355968 ] } },
{ "type": "Feature", "properties": { "nuts3_code": "RO321", "name": "Policlinica Teiuș", "amenity": "clinic", "beds": null }, "geometry": { "type": "Point", "coordinates": [ 26.0569312, 44.4021006 ] } },
{ "type": "Feature", "properties": { "nuts3_code": "RO113", "name": "Spitalul Clinic Județean de Urgență Cluj", "amenity": "hospital", "beds": null }, "geometry": { "type": "Point", "coordinates": [ 23.5833249, 46.7659406 ] } },
{ "type": "Feature", "properties": { "nuts3_code": "RO321", "name": "Centrul Multifuncțional de Sănătate ''Sfântul Nectarie''", "amenity": "clinic", "beds": null }, "geometry": { "type": "Point", "coordinates": [ 26.0288344, 44.4385135 ] } },
{ "type": "Feature", "properties": { "nuts3_code": "RO321", "name": "Dispensarul Apusului", "amenity": "clinic", "beds": null }, "geometry": { "type": "Point", "coordinates": [ 26.0151873, 44.4380178 ] } },
{ "type": "Feature", "properties": { "nuts3_code": "RO321", "name": "Policlinica Dreptatii", "amenity": "clinic", "beds": null }, "geometry": { "type": "Point", "coordinates": [ 26.0262179, 44.4350206 ] } },
{ "type": "Feature", "properties": { "nuts3_code": "RO424", "name": "Policlinica C.F.R.", "amenity": "hospital", "beds": null }, "geometry": { "type": "Point", "coordinates": [ 21.207001, 45.7501682 ] } },
{ "type": "Feature", "properties": { "nuts3_code": "RO424", "name": "MedLife", "amenity": "clinic", "beds": null }, "geometry": { "type": "Point", "coordinates": [ 21.2467274, 45.7486806 ] } },
{ "type": "Feature", "properties": { "nuts3_code": "RO321", "name": "Spitalul Clinic de Urgență Chirurgie Plastică, Reparatorie și Arsuri", "amenity": "hospital", "beds": null }, "geometry": { "type": "Point", "coordinates": [ 26.0563829, 44.4640424 ] } },
{ "type": "Feature", "properties": { "nuts3_code": "RO316", "name": null, "amenity": "hospital", "beds": null }, "geometry": { "type": "Point", "coordinates": [ 25.9229526, 45.0837371 ] } },
{ "type": "Feature", "properties": { "nuts3_code": "RO321", "name": "Spitalul Sf. Stelian", "amenity": "clinic", "beds": null }, "geometry": { "type": "Point", "coordinates": [ 26.0547351, 44.449129 ] } },
{ "type": "Feature", "properties": { "nuts3_code": "RO321", "name": "Medinst", "amenity": "clinic", "beds": null }, "geometry": { "type": "Point", "coordinates": [ 26.1252785, 44.3870551 ] } },
{ "type": "Feature", "properties": { "nuts3_code": "RO321", "name": "Centrul de diagnostic și tratament Dorobanți", "amenity": "hospital", "beds": null }, "geometry": { "type": "Point", "coordinates": [ 26.1003956, 44.4486592 ] } },
{ "type": "Feature", "properties": { "nuts3_code": "RO321", "name": "Spitalul Clinic de Nefrologie Dr. Carol Davila", "amenity": "hospital", "beds": null }, "geometry": { "type": "Point", "coordinates": [ 26.0897742, 44.4445389 ] } },
{ "type": "Feature", "properties": { "nuts3_code": "RO321", "name": "Centrul de Dializa dr.Carol Davila", "amenity": "clinic", "beds": null }, "geometry": { "type": "Point", "coordinates": [ 26.0545662, 44.4846827 ] } },
{ "type": "Feature", "properties": { "nuts3_code": "RO321", "name": "Policlinica Pajura", "amenity": "clinic", "beds": null }, "geometry": { "type": "Point", "coordinates": [ 26.0535559, 44.4832792 ] } },
{ "type": "Feature", "properties": { "nuts3_code": "RO321", "name": "Dispensar", "amenity": "clinic", "beds": null }, "geometry": { "type": "Point", "coordinates": [ 26.1587302, 44.4303515 ] } },
{ "type": "Feature", "properties": { "nuts3_code": "RO321", "name": "Centrul Clinic de Boli Reumatismale \"Dr. Ion Stoia\"", "amenity": "clinic", "beds": null }, "geometry": { "type": "Point", "coordinates": [ 26.1053454, 44.441039 ] } },
{ "type": "Feature", "properties": { "nuts3_code": "RO321", "name": "Spitalul Wellborn", "amenity": "hospital", "beds": null }, "geometry": { "type": "Point", "coordinates": [ 26.0228719, 44.4381818 ] } },
{ "type": "Feature", "properties": { "nuts3_code": "RO126", "name": "Polisano", "amenity": "hospital", "beds": null }, "geometry": { "type": "Point", "coordinates": [ 24.1570485, 45.7983035 ] } },
{ "type": "Feature", "properties": { "nuts3_code": "RO424", "name": "Spitalul Orășenesc Deta", "amenity": "hospital", "beds": null }, "geometry": { "type": "Point", "coordinates": [ 21.2227353, 45.3903851 ] } },
{ "type": "Feature", "properties": { "nuts3_code": "RO316", "name": "Spitalul Boli Pulmonare ", "amenity": "hospital", "beds": null }, "geometry": { "type": "Point", "coordinates": [ 25.6771372, 45.1791291 ] } },
{ "type": "Feature", "properties": { "nuts3_code": "RO321", "name": "Centrul Medical Memormed", "amenity": "clinic", "beds": null }, "geometry": { "type": "Point", "coordinates": [ 26.0886463, 44.4339895 ] } },
{ "type": "Feature", "properties": { "nuts3_code": "RO321", "name": "Centrul Medical „Sf. Andrei”", "amenity": "clinic", "beds": null }, "geometry": { "type": "Point", "coordinates": [ 26.1338869, 44.4554125 ] } },
{ "type": "Feature", "properties": { "nuts3_code": "RO321", "name": "Ambulatoriul de specialitate pentru copii si tineri - Spitalul Universitar", "amenity": "clinic", "beds": null }, "geometry": { "type": "Point", "coordinates": [ 26.0684224, 44.4398345 ] } },
{ "type": "Feature", "properties": { "nuts3_code": "RO321", "name": "Theranova", "amenity": "clinic", "beds": null }, "geometry": { "type": "Point", "coordinates": [ 26.0687439, 44.4396498 ] } },
{ "type": "Feature", "properties": { "nuts3_code": "RO421", "name": "Laser System Hospital", "amenity": "hospital", "beds": null }, "geometry": { "type": "Point", "coordinates": [ 21.3858867, 46.1667081 ] } },
{ "type": "Feature", "properties": { "nuts3_code": "RO124", "name": "Spitalul Municipal Odorheiu Secuiesc", "amenity": "hospital", "beds": null }, "geometry": { "type": "Point", "coordinates": [ 25.3013522, 46.3076478 ] } },
{ "type": "Feature", "properties": { "nuts3_code": "RO211", "name": "Central Plaza", "amenity": "hospital", "beds": null }, "geometry": { "type": "Point", "coordinates": [ 26.9169356, 46.5556891 ] } },
{ "type": "Feature", "properties": { "nuts3_code": "RO316", "name": "Spitalul Orășenesc Vălenii de Munte", "amenity": "hospital", "beds": null }, "geometry": { "type": "Point", "coordinates": [ 26.0354046, 45.1759952 ] } },
{ "type": "Feature", "properties": { "nuts3_code": "RO321", "name": "Policlinica Titan", "amenity": "clinic", "beds": null }, "geometry": { "type": "Point", "coordinates": [ 26.1655231, 44.4205262 ] } },
{ "type": "Feature", "properties": { "nuts3_code": "RO211", "name": "Spitalului Județean de Urgență Bacău", "amenity": "hospital", "beds": null }, "geometry": { "type": "Point", "coordinates": [ 26.9098779, 46.5577713 ] } },
{ "type": "Feature", "properties": { "nuts3_code": "RO213", "name": "Secția exterioară Bârnova", "amenity": "hospital", "beds": null }, "geometry": { "type": "Point", "coordinates": [ 27.5751403, 47.007219 ] } },
{ "type": "Feature", "properties": { "nuts3_code": "RO125", "name": "Clinica de Recuperare RegenMed", "amenity": "clinic", "beds": null }, "geometry": { "type": "Point", "coordinates": [ 24.5814289, 46.5447868 ] } },
{ "type": "Feature", "properties": { "nuts3_code": "RO125", "name": "Centrul medical LOTUS Life", "amenity": "clinic", "beds": null }, "geometry": { "type": "Point", "coordinates": [ 24.5818353, 46.5450691 ] } },
{ "type": "Feature", "properties": { "nuts3_code": "RO222", "name": "Spitalul Orășenesc Nehoiu", "amenity": "hospital", "beds": null }, "geometry": { "type": "Point", "coordinates": [ 26.3009736, 45.4201001 ] } },
{ "type": "Feature", "properties": { "nuts3_code": "RO321", "name": "Spitalul Clinic de Ortopedie \"Foișor\" - Ambulator", "amenity": "hospital", "beds": null }, "geometry": { "type": "Point", "coordinates": [ 26.1215463, 44.4406791 ] } },
{ "type": "Feature", "properties": { "nuts3_code": "RO321", "name": "Clinica Medicala - Lotus Med", "amenity": "hospital", "beds": null }, "geometry": { "type": "Point", "coordinates": [ 26.1064344, 44.450445 ] } },
{ "type": "Feature", "properties": { "nuts3_code": "RO122", "name": null, "amenity": "hospital", "beds": null }, "geometry": { "type": "Point", "coordinates": [ 25.4473833, 45.7026775 ] } },
{ "type": "Feature", "properties": { "nuts3_code": "RO122", "name": "Spitalul Municipal Codlea", "amenity": "hospital", "beds": null }, "geometry": { "type": "Point", "coordinates": [ 25.4472643, 45.7026216 ] } },
{ "type": "Feature", "properties": { "nuts3_code": "RO321", "name": "Nativia", "amenity": "clinic", "beds": null }, "geometry": { "type": "Point", "coordinates": [ 26.1010701, 44.4424558 ] } },
{ "type": "Feature", "properties": { "nuts3_code": "RO321", "name": "Clinica SANADOR Victoriei Corp B - Clinică", "amenity": "clinic", "beds": null }, "geometry": { "type": "Point", "coordinates": [ 26.0817363, 44.450043 ] } },
{ "type": "Feature", "properties": { "nuts3_code": "RO321", "name": null, "amenity": "clinic", "beds": null }, "geometry": { "type": "Point", "coordinates": [ 26.0817137, 44.4502255 ] } },
{ "type": "Feature", "properties": { "nuts3_code": "RO321", "name": "Policlinica 11 iunie", "amenity": "clinic", "beds": null }, "geometry": { "type": "Point", "coordinates": [ 26.0949417, 44.4232178 ] } },
{ "type": "Feature", "properties": { "nuts3_code": "RO424", "name": "Medicover", "amenity": "clinic", "beds": null }, "geometry": { "type": "Point", "coordinates": [ 21.2262509, 45.7519099 ] } },
{ "type": "Feature", "properties": { "nuts3_code": "RO424", "name": "Policlinica de Copii", "amenity": "clinic", "beds": null }, "geometry": { "type": "Point", "coordinates": [ 21.2210102, 45.7543981 ] } },
{ "type": "Feature", "properties": { "nuts3_code": "RO424", "name": "Ambulatoriu Integrat Policlinica 3", "amenity": "clinic", "beds": null }, "geometry": { "type": "Point", "coordinates": [ 21.2421599, 45.7517128 ] } },
{ "type": "Feature", "properties": { "nuts3_code": "RO211", "name": "Spitalul Municipal Moinești", "amenity": "hospital", "beds": null }, "geometry": { "type": "Point", "coordinates": [ 26.488186, 46.4764821 ] } },
{ "type": "Feature", "properties": { "nuts3_code": "RO223", "name": "Spital Mangalia", "amenity": "hospital", "beds": null }, "geometry": { "type": "Point", "coordinates": [ 28.5869798, 43.8168341 ] } },
{ "type": "Feature", "properties": { "nuts3_code": "RO321", "name": "Qmed", "amenity": "clinic", "beds": null }, "geometry": { "type": "Point", "coordinates": [ 26.1103469, 44.3868368 ] } },
{ "type": "Feature", "properties": { "nuts3_code": "RO321", "name": "Policlinica Mașina de Pâine", "amenity": "clinic", "beds": null }, "geometry": { "type": "Point", "coordinates": [ 26.1254541, 44.4542002 ] } },
{ "type": "Feature", "properties": { "nuts3_code": "RO321", "name": "Centru de recuperare și reabilitare neuropsihiatrică", "amenity": "clinic", "beds": null }, "geometry": { "type": "Point", "coordinates": [ 26.1529158, 44.4679753 ] } },
{ "type": "Feature", "properties": { "nuts3_code": "RO125", "name": "Clinica O.R.L.", "amenity": "hospital", "beds": null }, "geometry": { "type": "Point", "coordinates": [ 24.5787365, 46.5539957 ] } },
{ "type": "Feature", "properties": { "nuts3_code": "RO125", "name": "Centru Medical", "amenity": "hospital", "beds": null }, "geometry": { "type": "Point", "coordinates": [ 24.5744608, 46.5509162 ] } },
{ "type": "Feature", "properties": { "nuts3_code": "RO125", "name": "Clinica de Oncologie", "amenity": "hospital", "beds": null }, "geometry": { "type": "Point", "coordinates": [ 24.5769836, 46.5534308 ] } },
{ "type": "Feature", "properties": { "nuts3_code": "RO125", "name": "Clinica de Chirurgie", "amenity": "hospital", "beds": null }, "geometry": { "type": "Point", "coordinates": [ 24.5760664, 46.5532644 ] } },
{ "type": "Feature", "properties": { "nuts3_code": "RO125", "name": "Clinica de Pneumologie", "amenity": "hospital", "beds": null }, "geometry": { "type": "Point", "coordinates": [ 24.5776592, 46.5542401 ] } },
{ "type": "Feature", "properties": { "nuts3_code": "RO125", "name": "Clinica de Oftalmologie", "amenity": "hospital", "beds": null }, "geometry": { "type": "Point", "coordinates": [ 24.5611852, 46.541459 ] } },
{ "type": "Feature", "properties": { "nuts3_code": "RO125", "name": "Clinica de Obstetrică-Ginecologie", "amenity": "hospital", "beds": null }, "geometry": { "type": "Point", "coordinates": [ 24.5608109, 46.5417106 ] } },
{ "type": "Feature", "properties": { "nuts3_code": "RO111", "name": "Policlinica Ștei", "amenity": "hospital", "beds": null }, "geometry": { "type": "Point", "coordinates": [ 22.4560763, 46.5405459 ] } },
{ "type": "Feature", "properties": { "nuts3_code": "RO111", "name": "Spitalul Orășenesc Ștei", "amenity": "hospital", "beds": null }, "geometry": { "type": "Point", "coordinates": [ 22.4587077, 46.535271 ] } },
{ "type": "Feature", "properties": { "nuts3_code": "RO111", "name": "Spitalul de Neuropsihiatrie", "amenity": "hospital", "beds": null }, "geometry": { "type": "Point", "coordinates": [ 22.4655771, 46.5474777 ] } },
{ "type": "Feature", "properties": { "nuts3_code": "RO321", "name": "Ponderas Academic Hospital", "amenity": "hospital", "beds": null }, "geometry": { "type": "Point", "coordinates": [ 26.0915239, 44.483378 ] } },
{ "type": "Feature", "properties": { "nuts3_code": "RO312", "name": null, "amenity": "hospital", "beds": null }, "geometry": { "type": "Point", "coordinates": [ 27.3270965, 44.1921297 ] } },
{ "type": "Feature", "properties": { "nuts3_code": "RO424", "name": "Clinica de oftalmologie", "amenity": "hospital", "beds": null }, "geometry": { "type": "Point", "coordinates": [ 21.2246332, 45.7554495 ] } },
{ "type": "Feature", "properties": { "nuts3_code": "RO424", "name": "Spitalul Clinic de Urgență pentru Copii Louis Țurcanu", "amenity": "hospital", "beds": null }, "geometry": { "type": "Point", "coordinates": [ 21.2221046, 45.7536389 ] } },
{ "type": "Feature", "properties": { "nuts3_code": "RO424", "name": "Clinica de Chirurgie și Ortopedie Pediatrică Dr. Trestianu Viorel", "amenity": "hospital", "beds": null }, "geometry": { "type": "Point", "coordinates": [ 21.2216312, 45.7543236 ] } },
{ "type": "Feature", "properties": { "nuts3_code": "RO316", "name": "Policlinica Câmpina", "amenity": "clinic", "beds": null }, "geometry": { "type": "Point", "coordinates": [ 25.732746, 45.1277901 ] } },
{ "type": "Feature", "properties": { "nuts3_code": "RO424", "name": "Spitalul Municipal Clinicile Noi", "amenity": "hospital", "beds": null }, "geometry": { "type": "Point", "coordinates": [ 21.2265615, 45.7594693 ] } },
{ "type": "Feature", "properties": { "nuts3_code": "RO424", "name": "ASCAR", "amenity": "clinic", "beds": null }, "geometry": { "type": "Point", "coordinates": [ 21.2366371, 45.7552412 ] } },
{ "type": "Feature", "properties": { "nuts3_code": "RO424", "name": "Clinica de Oto-Rino-Laringologie", "amenity": "clinic", "beds": null }, "geometry": { "type": "Point", "coordinates": [ 21.2357302, 45.7553342 ] } },
{ "type": "Feature", "properties": { "nuts3_code": "RO424", "name": "Medcom CBS Hospital", "amenity": "clinic", "beds": null }, "geometry": { "type": "Point", "coordinates": [ 21.2329175, 45.7595967 ] } },
{ "type": "Feature", "properties": { "nuts3_code": "RO424", "name": "Clinica First Medical", "amenity": "clinic", "beds": null }, "geometry": { "type": "Point", "coordinates": [ 21.2331201, 45.7613688 ] } },
{ "type": "Feature", "properties": { "nuts3_code": "RO424", "name": "Clinica de Chirurgie Oro-Maxilo-Facială", "amenity": "clinic", "beds": null }, "geometry": { "type": "Point", "coordinates": [ 21.2336307, 45.7583637 ] } },
{ "type": "Feature", "properties": { "nuts3_code": "RO111", "name": "Spitalul Clinic Municipal Dr. Gavril Curteanu", "amenity": "hospital", "beds": null }, "geometry": { "type": "Point", "coordinates": [ 21.917108, 47.0749167 ] } },
{ "type": "Feature", "properties": { "nuts3_code": "RO111", "name": "Spitalul Clinic de Neurologie și Psihiatrie", "amenity": "hospital", "beds": null }, "geometry": { "type": "Point", "coordinates": [ 21.9450195, 47.0638051 ] } },
{ "type": "Feature", "properties": { "nuts3_code": "RO125", "name": "Spitalul Orășenesc dr. Valer Russu", "amenity": "hospital", "beds": null }, "geometry": { "type": "Point", "coordinates": [ 24.0939885, 46.4754179 ] } },
{ "type": "Feature", "properties": { "nuts3_code": "RO111", "name": "Dispensar", "amenity": "hospital", "beds": null }, "geometry": { "type": "Point", "coordinates": [ 22.3996486, 46.5921134 ] } },
{ "type": "Feature", "properties": { "nuts3_code": "RO321", "name": "Clinica SANADOR Victoriei Corp A - Clinica pediatrie", "amenity": "clinic", "beds": null }, "geometry": { "type": "Point", "coordinates": [ 26.0823719, 44.4502578 ] } },
{ "type": "Feature", "properties": { "nuts3_code": "RO321", "name": "Spitalul Clinic Sanador", "amenity": "hospital", "beds": null }, "geometry": { "type": "Point", "coordinates": [ 26.08425, 44.4497991 ] } },
{ "type": "Feature", "properties": { "nuts3_code": "RO123", "name": "Spitalul Întorsura Buzăului", "amenity": "hospital", "beds": null }, "geometry": { "type": "Point", "coordinates": [ 26.0397971, 45.6739046 ] } },
{ "type": "Feature", "properties": { "nuts3_code": "RO113", "name": "Cardiomed", "amenity": "clinic", "beds": null }, "geometry": { "type": "Point", "coordinates": [ 23.5878654, 46.7654193 ] } },
{ "type": "Feature", "properties": { "nuts3_code": "RO213", "name": "Arcadia", "amenity": "clinic", "beds": null }, "geometry": { "type": "Point", "coordinates": [ 27.5882704, 47.169136 ] } },
{ "type": "Feature", "properties": { "nuts3_code": "RO321", "name": "Policlinică", "amenity": "clinic", "beds": null }, "geometry": { "type": "Point", "coordinates": [ 26.1144882, 44.39058 ] } },
{ "type": "Feature", "properties": { "nuts3_code": "RO321", "name": "Dispensarul Berceni", "amenity": "clinic", "beds": null }, "geometry": { "type": "Point", "coordinates": [ 26.1225052, 44.3804746 ] } },
{ "type": "Feature", "properties": { "nuts3_code": "RO321", "name": "Medsana", "amenity": "clinic", "beds": null }, "geometry": { "type": "Point", "coordinates": [ 26.0884895, 44.4675095 ] } },
{ "type": "Feature", "properties": { "nuts3_code": "RO213", "name": null, "amenity": "clinic", "beds": null }, "geometry": { "type": "Point", "coordinates": [ 27.5731977, 47.1708745 ] } },
{ "type": "Feature", "properties": { "nuts3_code": "RO213", "name": "Revial", "amenity": "clinic", "beds": null }, "geometry": { "type": "Point", "coordinates": [ 27.5765891, 47.1738999 ] } },
{ "type": "Feature", "properties": { "nuts3_code": "RO213", "name": "Euro Medi Center", "amenity": "clinic", "beds": null }, "geometry": { "type": "Point", "coordinates": [ 27.5963444, 47.1603907 ] } },
{ "type": "Feature", "properties": { "nuts3_code": "RO221", "name": "Spitalul Clinic Județean de Urgență Brăila", "amenity": "hospital", "beds": null }, "geometry": { "type": "Point", "coordinates": [ 27.9403321, 45.2528719 ] } },
{ "type": "Feature", "properties": { "nuts3_code": "RO221", "name": "Centrul de dializă", "amenity": "hospital", "beds": null }, "geometry": { "type": "Point", "coordinates": [ 27.9403968, 45.2522283 ] } },
{ "type": "Feature", "properties": { "nuts3_code": "RO221", "name": "Serviciul Ambulanță", "amenity": "hospital", "beds": null }, "geometry": { "type": "Point", "coordinates": [ 27.9513298, 45.2593097 ] } },
{ "type": "Feature", "properties": { "nuts3_code": "RO216", "name": "Policlinica Stomatologică", "amenity": "clinic", "beds": null }, "geometry": { "type": "Point", "coordinates": [ 27.6656304, 46.2273991 ] } },
{ "type": "Feature", "properties": { "nuts3_code": "RO216", "name": "Centrul de dializă Bârlad", "amenity": "hospital", "beds": null }, "geometry": { "type": "Point", "coordinates": [ 27.6586086, 46.215777 ] } },
{ "type": "Feature", "properties": { "nuts3_code": "RO216", "name": "Spitalul de Copii Sfântul Nicolae", "amenity": "clinic", "beds": null }, "geometry": { "type": "Point", "coordinates": [ 27.6703926, 46.2406106 ] } },
{ "type": "Feature", "properties": { "nuts3_code": "RO216", "name": "Centrul de Transfuzii Bârlad", "amenity": "hospital", "beds": null }, "geometry": { "type": "Point", "coordinates": [ 27.6666654, 46.2319519 ] } },
{ "type": "Feature", "properties": { "nuts3_code": "RO126", "name": "Medica", "amenity": "clinic", "beds": null }, "geometry": { "type": "Point", "coordinates": [ 24.1439606, 45.7772924 ] } },
{ "type": "Feature", "properties": { "nuts3_code": "RO126", "name": "VISA Medica", "amenity": "clinic", "beds": null }, "geometry": { "type": "Point", "coordinates": [ 24.1547919, 45.7976743 ] } },
{ "type": "Feature", "properties": { "nuts3_code": "RO216", "name": "Spitalul Municipal de Urgență Elena Beldiman", "amenity": "hospital", "beds": null }, "geometry": { "type": "Point", "coordinates": [ 27.6720956, 46.2362039 ] } },
{ "type": "Feature", "properties": { "nuts3_code": "RO221", "name": "Centrul Dializă IHS", "amenity": "hospital", "beds": null }, "geometry": { "type": "Point", "coordinates": [ 27.9796374, 45.269741 ] } },
{ "type": "Feature", "properties": { "nuts3_code": "RO321", "name": "Monza Metropolitan Hospital", "amenity": "hospital", "beds": null }, "geometry": { "type": "Point", "coordinates": [ 26.1021294, 44.4191769 ] } },
{ "type": "Feature", "properties": { "nuts3_code": "RO221", "name": "Centrul de Transfuzie Sanguină", "amenity": "hospital", "beds": null }, "geometry": { "type": "Point", "coordinates": [ 27.9694856, 45.2695267 ] } },
{ "type": "Feature", "properties": { "nuts3_code": "RO221", "name": "Promedica", "amenity": "hospital", "beds": null }, "geometry": { "type": "Point", "coordinates": [ 27.9704271, 45.2635595 ] } },
{ "type": "Feature", "properties": { "nuts3_code": "RO221", "name": "Policlinica DIACONIA", "amenity": "clinic", "beds": null }, "geometry": { "type": "Point", "coordinates": [ 27.9778043, 45.2722778 ] } },
{ "type": "Feature", "properties": { "nuts3_code": "RO221", "name": "Fost spital de copii", "amenity": "hospital", "beds": null }, "geometry": { "type": "Point", "coordinates": [ 27.9737977, 45.2687019 ] } },
{ "type": "Feature", "properties": { "nuts3_code": "RO113", "name": "Dispensar Gheorgheni", "amenity": "clinic", "beds": null }, "geometry": { "type": "Point", "coordinates": [ 23.6241779, 46.7662663 ] } },
{ "type": "Feature", "properties": { "nuts3_code": "RO113", "name": "Spitalul orășenesc Huedin", "amenity": "hospital", "beds": null }, "geometry": { "type": "Point", "coordinates": [ 23.0153738, 46.8624617 ] } },
{ "type": "Feature", "properties": { "nuts3_code": "RO213", "name": "Spitalul Clinic de Obstetrică-Ginecologie „Cuza Vodă” Iași", "amenity": "hospital", "beds": null }, "geometry": { "type": "Point", "coordinates": [ 27.5867485, 47.1631043 ] } },
{ "type": "Feature", "properties": { "nuts3_code": "RO213", "name": "Spitalul Clinic Județean de Urgențe \"Sf. Spiridon\"", "amenity": "hospital", "beds": null }, "geometry": { "type": "Point", "coordinates": [ 27.5826783, 47.1687878 ] } },
{ "type": "Feature", "properties": { "nuts3_code": "RO213", "name": "Spitalul Clinic de Pneumoftiziologie Iași", "amenity": "hospital", "beds": null }, "geometry": { "type": "Point", "coordinates": [ 27.5846717, 47.1696 ] } },
{ "type": "Feature", "properties": { "nuts3_code": "RO213", "name": "Spitalul Clinic Militar de Urgență „Dr. I. Czihac”", "amenity": "hospital", "beds": null }, "geometry": { "type": "Point", "coordinates": [ 27.5756489, 47.1729166 ] } },
{ "type": "Feature", "properties": { "nuts3_code": "RO213", "name": "Spitalul Clinic Dr CI Parhon", "amenity": "hospital", "beds": null }, "geometry": { "type": "Point", "coordinates": [ 27.5686843, 47.1807927 ] } },
{ "type": "Feature", "properties": { "nuts3_code": "RO213", "name": "Spitalul Clinic de Recuperare Iasi", "amenity": "hospital", "beds": null }, "geometry": { "type": "Point", "coordinates": [ 27.5739029, 47.1490388 ] } },
{ "type": "Feature", "properties": { "nuts3_code": "RO211", "name": null, "amenity": "clinic", "beds": null }, "geometry": { "type": "Point", "coordinates": [ 26.7598727, 46.2454252 ] } },
{ "type": "Feature", "properties": { "nuts3_code": "RO211", "name": null, "amenity": "clinic", "beds": null }, "geometry": { "type": "Point", "coordinates": [ 26.7767085, 46.2544304 ] } },
{ "type": "Feature", "properties": { "nuts3_code": "RO423", "name": "Spitalul de Urgență", "amenity": "hospital", "beds": null }, "geometry": { "type": "Point", "coordinates": [ 23.3762043, 45.4076282 ] } },
{ "type": "Feature", "properties": { "nuts3_code": "RO213", "name": "Institutul Regional de Oncologie", "amenity": "hospital", "beds": null }, "geometry": { "type": "Point", "coordinates": [ 27.5760517, 47.1749375 ] } },
{ "type": "Feature", "properties": { "nuts3_code": "RO213", "name": "Secția Clinică a II-a de Pneumoftiziologie Pașcanu", "amenity": "hospital", "beds": null }, "geometry": { "type": "Point", "coordinates": [ 27.6028441, 47.1678271 ] } },
{ "type": "Feature", "properties": { "nuts3_code": "RO213", "name": "Spitalul Clinic de Boli Infecțioase “Sfânta Parascheva”", "amenity": "hospital", "beds": null }, "geometry": { "type": "Point", "coordinates": [ 27.5843863, 47.1703752 ] } },
{ "type": "Feature", "properties": { "nuts3_code": "RO316", "name": "DentiRAD", "amenity": "hospital", "beds": null }, "geometry": { "type": "Point", "coordinates": [ 25.9525851, 45.045554 ] } },
{ "type": "Feature", "properties": { "nuts3_code": "RO113", "name": "Clinica Fresenius", "amenity": "clinic", "beds": null }, "geometry": { "type": "Point", "coordinates": [ 23.8763084, 47.1399602 ] } },
{ "type": "Feature", "properties": { "nuts3_code": "RO322", "name": null, "amenity": "clinic", "beds": null }, "geometry": { "type": "Point", "coordinates": [ 26.0757176, 44.5528201 ] } },
{ "type": "Feature", "properties": { "nuts3_code": "RO121", "name": "Spitalul de Neurologie și Psihiatrie Carol Davila", "amenity": "hospital", "beds": null }, "geometry": { "type": "Point", "coordinates": [ 23.5692587, 46.0693033 ] } },
{ "type": "Feature", "properties": { "nuts3_code": "RO311", "name": "Spitalul de Urgență", "amenity": "hospital", "beds": null }, "geometry": { "type": "Point", "coordinates": [ 24.9445894, 44.9611985 ] } },
{ "type": "Feature", "properties": { "nuts3_code": "RO114", "name": "Spitalul Municipal Sighetul Marmației", "amenity": "hospital", "beds": null }, "geometry": { "type": "Point", "coordinates": [ 23.8754532, 47.9285038 ] } },
{ "type": "Feature", "properties": { "nuts3_code": "RO111", "name": "Dispensarul uman Vașcău", "amenity": "hospital", "beds": null }, "geometry": { "type": "Point", "coordinates": [ 22.4723816, 46.4759331 ] } },
{ "type": "Feature", "properties": { "nuts3_code": "RO424", "name": "Arthros Center", "amenity": "clinic", "beds": null }, "geometry": { "type": "Point", "coordinates": [ 21.2450676, 45.7353686 ] } },
{ "type": "Feature", "properties": { "nuts3_code": "RO424", "name": "Emerald", "amenity": "clinic", "beds": null }, "geometry": { "type": "Point", "coordinates": [ 21.2385526, 45.7509211 ] } },
{ "type": "Feature", "properties": { "nuts3_code": "RO424", "name": "Policlinica Studențească", "amenity": "clinic", "beds": null }, "geometry": { "type": "Point", "coordinates": [ 21.2398261, 45.7495332 ] } },
{ "type": "Feature", "properties": { "nuts3_code": "RO213", "name": "Arcadia Hospital", "amenity": "hospital", "beds": null }, "geometry": { "type": "Point", "coordinates": [ 27.5619353, 47.1580723 ] } },
{ "type": "Feature", "properties": { "nuts3_code": "RO322", "name": "Amethyst", "amenity": "clinic", "beds": null }, "geometry": { "type": "Point", "coordinates": [ 26.0604791, 44.5362152 ] } },
{ "type": "Feature", "properties": { "nuts3_code": "RO223", "name": "Policlinica Mangalia", "amenity": "hospital", "beds": null }, "geometry": { "type": "Point", "coordinates": [ 28.5822753, 43.8089644 ] } },
{ "type": "Feature", "properties": { "nuts3_code": "RO423", "name": "Fostă Policlinică Petrila", "amenity": "hospital", "beds": null }, "geometry": { "type": "Point", "coordinates": [ 23.3785868, 45.4432917 ] } },
{ "type": "Feature", "properties": { "nuts3_code": "RO223", "name": "Spitalul Municipal", "amenity": "hospital", "beds": null }, "geometry": { "type": "Point", "coordinates": [ 28.5879512, 43.8195891 ] } },
{ "type": "Feature", "properties": { "nuts3_code": "RO412", "name": "Spitalul Orășenesc", "amenity": "hospital", "beds": null }, "geometry": { "type": "Point", "coordinates": [ 23.3783216, 45.1812147 ] } },
{ "type": "Feature", "properties": { "nuts3_code": "RO122", "name": "Spitalul Tractorul", "amenity": "hospital", "beds": null }, "geometry": { "type": "Point", "coordinates": [ 25.6079899, 45.6654548 ] } },
{ "type": "Feature", "properties": { "nuts3_code": "RO122", "name": "Policlinica Medlife", "amenity": "clinic", "beds": null }, "geometry": { "type": "Point", "coordinates": [ 25.610259, 45.6653011 ] } },
{ "type": "Feature", "properties": { "nuts3_code": "RO125", "name": "Policlinica Municipală Reghin", "amenity": "clinic", "beds": null }, "geometry": { "type": "Point", "coordinates": [ 24.7019989, 46.7829486 ] } },
{ "type": "Feature", "properties": { "nuts3_code": "RO125", "name": "Clinica de obstretică ginecologie", "amenity": "hospital", "beds": null }, "geometry": { "type": "Point", "coordinates": [ 24.7943537, 46.2233219 ] } },
{ "type": "Feature", "properties": { "nuts3_code": "RO125", "name": "Policlinica Reghin", "amenity": "clinic", "beds": null }, "geometry": { "type": "Point", "coordinates": [ 24.6952494, 46.7831839 ] } },
{ "type": "Feature", "properties": { "nuts3_code": "RO125", "name": "Ambulanță Reghin", "amenity": "hospital", "beds": null }, "geometry": { "type": "Point", "coordinates": [ 24.6968528, 46.7839738 ] } },
{ "type": "Feature", "properties": { "nuts3_code": "RO422", "name": "Policlinica", "amenity": "clinic", "beds": null }, "geometry": { "type": "Point", "coordinates": [ 21.881475, 45.3253933 ] } },
{ "type": "Feature", "properties": { "nuts3_code": "RO422", "name": null, "amenity": "hospital", "beds": null }, "geometry": { "type": "Point", "coordinates": [ 21.8819819, 45.3200096 ] } },
{ "type": "Feature", "properties": { "nuts3_code": "RO222", "name": "Spitalul din Cochirleanca", "amenity": "hospital", "beds": null }, "geometry": { "type": "Point", "coordinates": [ 27.0353661, 45.2110767 ] } },
{ "type": "Feature", "properties": { "nuts3_code": "RO211", "name": "Infecțioase", "amenity": "hospital", "beds": null }, "geometry": { "type": "Point", "coordinates": [ 26.763471, 46.2545798 ] } },
{ "type": "Feature", "properties": { "nuts3_code": "RO415", "name": "Policlinică", "amenity": "clinic", "beds": null }, "geometry": { "type": "Point", "coordinates": [ 24.2609284, 44.6592893 ] } },
{ "type": "Feature", "properties": { "nuts3_code": "RO113", "name": "Centrul Medical Transilvania", "amenity": "clinic", "beds": null }, "geometry": { "type": "Point", "coordinates": [ 23.5836046, 46.7546756 ] } },
{ "type": "Feature", "properties": { "nuts3_code": "RO321", "name": "Regina Maria", "amenity": "clinic", "beds": null }, "geometry": { "type": "Point", "coordinates": [ 26.089532, 44.4647494 ] } },
{ "type": "Feature", "properties": { "nuts3_code": "RO216", "name": "Spitalul Municipal de Urgență Elena Beldiman - Pneumologie, TBC, Psihiatrie", "amenity": "hospital", "beds": null }, "geometry": { "type": "Point", "coordinates": [ 27.6631976, 46.2255922 ] } },
{ "type": "Feature", "properties": { "nuts3_code": "RO321", "name": "Policlinica CF Gara de Nord", "amenity": "clinic", "beds": null }, "geometry": { "type": "Point", "coordinates": [ 26.0758017, 44.4467703 ] } },
{ "type": "Feature", "properties": { "nuts3_code": "RO213", "name": "Cabinet medical", "amenity": "clinic", "beds": null }, "geometry": { "type": "Point", "coordinates": [ 27.5272911, 47.0969759 ] } },
{ "type": "Feature", "properties": { "nuts3_code": "RO213", "name": null, "amenity": "clinic", "beds": null }, "geometry": { "type": "Point", "coordinates": [ 27.5269277, 47.1450123 ] } },
{ "type": "Feature", "properties": { "nuts3_code": "RO216", "name": "Spitalul de Boli Infecțioase", "amenity": "hospital", "beds": null }, "geometry": { "type": "Point", "coordinates": [ 27.670435, 46.2358031 ] } },
{ "type": "Feature", "properties": { "nuts3_code": "RO321", "name": "Centrul naturist de sănătate Santo Raphael", "amenity": "clinic", "beds": null }, "geometry": { "type": "Point", "coordinates": [ 26.111576, 44.4798228 ] } },
{ "type": "Feature", "properties": { "nuts3_code": "RO424", "name": "Clinica de Obstretică și Neonatalogie", "amenity": "clinic", "beds": null }, "geometry": { "type": "Point", "coordinates": [ 21.2123742, 45.7563601 ] } },
{ "type": "Feature", "properties": { "nuts3_code": "RO321", "name": "Titan neuro-clinic", "amenity": "clinic", "beds": null }, "geometry": { "type": "Point", "coordinates": [ 26.1736239, 44.421909 ] } },
{ "type": "Feature", "properties": { "nuts3_code": "RO321", "name": "Centrul Medical de Diagnostic, Tratament Ambulator și Medicină Preventivă", "amenity": "clinic", "beds": null }, "geometry": { "type": "Point", "coordinates": [ 26.090745, 44.4552223 ] } },
{ "type": "Feature", "properties": { "nuts3_code": "RO122", "name": "Dispensarul medical Părău", "amenity": "hospital", "beds": null }, "geometry": { "type": "Point", "coordinates": [ 25.1919682, 45.848774 ] } },
{ "type": "Feature", "properties": { "nuts3_code": "RO122", "name": "Spitalul Clinic de Pneumoftiziologie Brașov - Pavilionul I", "amenity": "hospital", "beds": null }, "geometry": { "type": "Point", "coordinates": [ 25.5738039, 45.6430099 ] } },
{ "type": "Feature", "properties": { "nuts3_code": "RO122", "name": "Spitalul clinic de ginecologie Dr. Ioan Aurel Sbârcea - Brașov", "amenity": "hospital", "beds": null }, "geometry": { "type": "Point", "coordinates": [ 25.5848056, 45.6408175 ] } },
{ "type": "Feature", "properties": { "nuts3_code": "RO122", "name": "Spitalul Municipal \"Dr. Aurel Tulbure\" Făgăraș", "amenity": "hospital", "beds": null }, "geometry": { "type": "Point", "coordinates": [ 24.9582943, 45.8408117 ] } },
{ "type": "Feature", "properties": { "nuts3_code": "RO122", "name": "Maternitate", "amenity": "hospital", "beds": null }, "geometry": { "type": "Point", "coordinates": [ 24.9593128, 45.841799 ] } },
{ "type": "Feature", "properties": { "nuts3_code": "RO321", "name": "Institutul Național de Medicină Aeronautică și Spațială", "amenity": "clinic", "beds": null }, "geometry": { "type": "Point", "coordinates": [ 26.0733338, 44.4419335 ] } },
{ "type": "Feature", "properties": { "nuts3_code": "RO113", "name": "Spitalul Clinic de Boli Infecțioase", "amenity": "hospital", "beds": null }, "geometry": { "type": "Point", "coordinates": [ 23.5837426, 46.7607115 ] } },
{ "type": "Feature", "properties": { "nuts3_code": "RO213", "name": null, "amenity": "clinic", "beds": null }, "geometry": { "type": "Point", "coordinates": [ 27.710789, 47.0520083 ] } },
{ "type": "Feature", "properties": { "nuts3_code": "RO321", "name": "Oftapro", "amenity": "clinic", "beds": null }, "geometry": { "type": "Point", "coordinates": [ 26.0967636, 44.4190819 ] } },
{ "type": "Feature", "properties": { "nuts3_code": "RO321", "name": "Spitalul Clinic Nicolae Malaxa", "amenity": "hospital", "beds": null }, "geometry": { "type": "Point", "coordinates": [ 26.1788052, 44.4382607 ] } },
{ "type": "Feature", "properties": { "nuts3_code": "RO321", "name": "Clinica Total Medical Ozon", "amenity": "clinic", "beds": null }, "geometry": { "type": "Point", "coordinates": [ 26.1457419, 44.4693873 ] } },
{ "type": "Feature", "properties": { "nuts3_code": "RO113", "name": "Spitalul Clinic de Ortopedie", "amenity": "hospital", "beds": null }, "geometry": { "type": "Point", "coordinates": [ 23.6050673, 46.7711044 ] } },
{ "type": "Feature", "properties": { "nuts3_code": "RO113", "name": "Pediatrie III", "amenity": "clinic", "beds": null }, "geometry": { "type": "Point", "coordinates": [ 23.5862808, 46.7808088 ] } },
{ "type": "Feature", "properties": { "nuts3_code": "RO113", "name": "Policlinica CFR", "amenity": "clinic", "beds": null }, "geometry": { "type": "Point", "coordinates": [ 23.5853924, 46.7803904 ] } },
{ "type": "Feature", "properties": { "nuts3_code": "RO113", "name": "Spitalul Clinic de Urgență pentru Copii Cluj-Napoca", "amenity": "hospital", "beds": null }, "geometry": { "type": "Point", "coordinates": [ 23.5781236, 46.7665576 ] } },
{ "type": "Feature", "properties": { "nuts3_code": "RO113", "name": "Spitalul Militar", "amenity": "hospital", "beds": null }, "geometry": { "type": "Point", "coordinates": [ 23.6028826, 46.7692441 ] } },
{ "type": "Feature", "properties": { "nuts3_code": "RO321", "name": "Spitalul Clinic Colentina", "amenity": "hospital", "beds": null }, "geometry": { "type": "Point", "coordinates": [ 26.1135237, 44.4538871 ] } },
{ "type": "Feature", "properties": { "nuts3_code": "RO222", "name": "Spitalul de Psihiatrie Nifon", "amenity": "hospital", "beds": null }, "geometry": { "type": "Point", "coordinates": [ 26.5537686, 45.2635576 ] } },
{ "type": "Feature", "properties": { "nuts3_code": "RO222", "name": "Secția Nifon", "amenity": "hospital", "beds": null }, "geometry": { "type": "Point", "coordinates": [ 26.5539453, 45.2639028 ] } },
{ "type": "Feature", "properties": { "nuts3_code": "RO122", "name": "Spitalul de Boli Infecțioase", "amenity": "hospital", "beds": null }, "geometry": { "type": "Point", "coordinates": [ 25.5975395, 45.6566636 ] } },
{ "type": "Feature", "properties": { "nuts3_code": "RO122", "name": "Spitalul MedLife Brașov", "amenity": "hospital", "beds": null }, "geometry": { "type": "Point", "coordinates": [ 25.6126414, 45.6650403 ] } },
{ "type": "Feature", "properties": { "nuts3_code": "RO113", "name": "Policlinica Radusan", "amenity": "clinic", "beds": null }, "geometry": { "type": "Point", "coordinates": [ 23.6105998, 46.7787232 ] } },
{ "type": "Feature", "properties": { "nuts3_code": "RO411", "name": "Spitalul Clinic de Urgență Militar \"Dr. Ștefan Odobleja\"", "amenity": "hospital", "beds": null }, "geometry": { "type": "Point", "coordinates": [ 23.818022, 44.301531 ] } },
{ "type": "Feature", "properties": { "nuts3_code": "RO411", "name": "Spitalul Clinic de Boli Infecțioase și Pneumoftiziologie Dr. Victor Babeș", "amenity": "hospital", "beds": null }, "geometry": { "type": "Point", "coordinates": [ 23.8246901, 44.3134925 ] } },
{ "type": "Feature", "properties": { "nuts3_code": "RO411", "name": "Spitalul CFR", "amenity": "hospital", "beds": null }, "geometry": { "type": "Point", "coordinates": [ 23.7940743, 44.314166 ] } },
{ "type": "Feature", "properties": { "nuts3_code": "RO321", "name": "Institutul Național de Expertiză Medicală și Recuperare a Capacității de Muncă", "amenity": "hospital", "beds": null }, "geometry": { "type": "Point", "coordinates": [ 26.0718808, 44.4260454 ] } },
{ "type": "Feature", "properties": { "nuts3_code": "RO321", "name": "Centrul Medical Internațional București - Dr Signature", "amenity": "clinic", "beds": null }, "geometry": { "type": "Point", "coordinates": [ 26.0909787, 44.4696516 ] } },
{ "type": "Feature", "properties": { "nuts3_code": "RO321", "name": "Medcenter", "amenity": "clinic", "beds": null }, "geometry": { "type": "Point", "coordinates": [ 26.1250214, 44.3893717 ] } },
{ "type": "Feature", "properties": { "nuts3_code": "RO321", "name": "Spitalul Euroclinic - Regina Maria", "amenity": "hospital", "beds": null }, "geometry": { "type": "Point", "coordinates": [ 26.1010831, 44.4545229 ] } },
{ "type": "Feature", "properties": { "nuts3_code": "RO321", "name": "Policlinica Regie", "amenity": "clinic", "beds": null }, "geometry": { "type": "Point", "coordinates": [ 26.0583485, 44.446774 ] } },
{ "type": "Feature", "properties": { "nuts3_code": "RO321", "name": "Institutul de diabet Paulescu", "amenity": "hospital", "beds": null }, "geometry": { "type": "Point", "coordinates": [ 26.0765007, 44.4559101 ] } },
{ "type": "Feature", "properties": { "nuts3_code": "RO122", "name": "HyperClinica MedLife Vulturului", "amenity": "clinic", "beds": null }, "geometry": { "type": "Point", "coordinates": [ 25.6233758, 45.6410921 ] } },
{ "type": "Feature", "properties": { "nuts3_code": "RO423", "name": "Spitalul de Urgență", "amenity": "hospital", "beds": null }, "geometry": { "type": "Point", "coordinates": [ 23.3763546, 45.4072554 ] } },
{ "type": "Feature", "properties": { "nuts3_code": "RO321", "name": "Affidea", "amenity": "clinic", "beds": null }, "geometry": { "type": "Point", "coordinates": [ 26.1344148, 44.444576 ] } },
{ "type": "Feature", "properties": { "nuts3_code": "RO126", "name": "Dispensar Cedonia", "amenity": "clinic", "beds": null }, "geometry": { "type": "Point", "coordinates": [ 24.1574768, 45.7813047 ] } },
{ "type": "Feature", "properties": { "nuts3_code": "RO321", "name": "Centrul de Recuperare neuropsihomotorie pentru Copii dr. Nicolae Robănescu", "amenity": "clinic", "beds": null }, "geometry": { "type": "Point", "coordinates": [ 26.1079535, 44.3899751 ] } },
{ "type": "Feature", "properties": { "nuts3_code": "RO423", "name": "Affidea", "amenity": "clinic", "beds": null }, "geometry": { "type": "Point", "coordinates": [ 23.375655, 45.4081226 ] } },
{ "type": "Feature", "properties": { "nuts3_code": "RO126", "name": "Clinica Ofta Total", "amenity": "clinic", "beds": null }, "geometry": { "type": "Point", "coordinates": [ 24.1675348, 45.7820397 ] } },
{ "type": "Feature", "properties": { "nuts3_code": "RO315", "name": "Spitalul Județean Ialomița", "amenity": "hospital", "beds": null }, "geometry": { "type": "Point", "coordinates": [ 27.3610861, 44.5675294 ] } },
{ "type": "Feature", "properties": { "nuts3_code": "RO126", "name": "Hyperclinica MedLife Polisano", "amenity": "clinic", "beds": null }, "geometry": { "type": "Point", "coordinates": [ 24.149323, 45.7817786 ] } },
{ "type": "Feature", "properties": { "nuts3_code": "RO411", "name": null, "amenity": "clinic", "beds": null }, "geometry": { "type": "Point", "coordinates": [ 23.8176826, 44.306152 ] } },
{ "type": "Feature", "properties": { "nuts3_code": "RO321", "name": "Centrul Medical Academica", "amenity": "clinic", "beds": null }, "geometry": { "type": "Point", "coordinates": [ 26.1010116, 44.4433067 ] } },
{ "type": "Feature", "properties": { "nuts3_code": "RO423", "name": "Secția de boli infecțioase", "amenity": "hospital", "beds": null }, "geometry": { "type": "Point", "coordinates": [ 22.9087757, 45.7488784 ] } },
{ "type": "Feature", "properties": { "nuts3_code": "RO212", "name": "Sanatoriul de neuropsihiatrie Podriga", "amenity": "hospital", "beds": null }, "geometry": { "type": "Point", "coordinates": [ 26.8294893, 48.0040066 ] } },
{ "type": "Feature", "properties": { "nuts3_code": "RO124", "name": "Secția Oto-Rino-Laringologie, Secția Recuperare, Medicină Fizică și Balneologie", "amenity": "hospital", "beds": null }, "geometry": { "type": "Point", "coordinates": [ 25.8044905, 46.3550699 ] } },
{ "type": "Feature", "properties": { "nuts3_code": "RO124", "name": "Policlinica Județeană Harghita", "amenity": "clinic", "beds": null }, "geometry": { "type": "Point", "coordinates": [ 25.8074261, 46.3503345 ] } },
{ "type": "Feature", "properties": { "nuts3_code": "RO321", "name": "Policlinica Panduri", "amenity": "clinic", "beds": null }, "geometry": { "type": "Point", "coordinates": [ 26.0726538, 44.425253 ] } },
{ "type": "Feature", "properties": { "nuts3_code": "RO322", "name": "Clinica Gimed", "amenity": "clinic", "beds": null }, "geometry": { "type": "Point", "coordinates": [ 25.9800698, 44.3733488 ] } },
{ "type": "Feature", "properties": { "nuts3_code": "RO216", "name": "Dispensar medic de familie", "amenity": "hospital", "beds": null }, "geometry": { "type": "Point", "coordinates": [ 28.0390468, 46.7059436 ] } },
{ "type": "Feature", "properties": { "nuts3_code": "RO424", "name": "Policlinica", "amenity": "clinic", "beds": null }, "geometry": { "type": "Point", "coordinates": [ 20.6231848, 46.0712894 ] } },
{ "type": "Feature", "properties": { "nuts3_code": "RO312", "name": null, "amenity": "hospital", "beds": null }, "geometry": { "type": "Point", "coordinates": [ 27.3279956, 44.1923456 ] } },
{ "type": "Feature", "properties": { "nuts3_code": "RO113", "name": "Policlinica", "amenity": "hospital", "beds": null }, "geometry": { "type": "Point", "coordinates": [ 23.9033298, 47.0248929 ] } },
{ "type": "Feature", "properties": { "nuts3_code": "RO113", "name": "Spitalul de copii", "amenity": "hospital", "beds": null }, "geometry": { "type": "Point", "coordinates": [ 23.9065699, 47.0284732 ] } },
{ "type": "Feature", "properties": { "nuts3_code": "RO311", "name": "Dispensar și Creșa  Tudor Vladimirescu", "amenity": "hospital", "beds": null }, "geometry": { "type": "Point", "coordinates": [ 24.890817, 44.8474207 ] } },
{ "type": "Feature", "properties": { "nuts3_code": "RO122", "name": "Centrul de Permanență Medfam Astra Grup Brașov", "amenity": "hospital", "beds": null }, "geometry": { "type": "Point", "coordinates": [ 25.6280195, 45.6450576 ] } },
{ "type": "Feature", "properties": { "nuts3_code": "RO123", "name": null, "amenity": "clinic", "beds": null }, "geometry": { "type": "Point", "coordinates": [ 25.7803649, 45.8599329 ] } },
{ "type": "Feature", "properties": { "nuts3_code": "RO125", "name": "Dispensar", "amenity": "clinic", "beds": null }, "geometry": { "type": "Point", "coordinates": [ 24.232133, 46.4513974 ] } },
{ "type": "Feature", "properties": { "nuts3_code": "RO113", "name": "Centrul Medical San Radex", "amenity": "clinic", "beds": null }, "geometry": { "type": "Point", "coordinates": [ 23.8795432, 47.1409749 ] } },
{ "type": "Feature", "properties": { "nuts3_code": "RO415", "name": "Spitalul BalneoMedCenter", "amenity": "hospital", "beds": null }, "geometry": { "type": "Point", "coordinates": [ 24.3673329, 45.0818594 ] } },
{ "type": "Feature", "properties": { "nuts3_code": "RO113", "name": "Spitalul Municipal Gherla", "amenity": "hospital", "beds": null }, "geometry": { "type": "Point", "coordinates": [ 23.9047575, 47.0242928 ] } },
{ "type": "Feature", "properties": { "nuts3_code": "RO124", "name": "Salvamont", "amenity": "hospital", "beds": null }, "geometry": { "type": "Point", "coordinates": [ 25.4068089, 46.9819537 ] } },
{ "type": "Feature", "properties": { "nuts3_code": "RO424", "name": "Policlinica Sănătatea", "amenity": "hospital", "beds": null }, "geometry": { "type": "Point", "coordinates": [ 21.2514168, 45.7513348 ] } },
{ "type": "Feature", "properties": { "nuts3_code": "RO113", "name": "Centrul Medical HalmaSan", "amenity": "clinic", "beds": null }, "geometry": { "type": "Point", "coordinates": [ 23.5770817, 46.767339 ] } },
{ "type": "Feature", "properties": { "nuts3_code": "RO122", "name": "Affidea", "amenity": "clinic", "beds": null }, "geometry": { "type": "Point", "coordinates": [ 25.620107, 45.6477596 ] } },
{ "type": "Feature", "properties": { "nuts3_code": "RO122", "name": "Spitalul Sfântul Constantin", "amenity": "hospital", "beds": null }, "geometry": { "type": "Point", "coordinates": [ 25.60649, 45.6509555 ] } },
{ "type": "Feature", "properties": { "nuts3_code": "RO415", "name": "Clinica balneologică Călimănești", "amenity": "clinic", "beds": null }, "geometry": { "type": "Point", "coordinates": [ 24.339471, 45.2464966 ] } },
{ "type": "Feature", "properties": { "nuts3_code": "RO424", "name": "Centru medical", "amenity": "clinic", "beds": null }, "geometry": { "type": "Point", "coordinates": [ 20.8735529, 46.0426439 ] } },
{ "type": "Feature", "properties": { "nuts3_code": "RO126", "name": "Spital", "amenity": "hospital", "beds": null }, "geometry": { "type": "Point", "coordinates": [ 23.8413078, 45.8013757 ] } },
{ "type": "Feature", "properties": { "nuts3_code": "RO415", "name": "Clinca Păușa", "amenity": "clinic", "beds": null }, "geometry": { "type": "Point", "coordinates": [ 24.3303432, 45.2581615 ] } },
{ "type": "Feature", "properties": { "nuts3_code": "RO122", "name": "Synevo", "amenity": "clinic", "beds": null }, "geometry": { "type": "Point", "coordinates": [ 25.595888, 45.6600465 ] } },
{ "type": "Feature", "properties": { "nuts3_code": "RO122", "name": "Pavilionul III", "amenity": "hospital", "beds": null }, "geometry": { "type": "Point", "coordinates": [ 25.5738498, 45.6444713 ] } },
{ "type": "Feature", "properties": { "nuts3_code": "RO122", "name": "Spitalul Mârzescu Secția de Oncologie", "amenity": "hospital", "beds": null }, "geometry": { "type": "Point", "coordinates": [ 25.5977044, 45.6523576 ] } },
{ "type": "Feature", "properties": { "nuts3_code": "RO122", "name": "Pavilionul VI", "amenity": "hospital", "beds": null }, "geometry": { "type": "Point", "coordinates": [ 25.5758716, 45.6443917 ] } },
{ "type": "Feature", "properties": { "nuts3_code": "RO122", "name": "Spitalul de Pneumoftiziologie", "amenity": "hospital", "beds": null }, "geometry": { "type": "Point", "coordinates": [ 25.5984743, 45.6522644 ] } },
{ "type": "Feature", "properties": { "nuts3_code": "RO122", "name": "Pavilionul II", "amenity": "hospital", "beds": null }, "geometry": { "type": "Point", "coordinates": [ 25.5731142, 45.6436414 ] } },
{ "type": "Feature", "properties": { "nuts3_code": "RO122", "name": "Spitalul Mârzescu", "amenity": "hospital", "beds": null }, "geometry": { "type": "Point", "coordinates": [ 25.5966845, 45.6519937 ] } },
{ "type": "Feature", "properties": { "nuts3_code": "RO122", "name": "Pavilionul V", "amenity": "hospital", "beds": null }, "geometry": { "type": "Point", "coordinates": [ 25.5759996, 45.644676 ] } },
{ "type": "Feature", "properties": { "nuts3_code": "RO122", "name": "Policlinica Studențească", "amenity": "clinic", "beds": null }, "geometry": { "type": "Point", "coordinates": [ 25.5803374, 45.6558961 ] } },
{ "type": "Feature", "properties": { "nuts3_code": "RO122", "name": "Opticristal", "amenity": "clinic", "beds": null }, "geometry": { "type": "Point", "coordinates": [ 25.6103556, 45.6479351 ] } },
{ "type": "Feature", "properties": { "nuts3_code": "RO122", "name": "Medlife - OncoCard", "amenity": "hospital", "beds": null }, "geometry": { "type": "Point", "coordinates": [ 25.575738, 45.6560435 ] } },
{ "type": "Feature", "properties": { "nuts3_code": "RO122", "name": "My Kinetic", "amenity": "clinic", "beds": null }, "geometry": { "type": "Point", "coordinates": [ 25.5871736, 45.6562091 ] } },
{ "type": "Feature", "properties": { "nuts3_code": "RO214", "name": "Spital și Azil Mănăstirea Paltin", "amenity": "hospital", "beds": null }, "geometry": { "type": "Point", "coordinates": [ 25.9764629, 47.1647232 ] } },
{ "type": "Feature", "properties": { "nuts3_code": "RO413", "name": "Policlinica Municipală", "amenity": "hospital", "beds": null }, "geometry": { "type": "Point", "coordinates": [ 22.6375647, 44.6299683 ] } },
{ "type": "Feature", "properties": { "nuts3_code": "RO113", "name": "Centrul Medical de Diabet", "amenity": "clinic", "beds": null }, "geometry": { "type": "Point", "coordinates": [ 23.5840102, 46.766959 ] } },
{ "type": "Feature", "properties": { "nuts3_code": "RO113", "name": "Dermavision", "amenity": "clinic", "beds": null }, "geometry": { "type": "Point", "coordinates": [ 23.5833115, 46.7698108 ] } },
{ "type": "Feature", "properties": { "nuts3_code": "RO113", "name": "Clinica Iris", "amenity": "clinic", "beds": null }, "geometry": { "type": "Point", "coordinates": [ 23.5686615, 46.7616882 ] } },
{ "type": "Feature", "properties": { "nuts3_code": "RO113", "name": "Centru Medical Interservisan", "amenity": "clinic", "beds": null }, "geometry": { "type": "Point", "coordinates": [ 23.5772653, 46.7652588 ] } },
{ "type": "Feature", "properties": { "nuts3_code": "RO113", "name": "Affidea", "amenity": "clinic", "beds": null }, "geometry": { "type": "Point", "coordinates": [ 23.5716193, 46.7654613 ] } },
{ "type": "Feature", "properties": { "nuts3_code": "RO113", "name": "Spitalul Clinic Căi Ferate", "amenity": "hospital", "beds": null }, "geometry": { "type": "Point", "coordinates": [ 23.5869853, 46.7657708 ] } },
{ "type": "Feature", "properties": { "nuts3_code": "RO113", "name": "Centrul de Patologie Neurovasculară şi Neurochirurgie, Dr. Florian Ștefan", "amenity": "clinic", "beds": null }, "geometry": { "type": "Point", "coordinates": [ 23.5854184, 46.7613778 ] } },
{ "type": "Feature", "properties": { "nuts3_code": "RO212", "name": "Spitalul Mavromati", "amenity": "hospital", "beds": null }, "geometry": { "type": "Point", "coordinates": [ 26.6610334, 47.7410349 ] } },
{ "type": "Feature", "properties": { "nuts3_code": "RO212", "name": "Spitalul de Obstetrică și Ginecologie", "amenity": "hospital", "beds": null }, "geometry": { "type": "Point", "coordinates": [ 26.6554218, 47.7403781 ] } },
{ "type": "Feature", "properties": { "nuts3_code": "RO113", "name": "Clinica Medicală și Chirurgie 3", "amenity": "clinic", "beds": null }, "geometry": { "type": "Point", "coordinates": [ 23.5929032, 46.7761186 ] } },
{ "type": "Feature", "properties": { "nuts3_code": "RO113", "name": "Spitalul Clinic de Adulți - Secția Clinică Obstetrică-Ginecologie II Dominic Stanca", "amenity": "clinic", "beds": null }, "geometry": { "type": "Point", "coordinates": [ 23.5995826, 46.7744405 ] } },
{ "type": "Feature", "properties": { "nuts3_code": "RO113", "name": "Radioterapie", "amenity": "clinic", "beds": null }, "geometry": { "type": "Point", "coordinates": [ 23.5948627, 46.774679 ] } },
{ "type": "Feature", "properties": { "nuts3_code": "RO113", "name": "Affidea", "amenity": "hospital", "beds": null }, "geometry": { "type": "Point", "coordinates": [ 23.5941366, 46.75772 ] } },
{ "type": "Feature", "properties": { "nuts3_code": "RO113", "name": "Venart", "amenity": "clinic", "beds": null }, "geometry": { "type": "Point", "coordinates": [ 23.5907717, 46.7567447 ] } },
{ "type": "Feature", "properties": { "nuts3_code": "RO121", "name": "Spitalul Ocna Mureș", "amenity": "hospital", "beds": null }, "geometry": { "type": "Point", "coordinates": [ 23.8603651, 46.3792837 ] } },
{ "type": "Feature", "properties": { "nuts3_code": "RO313", "name": "Sanatoriul Moroeni", "amenity": "hospital", "beds": null }, "geometry": { "type": "Point", "coordinates": [ 25.4316093, 45.2557564 ] } },
{ "type": "Feature", "properties": { "nuts3_code": "RO322", "name": "Dispensar Magurele", "amenity": "hospital", "beds": null }, "geometry": { "type": "Point", "coordinates": [ 26.0296557, 44.3502408 ] } },
{ "type": "Feature", "properties": { "nuts3_code": "RO113", "name": "Policlinica Grigorescu", "amenity": "clinic", "beds": null }, "geometry": { "type": "Point", "coordinates": [ 23.5550781, 46.76989 ] } },
{ "type": "Feature", "properties": { "nuts3_code": "RO316", "name": "Spitalul orășenesc Sinaia", "amenity": "hospital", "beds": null }, "geometry": { "type": "Point", "coordinates": [ 25.5547466, 45.3334286 ] } },
{ "type": "Feature", "properties": { "nuts3_code": "RO321", "name": "Spitalul Clinic de Urgențe Oftalmologice", "amenity": "hospital", "beds": null }, "geometry": { "type": "Point", "coordinates": [ 26.1001868, 44.4458848 ] } },
{ "type": "Feature", "properties": { "nuts3_code": "RO321", "name": "Clinica Sante", "amenity": "clinic", "beds": null }, "geometry": { "type": "Point", "coordinates": [ 26.095667, 44.3974659 ] } },
{ "type": "Feature", "properties": { "nuts3_code": "RO415", "name": "Pavilion II", "amenity": "hospital", "beds": null }, "geometry": { "type": "Point", "coordinates": [ 24.2453566, 45.3427616 ] } },
{ "type": "Feature", "properties": { "nuts3_code": "RO415", "name": "Pavilion I", "amenity": "hospital", "beds": null }, "geometry": { "type": "Point", "coordinates": [ 24.2457821, 45.3423664 ] } },
{ "type": "Feature", "properties": { "nuts3_code": "RO315", "name": "ProfDIAGNOSIS", "amenity": "hospital", "beds": null }, "geometry": { "type": "Point", "coordinates": [ 26.638006, 44.711134 ] } },
{ "type": "Feature", "properties": { "nuts3_code": "RO321", "name": "Kineto Help - fizioterapie si gimnastica medicală", "amenity": "clinic", "beds": null }, "geometry": { "type": "Point", "coordinates": [ 26.1129177, 44.3948847 ] } },
{ "type": "Feature", "properties": { "nuts3_code": "RO413", "name": "Endodiabet DEXA", "amenity": "clinic", "beds": null }, "geometry": { "type": "Point", "coordinates": [ 22.6547569, 44.6250808 ] } },
{ "type": "Feature", "properties": { "nuts3_code": "RO321", "name": "Smile Dental Spa", "amenity": "hospital", "beds": null }, "geometry": { "type": "Point", "coordinates": [ 26.0950881, 44.408963 ] } },
{ "type": "Feature", "properties": { "nuts3_code": "RO413", "name": "Spitalul Județean de Urgență", "amenity": "hospital", "beds": null }, "geometry": { "type": "Point", "coordinates": [ 22.6527155, 44.6434026 ] } },
{ "type": "Feature", "properties": { "nuts3_code": "RO321", "name": "Policlinica Alfa", "amenity": "clinic", "beds": null }, "geometry": { "type": "Point", "coordinates": [ 26.1087915, 44.3883001 ] } },
{ "type": "Feature", "properties": { "nuts3_code": "RO321", "name": "Centrul medical Neomed", "amenity": "clinic", "beds": null }, "geometry": { "type": "Point", "coordinates": [ 26.0985937, 44.3952196 ] } },
{ "type": "Feature", "properties": { "nuts3_code": "RO413", "name": "Spitalul C.F.R.", "amenity": "hospital", "beds": null }, "geometry": { "type": "Point", "coordinates": [ 22.6416151, 44.6235487 ] } },
{ "type": "Feature", "properties": { "nuts3_code": "RO413", "name": "Policlinica Medchim", "amenity": "clinic", "beds": null }, "geometry": { "type": "Point", "coordinates": [ 22.6556598, 44.6389998 ] } },
{ "type": "Feature", "properties": { "nuts3_code": "RO316", "name": "Spital de ortopedie si traumatologie Azuga", "amenity": "hospital", "beds": null }, "geometry": { "type": "Point", "coordinates": [ 25.5543775, 45.4265631 ] } },
{ "type": "Feature", "properties": { "nuts3_code": "RO124", "name": null, "amenity": "clinic", "beds": null }, "geometry": { "type": "Point", "coordinates": [ 25.6015586, 46.7245934 ] } },
{ "type": "Feature", "properties": { "nuts3_code": "RO223", "name": "Sanatoriul balnear si de recuperare Techirghiol", "amenity": "clinic", "beds": null }, "geometry": { "type": "Point", "coordinates": [ 28.6055006, 44.0493816 ] } },
{ "type": "Feature", "properties": { "nuts3_code": "RO116", "name": "Cabinet medical", "amenity": "hospital", "beds": null }, "geometry": { "type": "Point", "coordinates": [ 22.7813956, 47.0768143 ] } },
{ "type": "Feature", "properties": { "nuts3_code": "RO413", "name": "Secția balneo fizioterapie recuperare medicală a Spitalului Județean", "amenity": "hospital", "beds": null }, "geometry": { "type": "Point", "coordinates": [ 22.6632393, 44.6251338 ] } },
{ "type": "Feature", "properties": { "nuts3_code": "RO413", "name": "Centrul de dializă Fresenius NephroCare", "amenity": "clinic", "beds": null }, "geometry": { "type": "Point", "coordinates": [ 22.6613202, 44.624885 ] } },
{ "type": "Feature", "properties": { "nuts3_code": "RO413", "name": "Spitalul Grecescu", "amenity": "hospital", "beds": null }, "geometry": { "type": "Point", "coordinates": [ 22.6437568, 44.6236009 ] } },
{ "type": "Feature", "properties": { "nuts3_code": "RO413", "name": "Secția pneumoftiziologie TBC a Spitalului Județean", "amenity": "hospital", "beds": null }, "geometry": { "type": "Point", "coordinates": [ 22.6408285, 44.6248016 ] } },
{ "type": "Feature", "properties": { "nuts3_code": "RO413", "name": null, "amenity": "clinic", "beds": null }, "geometry": { "type": "Point", "coordinates": [ 22.6571855, 44.6286911 ] } },
{ "type": "Feature", "properties": { "nuts3_code": "RO413", "name": "Centrul de transfuzie sanguină", "amenity": "clinic", "beds": null }, "geometry": { "type": "Point", "coordinates": [ 22.6626594, 44.6244966 ] } },
{ "type": "Feature", "properties": { "nuts3_code": "RO411", "name": "Spitalul Clinic Județean de Urgență", "amenity": "hospital", "beds": null }, "geometry": { "type": "Point", "coordinates": [ 23.7916386, 44.3052737 ] } },
{ "type": "Feature", "properties": { "nuts3_code": "RO411", "name": "Spitalul Clinic de Neuropsihiatrie", "amenity": "hospital", "beds": null }, "geometry": { "type": "Point", "coordinates": [ 23.8163887, 44.3176558 ] } },
{ "type": "Feature", "properties": { "nuts3_code": "RO411", "name": "Spitalul Clinic Nr.2 Filantropia", "amenity": "hospital", "beds": null }, "geometry": { "type": "Point", "coordinates": [ 23.791897, 44.3220257 ] } },
{ "type": "Feature", "properties": { "nuts3_code": "RO411", "name": "Clinica de Pediatrie", "amenity": "hospital", "beds": null }, "geometry": { "type": "Point", "coordinates": [ 23.8013596, 44.302797 ] } },
{ "type": "Feature", "properties": { "nuts3_code": "RO411", "name": "Clinica de Neuropsihiatrie", "amenity": "hospital", "beds": null }, "geometry": { "type": "Point", "coordinates": [ 23.8046558, 44.2953362 ] } },
{ "type": "Feature", "properties": { "nuts3_code": "RO321", "name": "Policlinica Vitan", "amenity": "clinic", "beds": null }, "geometry": { "type": "Point", "coordinates": [ 26.126108, 44.4229017 ] } },
{ "type": "Feature", "properties": { "nuts3_code": "RO225", "name": "Spitalul Orășenesc Măcin", "amenity": "hospital", "beds": null }, "geometry": { "type": "Point", "coordinates": [ 28.1352035, 45.245346 ] } },
{ "type": "Feature", "properties": { "nuts3_code": "RO321", "name": "Veridia", "amenity": "clinic", "beds": null }, "geometry": { "type": "Point", "coordinates": [ 26.1154378, 44.4306671 ] } },
{ "type": "Feature", "properties": { "nuts3_code": "RO116", "name": "Spitalul Județean Sălaj", "amenity": "hospital", "beds": null }, "geometry": { "type": "Point", "coordinates": [ 23.0511013, 47.1928425 ] } },
{ "type": "Feature", "properties": { "nuts3_code": "RO421", "name": "MEDIQA Centru Medical", "amenity": "clinic", "beds": null }, "geometry": { "type": "Point", "coordinates": [ 21.3247792, 46.1861048 ] } },
{ "type": "Feature", "properties": { "nuts3_code": "RO421", "name": "B Braun Centru de Dializă", "amenity": "clinic", "beds": null }, "geometry": { "type": "Point", "coordinates": [ 21.3217944, 46.1889266 ] } },
{ "type": "Feature", "properties": { "nuts3_code": "RO421", "name": "Infomedica", "amenity": "clinic", "beds": null }, "geometry": { "type": "Point", "coordinates": [ 21.3010356, 46.1957689 ] } },
{ "type": "Feature", "properties": { "nuts3_code": "RO421", "name": "Centrul de Transfuzie Sanguină", "amenity": "clinic", "beds": null }, "geometry": { "type": "Point", "coordinates": [ 21.3067425, 46.1827711 ] } },
{ "type": "Feature", "properties": { "nuts3_code": "RO421", "name": "Policlinica Vlaicu", "amenity": "clinic", "beds": null }, "geometry": { "type": "Point", "coordinates": [ 21.2985679, 46.193139 ] } },
{ "type": "Feature", "properties": { "nuts3_code": "RO421", "name": null, "amenity": "clinic", "beds": null }, "geometry": { "type": "Point", "coordinates": [ 21.2986653, 46.1979093 ] } },
{ "type": "Feature", "properties": { "nuts3_code": "RO421", "name": "Policlinica Municipală", "amenity": "clinic", "beds": null }, "geometry": { "type": "Point", "coordinates": [ 21.3214835, 46.1792217 ] } },
{ "type": "Feature", "properties": { "nuts3_code": "RO421", "name": "Labormed", "amenity": "clinic", "beds": null }, "geometry": { "type": "Point", "coordinates": [ 21.3193694, 46.1819539 ] } },
{ "type": "Feature", "properties": { "nuts3_code": "RO421", "name": null, "amenity": "hospital", "beds": null }, "geometry": { "type": "Point", "coordinates": [ 21.3076115, 46.1725177 ] } },
{ "type": "Feature", "properties": { "nuts3_code": "RO423", "name": "Policlinica Brad", "amenity": "clinic", "beds": null }, "geometry": { "type": "Point", "coordinates": [ 22.791222, 46.1264168 ] } },
{ "type": "Feature", "properties": { "nuts3_code": "RO126", "name": "Serviciul Județean de Ambulanță Sibiu", "amenity": "hospital", "beds": null }, "geometry": { "type": "Point", "coordinates": [ 24.1588865, 45.7978267 ] } },
{ "type": "Feature", "properties": { "nuts3_code": "RO311", "name": "Spitalul Municipal Curtea de Argeș", "amenity": "hospital", "beds": null }, "geometry": { "type": "Point", "coordinates": [ 24.6787793, 45.1490935 ] } },
{ "type": "Feature", "properties": { "nuts3_code": "RO423", "name": "Dispensar Baia de Criș", "amenity": "hospital", "beds": null }, "geometry": { "type": "Point", "coordinates": [ 22.7159192, 46.1747244 ] } },
{ "type": "Feature", "properties": { "nuts3_code": "RO421", "name": "Serviciul Județean de Medicină Legală", "amenity": "clinic", "beds": null }, "geometry": { "type": "Point", "coordinates": [ 21.307281, 46.1832955 ] } },
{ "type": "Feature", "properties": { "nuts3_code": "RO421", "name": "Policlinica Județeană", "amenity": "clinic", "beds": null }, "geometry": { "type": "Point", "coordinates": [ 21.3074932, 46.183181 ] } },
{ "type": "Feature", "properties": { "nuts3_code": "RO411", "name": "Spitalul Calafat - Secția exterioara TBC Pneumologie", "amenity": "hospital", "beds": null }, "geometry": { "type": "Point", "coordinates": [ 23.0997599, 43.9127153 ] } },
{ "type": "Feature", "properties": { "nuts3_code": "RO114", "name": "Spitalul Județean de Urgență Dr. Constantin Opriș", "amenity": "hospital", "beds": null }, "geometry": { "type": "Point", "coordinates": [ 23.5544485, 47.6548519 ] } },
{ "type": "Feature", "properties": { "nuts3_code": "RO322", "name": "Dispensar Chitila", "amenity": "clinic", "beds": null }, "geometry": { "type": "Point", "coordinates": [ 25.9818468, 44.5087288 ] } },
{ "type": "Feature", "properties": { "nuts3_code": "RO421", "name": "Spitalul Clinic Municipal", "amenity": "hospital", "beds": null }, "geometry": { "type": "Point", "coordinates": [ 21.3146995, 46.179479 ] } },
{ "type": "Feature", "properties": { "nuts3_code": "RO421", "name": "Centrul Medical Mediar", "amenity": "clinic", "beds": null }, "geometry": { "type": "Point", "coordinates": [ 21.3214919, 46.1828142 ] } },
{ "type": "Feature", "properties": { "nuts3_code": "RO421", "name": "Medfemme", "amenity": "clinic", "beds": null }, "geometry": { "type": "Point", "coordinates": [ 21.3201289, 46.1832825 ] } },
{ "type": "Feature", "properties": { "nuts3_code": "RO421", "name": "CRRCH Centru de Recuperare și Reabilitare pentru Copii cu Handicap", "amenity": "clinic", "beds": null }, "geometry": { "type": "Point", "coordinates": [ 21.319043, 46.1801333 ] } },
{ "type": "Feature", "properties": { "nuts3_code": "RO411", "name": "Spitalul Orășenesc Segarcea", "amenity": "hospital", "beds": null }, "geometry": { "type": "Point", "coordinates": [ 23.7429713, 44.0995179 ] } },
{ "type": "Feature", "properties": { "nuts3_code": "RO411", "name": "Policlinica Segarcea", "amenity": "clinic", "beds": null }, "geometry": { "type": "Point", "coordinates": [ 23.7443897, 44.0995283 ] } },
{ "type": "Feature", "properties": { "nuts3_code": "RO413", "name": null, "amenity": "clinic", "beds": null }, "geometry": { "type": "Point", "coordinates": [ 22.6498474, 44.645183 ] } },
{ "type": "Feature", "properties": { "nuts3_code": "RO126", "name": "Dispensar", "amenity": "hospital", "beds": null }, "geometry": { "type": "Point", "coordinates": [ 23.7274542, 45.8087734 ] } },
{ "type": "Feature", "properties": { "nuts3_code": "RO122", "name": "Policlinica", "amenity": "clinic", "beds": null }, "geometry": { "type": "Point", "coordinates": [ 25.7242579, 45.6155136 ] } },
{ "type": "Feature", "properties": { "nuts3_code": "RO212", "name": "Spitalul de Pneumoftiziologie", "amenity": "hospital", "beds": null }, "geometry": { "type": "Point", "coordinates": [ 26.6639843, 47.7344591 ] } },
{ "type": "Feature", "properties": { "nuts3_code": "RO212", "name": "Spitalul de Psihiatrie", "amenity": "hospital", "beds": null }, "geometry": { "type": "Point", "coordinates": [ 26.6907079, 47.7338683 ] } },
{ "type": "Feature", "properties": { "nuts3_code": "RO212", "name": "Spitalul de Recuperare Sfântul Gheorghe", "amenity": "hospital", "beds": null }, "geometry": { "type": "Point", "coordinates": [ 26.6363407, 47.7530063 ] } },
{ "type": "Feature", "properties": { "nuts3_code": "RO321", "name": "Medicover Pipera", "amenity": "hospital", "beds": null }, "geometry": { "type": "Point", "coordinates": [ 26.1197855, 44.4786643 ] } },
{ "type": "Feature", "properties": { "nuts3_code": "RO321", "name": "Centrul Medico-Social \"Sfântul Andrei\"", "amenity": "clinic", "beds": null }, "geometry": { "type": "Point", "coordinates": [ 26.1308765, 44.3826569 ] } },
{ "type": "Feature", "properties": { "nuts3_code": "RO315", "name": "BioMed", "amenity": "clinic", "beds": null }, "geometry": { "type": "Point", "coordinates": [ 27.353655, 44.5620152 ] } },
{ "type": "Feature", "properties": { "nuts3_code": "RO125", "name": "Cabinet Medical", "amenity": "clinic", "beds": null }, "geometry": { "type": "Point", "coordinates": [ 24.7663984, 46.158507 ] } },
{ "type": "Feature", "properties": { "nuts3_code": "RO322", "name": "Centrul Medical Chitila", "amenity": "clinic", "beds": null }, "geometry": { "type": "Point", "coordinates": [ 25.9939253, 44.5007836 ] } },
{ "type": "Feature", "properties": { "nuts3_code": "RO411", "name": "Stomatologie", "amenity": "clinic", "beds": null }, "geometry": { "type": "Point", "coordinates": [ 23.8151126, 44.3175595 ] } },
{ "type": "Feature", "properties": { "nuts3_code": "RO215", "name": null, "amenity": "hospital", "beds": null }, "geometry": { "type": "Point", "coordinates": [ 25.9112529, 47.8409429 ] } },
{ "type": "Feature", "properties": { "nuts3_code": "RO122", "name": null, "amenity": "hospital", "beds": null }, "geometry": { "type": "Point", "coordinates": [ 24.7057625, 45.7259564 ] } },
{ "type": "Feature", "properties": { "nuts3_code": "RO321", "name": "Centrul Medical Apolo", "amenity": "clinic", "beds": null }, "geometry": { "type": "Point", "coordinates": [ 26.0752534, 44.4208802 ] } },
{ "type": "Feature", "properties": { "nuts3_code": "RO412", "name": "Policlinica Motru", "amenity": "clinic", "beds": null }, "geometry": { "type": "Point", "coordinates": [ 22.9735497, 44.8025753 ] } },
{ "type": "Feature", "properties": { "nuts3_code": "RO415", "name": "Clinica Ostroveni", "amenity": "clinic", "beds": null }, "geometry": { "type": "Point", "coordinates": [ 24.3709637, 45.0931888 ] } },
{ "type": "Feature", "properties": { "nuts3_code": "RO113", "name": "Cabinet medical", "amenity": "hospital", "beds": null }, "geometry": { "type": "Point", "coordinates": [ 22.9856207, 46.8298683 ] } },
{ "type": "Feature", "properties": { "nuts3_code": "RO223", "name": "Clinica MAN", "amenity": "clinic", "beds": null }, "geometry": { "type": "Point", "coordinates": [ 28.6129763, 44.1715003 ] } },
{ "type": "Feature", "properties": { "nuts3_code": "RO411", "name": "Policlinica Spitalului Filantropia", "amenity": "hospital", "beds": null }, "geometry": { "type": "Point", "coordinates": [ 23.7893991, 44.3255062 ] } },
{ "type": "Feature", "properties": { "nuts3_code": "RO211", "name": "Spitalul Municipal Onești Sfântul Ierarh Doctor Luca", "amenity": "hospital", "beds": null }, "geometry": { "type": "Point", "coordinates": [ 26.764315, 46.2545083 ] } },
{ "type": "Feature", "properties": { "nuts3_code": "RO211", "name": null, "amenity": "clinic", "beds": null }, "geometry": { "type": "Point", "coordinates": [ 26.7767709, 46.2557669 ] } },
{ "type": "Feature", "properties": { "nuts3_code": "RO411", "name": "Policlinica M&M", "amenity": "clinic", "beds": null }, "geometry": { "type": "Point", "coordinates": [ 23.7971961, 44.3001435 ] } },
{ "type": "Feature", "properties": { "nuts3_code": "RO113", "name": "Spitalul Clinic de Urgență pentru Copii Cluj-Napoca - Neonatologie-Prematuri", "amenity": "clinic", "beds": null }, "geometry": { "type": "Point", "coordinates": [ 23.5466841, 46.7672853 ] } },
{ "type": "Feature", "properties": { "nuts3_code": "RO223", "name": "Gama Diamed", "amenity": "clinic", "beds": null }, "geometry": { "type": "Point", "coordinates": [ 28.5760476, 43.8093184 ] } },
{ "type": "Feature", "properties": { "nuts3_code": "RO113", "name": "Spitalul de Boli Psihice Cronice Borșa", "amenity": "hospital", "beds": null }, "geometry": { "type": "Point", "coordinates": [ 23.6574571, 46.9331382 ] } },
{ "type": "Feature", "properties": { "nuts3_code": "RO213", "name": "Spitalul Orășenesc Hârlău", "amenity": "hospital", "beds": null }, "geometry": { "type": "Point", "coordinates": [ 26.8983617, 47.4308733 ] } },
{ "type": "Feature", "properties": { "nuts3_code": "RO316", "name": "Spitalul Orășenesc Slănic", "amenity": "hospital", "beds": null }, "geometry": { "type": "Point", "coordinates": [ 25.9398058, 45.2406792 ] } },
{ "type": "Feature", "properties": { "nuts3_code": "RO125", "name": "Spital", "amenity": "hospital", "beds": null }, "geometry": { "type": "Point", "coordinates": [ 25.0712116, 46.5937119 ] } },
{ "type": "Feature", "properties": { "nuts3_code": "RO214", "name": null, "amenity": "clinic", "beds": null }, "geometry": { "type": "Point", "coordinates": [ 26.3728787, 46.9239828 ] } },
{ "type": "Feature", "properties": { "nuts3_code": "RO214", "name": "Antares Clinic", "amenity": "clinic", "beds": null }, "geometry": { "type": "Point", "coordinates": [ 26.3626334, 46.9284099 ] } },
{ "type": "Feature", "properties": { "nuts3_code": "RO214", "name": null, "amenity": "clinic", "beds": null }, "geometry": { "type": "Point", "coordinates": [ 26.3746424, 46.9239344 ] } },
{ "type": "Feature", "properties": { "nuts3_code": "RO214", "name": "BIOMEDICA", "amenity": "clinic", "beds": null }, "geometry": { "type": "Point", "coordinates": [ 26.3728594, 46.9285515 ] } },
{ "type": "Feature", "properties": { "nuts3_code": "RO113", "name": "Spitalul Clinic de Adulți - Secția Clinică Obstetrică-Ginecologie II Dominic Stanca", "amenity": "clinic", "beds": null }, "geometry": { "type": "Point", "coordinates": [ 23.6001058, 46.7745823 ] } },
{ "type": "Feature", "properties": { "nuts3_code": "RO214", "name": "Antares Clinic", "amenity": "clinic", "beds": null }, "geometry": { "type": "Point", "coordinates": [ 26.3669083, 46.9327349 ] } },
{ "type": "Feature", "properties": { "nuts3_code": "RO222", "name": "Maternitatea Buzău", "amenity": "clinic", "beds": null }, "geometry": { "type": "Point", "coordinates": [ 26.8273187, 45.1487513 ] } },
{ "type": "Feature", "properties": { "nuts3_code": "RO113", "name": "Clinica Chirurgie III", "amenity": "clinic", "beds": null }, "geometry": { "type": "Point", "coordinates": [ 23.5918087, 46.7762701 ] } },
{ "type": "Feature", "properties": { "nuts3_code": "RO222", "name": null, "amenity": "hospital", "beds": null }, "geometry": { "type": "Point", "coordinates": [ 26.82294, 45.1491315 ] } },
{ "type": "Feature", "properties": { "nuts3_code": "RO125", "name": "Városi kórház", "amenity": "hospital", "beds": null }, "geometry": { "type": "Point", "coordinates": [ 24.8383815, 46.4322669 ] } },
{ "type": "Feature", "properties": { "nuts3_code": "RO222", "name": "Secția de Neurologie a Spitalului Săpoca", "amenity": "clinic", "beds": null }, "geometry": { "type": "Point", "coordinates": [ 26.8323727, 45.1515356 ] } },
{ "type": "Feature", "properties": { "nuts3_code": "RO216", "name": "Dispensar Hoceni", "amenity": "hospital", "beds": null }, "geometry": { "type": "Point", "coordinates": [ 28.0111896, 46.5381503 ] } },
{ "type": "Feature", "properties": { "nuts3_code": "RO216", "name": "Farmacia Hoceni", "amenity": "hospital", "beds": null }, "geometry": { "type": "Point", "coordinates": [ 28.0115457, 46.5371009 ] } },
{ "type": "Feature", "properties": { "nuts3_code": "RO223", "name": "Policlinica Tomis", "amenity": "clinic", "beds": null }, "geometry": { "type": "Point", "coordinates": [ 28.6432776, 44.182699 ] } },
{ "type": "Feature", "properties": { "nuts3_code": "RO111", "name": "Dispensar Brusturi", "amenity": "clinic", "beds": null }, "geometry": { "type": "Point", "coordinates": [ 22.2398796, 47.1576347 ] } },
{ "type": "Feature", "properties": { "nuts3_code": "RO222", "name": null, "amenity": "hospital", "beds": null }, "geometry": { "type": "Point", "coordinates": [ 26.8367182, 45.1436064 ] } },
{ "type": "Feature", "properties": { "nuts3_code": "RO321", "name": "Centrul Medical Humanitas", "amenity": "clinic", "beds": null }, "geometry": { "type": "Point", "coordinates": [ 26.0157379, 44.4365396 ] } },
{ "type": "Feature", "properties": { "nuts3_code": "RO223", "name": "Medstar 2000", "amenity": "clinic", "beds": null }, "geometry": { "type": "Point", "coordinates": [ 28.6457708, 44.2029104 ] } },
{ "type": "Feature", "properties": { "nuts3_code": "RO223", "name": "Diantus Estet", "amenity": "clinic", "beds": null }, "geometry": { "type": "Point", "coordinates": [ 28.6458365, 44.2026257 ] } },
{ "type": "Feature", "properties": { "nuts3_code": "RO126", "name": "Dispensar", "amenity": "clinic", "beds": null }, "geometry": { "type": "Point", "coordinates": [ 24.621366, 45.9753788 ] } },
{ "type": "Feature", "properties": { "nuts3_code": "RO123", "name": "Spitalul Orășenesc Covasna", "amenity": "hospital", "beds": null }, "geometry": { "type": "Point", "coordinates": [ 26.1628153, 45.8438295 ] } },
{ "type": "Feature", "properties": { "nuts3_code": "RO321", "name": "Spitalul Monza", "amenity": "hospital", "beds": null }, "geometry": { "type": "Point", "coordinates": [ 26.1490091, 44.4390375 ] } },
{ "type": "Feature", "properties": { "nuts3_code": "RO223", "name": null, "amenity": "clinic", "beds": null }, "geometry": { "type": "Point", "coordinates": [ 28.6336176, 44.1726241 ] } },
{ "type": "Feature", "properties": { "nuts3_code": "RO115", "name": null, "amenity": "hospital", "beds": null }, "geometry": { "type": "Point", "coordinates": [ 22.5850479, 47.4765343 ] } },
{ "type": "Feature", "properties": { "nuts3_code": "RO115", "name": null, "amenity": "hospital", "beds": null }, "geometry": { "type": "Point", "coordinates": [ 22.585201, 47.4745698 ] } },
{ "type": "Feature", "properties": { "nuts3_code": "RO115", "name": null, "amenity": "hospital", "beds": null }, "geometry": { "type": "Point", "coordinates": [ 22.5854588, 47.474595 ] } },
{ "type": "Feature", "properties": { "nuts3_code": "RO115", "name": null, "amenity": "hospital", "beds": null }, "geometry": { "type": "Point", "coordinates": [ 22.5876024, 47.4779797 ] } },
{ "type": "Feature", "properties": { "nuts3_code": "RO112", "name": "Spitalul de Bătrâni", "amenity": "hospital", "beds": null }, "geometry": { "type": "Point", "coordinates": [ 24.5050721, 46.9115271 ] } },
{ "type": "Feature", "properties": { "nuts3_code": "RO311", "name": "Centrul de dializa Fresenius NephrocareCampulung-Muscel", "amenity": "hospital", "beds": null }, "geometry": { "type": "Point", "coordinates": [ 25.0525138, 45.2731381 ] } },
{ "type": "Feature", "properties": { "nuts3_code": "RO414", "name": "Spitalul Județean de Urgență Slatina", "amenity": "hospital", "beds": null }, "geometry": { "type": "Point", "coordinates": [ 24.3668949, 44.4326556 ] } },
{ "type": "Feature", "properties": { "nuts3_code": "RO115", "name": "Policlinica Carei", "amenity": "hospital", "beds": null }, "geometry": { "type": "Point", "coordinates": [ 22.4650552, 47.6810566 ] } },
{ "type": "Feature", "properties": { "nuts3_code": "RO115", "name": "Policlinica Carei", "amenity": "hospital", "beds": null }, "geometry": { "type": "Point", "coordinates": [ 22.4656404, 47.6809047 ] } },
{ "type": "Feature", "properties": { "nuts3_code": "RO115", "name": "Policlinica Carei", "amenity": "hospital", "beds": null }, "geometry": { "type": "Point", "coordinates": [ 22.4655652, 47.6812894 ] } },
{ "type": "Feature", "properties": { "nuts3_code": "RO313", "name": "Spitalul Municipal Moreni", "amenity": "hospital", "beds": null }, "geometry": { "type": "Point", "coordinates": [ 25.6466609, 44.9776555 ] } },
{ "type": "Feature", "properties": { "nuts3_code": "RO321", "name": "ArcaLife", "amenity": "clinic", "beds": null }, "geometry": { "type": "Point", "coordinates": [ 26.0531462, 44.4849701 ] } },
{ "type": "Feature", "properties": { "nuts3_code": "RO321", "name": "Alpha Medical", "amenity": "clinic", "beds": null }, "geometry": { "type": "Point", "coordinates": [ 26.1086161, 44.3880348 ] } },
{ "type": "Feature", "properties": { "nuts3_code": "RO424", "name": "Neuromed", "amenity": "clinic", "beds": null }, "geometry": { "type": "Point", "coordinates": [ 21.2130231, 45.7410837 ] } },
{ "type": "Feature", "properties": { "nuts3_code": "RO424", "name": "Neuromed", "amenity": "clinic", "beds": null }, "geometry": { "type": "Point", "coordinates": [ 21.2332324, 45.7368586 ] } },
{ "type": "Feature", "properties": { "nuts3_code": "RO424", "name": "Centrul de Terapii Genice și Celulare în Tratamentul Cancerului (OncoGen)", "amenity": "clinic", "beds": null }, "geometry": { "type": "Point", "coordinates": [ 21.2407826, 45.7369465 ] } },
{ "type": "Feature", "properties": { "nuts3_code": "RO126", "name": "Spitalul Militar de Urgențe “Dr. Alexandru Augustin” Sibiu", "amenity": "hospital", "beds": null }, "geometry": { "type": "Point", "coordinates": [ 24.1386968, 45.7850329 ] } },
{ "type": "Feature", "properties": { "nuts3_code": "RO111", "name": "Iasmed", "amenity": "clinic", "beds": null }, "geometry": { "type": "Point", "coordinates": [ 21.9541795, 47.0654083 ] } },
{ "type": "Feature", "properties": { "nuts3_code": "RO111", "name": "Spitalul Clinic Judetean", "amenity": "hospital", "beds": null }, "geometry": { "type": "Point", "coordinates": [ 21.9539593, 47.0640899 ] } },
{ "type": "Feature", "properties": { "nuts3_code": "RO222", "name": "Spitalul de Neuropsihiatrie Săpoca", "amenity": "hospital", "beds": null }, "geometry": { "type": "Point", "coordinates": [ 26.7455318, 45.238776 ] } },
{ "type": "Feature", "properties": { "nuts3_code": "RO223", "name": "Cermed", "amenity": "clinic", "beds": null }, "geometry": { "type": "Point", "coordinates": [ 28.6117777, 44.1735574 ] } },
{ "type": "Feature", "properties": { "nuts3_code": "RO424", "name": "Spitalul Clinic de Boli Infecțioase și Pneumoftiziologie Dr. Victor Babeș", "amenity": "hospital", "beds": null }, "geometry": { "type": "Point", "coordinates": [ 21.2591209, 45.7680853 ] } },
{ "type": "Feature", "properties": { "nuts3_code": "RO424", "name": "Institutul de Boli Cardiovasculare", "amenity": "hospital", "beds": null }, "geometry": { "type": "Point", "coordinates": [ 21.2589768, 45.7691679 ] } },
{ "type": "Feature", "properties": { "nuts3_code": "RO126", "name": "Med Clinic", "amenity": "clinic", "beds": null }, "geometry": { "type": "Point", "coordinates": [ 24.1572351, 45.7831096 ] } },
{ "type": "Feature", "properties": { "nuts3_code": "RO126", "name": "Clinica Misan Med", "amenity": "clinic", "beds": null }, "geometry": { "type": "Point", "coordinates": [ 24.1547717, 45.7843838 ] } },
{ "type": "Feature", "properties": { "nuts3_code": "RO121", "name": "ENLA - Centru dezalcoolizare și dezintoxicare, comunitate terapeutică", "amenity": "clinic", "beds": null }, "geometry": { "type": "Point", "coordinates": [ 23.4551652, 45.9191458 ] } },
{ "type": "Feature", "properties": { "nuts3_code": "RO214", "name": "Dispensarul Negrești", "amenity": "clinic", "beds": null }, "geometry": { "type": "Point", "coordinates": [ 26.3779587, 47.0283438 ] } },
{ "type": "Feature", "properties": { "nuts3_code": "RO321", "name": "Spitalul Clinic de Urgență \"Bagdasar-Arseni\"", "amenity": "hospital", "beds": null }, "geometry": { "type": "Point", "coordinates": [ 26.1279087, 44.3853828 ] } },
{ "type": "Feature", "properties": { "nuts3_code": "RO126", "name": "Spitalul Clinic Județean - Clinica de Pediatrie", "amenity": "hospital", "beds": null }, "geometry": { "type": "Point", "coordinates": [ 24.1554348, 45.7953103 ] } },
{ "type": "Feature", "properties": { "nuts3_code": "RO126", "name": null, "amenity": "hospital", "beds": null }, "geometry": { "type": "Point", "coordinates": [ 24.1558637, 45.7921647 ] } },
{ "type": "Feature", "properties": { "nuts3_code": "RO312", "name": "Policlinica 2", "amenity": "hospital", "beds": null }, "geometry": { "type": "Point", "coordinates": [ 27.3167569, 44.207107 ] } },
{ "type": "Feature", "properties": { "nuts3_code": "RO125", "name": "Spital Ceuașu de Câmpie", "amenity": "hospital", "beds": null }, "geometry": { "type": "Point", "coordinates": [ 24.5161282, 46.640191 ] } },
{ "type": "Feature", "properties": { "nuts3_code": "RO111", "name": "Spitalul Pelican", "amenity": "hospital", "beds": null }, "geometry": { "type": "Point", "coordinates": [ 21.9162861, 47.0759891 ] } },
{ "type": "Feature", "properties": { "nuts3_code": "RO123", "name": null, "amenity": "hospital", "beds": null }, "geometry": { "type": "Point", "coordinates": [ 26.1653348, 45.8459275 ] } },
{ "type": "Feature", "properties": { "nuts3_code": "RO123", "name": null, "amenity": "hospital", "beds": null }, "geometry": { "type": "Point", "coordinates": [ 26.1670666, 45.8443928 ] } },
{ "type": "Feature", "properties": { "nuts3_code": "RO412", "name": "Life Scan", "amenity": "clinic", "beds": null }, "geometry": { "type": "Point", "coordinates": [ 23.2748787, 45.0428656 ] } },
{ "type": "Feature", "properties": { "nuts3_code": "RO321", "name": "Joyvet - Cabinet Veterinar", "amenity": "hospital", "beds": null }, "geometry": { "type": "Point", "coordinates": [ 26.1179104, 44.4204077 ] } },
{ "type": "Feature", "properties": { "nuts3_code": "RO113", "name": "Policlinica Teritoriala", "amenity": "clinic", "beds": null }, "geometry": { "type": "Point", "coordinates": [ 23.0303208, 46.864035 ] } },
{ "type": "Feature", "properties": { "nuts3_code": "RO212", "name": "Centrul de diagnostic Lux-Ro", "amenity": "clinic", "beds": null }, "geometry": { "type": "Point", "coordinates": [ 26.6708285, 47.7444352 ] } },
{ "type": "Feature", "properties": { "nuts3_code": "RO124", "name": "Spitalul de Psihiatrie Tulgheș", "amenity": "hospital", "beds": null }, "geometry": { "type": "Point", "coordinates": [ 25.7596598, 46.9593912 ] } },
{ "type": "Feature", "properties": { "nuts3_code": "RO424", "name": "UPU Buziaș", "amenity": "clinic", "beds": null }, "geometry": { "type": "Point", "coordinates": [ 21.6020014, 45.6524515 ] } },
{ "type": "Feature", "properties": { "nuts3_code": "RO411", "name": "Spitalul Municipal Profesor Doctor Irinel Popescu", "amenity": "hospital", "beds": null }, "geometry": { "type": "Point", "coordinates": [ 23.3496547, 44.0297696 ] } },
{ "type": "Feature", "properties": { "nuts3_code": "RO313", "name": "Policlinica 1", "amenity": "hospital", "beds": null }, "geometry": { "type": "Point", "coordinates": [ 25.4565523, 44.9269228 ] } },
{ "type": "Feature", "properties": { "nuts3_code": "RO223", "name": "Policlinica de stomatologie nr. 1", "amenity": "clinic", "beds": null }, "geometry": { "type": "Point", "coordinates": [ 28.6476077, 44.1817185 ] } },
{ "type": "Feature", "properties": { "nuts3_code": "RO411", "name": "Spitalul de Psihiatrie Poiana Mare", "amenity": "hospital", "beds": null }, "geometry": { "type": "Point", "coordinates": [ 23.0701965, 43.9338955 ] } },
{ "type": "Feature", "properties": { "nuts3_code": "RO424", "name": "Clinica de Psihiatrie și Neurologie Pediatrică", "amenity": "hospital", "beds": null }, "geometry": { "type": "Point", "coordinates": [ 21.2206282, 45.7407283 ] } },
{ "type": "Feature", "properties": { "nuts3_code": "RO111", "name": "Cabinete medicale.", "amenity": "hospital", "beds": null }, "geometry": { "type": "Point", "coordinates": [ 22.4559309, 46.5409143 ] } },
{ "type": "Feature", "properties": { "nuts3_code": "RO313", "name": "Optic Art", "amenity": "clinic", "beds": null }, "geometry": { "type": "Point", "coordinates": [ 25.4553035, 44.9244604 ] } },
{ "type": "Feature", "properties": { "nuts3_code": "RO114", "name": "Spitalul de Pneumoftiziologie", "amenity": "hospital", "beds": null }, "geometry": { "type": "Point", "coordinates": [ 23.552112, 47.6626892 ] } },
{ "type": "Feature", "properties": { "nuts3_code": "RO114", "name": "Centrul de Transfuzii Sanguine", "amenity": "clinic", "beds": null }, "geometry": { "type": "Point", "coordinates": [ 23.5611077, 47.6576768 ] } },
{ "type": "Feature", "properties": { "nuts3_code": "RO424", "name": "Spitalul Clinic Căi Ferate", "amenity": "hospital", "beds": null }, "geometry": { "type": "Point", "coordinates": [ 21.2184882, 45.7493272 ] } },
{ "type": "Feature", "properties": { "nuts3_code": "RO424", "name": "Clinica Universitară de Obstetrică Ginecologie Bega", "amenity": "hospital", "beds": null }, "geometry": { "type": "Point", "coordinates": [ 21.2294817, 45.7439005 ] } },
{ "type": "Feature", "properties": { "nuts3_code": "RO424", "name": "Policlinica Praxis", "amenity": "clinic", "beds": null }, "geometry": { "type": "Point", "coordinates": [ 21.2319868, 45.7415583 ] } },
{ "type": "Feature", "properties": { "nuts3_code": "RO422", "name": "Spitalul Județean de Urgență Reșița", "amenity": "hospital", "beds": null }, "geometry": { "type": "Point", "coordinates": [ 21.8814018, 45.3248335 ] } },
{ "type": "Feature", "properties": { "nuts3_code": "RO424", "name": "Spitalul Orășenesc", "amenity": "hospital", "beds": null }, "geometry": { "type": "Point", "coordinates": [ 22.1715224, 45.8450412 ] } },
{ "type": "Feature", "properties": { "nuts3_code": "RO315", "name": "Spitalul Municipal Anghel Saligny", "amenity": "hospital", "beds": null }, "geometry": { "type": "Point", "coordinates": [ 27.827449, 44.4080185 ] } },
{ "type": "Feature", "properties": { "nuts3_code": "RO422", "name": "Spitalul Municipal de Urgență", "amenity": "hospital", "beds": null }, "geometry": { "type": "Point", "coordinates": [ 22.2290304, 45.4116667 ] } },
{ "type": "Feature", "properties": { "nuts3_code": "RO421", "name": "Spitalul Clinic de Urgență Arad", "amenity": "hospital", "beds": null }, "geometry": { "type": "Point", "coordinates": [ 21.3081299, 46.1830871 ] } },
{ "type": "Feature", "properties": { "nuts3_code": "RO423", "name": "Spitalul Orășenesc Hațeg", "amenity": "hospital", "beds": null }, "geometry": { "type": "Point", "coordinates": [ 22.9512619, 45.6113754 ] } },
{ "type": "Feature", "properties": { "nuts3_code": "RO424", "name": null, "amenity": "hospital", "beds": null }, "geometry": { "type": "Point", "coordinates": [ 21.2202692, 45.7539629 ] } },
{ "type": "Feature", "properties": { "nuts3_code": "RO125", "name": "Clinica de Medicină Hiperbară", "amenity": "clinic", "beds": null }, "geometry": { "type": "Point", "coordinates": [ 24.6231456, 46.545121 ] } },
{ "type": "Feature", "properties": { "nuts3_code": "RO223", "name": "Neptrun MED", "amenity": "clinic", "beds": null }, "geometry": { "type": "Point", "coordinates": [ 28.4135074, 44.173088 ] } },
{ "type": "Feature", "properties": { "nuts3_code": "RO421", "name": "Clinică Ghioroc", "amenity": "clinic", "beds": null }, "geometry": { "type": "Point", "coordinates": [ 21.593851, 46.1575072 ] } },
{ "type": "Feature", "properties": { "nuts3_code": "RO111", "name": "Ambulanta Alesd", "amenity": "hospital", "beds": null }, "geometry": { "type": "Point", "coordinates": [ 22.4018693, 47.0531086 ] } },
{ "type": "Feature", "properties": { "nuts3_code": "RO314", "name": "Spitalul TBC Titu Maiorescu", "amenity": "hospital", "beds": null }, "geometry": { "type": "Point", "coordinates": [ 25.7840493, 44.1894161 ] } },
{ "type": "Feature", "properties": { "nuts3_code": "RO223", "name": "Clinica MACTA Medical Analysis", "amenity": "clinic", "beds": null }, "geometry": { "type": "Point", "coordinates": [ 28.6450604, 44.1826212 ] } },
{ "type": "Feature", "properties": { "nuts3_code": "RO311", "name": "Spitalul TBC Sf Andrei", "amenity": "hospital", "beds": null }, "geometry": { "type": "Point", "coordinates": [ 24.6914076, 45.1867636 ] } },
{ "type": "Feature", "properties": { "nuts3_code": "RO411", "name": "CM Camen 2", "amenity": "clinic", "beds": null }, "geometry": { "type": "Point", "coordinates": [ 23.7874638, 44.3262384 ] } },
{ "type": "Feature", "properties": { "nuts3_code": "RO414", "name": "LISIMED", "amenity": "clinic", "beds": null }, "geometry": { "type": "Point", "coordinates": [ 24.3769857, 44.4242432 ] } },
{ "type": "Feature", "properties": { "nuts3_code": "RO126", "name": "Centrul Medical Turnu Roșu", "amenity": "clinic", "beds": null }, "geometry": { "type": "Point", "coordinates": [ 24.2993157, 45.6419106 ] } },
{ "type": "Feature", "properties": { "nuts3_code": "RO121", "name": "Spitalul Orășenesc Cugir", "amenity": "hospital", "beds": null }, "geometry": { "type": "Point", "coordinates": [ 23.3638414, 45.8366953 ] } },
{ "type": "Feature", "properties": { "nuts3_code": "RO124", "name": null, "amenity": "hospital", "beds": null }, "geometry": { "type": "Point", "coordinates": [ 25.5989303, 46.7264791 ] } },
{ "type": "Feature", "properties": { "nuts3_code": "RO124", "name": "Spitalul Municipal", "amenity": "hospital", "beds": null }, "geometry": { "type": "Point", "coordinates": [ 25.6024624, 46.7231793 ] } },
{ "type": "Feature", "properties": { "nuts3_code": "RO124", "name": null, "amenity": "hospital", "beds": null }, "geometry": { "type": "Point", "coordinates": [ 25.6015302, 46.7244586 ] } },
{ "type": "Feature", "properties": { "nuts3_code": "RO415", "name": "Dispensar sanitar la Muereasca de Sus", "amenity": "clinic", "beds": null }, "geometry": { "type": "Point", "coordinates": [ 24.295609, 45.2000738 ] } },
{ "type": "Feature", "properties": { "nuts3_code": "RO415", "name": "Clinica Amamed Bărbătești", "amenity": "hospital", "beds": null }, "geometry": { "type": "Point", "coordinates": [ 24.1172384, 45.1718944 ] } },
{ "type": "Feature", "properties": { "nuts3_code": "RO415", "name": "Spitalul 2", "amenity": "hospital", "beds": null }, "geometry": { "type": "Point", "coordinates": [ 24.3683493, 45.1078476 ] } },
{ "type": "Feature", "properties": { "nuts3_code": "RO415", "name": "Spitalul Județean de Urgență - Vâlcea", "amenity": "hospital", "beds": null }, "geometry": { "type": "Point", "coordinates": [ 24.3619468, 45.1187887 ] } },
{ "type": "Feature", "properties": { "nuts3_code": "RO226", "name": "Dispensarul Comunal", "amenity": "hospital", "beds": null }, "geometry": { "type": "Point", "coordinates": [ 27.1036131, 45.9566745 ] } },
{ "type": "Feature", "properties": { "nuts3_code": "RO113", "name": "Dispensarul medical urban nr. VI adulți-copii", "amenity": "clinic", "beds": null }, "geometry": { "type": "Point", "coordinates": [ 23.8148034, 46.5574637 ] } },
{ "type": "Feature", "properties": { "nuts3_code": "RO411", "name": "CardioMed", "amenity": "clinic", "beds": null }, "geometry": { "type": "Point", "coordinates": [ 23.8198149, 44.3138873 ] } },
{ "type": "Feature", "properties": { "nuts3_code": "RO424", "name": "Clinica de Psihiatrie Eduard Pamfil", "amenity": "clinic", "beds": null }, "geometry": { "type": "Point", "coordinates": [ 21.2092613, 45.7431065 ] } },
{ "type": "Feature", "properties": { "nuts3_code": "RO321", "name": "Poli-Med Apaca", "amenity": "clinic", "beds": null }, "geometry": { "type": "Point", "coordinates": [ 26.020871, 44.4356834 ] } },
{ "type": "Feature", "properties": { "nuts3_code": "RO415", "name": "Spital Budești", "amenity": "hospital", "beds": null }, "geometry": { "type": "Point", "coordinates": [ 24.3875664, 45.0642506 ] } },
{ "type": "Feature", "properties": { "nuts3_code": "RO415", "name": null, "amenity": "hospital", "beds": null }, "geometry": { "type": "Point", "coordinates": [ 24.2819807, 44.831818 ] } },
{ "type": "Feature", "properties": { "nuts3_code": "RO415", "name": null, "amenity": "hospital", "beds": null }, "geometry": { "type": "Point", "coordinates": [ 23.8555379, 44.7628886 ] } },
{ "type": "Feature", "properties": { "nuts3_code": "RO424", "name": "Centrul de Sănătate Ciacova", "amenity": "hospital", "beds": null }, "geometry": { "type": "Point", "coordinates": [ 21.1241605, 45.5150747 ] } },
{ "type": "Feature", "properties": { "nuts3_code": "RO424", "name": "Centrul pentru Persoane cu Handicap Suferinde de Maladia Alzheimer", "amenity": "hospital", "beds": null }, "geometry": { "type": "Point", "coordinates": [ 21.1215855, 45.5110806 ] } },
{ "type": "Feature", "properties": { "nuts3_code": "RO113", "name": "Spitalul Municipal Turda", "amenity": "hospital", "beds": null }, "geometry": { "type": "Point", "coordinates": [ 23.7769408, 46.5789227 ] } },
{ "type": "Feature", "properties": { "nuts3_code": "RO321", "name": "Medlife", "amenity": "hospital", "beds": null }, "geometry": { "type": "Point", "coordinates": [ 26.0542075, 44.4650562 ] } },
{ "type": "Feature", "properties": { "nuts3_code": "RO424", "name": "MedLife", "amenity": "clinic", "beds": null }, "geometry": { "type": "Point", "coordinates": [ 21.2082419, 45.7488448 ] } },
{ "type": "Feature", "properties": { "nuts3_code": "RO115", "name": "Spitalul Boli Infecțioase", "amenity": "hospital", "beds": null }, "geometry": { "type": "Point", "coordinates": [ 22.8856204, 47.794697 ] } },
{ "type": "Feature", "properties": { "nuts3_code": "RO115", "name": "Centrul Medical Ham Janos", "amenity": "clinic", "beds": null }, "geometry": { "type": "Point", "coordinates": [ 22.8746758, 47.7975021 ] } },
{ "type": "Feature", "properties": { "nuts3_code": "RO321", "name": "Columna Medical Center", "amenity": "clinic", "beds": null }, "geometry": { "type": "Point", "coordinates": [ 26.1263011, 44.435603 ] } },
{ "type": "Feature", "properties": { "nuts3_code": "RO321", "name": "Centrul Medical MEMORMED", "amenity": "clinic", "beds": null }, "geometry": { "type": "Point", "coordinates": [ 26.0916851, 44.423491 ] } },
{ "type": "Feature", "properties": { "nuts3_code": "RO424", "name": null, "amenity": "clinic", "beds": null }, "geometry": { "type": "Point", "coordinates": [ 21.2118628, 45.7373941 ] } },
{ "type": "Feature", "properties": { "nuts3_code": "RO321", "name": "Hyperclinica Medlife Corp C", "amenity": "clinic", "beds": null }, "geometry": { "type": "Point", "coordinates": [ 26.0551155, 44.4639778 ] } },
{ "type": "Feature", "properties": { "nuts3_code": "RO322", "name": "Centrul Medical Brâncuși", "amenity": "clinic", "beds": null }, "geometry": { "type": "Point", "coordinates": [ 26.0029475, 44.4178753 ] } },
{ "type": "Feature", "properties": { "nuts3_code": "RO212", "name": "Secția externă Săveni", "amenity": "hospital", "beds": null }, "geometry": { "type": "Point", "coordinates": [ 26.8604718, 47.9587124 ] } },
{ "type": "Feature", "properties": { "nuts3_code": "RO313", "name": "Spitalul Orășenesc Găești", "amenity": "hospital", "beds": null }, "geometry": { "type": "Point", "coordinates": [ 25.3384493, 44.7144313 ] } },
{ "type": "Feature", "properties": { "nuts3_code": "RO115", "name": "Policlinica", "amenity": "clinic", "beds": null }, "geometry": { "type": "Point", "coordinates": [ 22.8786325, 47.7917703 ] } },
{ "type": "Feature", "properties": { "nuts3_code": "RO224", "name": "Cabinete medicale de familie", "amenity": "hospital", "beds": null }, "geometry": { "type": "Point", "coordinates": [ 28.0496772, 45.4292315 ] } },
{ "type": "Feature", "properties": { "nuts3_code": "RO215", "name": "Centrul de recuperare și reabilitare neuropsihiatrică", "amenity": "clinic", "beds": null }, "geometry": { "type": "Point", "coordinates": [ 25.4697164, 47.5239828 ] } },
{ "type": "Feature", "properties": { "nuts3_code": "RO322", "name": "Tiberius Clinic", "amenity": "clinic", "beds": null }, "geometry": { "type": "Point", "coordinates": [ 26.069202, 44.6345295 ] } },
{ "type": "Feature", "properties": { "nuts3_code": "RO321", "name": "Clinica Eliade - Medicina Integrativă", "amenity": "clinic", "beds": null }, "geometry": { "type": "Point", "coordinates": [ 26.0941864, 44.4680128 ] } },
{ "type": "Feature", "properties": { "nuts3_code": "RO413", "name": "Sănătatea", "amenity": "clinic", "beds": null }, "geometry": { "type": "Point", "coordinates": [ 22.6569773, 44.6247161 ] } },
{ "type": "Feature", "properties": { "nuts3_code": "RO125", "name": "Spitalul Municipal", "amenity": "hospital", "beds": null }, "geometry": { "type": "Point", "coordinates": [ 24.2937497, 46.3298616 ] } },
{ "type": "Feature", "properties": { "nuts3_code": "RO122", "name": "Spitalul Orasenesc “Dr. Caius Tiberiu Sparchez\"", "amenity": "hospital", "beds": null }, "geometry": { "type": "Point", "coordinates": [ 25.3366622, 45.5705234 ] } },
{ "type": "Feature", "properties": { "nuts3_code": "RO224", "name": "Spitalul de Pneumoftiziologie Galați, TBC", "amenity": "hospital", "beds": null }, "geometry": { "type": "Point", "coordinates": [ 28.0452483, 45.4557564 ] } },
{ "type": "Feature", "properties": { "nuts3_code": "RO223", "name": "Secția Pneumologie TBC a SJU Constanța", "amenity": "hospital", "beds": null }, "geometry": { "type": "Point", "coordinates": [ 28.6412921, 44.092358 ] } },
{ "type": "Feature", "properties": { "nuts3_code": "RO111", "name": null, "amenity": "hospital", "beds": null }, "geometry": { "type": "Point", "coordinates": [ 22.3381276, 47.3481192 ] } },
{ "type": "Feature", "properties": { "nuts3_code": "RO424", "name": "Medici's Artzthaus", "amenity": "clinic", "beds": null }, "geometry": { "type": "Point", "coordinates": [ 21.2133575, 45.7559988 ] } },
{ "type": "Feature", "properties": { "nuts3_code": "RO424", "name": "Clinica Jose Silva", "amenity": "clinic", "beds": null }, "geometry": { "type": "Point", "coordinates": [ 21.2395849, 45.7301022 ] } },
{ "type": "Feature", "properties": { "nuts3_code": "RO211", "name": "Polimed", "amenity": "hospital", "beds": null }, "geometry": { "type": "Point", "coordinates": [ 27.3846556, 46.1999881 ] } },
{ "type": "Feature", "properties": { "nuts3_code": "RO423", "name": "Spitalul Municipal Dr. Alexandru Simionescu Hunedoara", "amenity": "hospital", "beds": null }, "geometry": { "type": "Point", "coordinates": [ 22.9065971, 45.7494075 ] } },
{ "type": "Feature", "properties": { "nuts3_code": "RO423", "name": "Spitalul Municipal Dr. Alexandru Simionescu Hunedoara", "amenity": "hospital", "beds": null }, "geometry": { "type": "Point", "coordinates": [ 22.9069885, 45.7496792 ] } },
{ "type": "Feature", "properties": { "nuts3_code": "RO424", "name": "Secția de recuperare pediatrică", "amenity": "hospital", "beds": null }, "geometry": { "type": "Point", "coordinates": [ 21.2165467, 45.7619211 ] } },
{ "type": "Feature", "properties": { "nuts3_code": "RO414", "name": "Policlinica Balș", "amenity": "clinic", "beds": null }, "geometry": { "type": "Point", "coordinates": [ 24.1146068, 44.3473822 ] } },
{ "type": "Feature", "properties": { "nuts3_code": "RO311", "name": "Policlinica nr. 2", "amenity": "clinic", "beds": null }, "geometry": { "type": "Point", "coordinates": [ 24.8761641, 44.8576169 ] } },
{ "type": "Feature", "properties": { "nuts3_code": "RO415", "name": null, "amenity": "hospital", "beds": null }, "geometry": { "type": "Point", "coordinates": [ 24.0581567, 45.1487064 ] } },
{ "type": "Feature", "properties": { "nuts3_code": "RO126", "name": "Centru de dializă Diaverum", "amenity": "hospital", "beds": null }, "geometry": { "type": "Point", "coordinates": [ 24.1335538, 45.7959913 ] } },
{ "type": "Feature", "properties": { "nuts3_code": "RO223", "name": "Dispensar", "amenity": "clinic", "beds": null }, "geometry": { "type": "Point", "coordinates": [ 28.6453342, 44.1943213 ] } },
{ "type": "Feature", "properties": { "nuts3_code": "RO223", "name": "Policlinica cu Plată", "amenity": "clinic", "beds": null }, "geometry": { "type": "Point", "coordinates": [ 28.643067, 44.1753873 ] } },
{ "type": "Feature", "properties": { "nuts3_code": "RO225", "name": "Medical On Group", "amenity": "clinic", "beds": null }, "geometry": { "type": "Point", "coordinates": [ 28.7930677, 45.1793475 ] } },
{ "type": "Feature", "properties": { "nuts3_code": "RO415", "name": "Dispensarul Brezoi", "amenity": "hospital", "beds": null }, "geometry": { "type": "Point", "coordinates": [ 24.2394946, 45.3438699 ] } },
{ "type": "Feature", "properties": { "nuts3_code": "RO111", "name": "Centrul de Sănătate Multifuncțional Bratca", "amenity": "hospital", "beds": null }, "geometry": { "type": "Point", "coordinates": [ 22.599128, 46.9262414 ] } },
{ "type": "Feature", "properties": { "nuts3_code": "RO316", "name": "Spitalul de Obstetrică și Ginecologie Ploiești", "amenity": "hospital", "beds": null }, "geometry": { "type": "Point", "coordinates": [ 26.0391928, 44.9390061 ] } },
{ "type": "Feature", "properties": { "nuts3_code": "RO222", "name": null, "amenity": "hospital", "beds": null }, "geometry": { "type": "Point", "coordinates": [ 27.0510106, 45.3860033 ] } },
{ "type": "Feature", "properties": { "nuts3_code": "RO414", "name": "Spitalul de Psihiatrie Cronici Schitu Greci", "amenity": "hospital", "beds": null }, "geometry": { "type": "Point", "coordinates": [ 24.5440783, 44.3193932 ] } },
{ "type": "Feature", "properties": { "nuts3_code": "RO114", "name": null, "amenity": "hospital", "beds": null }, "geometry": { "type": "Point", "coordinates": [ 24.0193252, 47.9170134 ] } },
{ "type": "Feature", "properties": { "nuts3_code": "RO114", "name": null, "amenity": "hospital", "beds": null }, "geometry": { "type": "Point", "coordinates": [ 24.0185823, 47.916931 ] } },
{ "type": "Feature", "properties": { "nuts3_code": "RO415", "name": "Clinica Binisan", "amenity": "clinic", "beds": null }, "geometry": { "type": "Point", "coordinates": [ 24.2645335, 44.6557605 ] } },
{ "type": "Feature", "properties": { "nuts3_code": "RO411", "name": "CM Camen 1", "amenity": "clinic", "beds": null }, "geometry": { "type": "Point", "coordinates": [ 23.787307, 44.3262104 ] } },
{ "type": "Feature", "properties": { "nuts3_code": "RO213", "name": "Spital raducaneni", "amenity": "hospital", "beds": null }, "geometry": { "type": "Point", "coordinates": [ 27.9421306, 46.9635267 ] } },
{ "type": "Feature", "properties": { "nuts3_code": "RO123", "name": null, "amenity": "hospital", "beds": null }, "geometry": { "type": "Point", "coordinates": [ 25.5910051, 46.0734407 ] } },
{ "type": "Feature", "properties": { "nuts3_code": "RO115", "name": "West Medica", "amenity": "clinic", "beds": null }, "geometry": { "type": "Point", "coordinates": [ 22.873581, 47.7844496 ] } },
{ "type": "Feature", "properties": { "nuts3_code": "RO414", "name": "Spectrum Clinique - Clinica de Chirurgie Oftalmologica", "amenity": "clinic", "beds": null }, "geometry": { "type": "Point", "coordinates": [ 24.3825229, 44.4303958 ] } },
{ "type": "Feature", "properties": { "nuts3_code": "RO114", "name": "B Braun - Centru de Dializă", "amenity": "clinic", "beds": null }, "geometry": { "type": "Point", "coordinates": [ 23.5571566, 47.6545047 ] } },
{ "type": "Feature", "properties": { "nuts3_code": "RO322", "name": "Asociația Miscarea Pentru Pantelimon", "amenity": "clinic", "beds": null }, "geometry": { "type": "Point", "coordinates": [ 26.2015639, 44.4586699 ] } },
{ "type": "Feature", "properties": { "nuts3_code": "RO322", "name": "Servicii Geriatrie și Asistență Medicală ”Sf. Sava și Teodosie cel Mare”", "amenity": "hospital", "beds": null }, "geometry": { "type": "Point", "coordinates": [ 26.2819187, 44.4569186 ] } },
{ "type": "Feature", "properties": { "nuts3_code": "RO113", "name": "Med'Art", "amenity": "clinic", "beds": null }, "geometry": { "type": "Point", "coordinates": [ 23.608589, 46.7593176 ] } },
{ "type": "Feature", "properties": { "nuts3_code": "RO413", "name": null, "amenity": "hospital", "beds": null }, "geometry": { "type": "Point", "coordinates": [ 23.1910619, 44.6222276 ] } },
{ "type": "Feature", "properties": { "nuts3_code": "RO414", "name": "Spitalul Orășenesc Balș", "amenity": "hospital", "beds": null }, "geometry": { "type": "Point", "coordinates": [ 24.1154335, 44.347279 ] } },
{ "type": "Feature", "properties": { "nuts3_code": "RO212", "name": null, "amenity": "hospital", "beds": null }, "geometry": { "type": "Point", "coordinates": [ 26.6481324, 47.7476878 ] } },
{ "type": "Feature", "properties": { "nuts3_code": "RO214", "name": "Dispensar Urban nr. 6", "amenity": "clinic", "beds": null }, "geometry": { "type": "Point", "coordinates": [ 26.3883521, 46.9384481 ] } },
{ "type": "Feature", "properties": { "nuts3_code": "RO411", "name": "medical center", "amenity": "hospital", "beds": null }, "geometry": { "type": "Point", "coordinates": [ 23.8014418, 44.3290066 ] } },
{ "type": "Feature", "properties": { "nuts3_code": "RO213", "name": "Spitalul Clinic de Obstetrică și Ginecologie „Elena Doamna”", "amenity": "hospital", "beds": null }, "geometry": { "type": "Point", "coordinates": [ 27.5981056, 47.1605464 ] } },
{ "type": "Feature", "properties": { "nuts3_code": "RO415", "name": "Dispensarul Uman Malaia", "amenity": "hospital", "beds": null }, "geometry": { "type": "Point", "coordinates": [ 24.0422795, 45.3515103 ] } },
{ "type": "Feature", "properties": { "nuts3_code": "RO411", "name": "Centru de Imagistică Regina Maria", "amenity": "hospital", "beds": null }, "geometry": { "type": "Point", "coordinates": [ 23.796208, 44.3230022 ] } },
{ "type": "Feature", "properties": { "nuts3_code": "RO213", "name": null, "amenity": "hospital", "beds": null }, "geometry": { "type": "Point", "coordinates": [ 26.7200602, 47.2564936 ] } },
{ "type": "Feature", "properties": { "nuts3_code": "RO215", "name": "Secția obstetrică ginecologie a spitalului municipal", "amenity": "hospital", "beds": null }, "geometry": { "type": "Point", "coordinates": [ 25.3591658, 47.3473848 ] } },
{ "type": "Feature", "properties": { "nuts3_code": "RO321", "name": "Centrul Medical Sfantul Alexandru", "amenity": "clinic", "beds": null }, "geometry": { "type": "Point", "coordinates": [ 26.0255179, 44.435014 ] } },
{ "type": "Feature", "properties": { "nuts3_code": "RO113", "name": "Amethyst", "amenity": "clinic", "beds": null }, "geometry": { "type": "Point", "coordinates": [ 23.5246736, 46.7500132 ] } },
{ "type": "Feature", "properties": { "nuts3_code": "RO223", "name": "Spitalul Clinic Județean de Urgență „Sf. Apostol Andrei” Constanța", "amenity": "hospital", "beds": null }, "geometry": { "type": "Point", "coordinates": [ 28.6421444, 44.185938 ] } },
{ "type": "Feature", "properties": { "nuts3_code": "RO223", "name": "Spitalul Clinic de Boli Infecțioase", "amenity": "hospital", "beds": null }, "geometry": { "type": "Point", "coordinates": [ 28.6380516, 44.1712047 ] } },
{ "type": "Feature", "properties": { "nuts3_code": "RO316", "name": null, "amenity": "clinic", "beds": null }, "geometry": { "type": "Point", "coordinates": [ 26.0301139, 44.9365638 ] } },
{ "type": "Feature", "properties": { "nuts3_code": "RO316", "name": "DacMed - Centru Medical", "amenity": "clinic", "beds": null }, "geometry": { "type": "Point", "coordinates": [ 26.0206799, 44.9355144 ] } },
{ "type": "Feature", "properties": { "nuts3_code": "RO411", "name": "Vitaplus", "amenity": "clinic", "beds": null }, "geometry": { "type": "Point", "coordinates": [ 23.8099621, 44.3059619 ] } },
{ "type": "Feature", "properties": { "nuts3_code": "RO424", "name": "Revive Medical", "amenity": "clinic", "beds": null }, "geometry": { "type": "Point", "coordinates": [ 21.2369568, 45.7886572 ] } },
{ "type": "Feature", "properties": { "nuts3_code": "RO414", "name": "Spitalul Orășenesc", "amenity": "hospital", "beds": null }, "geometry": { "type": "Point", "coordinates": [ 24.5107645, 43.7732124 ] } },
{ "type": "Feature", "properties": { "nuts3_code": "RO321", "name": "Spitalul Național de Copii pentru Cancer, Boli Grave și Traumă", "amenity": "clinic", "beds": null }, "geometry": { "type": "Point", "coordinates": [ 26.1087006, 44.3896352 ] } },
{ "type": "Feature", "properties": { "nuts3_code": "RO414", "name": "Sanepid", "amenity": "hospital", "beds": null }, "geometry": { "type": "Point", "coordinates": [ 24.4943042, 43.7723379 ] } },
{ "type": "Feature", "properties": { "nuts3_code": "RO111", "name": "Spitalul Clinic Căi Ferate", "amenity": "hospital", "beds": null }, "geometry": { "type": "Point", "coordinates": [ 21.9356638, 47.0670588 ] } },
{ "type": "Feature", "properties": { "nuts3_code": "RO111", "name": "Spitalul Clinic de Urgență Avram Iancu", "amenity": "hospital", "beds": null }, "geometry": { "type": "Point", "coordinates": [ 21.9365972, 47.0615135 ] } },
{ "type": "Feature", "properties": { "nuts3_code": "RO222", "name": "Spitalul Ecomed - Vintilă Vodă", "amenity": "hospital", "beds": null }, "geometry": { "type": "Point", "coordinates": [ 26.7436511, 45.4581153 ] } },
{ "type": "Feature", "properties": { "nuts3_code": "RO115", "name": "Clinica Korall", "amenity": "clinic", "beds": null }, "geometry": { "type": "Point", "coordinates": [ 22.8728077, 47.7994299 ] } },
{ "type": "Feature", "properties": { "nuts3_code": "RO223", "name": "Dispensar", "amenity": "clinic", "beds": null }, "geometry": { "type": "Point", "coordinates": [ 28.6439365, 44.3442747 ] } },
{ "type": "Feature", "properties": { "nuts3_code": "RO122", "name": "Spitalul de Psihiatrie Sânpetru", "amenity": "hospital", "beds": null }, "geometry": { "type": "Point", "coordinates": [ 25.6261694, 45.7286814 ] } },
{ "type": "Feature", "properties": { "nuts3_code": "RO312", "name": "Centrul Medial de Permanență Plătărești", "amenity": "hospital", "beds": null }, "geometry": { "type": "Point", "coordinates": [ 26.3766903, 44.3423745 ] } },
{ "type": "Feature", "properties": { "nuts3_code": "RO214", "name": "Crismed Clinic", "amenity": "clinic", "beds": null }, "geometry": { "type": "Point", "coordinates": [ 26.3647775, 46.9289826 ] } },
{ "type": "Feature", "properties": { "nuts3_code": "RO111", "name": "Laser System", "amenity": "clinic", "beds": null }, "geometry": { "type": "Point", "coordinates": [ 21.9267446, 47.0404903 ] } },
{ "type": "Feature", "properties": { "nuts3_code": "RO413", "name": null, "amenity": "hospital", "beds": null }, "geometry": { "type": "Point", "coordinates": [ 22.5398217, 44.8052186 ] } },
{ "type": "Feature", "properties": { "nuts3_code": "RO114", "name": "Policlinica Sfânta Maria", "amenity": "clinic", "beds": null }, "geometry": { "type": "Point", "coordinates": [ 23.5592509, 47.6533215 ] } },
{ "type": "Feature", "properties": { "nuts3_code": "RO114", "name": "Policlinica Sfânta Maria", "amenity": "clinic", "beds": null }, "geometry": { "type": "Point", "coordinates": [ 23.5599163, 47.6535124 ] } },
{ "type": "Feature", "properties": { "nuts3_code": "RO114", "name": "Circa sanitară", "amenity": "clinic", "beds": null }, "geometry": { "type": "Point", "coordinates": [ 23.5640101, 47.6554607 ] } },
{ "type": "Feature", "properties": { "nuts3_code": "RO114", "name": "Clinica Cosmedica", "amenity": "clinic", "beds": null }, "geometry": { "type": "Point", "coordinates": [ 23.5497855, 47.6557232 ] } },
{ "type": "Feature", "properties": { "nuts3_code": "RO114", "name": "Clinica Euromedica", "amenity": "clinic", "beds": null }, "geometry": { "type": "Point", "coordinates": [ 23.5502741, 47.6556059 ] } },
{ "type": "Feature", "properties": { "nuts3_code": "RO114", "name": "Spital & Policlinica Sfântul Ioan", "amenity": "clinic", "beds": null }, "geometry": { "type": "Point", "coordinates": [ 23.5571843, 47.6592772 ] } },
{ "type": "Feature", "properties": { "nuts3_code": "RO114", "name": "Policlinica Sfânta Maria", "amenity": "clinic", "beds": null }, "geometry": { "type": "Point", "coordinates": [ 23.5362831, 47.6571626 ] } },
{ "type": "Feature", "properties": { "nuts3_code": "RO411", "name": "Renamed", "amenity": "clinic", "beds": null }, "geometry": { "type": "Point", "coordinates": [ 23.7981219, 44.3060891 ] } },
{ "type": "Feature", "properties": { "nuts3_code": "RO322", "name": "Dia Medical Port", "amenity": "clinic", "beds": null }, "geometry": { "type": "Point", "coordinates": [ 25.9909466, 44.4347188 ] } },
{ "type": "Feature", "properties": { "nuts3_code": "RO411", "name": null, "amenity": "clinic", "beds": null }, "geometry": { "type": "Point", "coordinates": [ 23.7443131, 44.0994826 ] } },
{ "type": "Feature", "properties": { "nuts3_code": "RO316", "name": "Clinica de dializă Reper", "amenity": "clinic", "beds": null }, "geometry": { "type": "Point", "coordinates": [ 25.9943491, 44.9259097 ] } },
{ "type": "Feature", "properties": { "nuts3_code": "RO321", "name": "LocalMedic", "amenity": "clinic", "beds": null }, "geometry": { "type": "Point", "coordinates": [ 26.1203612, 44.3928182 ] } },
{ "type": "Feature", "properties": { "nuts3_code": "RO424", "name": "Bioclinica", "amenity": "clinic", "beds": null }, "geometry": { "type": "Point", "coordinates": [ 21.238512, 45.7383434 ] } },
{ "type": "Feature", "properties": { "nuts3_code": "RO424", "name": "DermaHealth", "amenity": "clinic", "beds": null }, "geometry": { "type": "Point", "coordinates": [ 21.2270369, 45.7348815 ] } },
{ "type": "Feature", "properties": { "nuts3_code": "RO424", "name": "NovaLife Clinics", "amenity": "clinic", "beds": null }, "geometry": { "type": "Point", "coordinates": [ 21.2257271, 45.7342313 ] } },
{ "type": "Feature", "properties": { "nuts3_code": "RO411", "name": "Spitalul Municipal Filantropia", "amenity": "hospital", "beds": null }, "geometry": { "type": "Point", "coordinates": [ 23.825172, 44.313386 ] } },
{ "type": "Feature", "properties": { "nuts3_code": "RO112", "name": "Dispensar", "amenity": "clinic", "beds": null }, "geometry": { "type": "Point", "coordinates": [ 24.0178371, 47.2468814 ] } },
{ "type": "Feature", "properties": { "nuts3_code": "RO424", "name": "Centrul Medical Mișcă", "amenity": "clinic", "beds": null }, "geometry": { "type": "Point", "coordinates": [ 21.2321464, 45.7404325 ] } },
{ "type": "Feature", "properties": { "nuts3_code": "RO113", "name": "Spitalul Regina Maria", "amenity": "hospital", "beds": null }, "geometry": { "type": "Point", "coordinates": [ 23.6024559, 46.7731692 ] } },
{ "type": "Feature", "properties": { "nuts3_code": "RO211", "name": null, "amenity": "hospital", "beds": null }, "geometry": { "type": "Point", "coordinates": [ 26.4479347, 46.4185321 ] } },
{ "type": "Feature", "properties": { "nuts3_code": "RO123", "name": "Spital Municipal", "amenity": "hospital", "beds": null }, "geometry": { "type": "Point", "coordinates": [ 26.1402674, 45.9976797 ] } },
{ "type": "Feature", "properties": { "nuts3_code": "RO321", "name": "Spitalul de Boli Cronice și Geriatrie Sfântul Luca", "amenity": "hospital", "beds": null }, "geometry": { "type": "Point", "coordinates": [ 26.1291522, 44.3837954 ] } },
{ "type": "Feature", "properties": { "nuts3_code": "RO316", "name": "Spitalul de Boli Infecțioase \"Movila\"", "amenity": "hospital", "beds": null }, "geometry": { "type": "Point", "coordinates": [ 25.9995866, 44.9497195 ] } },
{ "type": "Feature", "properties": { "nuts3_code": "RO316", "name": "Serviciul de Ambulanță Județean Prahova", "amenity": "hospital", "beds": null }, "geometry": { "type": "Point", "coordinates": [ 25.9925582, 44.9417573 ] } },
{ "type": "Feature", "properties": { "nuts3_code": "RO316", "name": "Centrul de Transfuzie Sanguină", "amenity": "hospital", "beds": null }, "geometry": { "type": "Point", "coordinates": [ 25.9926678, 44.9423745 ] } },
{ "type": "Feature", "properties": { "nuts3_code": "RO212", "name": null, "amenity": "hospital", "beds": null }, "geometry": { "type": "Point", "coordinates": [ 26.5913248, 48.1840496 ] } },
{ "type": "Feature", "properties": { "nuts3_code": "RO321", "name": "Centru Medical Regie", "amenity": "clinic", "beds": null }, "geometry": { "type": "Point", "coordinates": [ 26.0535686, 44.4457493 ] } },
{ "type": "Feature", "properties": { "nuts3_code": "RO321", "name": "Spital modular COVID-19 (închis)", "amenity": "hospital", "beds": null }, "geometry": { "type": "Point", "coordinates": [ 26.1121396, 44.4862244 ] } },
{ "type": "Feature", "properties": { "nuts3_code": "RO113", "name": "Medisprof Cancer Center", "amenity": "clinic", "beds": null }, "geometry": { "type": "Point", "coordinates": [ 23.6618737, 46.7969186 ] } },
{ "type": "Feature", "properties": { "nuts3_code": "RO115", "name": "Spital Orasenesc", "amenity": "hospital", "beds": null }, "geometry": { "type": "Point", "coordinates": [ 23.4284468, 47.8719793 ] } },
{ "type": "Feature", "properties": { "nuts3_code": "RO423", "name": null, "amenity": "clinic", "beds": null }, "geometry": { "type": "Point", "coordinates": [ 22.9065883, 45.7634096 ] } },
{ "type": "Feature", "properties": { "nuts3_code": "RO111", "name": null, "amenity": "hospital", "beds": null }, "geometry": { "type": "Point", "coordinates": [ 21.9400743, 47.0625381 ] } },
{ "type": "Feature", "properties": { "nuts3_code": "RO321", "name": "Ama Optimex", "amenity": "clinic", "beds": null }, "geometry": { "type": "Point", "coordinates": [ 26.1139052, 44.4438298 ] } },
{ "type": "Feature", "properties": { "nuts3_code": "RO221", "name": null, "amenity": "hospital", "beds": null }, "geometry": { "type": "Point", "coordinates": [ 27.9521603, 45.2587433 ] } },
{ "type": "Feature", "properties": { "nuts3_code": "RO213", "name": null, "amenity": "hospital", "beds": null }, "geometry": { "type": "Point", "coordinates": [ 26.8135249, 47.094245 ] } },
{ "type": "Feature", "properties": { "nuts3_code": "RO124", "name": "SJU M-Ciuc: Secțiile Dermatovenerologie, Psihiatrie, Oftalmologie", "amenity": "hospital", "beds": null }, "geometry": { "type": "Point", "coordinates": [ 25.8015296, 46.3566466 ] } },
{ "type": "Feature", "properties": { "nuts3_code": "RO124", "name": "SJU M-Ciuc: Secțiile Boli Infecțioase, Pneumologie", "amenity": "hospital", "beds": "37" }, "geometry": { "type": "Point", "coordinates": [ 25.823548, 46.3776909 ] } },
{ "type": "Feature", "properties": { "nuts3_code": "RO316", "name": "Dispensar Varbilau", "amenity": "hospital", "beds": null }, "geometry": { "type": "Point", "coordinates": [ 25.9596783, 45.1801327 ] } },
{ "type": "Feature", "properties": { "nuts3_code": "RO213", "name": null, "amenity": "hospital", "beds": null }, "geometry": { "type": "Point", "coordinates": [ 27.3710438, 47.2051077 ] } },
{ "type": "Feature", "properties": { "nuts3_code": "RO226", "name": "Cabinet medical", "amenity": "clinic", "beds": null }, "geometry": { "type": "Point", "coordinates": [ 27.2695671, 46.0771943 ] } },
{ "type": "Feature", "properties": { "nuts3_code": "RO321", "name": "Spitalul Clinic CF nr. 2", "amenity": "hospital", "beds": null }, "geometry": { "type": "Point", "coordinates": [ 26.0693723, 44.47391 ] } },
{ "type": "Feature", "properties": { "nuts3_code": "RO113", "name": "Digenio - Centrul de Excelență în Afecțiuni Digestive", "amenity": "hospital", "beds": null }, "geometry": { "type": "Point", "coordinates": [ 23.6062329, 46.7896907 ] } },
{ "type": "Feature", "properties": { "nuts3_code": "RO311", "name": "Spitalul de Recuperare Brădet", "amenity": "hospital", "beds": null }, "geometry": { "type": "Point", "coordinates": [ 24.7613562, 45.3128073 ] } },
{ "type": "Feature", "properties": { "nuts3_code": "RO223", "name": "Centru de Radioterapie", "amenity": "clinic", "beds": null }, "geometry": { "type": "Point", "coordinates": [ 28.6140789, 44.2009751 ] } },
{ "type": "Feature", "properties": { "nuts3_code": "RO223", "name": "ABC Medical Center", "amenity": "clinic", "beds": null }, "geometry": { "type": "Point", "coordinates": [ 28.6365687, 44.1828306 ] } },
{ "type": "Feature", "properties": { "nuts3_code": "RO223", "name": "Clinica 360", "amenity": "clinic", "beds": null }, "geometry": { "type": "Point", "coordinates": [ 28.6326617, 44.1766908 ] } },
{ "type": "Feature", "properties": { "nuts3_code": "RO316", "name": "Spitalul General C.F. Ploiești", "amenity": "hospital", "beds": null }, "geometry": { "type": "Point", "coordinates": [ 25.9971193, 44.9265872 ] } },
{ "type": "Feature", "properties": { "nuts3_code": "RO316", "name": "Policlinica Complex Cioceanu", "amenity": "clinic", "beds": null }, "geometry": { "type": "Point", "coordinates": [ 26.0061656, 44.9321793 ] } },
{ "type": "Feature", "properties": { "nuts3_code": "RO316", "name": "Spitalul Lotus", "amenity": "hospital", "beds": null }, "geometry": { "type": "Point", "coordinates": [ 26.0166405, 44.9392685 ] } },
{ "type": "Feature", "properties": { "nuts3_code": "RO316", "name": "Sfânta Sofia Hospital Med Bălțești", "amenity": "hospital", "beds": null }, "geometry": { "type": "Point", "coordinates": [ 26.1369411, 45.1117101 ] } },
{ "type": "Feature", "properties": { "nuts3_code": "RO316", "name": "Centrul de Dializă și Nefrologie Fresenius", "amenity": "clinic", "beds": null }, "geometry": { "type": "Point", "coordinates": [ 26.0324507, 44.939034 ] } },
{ "type": "Feature", "properties": { "nuts3_code": "RO316", "name": "Spitalul Buna Vestire", "amenity": "hospital", "beds": null }, "geometry": { "type": "Point", "coordinates": [ 26.0312717, 44.9389605 ] } },
{ "type": "Feature", "properties": { "nuts3_code": "RO316", "name": "Unitate Primiri Urgente", "amenity": "hospital", "beds": null }, "geometry": { "type": "Point", "coordinates": [ 26.0085615, 44.9621745 ] } },
{ "type": "Feature", "properties": { "nuts3_code": "RO213", "name": "Centrul de Screening și Diagnostic în Boli Oncologice", "amenity": "hospital", "beds": null }, "geometry": { "type": "Point", "coordinates": [ 27.5746052, 47.1789568 ] } },
{ "type": "Feature", "properties": { "nuts3_code": "RO316", "name": "Policlinica Praga", "amenity": "hospital", "beds": null }, "geometry": { "type": "Point", "coordinates": [ 26.0308354, 44.9426328 ] } },
{ "type": "Feature", "properties": { "nuts3_code": "RO316", "name": "Spitalul Municipal Ploiești (Schuller)", "amenity": "hospital", "beds": null }, "geometry": { "type": "Point", "coordinates": [ 26.0215516, 44.9302401 ] } },
{ "type": "Feature", "properties": { "nuts3_code": "RO316", "name": "Spitalul Județean de Urgență Ploiești Secția Pneumologie", "amenity": "hospital", "beds": null }, "geometry": { "type": "Point", "coordinates": [ 26.0400276, 44.9459183 ] } },
{ "type": "Feature", "properties": { "nuts3_code": "RO316", "name": "Spitalul de Pediatrie Ploieşti", "amenity": "hospital", "beds": null }, "geometry": { "type": "Point", "coordinates": [ 26.0264982, 44.9319565 ] } },
{ "type": "Feature", "properties": { "nuts3_code": "RO316", "name": "Spitalul Sfântul Anton", "amenity": "hospital", "beds": null }, "geometry": { "type": "Point", "coordinates": [ 25.9806005, 44.9942478 ] } },
{ "type": "Feature", "properties": { "nuts3_code": "RO321", "name": null, "amenity": "clinic", "beds": null }, "geometry": { "type": "Point", "coordinates": [ 26.0683279, 44.5009945 ] } },
{ "type": "Feature", "properties": { "nuts3_code": "RO321", "name": "Enayati Medical City", "amenity": "hospital", "beds": null }, "geometry": { "type": "Point", "coordinates": [ 26.0682538, 44.501239 ] } },
{ "type": "Feature", "properties": { "nuts3_code": "RO316", "name": "Spitalul Orășenesc Băicoi", "amenity": "hospital", "beds": null }, "geometry": { "type": "Point", "coordinates": [ 25.8373678, 45.0293734 ] } },
{ "type": "Feature", "properties": { "nuts3_code": "RO113", "name": "Spitalul Municipal Dr Cornel Igna", "amenity": "hospital", "beds": null }, "geometry": { "type": "Point", "coordinates": [ 23.8824078, 46.546864 ] } },
{ "type": "Feature", "properties": { "nuts3_code": "RO316", "name": "Centrul Medical MEDIURG", "amenity": "clinic", "beds": null }, "geometry": { "type": "Point", "coordinates": [ 26.0089973, 44.9460329 ] } },
{ "type": "Feature", "properties": { "nuts3_code": "RO411", "name": "Phoenix", "amenity": "clinic", "beds": null }, "geometry": { "type": "Point", "coordinates": [ 23.7767416, 44.3290108 ] } },
{ "type": "Feature", "properties": { "nuts3_code": "RO222", "name": "Spitalul Feroviar", "amenity": "hospital", "beds": null }, "geometry": { "type": "Point", "coordinates": [ 26.8370404, 45.1436128 ] } },
{ "type": "Feature", "properties": { "nuts3_code": "RO316", "name": "Secția Sanatorială Voila", "amenity": "hospital", "beds": null }, "geometry": { "type": "Point", "coordinates": [ 25.7488495, 45.1586753 ] } },
{ "type": "Feature", "properties": { "nuts3_code": "RO316", "name": "Spitalul de Psihiatrie Voila", "amenity": "hospital", "beds": null }, "geometry": { "type": "Point", "coordinates": [ 25.7510404, 45.15902 ] } },
{ "type": "Feature", "properties": { "nuts3_code": "RO316", "name": "Spitalul Orăşenesc Urlați", "amenity": "hospital", "beds": null }, "geometry": { "type": "Point", "coordinates": [ 26.2404628, 44.9907202 ] } },
{ "type": "Feature", "properties": { "nuts3_code": "RO321", "name": "Spitalul Clinic Prof. Dr. Theodor Burghele", "amenity": "hospital", "beds": null }, "geometry": { "type": "Point", "coordinates": [ 26.0726747, 44.4255827 ] } },
{ "type": "Feature", "properties": { "nuts3_code": "RO321", "name": "Institutul ORL", "amenity": "hospital", "beds": null }, "geometry": { "type": "Point", "coordinates": [ 26.0745497, 44.4256269 ] } },
{ "type": "Feature", "properties": { "nuts3_code": "RO316", "name": "Clinica Medliv", "amenity": "clinic", "beds": null }, "geometry": { "type": "Point", "coordinates": [ 26.0027505, 44.9321154 ] } },
{ "type": "Feature", "properties": { "nuts3_code": "RO125", "name": "Holomed", "amenity": "clinic", "beds": null }, "geometry": { "type": "Point", "coordinates": [ 24.5425666, 46.562361 ] } },
{ "type": "Feature", "properties": { "nuts3_code": "RO316", "name": "Spitalul de Pediatrie Ploiești - Centru Sănătate Mintală Copii", "amenity": "hospital", "beds": null }, "geometry": { "type": "Point", "coordinates": [ 26.0070772, 44.9337562 ] } },
{ "type": "Feature", "properties": { "nuts3_code": "RO215", "name": "Spitalul Municipal", "amenity": "hospital", "beds": null }, "geometry": { "type": "Point", "coordinates": [ 25.5437936, 47.5322727 ] } },
{ "type": "Feature", "properties": { "nuts3_code": "RO322", "name": "Spitalul Ana Aslan", "amenity": "hospital", "beds": null }, "geometry": { "type": "Point", "coordinates": [ 26.0656004, 44.5775369 ] } },
{ "type": "Feature", "properties": { "nuts3_code": "RO213", "name": null, "amenity": "hospital", "beds": null }, "geometry": { "type": "Point", "coordinates": [ 26.7203295, 47.2560796 ] } },
{ "type": "Feature", "properties": { "nuts3_code": "RO316", "name": "Policlinica cu Plată", "amenity": "clinic", "beds": null }, "geometry": { "type": "Point", "coordinates": [ 26.0216435, 44.9461387 ] } },
{ "type": "Feature", "properties": { "nuts3_code": "RO316", "name": "Policlinica Euromed", "amenity": "clinic", "beds": null }, "geometry": { "type": "Point", "coordinates": [ 26.001053, 44.9388421 ] } },
{ "type": "Feature", "properties": { "nuts3_code": "RO316", "name": "Veromedica", "amenity": "clinic", "beds": null }, "geometry": { "type": "Point", "coordinates": [ 26.0338652, 44.9424698 ] } },
{ "type": "Feature", "properties": { "nuts3_code": "RO414", "name": "San Medica", "amenity": "clinic", "beds": null }, "geometry": { "type": "Point", "coordinates": [ 24.3540682, 44.1150705 ] } },
{ "type": "Feature", "properties": { "nuts3_code": "RO122", "name": "Centrul de Recuperare și Reabilitare Persoane cu Handicap Canaan", "amenity": "hospital", "beds": null }, "geometry": { "type": "Point", "coordinates": [ 25.1491526, 45.8311277 ] } },
{ "type": "Feature", "properties": { "nuts3_code": "RO424", "name": "Bastion Medical", "amenity": "clinic", "beds": null }, "geometry": { "type": "Point", "coordinates": [ 21.1892116, 45.763342 ] } },
{ "type": "Feature", "properties": { "nuts3_code": "RO224", "name": "Ambulatoriul de specialitate", "amenity": "clinic", "beds": null }, "geometry": { "type": "Point", "coordinates": [ 27.4284215, 45.851925 ] } },
{ "type": "Feature", "properties": { "nuts3_code": "RO224", "name": "Spitalul Municipal „Anton Cincu”", "amenity": "hospital", "beds": null }, "geometry": { "type": "Point", "coordinates": [ 27.4379722, 45.8473331 ] } },
{ "type": "Feature", "properties": { "nuts3_code": "RO321", "name": null, "amenity": "hospital", "beds": null }, "geometry": { "type": "Point", "coordinates": [ 26.1309144, 44.3829548 ] } },
{ "type": "Feature", "properties": { "nuts3_code": "RO113", "name": "Spitalul Clinic Municipal Cluj-Napoca", "amenity": "hospital", "beds": null }, "geometry": { "type": "Point", "coordinates": [ 23.60681, 46.7892534 ] } },
{ "type": "Feature", "properties": { "nuts3_code": "RO313", "name": "PROMED", "amenity": "clinic", "beds": null }, "geometry": { "type": "Point", "coordinates": [ 25.452805, 44.920911 ] } },
{ "type": "Feature", "properties": { "nuts3_code": "RO113", "name": "Spitalul Clinic de Pneumoftiziologie Leon Daniello", "amenity": "hospital", "beds": null }, "geometry": { "type": "Point", "coordinates": [ 23.5827779, 46.763946 ] } },
{ "type": "Feature", "properties": { "nuts3_code": "RO113", "name": null, "amenity": "hospital", "beds": null }, "geometry": { "type": "Point", "coordinates": [ 23.5853544, 46.7620823 ] } },
{ "type": "Feature", "properties": { "nuts3_code": "RO113", "name": "Clinica de Psihiatrie pentru Ergoterapie", "amenity": "clinic", "beds": null }, "geometry": { "type": "Point", "coordinates": [ 23.5935643, 46.7845692 ] } },
{ "type": "Feature", "properties": { "nuts3_code": "RO113", "name": "Institutul regional de gastroenterologie și hepatologie prof. dr. Octavian Fodor", "amenity": "hospital", "beds": null }, "geometry": { "type": "Point", "coordinates": [ 23.5922991, 46.7761707 ] } },
{ "type": "Feature", "properties": { "nuts3_code": "RO321", "name": "Clinica Vascularte", "amenity": "clinic", "beds": null }, "geometry": { "type": "Point", "coordinates": [ 26.0966293, 44.4556397 ] } },
{ "type": "Feature", "properties": { "nuts3_code": "RO411", "name": "Spitalul Clinic Municipal Filantropia", "amenity": "hospital", "beds": null }, "geometry": { "type": "Point", "coordinates": [ 23.7936556, 44.3225695 ] } },
{ "type": "Feature", "properties": { "nuts3_code": "RO113", "name": "Spitalul Clinic de Recuperare", "amenity": "hospital", "beds": null }, "geometry": { "type": "Point", "coordinates": [ 23.5823537, 46.754898 ] } },
{ "type": "Feature", "properties": { "nuts3_code": "RO411", "name": "Centrul Medical Irina", "amenity": "clinic", "beds": null }, "geometry": { "type": "Point", "coordinates": [ 23.8083073, 44.3061393 ] } },
{ "type": "Feature", "properties": { "nuts3_code": "RO113", "name": "Spitalul Transilvania", "amenity": "hospital", "beds": null }, "geometry": { "type": "Point", "coordinates": [ 23.5931489, 46.7571647 ] } },
{ "type": "Feature", "properties": { "nuts3_code": "RO125", "name": "Centrul Medico-Social Deda", "amenity": "hospital", "beds": null }, "geometry": { "type": "Point", "coordinates": [ 24.87721, 46.9478558 ] } },
{ "type": "Feature", "properties": { "nuts3_code": "RO122", "name": "Spitalul Orășenesc Rupea", "amenity": "hospital", "beds": null }, "geometry": { "type": "Point", "coordinates": [ 25.2207837, 46.0374767 ] } },
{ "type": "Feature", "properties": { "nuts3_code": "RO114", "name": "Dispensar", "amenity": "hospital", "beds": null }, "geometry": { "type": "Point", "coordinates": [ 23.8202466, 47.9596385 ] } },
{ "type": "Feature", "properties": { "nuts3_code": "RO411", "name": "Spitalul de Pneumoftiziologie Leamna", "amenity": "hospital", "beds": null }, "geometry": { "type": "Point", "coordinates": [ 23.7014607, 44.3039012 ] } },
{ "type": "Feature", "properties": { "nuts3_code": "RO424", "name": "Cabinet Medical", "amenity": "clinic", "beds": null }, "geometry": { "type": "Point", "coordinates": [ 21.1114986, 45.7606569 ] } },
{ "type": "Feature", "properties": { "nuts3_code": "RO321", "name": "Spitalul Clinic de Urgență Sfântul Pantelimon", "amenity": "hospital", "beds": null }, "geometry": { "type": "Point", "coordinates": [ 26.1729565, 44.4412468 ] } },
{ "type": "Feature", "properties": { "nuts3_code": "RO322", "name": "Policlinica Buftea", "amenity": "clinic", "beds": null }, "geometry": { "type": "Point", "coordinates": [ 25.9364581, 44.5747491 ] } },
{ "type": "Feature", "properties": { "nuts3_code": "RO322", "name": null, "amenity": "clinic", "beds": null }, "geometry": { "type": "Point", "coordinates": [ 25.936585, 44.5747557 ] } },
{ "type": "Feature", "properties": { "nuts3_code": "RO322", "name": "Spitalul de Obstetrică Ginecologie Buftea", "amenity": "hospital", "beds": null }, "geometry": { "type": "Point", "coordinates": [ 25.9383435, 44.5764212 ] } },
{ "type": "Feature", "properties": { "nuts3_code": "RO313", "name": "Policlinica Moreni", "amenity": "hospital", "beds": null }, "geometry": { "type": "Point", "coordinates": [ 25.6466825, 44.9801716 ] } },
{ "type": "Feature", "properties": { "nuts3_code": "RO321", "name": "Clinica Sala Palatului", "amenity": "clinic", "beds": null }, "geometry": { "type": "Point", "coordinates": [ 26.0953678, 44.4373837 ] } },
{ "type": "Feature", "properties": { "nuts3_code": "RO223", "name": "Iowemed", "amenity": "clinic", "beds": null }, "geometry": { "type": "Point", "coordinates": [ 28.6293694, 44.2140724 ] } },
{ "type": "Feature", "properties": { "nuts3_code": "RO223", "name": "Policlinica CFR", "amenity": "hospital", "beds": null }, "geometry": { "type": "Point", "coordinates": [ 28.6301986, 44.1716996 ] } },
{ "type": "Feature", "properties": { "nuts3_code": "RO223", "name": null, "amenity": "clinic", "beds": null }, "geometry": { "type": "Point", "coordinates": [ 28.6287136, 44.1859063 ] } },
{ "type": "Feature", "properties": { "nuts3_code": "RO223", "name": "Spitalul Clinic Căi Ferate Constanța", "amenity": "hospital", "beds": null }, "geometry": { "type": "Point", "coordinates": [ 28.6342395, 44.1655479 ] } },
{ "type": "Feature", "properties": { "nuts3_code": "RO223", "name": "Centrul Medical Județean Constanța al Ministerului de Afaceri Interne", "amenity": "hospital", "beds": null }, "geometry": { "type": "Point", "coordinates": [ 28.6425856, 44.2099409 ] } },
{ "type": "Feature", "properties": { "nuts3_code": "RO223", "name": null, "amenity": "clinic", "beds": null }, "geometry": { "type": "Point", "coordinates": [ 28.6428394, 44.2098998 ] } },
{ "type": "Feature", "properties": { "nuts3_code": "RO322", "name": "Clinica Domnița Chiajna", "amenity": "clinic", "beds": null }, "geometry": { "type": "Point", "coordinates": [ 25.9874807, 44.4451427 ] } },
{ "type": "Feature", "properties": { "nuts3_code": "RO122", "name": "Spitalul General C.F.Brasov", "amenity": "hospital", "beds": null }, "geometry": { "type": "Point", "coordinates": [ 25.6063561, 45.649016 ] } },
{ "type": "Feature", "properties": { "nuts3_code": "RO223", "name": "Dispensar medical nr. 9-10", "amenity": "clinic", "beds": null }, "geometry": { "type": "Point", "coordinates": [ 28.6248276, 44.2080185 ] } },
{ "type": "Feature", "properties": { "nuts3_code": "RO223", "name": "Policlinica Nr.2", "amenity": "hospital", "beds": null }, "geometry": { "type": "Point", "coordinates": [ 28.6381074, 44.1720921 ] } },
{ "type": "Feature", "properties": { "nuts3_code": "RO223", "name": null, "amenity": "hospital", "beds": null }, "geometry": { "type": "Point", "coordinates": [ 28.6376115, 44.1718335 ] } },
{ "type": "Feature", "properties": { "nuts3_code": "RO223", "name": "Centru De Excelență Clinică Fundația Baylor", "amenity": "hospital", "beds": null }, "geometry": { "type": "Point", "coordinates": [ 28.6237347, 44.1495929 ] } },
{ "type": "Feature", "properties": { "nuts3_code": "RO411", "name": null, "amenity": "hospital", "beds": null }, "geometry": { "type": "Point", "coordinates": [ 23.8289909, 44.3004388 ] } },
{ "type": "Feature", "properties": { "nuts3_code": "RO223", "name": "Spitalul Clinic de Boli Infecțioase Constanța", "amenity": "hospital", "beds": null }, "geometry": { "type": "Point", "coordinates": [ 28.6016949, 44.1643008 ] } },
{ "type": "Feature", "properties": { "nuts3_code": "RO415", "name": "Spitalul Universitar Elias - Secția de Recuperare Medicală Olănești", "amenity": "hospital", "beds": null }, "geometry": { "type": "Point", "coordinates": [ 24.2478217, 45.198098 ] } },
{ "type": "Feature", "properties": { "nuts3_code": "RO223", "name": "Fresenius Nephrocare Constanța", "amenity": "clinic", "beds": null }, "geometry": { "type": "Point", "coordinates": [ 28.6436163, 44.21028 ] } },
{ "type": "Feature", "properties": { "nuts3_code": "RO223", "name": "Servicii Imagistică Armonia", "amenity": "hospital", "beds": null }, "geometry": { "type": "Point", "coordinates": [ 28.6335689, 44.1726846 ] } },
{ "type": "Feature", "properties": { "nuts3_code": "RO223", "name": "Clinica Medstar 2000", "amenity": "hospital", "beds": null }, "geometry": { "type": "Point", "coordinates": [ 28.6446268, 44.1808573 ] } },
{ "type": "Feature", "properties": { "nuts3_code": "RO223", "name": "Heka Hospital", "amenity": "hospital", "beds": null }, "geometry": { "type": "Point", "coordinates": [ 28.6359792, 44.1737921 ] } },
{ "type": "Feature", "properties": { "nuts3_code": "RO413", "name": "LASER HOSPICE S.R.L.", "amenity": "clinic", "beds": null }, "geometry": { "type": "Point", "coordinates": [ 22.6367659, 44.6462782 ] } },
{ "type": "Feature", "properties": { "nuts3_code": "RO223", "name": null, "amenity": "clinic", "beds": null }, "geometry": { "type": "Point", "coordinates": [ 28.632705, 44.1765847 ] } },
{ "type": "Feature", "properties": { "nuts3_code": "RO113", "name": "Spitalul Medicover", "amenity": "hospital", "beds": null }, "geometry": { "type": "Point", "coordinates": [ 23.483564, 46.7945967 ] } },
{ "type": "Feature", "properties": { "nuts3_code": "RO123", "name": "Spitalul Județean de Urgență \"Dr. Fogolyán Kristóf\"", "amenity": "hospital", "beds": null }, "geometry": { "type": "Point", "coordinates": [ 25.7809555, 45.8643312 ] } },
{ "type": "Feature", "properties": { "nuts3_code": "RO424", "name": "Clinica de obstetrică și ginecologie \"Maternitatea BEGA\"", "amenity": "clinic", "beds": null }, "geometry": { "type": "Point", "coordinates": [ 21.2440639, 45.7374904 ] } },
{ "type": "Feature", "properties": { "nuts3_code": "RO122", "name": "Policlinica", "amenity": "clinic", "beds": null }, "geometry": { "type": "Point", "coordinates": [ 25.4788973, 45.6257238 ] } },
{ "type": "Feature", "properties": { "nuts3_code": "RO424", "name": "Spitalul Medici's", "amenity": "hospital", "beds": null }, "geometry": { "type": "Point", "coordinates": [ 21.2237259, 45.7404571 ] } },
{ "type": "Feature", "properties": { "nuts3_code": "RO122", "name": null, "amenity": "hospital", "beds": null }, "geometry": { "type": "Point", "coordinates": [ 25.405007, 45.666528 ] } },
{ "type": "Feature", "properties": { "nuts3_code": "RO311", "name": "Spitalul Municipal Câmpulung Muscel", "amenity": "hospital", "beds": null }, "geometry": { "type": "Point", "coordinates": [ 25.0375929, 45.2663576 ] } },
{ "type": "Feature", "properties": { "nuts3_code": "RO212", "name": "Unitatea De Asistenta Medico- Sociala Sulița", "amenity": "clinic", "beds": null }, "geometry": { "type": "Point", "coordinates": [ 26.9194472, 47.650864 ] } },
{ "type": "Feature", "properties": { "nuts3_code": "RO224", "name": "Centrul medical Irina", "amenity": "hospital", "beds": null }, "geometry": { "type": "Point", "coordinates": [ 28.0224568, 45.4458828 ] } },
{ "type": "Feature", "properties": { "nuts3_code": "RO313", "name": "Cardiologie", "amenity": "hospital", "beds": null }, "geometry": { "type": "Point", "coordinates": [ 25.4497549, 44.9229429 ] } },
{ "type": "Feature", "properties": { "nuts3_code": "RO313", "name": "Paliatia", "amenity": "hospital", "beds": null }, "geometry": { "type": "Point", "coordinates": [ 25.4500014, 44.922866 ] } },
{ "type": "Feature", "properties": { "nuts3_code": "RO313", "name": "Punct Control", "amenity": "hospital", "beds": null }, "geometry": { "type": "Point", "coordinates": [ 25.4511111, 44.923237 ] } },
{ "type": "Feature", "properties": { "nuts3_code": "RO313", "name": "informatica", "amenity": "hospital", "beds": null }, "geometry": { "type": "Point", "coordinates": [ 25.4491806, 44.9227885 ] } },
{ "type": "Feature", "properties": { "nuts3_code": "RO313", "name": "technic", "amenity": "hospital", "beds": null }, "geometry": { "type": "Point", "coordinates": [ 25.4487278, 44.9227028 ] } },
{ "type": "Feature", "properties": { "nuts3_code": "RO313", "name": "Spalatorie", "amenity": "hospital", "beds": null }, "geometry": { "type": "Point", "coordinates": [ 25.4496885, 44.9230362 ] } },
{ "type": "Feature", "properties": { "nuts3_code": "RO222", "name": "Spitaul de psihiatrie și pentru măsuri de sigurantă Săpoca", "amenity": "hospital", "beds": null }, "geometry": { "type": "Point", "coordinates": [ 26.6497635, 45.279306 ] } },
{ "type": "Feature", "properties": { "nuts3_code": "RO415", "name": "Spitalul de Pneumoftiziologie \"Constantin Anastasatu\" Mihăești", "amenity": "hospital", "beds": null }, "geometry": { "type": "Point", "coordinates": [ 24.2372206, 45.023206 ] } },
{ "type": "Feature", "properties": { "nuts3_code": "RO415", "name": "Dispensar Bodești", "amenity": "hospital", "beds": null }, "geometry": { "type": "Point", "coordinates": [ 24.1135077, 45.1404437 ] } },
{ "type": "Feature", "properties": { "nuts3_code": "RO224", "name": "Cabinete Medicale Individuale Medicină dentară", "amenity": "clinic", "beds": null }, "geometry": { "type": "Point", "coordinates": [ 28.0495176, 45.4296536 ] } },
{ "type": "Feature", "properties": { "nuts3_code": "RO214", "name": "Sanatoriul de Balneofizioterapie și Recuperare Medicală ”Dr. Dimitrie Cantemir” Bălțătești", "amenity": "hospital", "beds": null }, "geometry": { "type": "Point", "coordinates": [ 26.3088729, 47.1192214 ] } },
{ "type": "Feature", "properties": { "nuts3_code": "RO317", "name": "Centrul Medical \"Ion Pitis\"", "amenity": "clinic", "beds": null }, "geometry": { "type": "Point", "coordinates": [ 24.8865015, 44.270222 ] } },
{ "type": "Feature", "properties": { "nuts3_code": "RO317", "name": "Cabinet Medical", "amenity": "clinic", "beds": null }, "geometry": { "type": "Point", "coordinates": [ 24.9929759, 44.2117822 ] } },
{ "type": "Feature", "properties": { "nuts3_code": "RO311", "name": "Siptalul Mioveni", "amenity": "hospital", "beds": null }, "geometry": { "type": "Point", "coordinates": [ 24.9613438, 44.9684815 ] } },
{ "type": "Feature", "properties": { "nuts3_code": "RO121", "name": "Spitalul Județean de Urgență", "amenity": "hospital", "beds": null }, "geometry": { "type": "Point", "coordinates": [ 23.5563197, 46.0717946 ] } },
{ "type": "Feature", "properties": { "nuts3_code": "RO224", "name": "Emergency Room", "amenity": "clinic", "beds": null }, "geometry": { "type": "Point", "coordinates": [ 28.0188238, 45.4196654 ] } },
{ "type": "Feature", "properties": { "nuts3_code": "RO111", "name": "MedEuropa", "amenity": "clinic", "beds": null }, "geometry": { "type": "Point", "coordinates": [ 21.9138434, 47.064073 ] } },
{ "type": "Feature", "properties": { "nuts3_code": "RO322", "name": null, "amenity": "clinic", "beds": null }, "geometry": { "type": "Point", "coordinates": [ 25.9938878, 44.5008942 ] } },
{ "type": "Feature", "properties": { "nuts3_code": "RO415", "name": "Spitalul de Pneumoftiziologie „Constantin Anastasatu”", "amenity": "hospital", "beds": null }, "geometry": { "type": "Point", "coordinates": [ 24.2422102, 45.0194228 ] } },
{ "type": "Feature", "properties": { "nuts3_code": "RO415", "name": null, "amenity": "hospital", "beds": null }, "geometry": { "type": "Point", "coordinates": [ 24.2538313, 45.0386965 ] } },
{ "type": "Feature", "properties": { "nuts3_code": "RO115", "name": "Centrul Medical Ham Janos", "amenity": "clinic", "beds": null }, "geometry": { "type": "Point", "coordinates": [ 22.8743323, 47.797173 ] } },
{ "type": "Feature", "properties": { "nuts3_code": "RO122", "name": "Sanatoriul de nevroze", "amenity": "hospital", "beds": null }, "geometry": { "type": "Point", "coordinates": [ 25.5373934, 45.4976411 ] } },
{ "type": "Feature", "properties": { "nuts3_code": "RO122", "name": "Sanatoriul de nevroze", "amenity": "hospital", "beds": null }, "geometry": { "type": "Point", "coordinates": [ 25.5440379, 45.4934317 ] } },
{ "type": "Feature", "properties": { "nuts3_code": "RO226", "name": "Policlinica Vidra", "amenity": "clinic", "beds": null }, "geometry": { "type": "Point", "coordinates": [ 26.9025167, 45.9107743 ] } },
{ "type": "Feature", "properties": { "nuts3_code": "RO316", "name": "Centrul Comunitar Berceni - Second Chance", "amenity": "clinic", "beds": null }, "geometry": { "type": "Point", "coordinates": [ 26.1197133, 44.9355086 ] } },
{ "type": "Feature", "properties": { "nuts3_code": "RO412", "name": "Spital Psihiatrie Turceni", "amenity": "hospital", "beds": null }, "geometry": { "type": "Point", "coordinates": [ 23.3800204, 44.6886261 ] } },
{ "type": "Feature", "properties": { "nuts3_code": "RO116", "name": null, "amenity": "clinic", "beds": null }, "geometry": { "type": "Point", "coordinates": [ 22.800686, 47.2301652 ] } },
{ "type": "Feature", "properties": { "nuts3_code": "RO221", "name": "Spitalul Orășenesc Făurei", "amenity": "hospital", "beds": null }, "geometry": { "type": "Point", "coordinates": [ 27.2743469, 45.0851025 ] } },
{ "type": "Feature", "properties": { "nuts3_code": "RO321", "name": "Centru Medical Condor", "amenity": "clinic", "beds": null }, "geometry": { "type": "Point", "coordinates": [ 26.1248979, 44.4228851 ] } },
{ "type": "Feature", "properties": { "nuts3_code": "RO213", "name": "Arcadia - Centrul medical Nicolina", "amenity": "clinic", "beds": null }, "geometry": { "type": "Point", "coordinates": [ 27.5677343, 47.1252177 ] } },
{ "type": "Feature", "properties": { "nuts3_code": "RO125", "name": "Spitalul Municipal Dr. Eugen Nicoară", "amenity": "hospital", "beds": null }, "geometry": { "type": "Point", "coordinates": [ 24.6957912, 46.7830363 ] } },
{ "type": "Feature", "properties": { "nuts3_code": "RO311", "name": "Spitalul Pneumoftiziologie Leordeni", "amenity": "hospital", "beds": null }, "geometry": { "type": "Point", "coordinates": [ 25.1155179, 44.7940752 ] } },
{ "type": "Feature", "properties": { "nuts3_code": "RO314", "name": "Clinica ONIX Adunații-Copăceni", "amenity": "clinic", "beds": null }, "geometry": { "type": "Point", "coordinates": [ 26.0479366, 44.2546695 ] } },
{ "type": "Feature", "properties": { "nuts3_code": "RO423", "name": "Spitalul Lupeni", "amenity": "hospital", "beds": null }, "geometry": { "type": "Point", "coordinates": [ 23.2178962, 45.3551469 ] } },
{ "type": "Feature", "properties": { "nuts3_code": "RO112", "name": "Spital Orășenesc Beclean", "amenity": "hospital", "beds": null }, "geometry": { "type": "Point", "coordinates": [ 24.1854619, 47.1839369 ] } },
{ "type": "Feature", "properties": { "nuts3_code": "RO125", "name": "Dora Optics", "amenity": "hospital", "beds": null }, "geometry": { "type": "Point", "coordinates": [ 24.5451425, 46.5306413 ] } },
{ "type": "Feature", "properties": { "nuts3_code": "RO125", "name": "Cabinet Medical Școlar \"Florea Bogdan\"", "amenity": "clinic", "beds": null }, "geometry": { "type": "Point", "coordinates": [ 24.6995433, 46.7719551 ] } },
{ "type": "Feature", "properties": { "nuts3_code": "RO125", "name": "Policlinică", "amenity": "clinic", "beds": null }, "geometry": { "type": "Point", "coordinates": [ 24.7013141, 46.7780821 ] } },
{ "type": "Feature", "properties": { "nuts3_code": "RO423", "name": "Spitalul Orășenesc Uricani", "amenity": "hospital", "beds": null }, "geometry": { "type": "Point", "coordinates": [ 23.1220129, 45.3320252 ] } },
{ "type": "Feature", "properties": { "nuts3_code": "RO423", "name": null, "amenity": "hospital", "beds": null }, "geometry": { "type": "Point", "coordinates": [ 23.1223569, 45.3322292 ] } },
{ "type": "Feature", "properties": { "nuts3_code": "RO322", "name": "Spitalul de Psihiatrie \"Eftimie Diamandescu\" Bălăceanca", "amenity": "hospital", "beds": null }, "geometry": { "type": "Point", "coordinates": [ 26.2914807, 44.3914949 ] } },
{ "type": "Feature", "properties": { "nuts3_code": "RO422", "name": "Spitalul Orașenesc Oravița", "amenity": "hospital", "beds": null }, "geometry": { "type": "Point", "coordinates": [ 21.689883, 45.0361846 ] } },
{ "type": "Feature", "properties": { "nuts3_code": "RO121", "name": "Spital Fizioterapie", "amenity": "hospital", "beds": null }, "geometry": { "type": "Point", "coordinates": [ 23.5746813, 45.9581581 ] } },
{ "type": "Feature", "properties": { "nuts3_code": "RO121", "name": "Spitalul Municipal Sebeș", "amenity": "hospital", "beds": null }, "geometry": { "type": "Point", "coordinates": [ 23.5682676, 45.9511629 ] } },
{ "type": "Feature", "properties": { "nuts3_code": "RO121", "name": "Spitalul Municipal Sebeș Pediatrie", "amenity": "hospital", "beds": null }, "geometry": { "type": "Point", "coordinates": [ 23.5677528, 45.9528477 ] } },
{ "type": "Feature", "properties": { "nuts3_code": "RO121", "name": "CLINICA AFRODITA", "amenity": "clinic", "beds": null }, "geometry": { "type": "Point", "coordinates": [ 23.5770266, 45.9556697 ] } },
{ "type": "Feature", "properties": { "nuts3_code": "RO321", "name": "MedEuropa Bucuresti", "amenity": "clinic", "beds": null }, "geometry": { "type": "Point", "coordinates": [ 26.1669403, 44.4436416 ] } },
{ "type": "Feature", "properties": { "nuts3_code": "RO215", "name": "Spitalul Vechi", "amenity": "hospital", "beds": null }, "geometry": { "type": "Point", "coordinates": [ 26.241903, 47.6378405 ] } },
{ "type": "Feature", "properties": { "nuts3_code": "RO226", "name": "Clinica Materna", "amenity": "clinic", "beds": null }, "geometry": { "type": "Point", "coordinates": [ 27.0920457, 45.9069391 ] } },
{ "type": "Feature", "properties": { "nuts3_code": "RO114", "name": "DISPENSAR UMAN", "amenity": "hospital", "beds": null }, "geometry": { "type": "Point", "coordinates": [ 24.4016834, 47.8304485 ] } },
{ "type": "Feature", "properties": { "nuts3_code": "RO215", "name": "Spitalul Orășenesc", "amenity": "hospital", "beds": null }, "geometry": { "type": "Point", "coordinates": [ 25.8895024, 47.5549575 ] } },
{ "type": "Feature", "properties": { "nuts3_code": "RO122", "name": "Policlinica Făgăraș", "amenity": "clinic", "beds": null }, "geometry": { "type": "Point", "coordinates": [ 24.9579029, 45.8409888 ] } },
{ "type": "Feature", "properties": { "nuts3_code": "RO114", "name": "Spitalul de recuperare Borșa", "amenity": "hospital", "beds": null }, "geometry": { "type": "Point", "coordinates": [ 24.6666204, 47.6542222 ] } },
{ "type": "Feature", "properties": { "nuts3_code": "RO315", "name": "Policlinica Fetești", "amenity": "hospital", "beds": null }, "geometry": { "type": "Point", "coordinates": [ 27.8272885, 44.4088249 ] } },
{ "type": "Feature", "properties": { "nuts3_code": "RO215", "name": null, "amenity": "hospital", "beds": null }, "geometry": { "type": "Point", "coordinates": [ 25.893485, 47.5539089 ] } },
{ "type": "Feature", "properties": { "nuts3_code": "RO211", "name": "Centrul de Recuperare și Reabilitare Neuropsihiatrică Răcăciuni", "amenity": "hospital", "beds": null }, "geometry": { "type": "Point", "coordinates": [ 26.9698827, 46.3424533 ] } },
{ "type": "Feature", "properties": { "nuts3_code": "RO226", "name": "Spitalul comunal Vidra", "amenity": "hospital", "beds": null }, "geometry": { "type": "Point", "coordinates": [ 26.9077254, 45.9114013 ] } },
{ "type": "Feature", "properties": { "nuts3_code": "RO113", "name": "MedLife Spitalul Humanitas", "amenity": "hospital", "beds": null }, "geometry": { "type": "Point", "coordinates": [ 23.571557, 46.7509672 ] } },
{ "type": "Feature", "properties": { "nuts3_code": "RO226", "name": null, "amenity": "hospital", "beds": null }, "geometry": { "type": "Point", "coordinates": [ 27.070797, 45.764104 ] } },
{ "type": "Feature", "properties": { "nuts3_code": "RO226", "name": null, "amenity": "hospital", "beds": null }, "geometry": { "type": "Point", "coordinates": [ 27.1940929, 45.7044843 ] } },
{ "type": "Feature", "properties": { "nuts3_code": "RO226", "name": null, "amenity": "hospital", "beds": null }, "geometry": { "type": "Point", "coordinates": [ 27.1950049, 45.7037599 ] } },
{ "type": "Feature", "properties": { "nuts3_code": "RO226", "name": "Spitalul de Boli Infecțioase", "amenity": "hospital", "beds": null }, "geometry": { "type": "Point", "coordinates": [ 27.1953938, 45.7049326 ] } },
{ "type": "Feature", "properties": { "nuts3_code": "RO226", "name": "Spitalul Militar de Urgenţă „Dr. Alexandru Popescu”", "amenity": "hospital", "beds": null }, "geometry": { "type": "Point", "coordinates": [ 27.1905659, 45.696796 ] } },
{ "type": "Feature", "properties": { "nuts3_code": "RO223", "name": "Ovidius Clinical Hospital", "amenity": "hospital", "beds": null }, "geometry": { "type": "Point", "coordinates": [ 28.5824568, 44.2320807 ] } },
{ "type": "Feature", "properties": { "nuts3_code": "RO415", "name": null, "amenity": "hospital", "beds": null }, "geometry": { "type": "Point", "coordinates": [ 24.2455494, 45.3425106 ] } },
{ "type": "Feature", "properties": { "nuts3_code": "RO321", "name": "Spitalul Universitar de Urgență Elias", "amenity": "hospital", "beds": null }, "geometry": { "type": "Point", "coordinates": [ 26.0740855, 44.4659572 ] } },
{ "type": "Feature", "properties": { "nuts3_code": "RO115", "name": null, "amenity": "clinic", "beds": null }, "geometry": { "type": "Point", "coordinates": [ 22.8936356, 47.7796113 ] } },
{ "type": "Feature", "properties": { "nuts3_code": "RO214", "name": "Clinica Asclepion", "amenity": "clinic", "beds": null }, "geometry": { "type": "Point", "coordinates": [ 26.355013, 47.1996879 ] } },
{ "type": "Feature", "properties": { "nuts3_code": "RO214", "name": "Casă pentru persoane cu dizabilități", "amenity": "hospital", "beds": null }, "geometry": { "type": "Point", "coordinates": [ 26.3365506, 47.2121292 ] } },
{ "type": "Feature", "properties": { "nuts3_code": "RO313", "name": "Spitalul Județean de Urgență Târgoviște - Secțiile Psihiatrie Cronici I - VI", "amenity": "hospital", "beds": null }, "geometry": { "type": "Point", "coordinates": [ 25.5520634, 44.9577922 ] } },
{ "type": "Feature", "properties": { "nuts3_code": "RO315", "name": "Spitalul Orășenesc Țăndărei", "amenity": "hospital", "beds": null }, "geometry": { "type": "Point", "coordinates": [ 27.6760481, 44.6390222 ] } },
{ "type": "Feature", "properties": { "nuts3_code": "RO312", "name": "Spitalul Județean Călărași", "amenity": "hospital", "beds": null }, "geometry": { "type": "Point", "coordinates": [ 27.3276212, 44.1920442 ] } },
{ "type": "Feature", "properties": { "nuts3_code": "RO423", "name": "Policlinică", "amenity": "clinic", "beds": null }, "geometry": { "type": "Point", "coordinates": [ 23.3766818, 45.4078065 ] } },
{ "type": "Feature", "properties": { "nuts3_code": "RO423", "name": "Policlinică", "amenity": "clinic", "beds": null }, "geometry": { "type": "Point", "coordinates": [ 23.3768654, 45.4078092 ] } },
{ "type": "Feature", "properties": { "nuts3_code": "RO313", "name": "Hac", "amenity": "clinic", "beds": null }, "geometry": { "type": "Point", "coordinates": [ 25.4922897, 44.9530603 ] } },
{ "type": "Feature", "properties": { "nuts3_code": "RO321", "name": "Spitalul de Pneumoftiziologie Sfântul Ștefan", "amenity": "hospital", "beds": null }, "geometry": { "type": "Point", "coordinates": [ 26.1054838, 44.4536805 ] } },
{ "type": "Feature", "properties": { "nuts3_code": "RO125", "name": null, "amenity": "hospital", "beds": null }, "geometry": { "type": "Point", "coordinates": [ 24.0996708, 46.4876834 ] } },
{ "type": "Feature", "properties": { "nuts3_code": "RO316", "name": "Centru de recuperare și reabilitare neuro-psihiatrică", "amenity": "hospital", "beds": null }, "geometry": { "type": "Point", "coordinates": [ 25.7801149, 45.017522 ] } },
{ "type": "Feature", "properties": { "nuts3_code": "RO125", "name": "Centrul Medical Policardinal Med", "amenity": "clinic", "beds": null }, "geometry": { "type": "Point", "coordinates": [ 24.695061, 46.7816931 ] } },
{ "type": "Feature", "properties": { "nuts3_code": "RO313", "name": "Sectia recuperari", "amenity": "hospital", "beds": null }, "geometry": { "type": "Point", "coordinates": [ 25.4498838, 44.92393 ] } },
{ "type": "Feature", "properties": { "nuts3_code": "RO321", "name": "Spitalul clinic de copii \"Dr. Victor Gomoiu\"", "amenity": "hospital", "beds": null }, "geometry": { "type": "Point", "coordinates": [ 26.1419938, 44.4330768 ] } },
{ "type": "Feature", "properties": { "nuts3_code": "RO411", "name": "Spitalul Orășenesc Așezămintele Brâncovenești", "amenity": "hospital", "beds": null }, "geometry": { "type": "Point", "coordinates": [ 24.0943386, 43.8011926 ] } },
{ "type": "Feature", "properties": { "nuts3_code": "RO415", "name": null, "amenity": "hospital", "beds": null }, "geometry": { "type": "Point", "coordinates": [ 24.2560844, 44.6303905 ] } },
{ "type": "Feature", "properties": { "nuts3_code": "RO113", "name": "Regina Maria Policlinica E. Grigorescu", "amenity": "clinic", "beds": null }, "geometry": { "type": "Point", "coordinates": [ 23.5619806, 46.7684351 ] } },
{ "type": "Feature", "properties": { "nuts3_code": "RO311", "name": "Centrul Maternal \"Mama și Copilul\" Câmpulung", "amenity": "hospital", "beds": null }, "geometry": { "type": "Point", "coordinates": [ 25.0424406, 45.2739366 ] } },
{ "type": "Feature", "properties": { "nuts3_code": "RO126", "name": "Spitalul de Pneumoftiziologie Sibiu", "amenity": "hospital", "beds": null }, "geometry": { "type": "Point", "coordinates": [ 24.1435651, 45.7950982 ] } },
{ "type": "Feature", "properties": { "nuts3_code": "RO126", "name": "Cămin – Spital „Dr. Carl Wolff”", "amenity": "hospital", "beds": null }, "geometry": { "type": "Point", "coordinates": [ 24.1398905, 45.7977479 ] } },
{ "type": "Feature", "properties": { "nuts3_code": "RO223", "name": null, "amenity": "hospital", "beds": null }, "geometry": { "type": "Point", "coordinates": [ 28.6306966, 44.1613596 ] } },
{ "type": "Feature", "properties": { "nuts3_code": "RO214", "name": "LucaMed Recuperare Medicala", "amenity": "clinic", "beds": null }, "geometry": { "type": "Point", "coordinates": [ 26.8592137, 47.0051501 ] } },
{ "type": "Feature", "properties": { "nuts3_code": "RO214", "name": null, "amenity": "hospital", "beds": null }, "geometry": { "type": "Point", "coordinates": [ 26.3618912, 47.2025432 ] } },
{ "type": "Feature", "properties": { "nuts3_code": "RO424", "name": "Centrul de radioterapie Amethyst", "amenity": "clinic", "beds": null }, "geometry": { "type": "Point", "coordinates": [ 21.2593357, 45.8113407 ] } },
{ "type": "Feature", "properties": { "nuts3_code": "RO113", "name": "Di'Art Clinic and Consultant", "amenity": "clinic", "beds": null }, "geometry": { "type": "Point", "coordinates": [ 23.6049529, 46.7559051 ] } },
{ "type": "Feature", "properties": { "nuts3_code": "RO113", "name": "Ambulatoriu Clinic de Psihiatrie Pedriatică", "amenity": "hospital", "beds": null }, "geometry": { "type": "Point", "coordinates": [ 23.5662439, 46.7626497 ] } },
{ "type": "Feature", "properties": { "nuts3_code": "RO424", "name": "Spital Premiere", "amenity": "hospital", "beds": null }, "geometry": { "type": "Point", "coordinates": [ 21.2192955, 45.7792232 ] } },
{ "type": "Feature", "properties": { "nuts3_code": "RO321", "name": "Spitalul Clinic de Urgență București", "amenity": "hospital", "beds": null }, "geometry": { "type": "Point", "coordinates": [ 26.101545, 44.45388 ] } },
{ "type": "Feature", "properties": { "nuts3_code": "RO316", "name": "Spitalul de pneumoftiziologie Florești", "amenity": "hospital", "beds": null }, "geometry": { "type": "Point", "coordinates": [ 25.7923086, 45.0301768 ] } },
{ "type": "Feature", "properties": { "nuts3_code": "RO424", "name": "Spitalul de Psihiatrie Gătaia", "amenity": "hospital", "beds": null }, "geometry": { "type": "Point", "coordinates": [ 21.4615052, 45.437746 ] } },
{ "type": "Feature", "properties": { "nuts3_code": "RO424", "name": "Spitalul de Psihiatrie și pentru Măsuri de Siguranță Jebel", "amenity": "hospital", "beds": null }, "geometry": { "type": "Point", "coordinates": [ 21.1985412, 45.5660194 ] } },
{ "type": "Feature", "properties": { "nuts3_code": "RO413", "name": "Centrul de Oncologie", "amenity": "clinic", "beds": null }, "geometry": { "type": "Point", "coordinates": [ 22.6402575, 44.6322986 ] } },
{ "type": "Feature", "properties": { "nuts3_code": "RO215", "name": "Spitalul Municipal Rădăuți", "amenity": "hospital", "beds": null }, "geometry": { "type": "Point", "coordinates": [ 25.9262941, 47.8377387 ] } },
{ "type": "Feature", "properties": { "nuts3_code": "RO316", "name": null, "amenity": "clinic", "beds": null }, "geometry": { "type": "Point", "coordinates": [ 25.989035, 44.9082873 ] } },
{ "type": "Feature", "properties": { "nuts3_code": "RO321", "name": "Synris Dent", "amenity": "clinic", "beds": null }, "geometry": { "type": "Point", "coordinates": [ 26.1346879, 44.428482 ] } },
{ "type": "Feature", "properties": { "nuts3_code": "RO222", "name": "Spitalul de Boli Contagioase Buzău (fost Gârlași)", "amenity": "hospital", "beds": null }, "geometry": { "type": "Point", "coordinates": [ 26.8274153, 45.1463743 ] } },
{ "type": "Feature", "properties": { "nuts3_code": "RO415", "name": "Dispensarul Popești", "amenity": "hospital", "beds": null }, "geometry": { "type": "Point", "coordinates": [ 24.0950681, 44.9841746 ] } },
{ "type": "Feature", "properties": { "nuts3_code": "RO113", "name": "Secția de Hematologie a Institutului Oncologic", "amenity": "hospital", "beds": null }, "geometry": { "type": "Point", "coordinates": [ 23.6025994, 46.7757871 ] } },
{ "type": "Feature", "properties": { "nuts3_code": "RO114", "name": null, "amenity": "hospital", "beds": null }, "geometry": { "type": "Point", "coordinates": [ 23.8612063, 47.45535 ] } },
{ "type": "Feature", "properties": { "nuts3_code": "RO424", "name": "Centrul de Oncologie OncoHelp", "amenity": "clinic", "beds": null }, "geometry": { "type": "Point", "coordinates": [ 21.2183439, 45.7384962 ] } },
{ "type": "Feature", "properties": { "nuts3_code": "RO411", "name": "Centrul de Recuperare \"Sfântul Nectarie\"", "amenity": "hospital", "beds": null }, "geometry": { "type": "Point", "coordinates": [ 23.829645, 44.3009723 ] } },
{ "type": "Feature", "properties": { "nuts3_code": "RO321", "name": "Spitalul Clinic de Ortopedie \"Foișor\"", "amenity": "hospital", "beds": null }, "geometry": { "type": "Point", "coordinates": [ 26.1214467, 44.4406855 ] } },
{ "type": "Feature", "properties": { "nuts3_code": "RO321", "name": "Spitalul \"Monza\"", "amenity": "hospital", "beds": null }, "geometry": { "type": "Point", "coordinates": [ 26.1490639, 44.4388062 ] } },
{ "type": "Feature", "properties": { "nuts3_code": "RO321", "name": "Spitalul Clinic \"Nicolae Malaxa\"", "amenity": "hospital", "beds": null }, "geometry": { "type": "Point", "coordinates": [ 26.1787735, 44.4383371 ] } },
{ "type": "Feature", "properties": { "nuts3_code": "RO424", "name": "Clinica de Recuperare, Medicină Fizică și Balneologie", "amenity": "clinic", "beds": null }, "geometry": { "type": "Point", "coordinates": [ 21.2357923, 45.7527645 ] } },
{ "type": "Feature", "properties": { "nuts3_code": "RO126", "name": "Spitalul de Psihiatrie \"Dr. Gheorghe Preda\"", "amenity": "hospital", "beds": null }, "geometry": { "type": "Point", "coordinates": [ 24.1545286, 45.8081347 ] } },
{ "type": "Feature", "properties": { "nuts3_code": "RO315", "name": "Spitalul Municipal Urziceni", "amenity": "hospital", "beds": null }, "geometry": { "type": "Point", "coordinates": [ 26.6493562, 44.7109004 ] } },
{ "type": "Feature", "properties": { "nuts3_code": "RO126", "name": "Spitalul Orășenesc Cisnădie", "amenity": "hospital", "beds": null }, "geometry": { "type": "Point", "coordinates": [ 24.1454091, 45.7087771 ] } },
{ "type": "Feature", "properties": { "nuts3_code": "RO424", "name": "Clinica Sfântul Pantelimon", "amenity": "clinic", "beds": null }, "geometry": { "type": "Point", "coordinates": [ 21.2313705, 45.7321168 ] } },
{ "type": "Feature", "properties": { "nuts3_code": "RO411", "name": null, "amenity": "hospital", "beds": null }, "geometry": { "type": "Point", "coordinates": [ 23.0455021, 44.1083129 ] } },
{ "type": "Feature", "properties": { "nuts3_code": "RO321", "name": "Spitalul Băneasa Regina Maria", "amenity": "hospital", "beds": null }, "geometry": { "type": "Point", "coordinates": [ 26.0720731, 44.4960281 ] } },
{ "type": "Feature", "properties": { "nuts3_code": "RO213", "name": "Unique Clinic", "amenity": "clinic", "beds": null }, "geometry": { "type": "Point", "coordinates": [ 27.6113601, 47.1645472 ] } },
{ "type": "Feature", "properties": { "nuts3_code": "RO115", "name": null, "amenity": "clinic", "beds": null }, "geometry": { "type": "Point", "coordinates": [ 22.8771479, 47.7849324 ] } },
{ "type": "Feature", "properties": { "nuts3_code": "RO213", "name": "Fresenius", "amenity": "clinic", "beds": null }, "geometry": { "type": "Point", "coordinates": [ 27.63353, 47.1515288 ] } },
{ "type": "Feature", "properties": { "nuts3_code": "RO322", "name": "Spitalul Brâncuși", "amenity": "clinic", "beds": null }, "geometry": { "type": "Point", "coordinates": [ 26.0036935, 44.4179605 ] } },
{ "type": "Feature", "properties": { "nuts3_code": "RO213", "name": "Centru de Radioterapie MedEuropa Iasi", "amenity": "clinic", "beds": null }, "geometry": { "type": "Point", "coordinates": [ 27.5614523, 47.1722067 ] } },
{ "type": "Feature", "properties": { "nuts3_code": "RO111", "name": "Dispensar", "amenity": "clinic", "beds": null }, "geometry": { "type": "Point", "coordinates": [ 22.3673051, 46.7658448 ] } },
{ "type": "Feature", "properties": { "nuts3_code": "RO225", "name": null, "amenity": "clinic", "beds": null }, "geometry": { "type": "Point", "coordinates": [ 28.7357189, 45.0401948 ] } },
{ "type": "Feature", "properties": { "nuts3_code": "RO223", "name": null, "amenity": "clinic", "beds": null }, "geometry": { "type": "Point", "coordinates": [ 28.6319004, 44.1630284 ] } },
{ "type": "Feature", "properties": { "nuts3_code": "RO112", "name": "Policlinica", "amenity": "hospital", "beds": null }, "geometry": { "type": "Point", "coordinates": [ 24.1826556, 47.1813789 ] } },
{ "type": "Feature", "properties": { "nuts3_code": "RO423", "name": "Clinica Sante", "amenity": "clinic", "beds": null }, "geometry": { "type": "Point", "coordinates": [ 22.9099923, 45.7614894 ] } },
{ "type": "Feature", "properties": { "nuts3_code": "RO214", "name": "Punct sanitar", "amenity": "hospital", "beds": null }, "geometry": { "type": "Point", "coordinates": [ 26.4065593, 47.1966531 ] } },
{ "type": "Feature", "properties": { "nuts3_code": "RO213", "name": "Verde Clinic - Centru de Dializă", "amenity": "clinic", "beds": null }, "geometry": { "type": "Point", "coordinates": [ 27.5152175, 47.2039527 ] } },
{ "type": "Feature", "properties": { "nuts3_code": "RO214", "name": null, "amenity": "hospital", "beds": null }, "geometry": { "type": "Point", "coordinates": [ 26.3821644, 47.2087896 ] } },
{ "type": "Feature", "properties": { "nuts3_code": "RO214", "name": "Medic de familie", "amenity": "hospital", "beds": null }, "geometry": { "type": "Point", "coordinates": [ 26.3783799, 47.2074663 ] } },
{ "type": "Feature", "properties": { "nuts3_code": "RO412", "name": "Spitalul Orășenesc", "amenity": "hospital", "beds": null }, "geometry": { "type": "Point", "coordinates": [ 23.513326, 44.9625379 ] } },
{ "type": "Feature", "properties": { "nuts3_code": "RO211", "name": "Clinica NewMedics Bacau", "amenity": "clinic", "beds": null }, "geometry": { "type": "Point", "coordinates": [ 26.9090808, 46.5707463 ] } },
{ "type": "Feature", "properties": { "nuts3_code": "RO321", "name": "Spitalul Universitar de Urgență București", "amenity": "hospital", "beds": null }, "geometry": { "type": "Point", "coordinates": [ 26.0719302, 44.4360553 ] } },
{ "type": "Feature", "properties": { "nuts3_code": "RO415", "name": "Spitalul Municipal „Costache Nicolescu” Drăgășani", "amenity": "hospital", "beds": null }, "geometry": { "type": "Point", "coordinates": [ 24.2580992, 44.6596017 ] } },
{ "type": "Feature", "properties": { "nuts3_code": "RO321", "name": "Spitalul Polizu", "amenity": "hospital", "beds": null }, "geometry": { "type": "Point", "coordinates": [ 26.0811162, 44.4472576 ] } },
{ "type": "Feature", "properties": { "nuts3_code": "RO317", "name": "Spitalul de Psihiatrie Cronici Balaci", "amenity": "hospital", "beds": null }, "geometry": { "type": "Point", "coordinates": [ 24.9435803, 44.3764216 ] } },
{ "type": "Feature", "properties": { "nuts3_code": "RO423", "name": null, "amenity": "hospital", "beds": null }, "geometry": { "type": "Point", "coordinates": [ 22.6629771, 45.931434 ] } },
{ "type": "Feature", "properties": { "nuts3_code": "RO413", "name": "Spitalul Municipal Orșova", "amenity": "hospital", "beds": null }, "geometry": { "type": "Point", "coordinates": [ 22.3958105, 44.7216057 ] } },
{ "type": "Feature", "properties": { "nuts3_code": "RO226", "name": "Spitalul de Psihiatrie Cronici", "amenity": "hospital", "beds": null }, "geometry": { "type": "Point", "coordinates": [ 27.1064108, 45.5500118 ] } },
{ "type": "Feature", "properties": { "nuts3_code": "RO316", "name": "Spital Sinaia- Secția Pediatrie", "amenity": "hospital", "beds": null }, "geometry": { "type": "Point", "coordinates": [ 25.5470205, 45.348616 ] } },
{ "type": "Feature", "properties": { "nuts3_code": "RO321", "name": "Medic Line George Cosbuc", "amenity": "hospital", "beds": null }, "geometry": { "type": "Point", "coordinates": [ 26.0832364, 44.4182398 ] } },
{ "type": "Feature", "properties": { "nuts3_code": "RO414", "name": "Dispensar Strejesti", "amenity": "clinic", "beds": null }, "geometry": { "type": "Point", "coordinates": [ 24.2673774, 44.5210617 ] } },
{ "type": "Feature", "properties": { "nuts3_code": "RO321", "name": "Royal Hospital", "amenity": "hospital", "beds": null }, "geometry": { "type": "Point", "coordinates": [ 26.1370296, 44.4057416 ] } },
{ "type": "Feature", "properties": { "nuts3_code": "RO115", "name": "Clinica Primamedica One", "amenity": "clinic", "beds": null }, "geometry": { "type": "Point", "coordinates": [ 22.922992, 47.7780262 ] } },
{ "type": "Feature", "properties": { "nuts3_code": "RO422", "name": null, "amenity": "hospital", "beds": null }, "geometry": { "type": "Point", "coordinates": [ 21.8853919, 45.291025 ] } },
{ "type": "Feature", "properties": { "nuts3_code": "RO422", "name": null, "amenity": "hospital", "beds": null }, "geometry": { "type": "Point", "coordinates": [ 21.8858492, 45.2908145 ] } },
{ "type": "Feature", "properties": { "nuts3_code": "RO422", "name": null, "amenity": "hospital", "beds": null }, "geometry": { "type": "Point", "coordinates": [ 21.8844925, 45.2905409 ] } },
{ "type": "Feature", "properties": { "nuts3_code": "RO422", "name": "Centrul de Transfuzie Sanguină", "amenity": "hospital", "beds": null }, "geometry": { "type": "Point", "coordinates": [ 21.8860927, 45.290581 ] } },
{ "type": "Feature", "properties": { "nuts3_code": "RO422", "name": null, "amenity": "hospital", "beds": null }, "geometry": { "type": "Point", "coordinates": [ 21.8849547, 45.2902125 ] } },
{ "type": "Feature", "properties": { "nuts3_code": "RO422", "name": "Spitalul nr. 2", "amenity": "hospital", "beds": null }, "geometry": { "type": "Point", "coordinates": [ 21.88521, 45.2905521 ] } },
{ "type": "Feature", "properties": { "nuts3_code": "RO314", "name": "Policlinică", "amenity": "clinic", "beds": null }, "geometry": { "type": "Point", "coordinates": [ 25.9570071, 43.8943475 ] } },
{ "type": "Feature", "properties": { "nuts3_code": "RO321", "name": "Spitalul Clinic de Urgenta pentru copii Maria Sklodowska Curie", "amenity": "hospital", "beds": null }, "geometry": { "type": "Point", "coordinates": [ 26.108544, 44.3894516 ] } },
{ "type": "Feature", "properties": { "nuts3_code": "RO222", "name": null, "amenity": "hospital", "beds": null }, "geometry": { "type": "Point", "coordinates": [ 26.8103115, 45.1521928 ] } },
{ "type": "Feature", "properties": { "nuts3_code": "RO222", "name": null, "amenity": "clinic", "beds": null }, "geometry": { "type": "Point", "coordinates": [ 26.7736652, 45.197959 ] } },
{ "type": "Feature", "properties": { "nuts3_code": "RO222", "name": null, "amenity": "clinic", "beds": null }, "geometry": { "type": "Point", "coordinates": [ 26.8095095, 45.1811641 ] } },
{ "type": "Feature", "properties": { "nuts3_code": "RO114", "name": "Centrul de Servicii de Reabilitare Neutomotorie", "amenity": "clinic", "beds": null }, "geometry": { "type": "Point", "coordinates": [ 23.5521912, 47.6531009 ] } },
{ "type": "Feature", "properties": { "nuts3_code": "RO123", "name": "Cabinet medical de familie", "amenity": "hospital", "beds": null }, "geometry": { "type": "Point", "coordinates": [ 26.0664684, 45.659375 ] } },
{ "type": "Feature", "properties": { "nuts3_code": "RO317", "name": "Spitalul Municipal Turnu Măgurele", "amenity": "hospital", "beds": null }, "geometry": { "type": "Point", "coordinates": [ 24.8687797, 43.743527 ] } },
{ "type": "Feature", "properties": { "nuts3_code": "RO211", "name": "Spitalul Municipal „Sfânta Maria” Bacău", "amenity": "hospital", "beds": null }, "geometry": { "type": "Point", "coordinates": [ 26.9095852, 46.5572947 ] } },
{ "type": "Feature", "properties": { "nuts3_code": "RO314", "name": "Spitalul Județean de Urgență Giurgiu", "amenity": "hospital", "beds": null }, "geometry": { "type": "Point", "coordinates": [ 25.9686889, 43.8978063 ] } },
{ "type": "Feature", "properties": { "nuts3_code": "RO317", "name": null, "amenity": "hospital", "beds": null }, "geometry": { "type": "Point", "coordinates": [ 25.313522, 43.9796402 ] } },
{ "type": "Feature", "properties": { "nuts3_code": "RO215", "name": "Spitalul Clinic CF Iasi, Ambulatoriul de specialitate CF Suceava", "amenity": "hospital", "beds": null }, "geometry": { "type": "Point", "coordinates": [ 26.2676003, 47.6704469 ] } },
{ "type": "Feature", "properties": { "nuts3_code": "RO215", "name": "Spitalul de ingrijiri paliative Ilisesti,", "amenity": "hospital", "beds": null }, "geometry": { "type": "Point", "coordinates": [ 26.0116404, 47.5853952 ] } },
{ "type": "Feature", "properties": { "nuts3_code": "RO424", "name": "Centrul Medical Clinic de Evaluare şi Recuperare pentru Copii şi Adolescenţi Cristian Şerban", "amenity": "clinic", "beds": null }, "geometry": { "type": "Point", "coordinates": [ 21.6097633, 45.6498426 ] } },
{ "type": "Feature", "properties": { "nuts3_code": "RO316", "name": "Spitalul Municipal Câmpina", "amenity": "hospital", "beds": null }, "geometry": { "type": "Point", "coordinates": [ 25.7323155, 45.1279933 ] } },
{ "type": "Feature", "properties": { "nuts3_code": "RO423", "name": "Spitalul Orășenesc Orăștie", "amenity": "hospital", "beds": null }, "geometry": { "type": "Point", "coordinates": [ 23.1870583, 45.8421208 ] } },
{ "type": "Feature", "properties": { "nuts3_code": "RO224", "name": "Spitalul Județean de Urgență \"Sfântul Apostol Andrei\"", "amenity": "hospital", "beds": null }, "geometry": { "type": "Point", "coordinates": [ 28.0196327, 45.4187293 ] } },
{ "type": "Feature", "properties": { "nuts3_code": "RO211", "name": "Clinica Antares", "amenity": "clinic", "beds": null }, "geometry": { "type": "Point", "coordinates": [ 26.7674586, 46.2449883 ] } },
{ "type": "Feature", "properties": { "nuts3_code": "RO415", "name": null, "amenity": "clinic", "beds": null }, "geometry": { "type": "Point", "coordinates": [ 24.363827, 45.1306208 ] } },
{ "type": "Feature", "properties": { "nuts3_code": "RO112", "name": "Spitalul Clinic Județean de Urgență Bistrița", "amenity": "hospital", "beds": null }, "geometry": { "type": "Point", "coordinates": [ 24.5057545, 47.1398742 ] } },
{ "type": "Feature", "properties": { "nuts3_code": "RO411", "name": null, "amenity": "clinic", "beds": null }, "geometry": { "type": "Point", "coordinates": [ 23.0664931, 43.9189948 ] } },
{ "type": "Feature", "properties": { "nuts3_code": "RO311", "name": "Spitalul Județean de Urgență Pitești", "amenity": "hospital", "beds": null }, "geometry": { "type": "Point", "coordinates": [ 24.8475013, 44.8708232 ] } },
{ "type": "Feature", "properties": { "nuts3_code": "RO321", "name": "Centrul socio-medical \"Sfântul Spiridon Vechi\"", "amenity": "clinic", "beds": null }, "geometry": { "type": "Point", "coordinates": [ 26.0956314, 44.428945 ] } },
{ "type": "Feature", "properties": { "nuts3_code": "RO214", "name": null, "amenity": "hospital", "beds": null }, "geometry": { "type": "Point", "coordinates": [ 26.3585, 47.208529 ] } },
{ "type": "Feature", "properties": { "nuts3_code": "RO214", "name": "Corp tehnic administrativ", "amenity": "hospital", "beds": null }, "geometry": { "type": "Point", "coordinates": [ 26.3589206, 47.20806 ] } },
{ "type": "Feature", "properties": { "nuts3_code": "RO214", "name": "Magazie centrala", "amenity": "hospital", "beds": null }, "geometry": { "type": "Point", "coordinates": [ 26.3571905, 47.2085462 ] } },
{ "type": "Feature", "properties": { "nuts3_code": "RO414", "name": "Spitalul Județean de Urgență Slatina", "amenity": "hospital", "beds": null }, "geometry": { "type": "Point", "coordinates": [ 24.3667127, 44.4300092 ] } },
{ "type": "Feature", "properties": { "nuts3_code": "RO122", "name": "Spitalul Clinic Județean de Urgență Brașov", "amenity": "hospital", "beds": null }, "geometry": { "type": "Point", "coordinates": [ 25.6207447, 45.6484567 ] } },
{ "type": "Feature", "properties": { "nuts3_code": "RO317", "name": "Secția de Geriatrie - Spitalul Orășenesc Zimnicea", "amenity": "clinic", "beds": null }, "geometry": { "type": "Point", "coordinates": [ 25.3620285, 43.652367 ] } },
{ "type": "Feature", "properties": { "nuts3_code": "RO215", "name": "Spitalul Județean Suceava", "amenity": "hospital", "beds": null }, "geometry": { "type": "Point", "coordinates": [ 26.2404995, 47.6391198 ] } },
{ "type": "Feature", "properties": { "nuts3_code": "RO414", "name": null, "amenity": "hospital", "beds": null }, "geometry": { "type": "Point", "coordinates": [ 24.4237222, 44.6039291 ] } },
{ "type": "Feature", "properties": { "nuts3_code": "RO314", "name": "Centrul de Asistență socio-medicală Mogoșești", "amenity": "hospital", "beds": null }, "geometry": { "type": "Point", "coordinates": [ 26.1032491, 44.2435934 ] } },
{ "type": "Feature", "properties": { "nuts3_code": "RO421", "name": "Dispensarul Zimandul Nou", "amenity": "clinic", "beds": null }, "geometry": { "type": "Point", "coordinates": [ 21.3930254, 46.2839492 ] } },
{ "type": "Feature", "properties": { "nuts3_code": "RO213", "name": null, "amenity": "hospital", "beds": null }, "geometry": { "type": "Point", "coordinates": [ 27.4329346, 47.0713917 ] } },
{ "type": "Feature", "properties": { "nuts3_code": "RO213", "name": null, "amenity": "hospital", "beds": null }, "geometry": { "type": "Point", "coordinates": [ 27.4327353, 47.0712155 ] } },
{ "type": "Feature", "properties": { "nuts3_code": "RO211", "name": "Spitalul de Pneumoftiziologie Bacău", "amenity": "hospital", "beds": null }, "geometry": { "type": "Point", "coordinates": [ 26.8995895, 46.5644968 ] } },
{ "type": "Feature", "properties": { "nuts3_code": "RO113", "name": "Spitalul Municipal Dej", "amenity": "hospital", "beds": null }, "geometry": { "type": "Point", "coordinates": [ 23.881054, 47.1413947 ] } },
{ "type": "Feature", "properties": { "nuts3_code": "RO225", "name": "Farmacie & Dispensar Comunal Sfântu Gheorghe", "amenity": "hospital", "beds": null }, "geometry": { "type": "Point", "coordinates": [ 29.5945929, 44.8975257 ] } },
{ "type": "Feature", "properties": { "nuts3_code": "RO321", "name": "Policlinica Drumea Rădulescu (medicina de familie)", "amenity": "hospital", "beds": null }, "geometry": { "type": "Point", "coordinates": [ 26.105816, 44.4166587 ] } },
{ "type": "Feature", "properties": { "nuts3_code": "RO215", "name": "Spitalul Orășenesc Gura Humorului", "amenity": "hospital", "beds": null }, "geometry": { "type": "Point", "coordinates": [ 25.8895085, 47.5549321 ] } }
]
}
