{"type": "FeatureCollection", "features": [{"type": "Feature", "geometry": {"type": "Point", "coordinates": [21.3168771, 46.172892]}, "properties": {"addr:city": "Arad", "addr:housenumber": "91-93", "addr:postcode": "310414", "addr:street": "Bulevardul Revolu\u021biei", "amenity": "university", "education": "university", "name": "Facultatea de \u0218tiin\u021be ale Naturii, Inginerie \u0219i Informatic\u0103 a Universit\u0103\u021bii \"Vasile Goldi\u0219\"", "name:en": "Computer Science Faculty of Vasile Goldi\u0219 Western University of Arad", "name:ro": "Facultatea de \u0218tiin\u021be ale Naturii, Inginerie \u0219i Informatic\u0103 a Universit\u0103\u021bii \"Vasile Goldi\u0219\"", "wheelchair": "no"}}, {"type": "Feature", "geometry": {"type": "Point", "coordinates": [21.3161732, 46.173254]}, "properties": {"amenity": "university", "building": "school", "education": "university", "name": "Vasile Goldi\u0219: Facultatea de \u0218tiin\u021be Juridice"}}, {"type": "Feature", "geometry": {"type": "Point", "coordinates": [24.495396, 47.1357344]}, "properties": {"amenity": "college", "name": "Liceul Liviu Rebreanu"}}, {"type": "Feature", "geometry": {"type": "Point", "coordinates": [24.4912841, 47.1323075]}, "properties": {"amenity": "college", "name": "Liceul Andrei Mure\u0219anu"}}, {"type": "Feature", "geometry": {"type": "Point", "coordinates": [24.4925584, 47.1332947]}, "properties": {"amenity": "college", "name": "Liceul Sanitar"}}, {"type": "Feature", "geometry": {"type": "Point", "coordinates": [24.480141, 47.128795]}, "properties": {"amenity": "college", "name": "Grup \u0218colar Grigore Moisil"}}, {"type": "Feature", "geometry": {"type": "Point", "coordinates": [25.5856671, 45.6580021]}, "properties": {"amenity": "college", "name": "Colegiul de Arhitectur\u0103"}}, {"type": "Feature", "geometry": {"type": "Point", "coordinates": [28.0576738, 45.4388725]}, "properties": {"addr:housenumber": "35", "addr:street": "Strada A.I. Cuza", "amenity": "university", "name": "Facultatea de Medicin\u0103"}}, {"type": "Feature", "geometry": {"type": "Point", "coordinates": [26.3280756, 44.461622]}, "properties": {"addr:city": "Br\u0103ne\u0219ti", "addr:housenumber": "4", "addr:postcode": "077030", "addr:street": "Strada Sublocotenent Petre Ionel", "amenity": "college", "name": "Colegiul Silvic \u201eTheodor Pietraru\u201d Br\u0103ne\u0219ti", "operator": "Ministerul Educa\u021biei, Cercet\u0103rii \u0219i Tineretului", "phone": "+40 21 350 1270", "start_date": "1893", "website": "https://www.colegiulsilvicbranesti.ro/"}}, {"type": "Feature", "geometry": {"type": "Point", "coordinates": [22.9145365, 45.7580179]}, "properties": {"amenity": "university", "created_by": "Potlatch 0.10f", "name": "Universitatea Alma Mater"}}, {"type": "Feature", "geometry": {"type": "Point", "coordinates": [23.794708, 44.3047594]}, "properties": {"amenity": "university", "name": "Facultatea de Medicin\u0103"}}, {"type": "Feature", "geometry": {"type": "Point", "coordinates": [26.2525517, 47.6432085]}, "properties": {"addr:city": "Suceava", "addr:housenumber": "34", "addr:postcode": "720059", "addr:street": "Strada Mihai Viteazul", "amenity": "college", "name": "Colegiul Na\u021bional Petru Rare\u0219"}}, {"type": "Feature", "geometry": {"type": "Point", "coordinates": [26.2461868, 47.6447679]}, "properties": {"addr:city": "Suceava", "addr:housenumber": "17 A", "addr:postcode": "720176", "addr:street": "Strada Leca Morariu Profesor", "amenity": "college", "name": "Liceul Dimitrie Cantemir"}}, {"type": "Feature", "geometry": {"type": "Point", "coordinates": [26.2609337, 47.6389702]}, "properties": {"addr:city": "Suceava", "addr:housenumber": "19", "addr:postcode": "720036", "addr:street": "Strada Samoil Isopescu", "amenity": "college", "name": "Grupul \u0218colar Samoil Isopescu"}}, {"type": "Feature", "geometry": {"type": "Point", "coordinates": [22.9039084, 45.7507384]}, "properties": {"addr:city": "Hunedoara", "addr:housenumber": "12", "addr:street": "Strada Victoriei", "amenity": "college", "check_date": "2026-03-29", "name": "Colegiul Na\u021bional Iancu de Hunedoara"}}, {"type": "Feature", "geometry": {"type": "Point", "coordinates": [22.8999531, 45.753085]}, "properties": {"amenity": "university", "name": "Facultatea de Inginerie"}}, {"type": "Feature", "geometry": {"type": "Point", "coordinates": [27.9728023, 45.2673862]}, "properties": {"amenity": "university", "created_by": "Potlatch 0.10f", "name": "Facultatea de Inginerie"}}, {"type": "Feature", "geometry": {"type": "Point", "coordinates": [24.1560431, 45.7955892]}, "properties": {"amenity": "university", "is_in:city": "Sibiu", "is_in:country": "Romania", "is_in:country_code": "RO", "is_in:county": "Sibiu", "name": "Decanat - Facultatea de Medicin\u0103"}}, {"type": "Feature", "geometry": {"type": "Point", "coordinates": [21.3102064, 46.3844298]}, "properties": {"addr:city": "Macea", "addr:housename": "Castelul Cernovici", "addr:postcode": "317210", "alt_name": "Castelul Csernovics", "amenity": "university", "historic": "castle", "name": "Castelul Cernovici - Universitatea de Vest \u201eVasile Goldi\u0219\u201d", "wikidata": "Q12723617"}}, {"type": "Feature", "geometry": {"type": "Point", "coordinates": [26.6143565, 46.279389]}, "properties": {"addr:city": "T\u00e2rgu Ocna", "addr:street": "Strada Costache Negri", "amenity": "college", "name": "Colegiul Na\u021bional Costache Negri"}}, {"type": "Feature", "geometry": {"type": "Point", "coordinates": [26.0281176, 44.9363793]}, "properties": {"addr:city": "Ploie\u0219ti", "amenity": "college", "name": "Spiru Haret"}}, {"type": "Feature", "geometry": {"type": "Point", "coordinates": [22.9095022, 45.7501867]}, "properties": {"addr:city": "Hunedoara", "addr:housenumber": "23", "addr:street": "Strada Victoriei", "amenity": "college", "name": "Colegiul Na\u021bional de Informatic\u0103 Traian Lalescu"}}, {"type": "Feature", "geometry": {"type": "Point", "coordinates": [24.1557738, 45.789198]}, "properties": {"addr:city": "Sibiu", "addr:housenumber": "3-5", "addr:street": "Strada Revolu\u021biei", "amenity": "university", "is_in:city": "Sibiu", "is_in:country": "Romania", "is_in:country_code": "RO", "is_in:county": "Sibiu", "name": "Academia For\u021belor Terestre \"Nicolae B\u0103lcescu\"", "name:en": "\"Nicolae Balcescu\" Land Forces Military Academy", "wikidata": "Q12719863"}}, {"type": "Feature", "geometry": {"type": "Point", "coordinates": [24.1605663, 45.7961469]}, "properties": {"amenity": "university", "name": "Facultatea de Geografia Turismului"}}, {"type": "Feature", "geometry": {"type": "Point", "coordinates": [24.1502848, 45.787472]}, "properties": {"amenity": "university", "is_in:city": "Sibiu", "is_in:country": "Romania", "is_in:county": "Sibiu", "name": "Facultatea de \u0218tiin\u021be Economice (ULBS)"}}, {"type": "Feature", "geometry": {"type": "Point", "coordinates": [24.5779771, 46.2260188]}, "properties": {"amenity": "college", "name": "Liceul Teoretic Dumbr\u0103veni"}}, {"type": "Feature", "geometry": {"type": "Point", "coordinates": [24.1561796, 45.7932864]}, "properties": {"amenity": "university", "check_date": "2025-08-28", "education": "university", "is_in:city": "Sibiu", "is_in:country": "Romania", "is_in:country_code": "RO", "is_in:county": "Sibiu", "name": "Facultatea de Medicin\u0103"}}, {"type": "Feature", "geometry": {"type": "Point", "coordinates": [28.0522473, 45.4458002]}, "properties": {"amenity": "university", "name": "Facultatea de \u0218tiin\u021ba Calculatoarelor"}}, {"type": "Feature", "geometry": {"type": "Point", "coordinates": [28.0532859, 45.4475165]}, "properties": {"amenity": "university", "name": "Facultatea de Drept"}}, {"type": "Feature", "geometry": {"type": "Point", "coordinates": [25.5923744, 45.6452058]}, "properties": {"addr:city": "Bra\u0219ov", "addr:housenumber": "25", "addr:street": "Bulevardul Eroilor", "alt_name": "Corpul T", "amenity": "university", "check_date": "2024-06-05", "name": "Universitatea Transilvania Corp T"}}, {"type": "Feature", "geometry": {"type": "Point", "coordinates": [23.1622765, 44.8991696]}, "properties": {"addr:housenumber": "1", "amenity": "college", "name": "Grupul \u0218colar Industrial"}}, {"type": "Feature", "geometry": {"type": "Point", "coordinates": [27.1909599, 45.6882125]}, "properties": {"amenity": "college", "name": "Liceul nr. 1"}}, {"type": "Feature", "geometry": {"type": "Point", "coordinates": [27.1766953, 45.6774701]}, "properties": {"amenity": "university", "name": "Universitatea \"George Bari\u021biu\""}}, {"type": "Feature", "geometry": {"type": "Point", "coordinates": [24.57732, 46.2239771]}, "properties": {"addr:city": "Dumbr\u0103veni", "addr:street": "Pia\u021ba Timotei Cipariu", "amenity": "college", "name": "Liceul \"Timotei Cipariu\""}}, {"type": "Feature", "geometry": {"type": "Point", "coordinates": [26.058091, 44.4340346]}, "properties": {"addr:city": "Bucure\u0219ti", "addr:housenumber": "1-3", "addr:postcode": "060117", "addr:street": "Bulevardul Iuliu Maniu", "amenity": "university", "name": "Facultatea de Jurnalism \u0219i \u0218tiin\u021bele Comunic\u0103rii", "source:addr:housenumber": "survey", "source:addr:street": "survey"}}, {"type": "Feature", "geometry": {"type": "Point", "coordinates": [26.052754, 44.439628]}, "properties": {"amenity": "university", "education": "university", "faculty": "engineering", "internet_access": "yes", "internet_access:fee": "no", "name": "Facultatea de \u0218tiin\u021ba \u0219i Ingineria Materialelor", "operator": "Universitatea Politehnica Bucure\u0219ti"}}, {"type": "Feature", "geometry": {"type": "Point", "coordinates": [26.048606, 44.4374461]}, "properties": {"amenity": "university", "education": "university", "faculty": "power_engineering", "internet_access": "yes", "internet_access:fee": "no", "name": "Facultatea de Energetic\u0103", "name:ro": "Facultatea de Energetic\u0103", "operator": "Universitatea Politehnica Bucure\u0219ti", "website": "https://energ.upb.ro/"}}, {"type": "Feature", "geometry": {"type": "Point", "coordinates": [26.1154205, 44.4145789]}, "properties": {"amenity": "university", "check_date": "2026-02-01", "is_in:city": "Bucure\u0219ti", "name": "Universitatea \"Dimitrie Cantemir\""}}, {"type": "Feature", "geometry": {"type": "Point", "coordinates": [21.922709, 47.0570222]}, "properties": {"addr:housenumber": "27", "addr:postcode": "410209", "addr:street": "Strada Prim\u0103riei", "amenity": "university", "email": "partium@partium.ro", "name": "Universitatea Cre\u0219tin\u0103 Partium - Cl\u0103direa Sulyok", "name:en": "Partium Christian University", "name:hu": "Partiumi Kereszt\u00e9ny Egyetem - Sulyok \u00e9p\u00fclet", "opening_hours": "Mo-Su 07:00-21:00", "phone": "0040-259-418252", "website": "https://www.partium.ro/"}}, {"type": "Feature", "geometry": {"type": "Point", "coordinates": [23.5824756, 46.0739394]}, "properties": {"amenity": "college", "name": "Liceul de Muzic\u0103 \u0219i Art\u0103"}}, {"type": "Feature", "geometry": {"type": "Point", "coordinates": [26.0835967, 44.4332655]}, "properties": {"addr:city": "Bucure\u0219ti", "addr:country": "RO", "addr:housenumber": "91-95", "addr:interpolation": "odd", "addr:postcode": "050095", "addr:street": "Splaiul Independen\u021bei", "amenity": "university", "name": "Facultatea de Biologie", "name:fr": "Universit\u00e9 de Biologie", "website": "https://www.bio.unibuc.ro/"}}, {"type": "Feature", "geometry": {"type": "Point", "coordinates": [26.0835498, 44.4320522]}, "properties": {"addr:city": "Bucure\u0219ti", "addr:country": "RO", "addr:housenumber": "103", "addr:interpolation": "odd", "addr:postcode": "050096", "addr:street": "Splaiul Independen\u021bei", "alt_name": "Institutul Na\u021bional de Cercetare-Dezvoltare pentru Microbiologie \u0219i Imunologie \u201cCantacuzino\u201d", "name": "Institutul Cantacuzino", "office": "research", "official_name": "Institutul Na\u021bional de Cercetare-Dezvoltare Medico-Militar\u0103 \"Cantacuzino\""}}, {"type": "Feature", "geometry": {"type": "Point", "coordinates": [27.9724121, 45.287245]}, "properties": {"addr:housenumber": "13", "addr:street": "Strada Plantelor", "amenity": "college", "name": "Grupul Scolar Industrial \"Panait Istrati\""}}, {"type": "Feature", "geometry": {"type": "Point", "coordinates": [26.2447366, 47.6415843]}, "properties": {"amenity": "university", "education": "university", "name": "Corp D", "website": "https://usv.ro/"}}, {"type": "Feature", "geometry": {"type": "Point", "coordinates": [24.8807001, 44.8546836]}, "properties": {"alt_name": "Facultatea de \u0218tiin\u021be Socio-Umane", "amenity": "university", "name": "Corp I", "operator": "Universitatea din Pite\u0219ti", "phone": "+40 348 453 290", "website": "https://www.upit.ro/"}}, {"type": "Feature", "geometry": {"type": "Point", "coordinates": [24.8805359, 44.8552569]}, "properties": {"amenity": "university", "name": "Universitatea din Pite\u0219ti corp S"}}, {"type": "Feature", "geometry": {"type": "Point", "coordinates": [25.766434, 45.7188826]}, "properties": {"addr:city": "Prejmer", "addr:housenumber": "160A", "addr:postcode": "507165", "addr:street": "Strada Bra\u0219ovului", "amenity": "college", "name": "Colegiul pentru Agricultur\u0103 \u0219i Industrie Alimentar\u0103 \"\u021aara B\u00e2rsei\""}}, {"type": "Feature", "geometry": {"type": "Point", "coordinates": [25.5821182, 45.6367346]}, "properties": {"amenity": "college", "name": "Liceul Pedagogic"}}, {"type": "Feature", "geometry": {"type": "Point", "coordinates": [22.7853835, 46.1290765]}, "properties": {"amenity": "college", "name": "Colegiul Na\u021bional Avram Iancu"}}, {"type": "Feature", "geometry": {"type": "Point", "coordinates": [24.1349147, 45.7831363]}, "properties": {"is_in:city": "Sibiu", "is_in:country": "Romania", "is_in:country_code": "RO", "is_in:county": "Sibiu", "name": "IMC", "office": "research"}}, {"type": "Feature", "geometry": {"type": "Point", "coordinates": [26.0458196, 44.4362074]}, "properties": {"amenity": "university", "education": "university", "faculty": "electrical_engineering", "internet_access": "yes", "internet_access:fee": "no", "name": "Facultatea de Inginerie Electric\u0103", "operator": "Universitatea Politehnica Bucure\u0219ti"}}, {"type": "Feature", "geometry": {"type": "Point", "coordinates": [23.5801271, 46.7643029]}, "properties": {"amenity": "university", "name": "Institutul de Speologie Emil Racovi\u021b\u0103", "wheelchair": "no"}}, {"type": "Feature", "geometry": {"type": "Point", "coordinates": [23.5869052, 46.7755675]}, "properties": {"addr:city": "Cluj-Napoca", "addr:street": "Strada Horea", "amenity": "university", "name": "UBB Teologie Reformat\u0103", "name:de": "BBU Reformierte Theoligie", "name:en": "BBU Protestant Theology", "name:hu": "BBTE Reform\u00e1tus Tan\u00e1rk\u00e9pz\u0151 Kar", "name:ro": "UBB Teologie Reformat\u0103", "operator": "Universitatea Babe\u0219-Bolyai", "website": "https://rt.ubbcluj.ro/"}}, {"type": "Feature", "geometry": {"type": "Point", "coordinates": [23.586989, 46.7752769]}, "properties": {"addr:city": "Cluj-Napoca", "addr:street": "Strada Horea", "amenity": "university", "check_date": "2025-11-03", "name": "UBB Facultatea de Business", "name:de": "BBU Business", "name:en": "BBU Faculty of Business", "name:hu": "BBTE Business Kar", "name:ro": "UBB Business", "opening_hours": "Mo-Fr 09:00-13:00", "operator": "Universitatea Babe\u0219-Bolyai", "phone": "+40 0264 599 170", "website": "http://www.tbs.ubbcluj.ro/"}}, {"type": "Feature", "geometry": {"type": "Point", "coordinates": [23.5625305, 46.7658139]}, "properties": {"addr:city": "Cluj-Napoca", "addr:country": "RO", "amenity": "university", "check_date": "2026-04-01", "name": "UBB Educa\u021bie Fizic\u0103 \u0219i Sport", "name:de": "BBU Sportwissenschaften und K\u00f6rperkultur", "name:en": "BBU Physical Education and Sport", "name:hu": "BBTE Testnevel\u00e9s \u00e9s Sport Tansz\u00e9k", "operator": "Universitatea Babe\u0219-Bolyai"}}, {"type": "Feature", "geometry": {"type": "Point", "coordinates": [23.5923974, 46.7671274]}, "properties": {"addr:city": "Cluj-Napoca", "addr:country": "RO", "amenity": "university", "name": "Institutul Culturii Clujene \u00een Europa", "name:de": "Institut der Klausenburger Kultur in Europa", "name:en": "Cluj Cultural Institute in Europe", "name:hu": "A Kolozsv\u00e1ri Kult\u00fara Eur\u00f3p\u00e1ban", "name:ro": "Institutul Culturii Clujene \u00een Europa", "operator": "Universitatea Babe\u0219-Bolyai", "wheelchair": "yes"}}, {"type": "Feature", "geometry": {"type": "Point", "coordinates": [26.1017646, 44.4360329]}, "properties": {"addr:city": "Bucure\u0219ti", "amenity": "university", "check_date": "2024-06-14", "is_in:city": "Bucure\u0219ti", "name": "Facultatea de Geografie", "name:de": "Fakult\u00e4t f\u00fcr Geographie", "name:en": "Faculty of Geography"}}, {"type": "Feature", "geometry": {"type": "Point", "coordinates": [26.0374563, 45.1773972]}, "properties": {"amenity": "college", "name": "Colegiul Na\u021bional \u201eNicolae Iorga\u201d"}}, {"type": "Feature", "geometry": {"type": "Point", "coordinates": [23.5903676, 46.783085]}, "properties": {"addr:city": "Cluj-Napoca", "addr:housenumber": "2", "addr:postcode": "400276", "addr:postcode:source": "Date de la Po\u0219ta Rom\u00e2n\u0103, publicate sub Licen\u021ba pentru Guvernare Deschis\u0103 v1.0 la http://date.gov.ro/organization/posta-romana", "addr:street": "Strada Burebista", "amenity": "university", "name": "Universitatea Cre\u0219tin\u0103 \u201eDimitrie Cantemir\u201d - Facultatea de Drept", "operator": "Universitatea Cre\u0219tin\u0103 \u201eDimitrie Cantemir\u201d", "website": "http://www.dimitriecantemir.ro/"}}, {"type": "Feature", "geometry": {"type": "Point", "coordinates": [23.6259006, 46.7964529]}, "properties": {"addr:city": "Cluj-Napoca", "addr:housenumber": "103-105", "addr:street": "Bulevardul Muncii", "alt_name": "Universitatea Tehnica din Cluj-Napoca - ARMM", "amenity": "university", "internet_access": "wlan", "name": "UTCN - Facultatea de Autovehicule Rutiere, Mecatronic\u0103 \u0219i Mecanic\u0103", "wheelchair": "limited"}}, {"type": "Feature", "geometry": {"type": "Point", "coordinates": [23.5803253, 46.7639908]}, "properties": {"amenity": "university", "name": "UBB Biologie"}}, {"type": "Feature", "geometry": {"type": "Point", "coordinates": [26.1006051, 44.435416]}, "properties": {"addr:city": "Bucure\u0219ti", "addr:housenumber": "4-12", "addr:street": "Bulevardul Regina Elisabeta", "amenity": "university", "contact:instagram": "istorie.unibuc", "is_in:city": "Bucure\u0219ti", "name": "Facultatea de Istorie", "name:de": "Fakult\u00e4t f\u00fcr Geschichte", "name:en": "Faculty of History", "name:ro": "Facultatea de Istorie"}}, {"type": "Feature", "geometry": {"type": "Point", "coordinates": [26.040829, 44.4340339]}, "properties": {"addr:city": "Bucure\u0219ti", "addr:housenumber": "15G", "addr:street": "Bulevardul Iuliu Maniu", "amenity": "university", "check_date": "2026-02-09", "description": "Faculty of Mathematics and Computer Science of the University of Bucharest.", "email": "secretariat@fmi.unibuc.ro", "fax": "+40 21 315 6990", "internet_access": "yes", "internet_access:fee": "customers", "internet_access:ssid": "eduroam", "name": "Facultatea de Matematic\u0103 \u0219i Informatic\u0103", "name:de": "Fakult\u00e4t f\u00fcr Mathematik und Informatik", "name:en": "Faculty of Mathematics and Computer Science", "name:ro": "Facultatea de Matematic\u0103 \u0219i Informatic\u0103", "note": "Facultatea s-a mutat temporar, din septembrie 2025, \u00een Politehnica Business Tower, ca urmare a lucr\u0103rilor de renovare \u0219i modernizare a sediului din Palatul Universit\u0103\u021bii. Durata estimat\u0103 a lucr\u0103rilor este de un an \u0219i jum\u0103tate", "operator": "Ministry of Education and Research", "operator:type": "public", "website": "https://fmi.unibuc.ro", "wheelchair": "yes"}}, {"type": "Feature", "geometry": {"type": "Point", "coordinates": [26.9149696, 46.5293879]}, "properties": {"addr:city": "Bac\u0103u", "addr:housenumber": "8", "addr:street": "Strada Condorilor", "amenity": "college", "name": "Colegiul Tehnic Henri Coand\u0103"}}, {"type": "Feature", "geometry": {"type": "Point", "coordinates": [24.4968935, 47.139408]}, "properties": {"addr:city": "Bistri\u021ba", "addr:housenumber": "3-5", "addr:postcode": "420117", "addr:street": "Strada Andrei Mure\u0219anu", "amenity": "university", "designation": "University", "internet_access": "wlan", "internet_access:fee": "customers", "name": "Universitatea Babe\u0219-Bolyai Cluj-Napoca, Extensia Universitar\u0103 Bistri\u021ba", "name:de": "Babe\u0219-Bolyai-Universit\u00e4t, Au\u00dfenstelle Bistritz", "name:en": "Babe\u0219-Bolyai University, Bistri\u021ba Academic Extension", "name:hu": "Babe\u015f\u2013Bolyai Tudom\u00e1nyegyetem, Gyergy\u00f3szentmikl\u00f3si Kihelyezett Tagozat", "old_name": "Apollo", "operator": "Universitatea Babe\u0219-Bolyai Cluj-Napoca", "operator:type": "public", "source": "own", "website": "http://extensii.ubbcluj.ro/bistrita/index.html"}}, {"type": "Feature", "geometry": {"type": "Point", "coordinates": [23.2782499, 45.0437205]}, "properties": {"addr:housenumber": "34", "addr:postcode": "210131", "addr:street": "Strada Grivi\u021bei", "amenity": "college", "name": "Colegiul de Muzic\u0103 \u0219i Arte Plastice Constantin Br\u0103iloiu", "old_name": "\u0218coala General\u0103 Nr. 3"}}, {"type": "Feature", "geometry": {"type": "Point", "coordinates": [23.2737891, 45.0373867]}, "properties": {"addr:housenumber": "29", "addr:postcode": "210144", "addr:street": "Strada Unirii", "amenity": "college", "name": "Colegiul Na\u021bional Tudor Vladimirescu", "old_name": "Liceul Tudor Vladimirescu"}}, {"type": "Feature", "geometry": {"type": "Point", "coordinates": [23.2862284, 45.0385411]}, "properties": {"addr:housenumber": "124", "addr:postcode": "210132", "addr:street": "Strada Tudor Vladimirescu", "amenity": "college", "name": "Colegiul Comercial Virgil Madgeru", "old_name": "Liceul Economic"}}, {"type": "Feature", "geometry": {"type": "Point", "coordinates": [26.1011326, 44.4358915]}, "properties": {"addr:city": "Bucure\u0219ti", "addr:housenumber": "5-7", "addr:postcode": "010017", "addr:street": "Strada Edgar Quinet", "amenity": "university", "is_in:city": "Bucure\u0219ti", "name": "Facultatea de Limbi \u0219i Literaturi Str\u0103ine", "name:de": "Fakult\u00e4t f\u00fcr Sprach- und Literaturwissenschaften", "name:en": "Faculty of Foreign Languages and Literatures", "name:ro": "Facultatea de Limbi \u0219i Literaturi Str\u0103ine"}}, {"type": "Feature", "geometry": {"type": "Point", "coordinates": [26.1428584, 44.4677092]}, "properties": {"amenity": "university", "name": "Universitatea Lumina"}}, {"type": "Feature", "geometry": {"type": "Point", "coordinates": [24.4907538, 47.1298435]}, "properties": {"addr:city": "Bistri\u021ba", "addr:housenumber": "3-5", "addr:street": "Bulevardul Independen\u021bei", "amenity": "college", "name": "Liceul de Arte Plastice Corneliu Baba"}}, {"type": "Feature", "geometry": {"type": "Point", "coordinates": [24.1214231, 45.7958033]}, "properties": {"name": "Homegraphics design studio", "office": "research"}}, {"type": "Feature", "geometry": {"type": "Point", "coordinates": [27.5739282, 47.1749513]}, "properties": {"amenity": "university", "internet_access": "wlan", "name": "Facultatea de Geografie \u0219i Geologie", "website": "https://geo.uaic.ro/"}}, {"type": "Feature", "geometry": {"type": "Point", "coordinates": [27.5736239, 47.175311]}, "properties": {"alt_name": "FEAA", "amenity": "university", "internet_access": "no", "name": "Facultatea de Economie \u0219i Administrarea Afacerilor", "toilets:wheelchair": "no", "website": "https://www.feaa.uaic.ro/", "wheelchair": "limited"}}, {"type": "Feature", "geometry": {"type": "Point", "coordinates": [27.5741603, 47.1746382]}, "properties": {"amenity": "university", "internet_access": "yes", "internet_access:fee": "customers", "name": "Facultatea de Biologie", "website": "https://www.bio.uaic.ro/"}}, {"type": "Feature", "geometry": {"type": "Point", "coordinates": [27.5722682, 47.1753914]}, "properties": {"amenity": "university", "name": "Facultatea de Istorie", "operator": "Universitatea Alexandru Ioan Cuza din Ia\u0219i", "website": "http://history.uaic.ro/"}}, {"type": "Feature", "geometry": {"type": "Point", "coordinates": [26.101366, 44.4381254]}, "properties": {"addr:city": "Bucure\u0219ti", "addr:postcode": "010052", "addr:street": "Bulevardul Nicolae B\u0103lcescu", "amenity": "university", "check_date": "2024-05-15", "name": "Universitatea Popular\u0103 \"Ioan I. Dalles\"", "source": "survey"}}, {"type": "Feature", "geometry": {"type": "Point", "coordinates": [26.14417, 44.4550588]}, "properties": {"amenity": "college", "name": "Colegiul Preuniversitar \"Dr. I. Cantacuzino\"", "source": "survey"}}, {"type": "Feature", "geometry": {"type": "Point", "coordinates": [26.1142262, 44.4145898]}, "properties": {"amenity": "university", "name": "Universitatea Nicolae Titulescu", "wikidata": "Q3551461"}}, {"type": "Feature", "geometry": {"type": "Point", "coordinates": [26.1010332, 44.43552]}, "properties": {"addr:city": "Bucure\u0219ti", "amenity": "university", "is_in:city": "Bucure\u0219ti", "name": "Facultatea de Chimie", "name:de": "Fakult\u00e4t f\u00fcr Chemie", "name:en": "Faculty of Chemistry", "source": "survey"}}, {"type": "Feature", "geometry": {"type": "Point", "coordinates": [26.0852548, 44.4357348]}, "properties": {"addr:city": "Bucure\u0219ti", "addr:country": "RO", "addr:housenumber": "17-21", "addr:postcode": "010221", "addr:street": "Calea Plevnei", "alt_name": "Facultatea de Stomatologie", "amenity": "university", "name": "Facultatea de Medicin\u0103 Dentar\u0103"}}, {"type": "Feature", "geometry": {"type": "Point", "coordinates": [26.0699824, 44.4345844]}, "properties": {"amenity": "university", "check_date": "2024-10-12", "is_in": "Bucure\u0219ti", "name": "Facultatea de Moa\u0219e \u0219i Asisten\u021b\u0103 Medical\u0103"}}, {"type": "Feature", "geometry": {"type": "Point", "coordinates": [27.5723463, 47.1752719]}, "properties": {"amenity": "university", "name": "Departamentul de Limb\u0103 Rom\u00e2n\u0103 pentru studen\u021bi str\u0103ini", "operator": "Universitatea Alexandru Ioan Cuza din Ia\u0219i"}}, {"type": "Feature", "geometry": {"type": "Point", "coordinates": [27.5722161, 47.1753029]}, "properties": {"amenity": "university", "name": "Centrul Cultural al Americii Latine \u0219i Caraibelor", "operator": "Universitatea Alexandru Ioan Cuza din Ia\u0219i"}}, {"type": "Feature", "geometry": {"type": "Point", "coordinates": [27.5730791, 47.1741362]}, "properties": {"amenity": "university", "name": "Direc\u021bia Financiar Contabil\u0103", "operator": "Universitatea Alexandru Ioan Cuza din Ia\u0219i"}}, {"type": "Feature", "geometry": {"type": "Point", "coordinates": [27.573053, 47.1742314]}, "properties": {"amenity": "university", "name": "Direc\u021bia Resurse Umane", "operator": "Universitatea Alexandru Ioan Cuza din Ia\u0219i"}}, {"type": "Feature", "geometry": {"type": "Point", "coordinates": [27.5732452, 47.1743045]}, "properties": {"amenity": "university", "name": "Serviciul Achizi\u021bii Publice", "operator": "Universitatea Alexandru Ioan Cuza din Ia\u0219i"}}, {"type": "Feature", "geometry": {"type": "Point", "coordinates": [27.5731475, 47.1742801]}, "properties": {"amenity": "university", "name": "Serviciul Audit Intern", "operator": "Universitatea Alexandru Ioan Cuza din Ia\u0219i"}}, {"type": "Feature", "geometry": {"type": "Point", "coordinates": [27.5731768, 47.1741584]}, "properties": {"amenity": "university", "name": "Control Financiar Preventiv", "operator": "Universitatea Alexandru Ioan Cuza din Ia\u0219i"}}, {"type": "Feature", "geometry": {"type": "Point", "coordinates": [27.5733299, 47.1743244]}, "properties": {"amenity": "university", "name": "Biroul Investi\u021bii", "operator": "Universitatea Alexandru Ioan Cuza din Ia\u0219i"}}, {"type": "Feature", "geometry": {"type": "Point", "coordinates": [25.4516279, 45.687051]}, "properties": {"amenity": "college", "name": "Colegiul Tehnic Simion Mehedin\u021bi"}}, {"type": "Feature", "geometry": {"type": "Point", "coordinates": [23.2766782, 45.0431973]}, "properties": {"amenity": "university", "name": "Facultatea de Litere \u0219i \u0218tiin\u021be Sociale"}}, {"type": "Feature", "geometry": {"type": "Point", "coordinates": [26.0797526, 44.4477086]}, "properties": {"addr:city": "Bucure\u0219ti", "addr:country": "RO", "addr:housenumber": "1-7", "addr:postcode": "011061", "addr:street": "Strada Gheorghe Polizu", "amenity": "university", "education": "university", "faculty": "chemistry", "name": "Facultatea de Inginerie Chimic\u0103 \u0219i Biotehnologii", "name:en": "Faculty of Chemical Engineering and Biotechnology", "name:ro": "Facultatea de Inginerie Chimic\u0103 \u0219i Biotehnologii", "operator": "Universitatea Politehnica din Bucure\u0219ti", "operator:type": "university", "phone": "+40 21 402 39 27", "website": "https://chimie.upb.ro/"}}, {"type": "Feature", "geometry": {"type": "Point", "coordinates": [26.0777652, 44.4473376]}, "properties": {"addr:city": "Bucure\u0219ti", "addr:country": "RO", "addr:housenumber": "1-7", "addr:postcode": "011061", "addr:street": "Strada Gheorghe Polizu", "amenity": "university", "education": "university", "faculty": "engineering", "name": "Facultatea de Inginerie Aerospa\u021bial\u0103", "operator": "Universitatea Politehnica din Bucure\u0219ti", "operator:type": "university", "phone": "+40 21 402 38 12", "website": "http://www.aero.pub.ro/"}}, {"type": "Feature", "geometry": {"type": "Point", "coordinates": [26.0790075, 44.4474941]}, "properties": {"addr:city": "Bucure\u0219ti", "addr:country": "RO", "addr:housenumber": "1-7", "addr:postcode": "011061", "addr:street": "Strada Gheorghe Polizu", "amenity": "university", "faculty": "engineering", "name": "Facultatea de Inginerie Medical\u0103", "operator": "Universitatea Politehnica din Bucure\u0219ti", "operator:type": "university", "phone": "+40 21 402 9039", "website": "https://fim.upb.ro/"}}, {"type": "Feature", "geometry": {"type": "Point", "coordinates": [24.8814791, 44.8548967]}, "properties": {"amenity": "university", "name": "Corp T", "opening_hours": "Mo-Fr 08:00-20:30", "operator": "Universitatea din Pite\u0219ti", "phone": "+40 348 453 240", "source": "survey September 2013", "website": "https://www.upit.ro/"}}, {"type": "Feature", "geometry": {"type": "Point", "coordinates": [23.5961169, 46.7672348]}, "properties": {"addr:city": "Cluj-Napoca", "addr:country": "RO", "addr:housenumber": "68", "addr:street": "Strada Avram Iancu", "amenity": "university", "name": "Centrul de Cooperare Interna\u021bional\u0103", "name:en": "Centre for International Cooperation", "name:ro": "Centrul de Cooperare Interna\u021bional\u0103", "operator": "Universitatea \" Babe\u0219-Bolyai\"", "phone": "+40264429762", "website": "https://cci.ubbcluj.ro/", "wheelchair": "no"}}, {"type": "Feature", "geometry": {"type": "Point", "coordinates": [23.5912156, 46.7702077]}, "properties": {"addr:city": "Cluj-Napoca", "addr:country": "RO", "addr:street": "Strada Iuliu Maniu", "amenity": "university", "name": "Facultatea de Teologie Romano-Catolic\u0103", "wheelchair": "no"}}, {"type": "Feature", "geometry": {"type": "Point", "coordinates": [23.5637094, 46.0664945]}, "properties": {"addr:city": "Alba Iulia", "addr:housenumber": "83", "addr:street": "Strada 1 Decembrie 1918", "amenity": "college", "internet_access": "wlan", "internet_access:fee": "no", "name": "Colegiul \"Horea, Clo\u0219ca \u0219i Cri\u0219an\"", "website": "https://www.hcc.ro/"}}, {"type": "Feature", "geometry": {"type": "Point", "coordinates": [23.5778609, 46.0658133]}, "properties": {"amenity": "college", "name": "Colegiului Economic \"Dionisie Pop Martian\""}}, {"type": "Feature", "geometry": {"type": "Point", "coordinates": [23.5624082, 46.0658931]}, "properties": {"addr:city": "Alba Iulia", "addr:housenumber": "2", "addr:street": "Strada Gheorghe Pop de B\u0103se\u0219ti", "amenity": "college", "name": "Grup \u0218colar Industrie U\u0219oar\u0103"}}, {"type": "Feature", "geometry": {"type": "Point", "coordinates": [26.6803147, 47.7434776]}, "properties": {"addr:housenumber": "65", "addr:postcode": "710319", "addr:street": "Strada I.C. Br\u0103tianu", "amenity": "college", "contact:phone": "0231512132", "fax": "0231511519", "name": "Liceul Teoretic Nicolae Iorga"}}, {"type": "Feature", "geometry": {"type": "Point", "coordinates": [26.6800344, 47.7420912]}, "properties": {"addr:housenumber": "60", "addr:postcode": "710319", "addr:street": "Strada Drago\u0219 Vod\u0103", "amenity": "college", "contact:phone": "0231-514196", "email": "elieradu@gmail.com", "fax": "0231-511432", "name": "Liceul Tehnologic Elie Radu"}}, {"type": "Feature", "geometry": {"type": "Point", "coordinates": [26.6594872, 47.7352742]}, "properties": {"addr:housenumber": "33", "addr:postcode": "710213", "addr:street": "Strada Bucovina", "amenity": "college", "contact:phone": "0231584027", "email": "economicbt@gmail.com", "fax": "0231584026", "name": "Colegiul Economic Octav Onicescu"}}, {"type": "Feature", "geometry": {"type": "Point", "coordinates": [26.6596495, 47.7370962]}, "properties": {"addr:housenumber": "29", "addr:postcode": "710185", "addr:street": "Strada Mihail Kog\u0103lniceanu", "amenity": "college", "contact:phone": "0231 533 490", "email": "lps_botosani@yahoo.com", "fax": "0231 584 300", "name": "Liceul cu Program Sportiv"}}, {"type": "Feature", "geometry": {"type": "Point", "coordinates": [26.654221, 47.7448291]}, "properties": {"addr:housenumber": "30", "addr:postcode": "710105", "addr:street": "Bulevardul Mihai Eminescu", "amenity": "college", "contact:phone": "0231/585076", "email": "lsnantipa@yahoo.com", "fax": "0231/585076", "name": "Liceul Teoretic Grigore Antipa"}}, {"type": "Feature", "geometry": {"type": "Point", "coordinates": [23.5908842, 46.7697101]}, "properties": {"addr:city": "Cluj-Napoca", "addr:country": "RO", "addr:housenumber": "31", "addr:postcode": "400098", "addr:postcode:source": "Date de la Po\u0219ta Rom\u00e2n\u0103, publicate sub Licen\u021ba pentru Guvernare Deschis\u0103 v1.0 la http://date.gov.ro/organization/posta-romana", "addr:street": "Pia\u021ba Unirii", "amenity": "university", "name": "Universitatea de Art\u0103 \u0219i Design Cluj-Napoca", "source": "survey", "website": "https://uad.ro/", "wheelchair": "limited"}}, {"type": "Feature", "geometry": {"type": "Point", "coordinates": [26.1122005, 44.4352898]}, "properties": {"addr:city": "Bucure\u0219ti", "addr:housenumber": "23-25", "addr:postcode": "023952", "addr:postcode:source": "Date de la Po\u0219ta Rom\u00e2n\u0103, publicate sub Licen\u021ba pentru Guvernare Deschis\u0103 v1.0 la http://date.gov.ro/organization/posta-romana", "addr:street": "Strada Negustori", "name": "IPROLAM SA", "office": "research"}}, {"type": "Feature", "geometry": {"type": "Point", "coordinates": [26.1039088, 44.4488061]}, "properties": {"amenity": "university", "name": "CROS - Universitatea Alternativa"}}, {"type": "Feature", "geometry": {"type": "Point", "coordinates": [24.6763509, 45.1546084]}, "properties": {"addr:city": "Curtea de Arge\u0219", "addr:housenumber": "17", "addr:postcode": "115300", "addr:street": "Bulevardul Basarabilor", "amenity": "university", "name": "Universitatea Titu Maiorescu"}}, {"type": "Feature", "geometry": {"type": "Point", "coordinates": [24.6762542, 45.1550937]}, "properties": {"addr:city": "Curtea de Arge\u0219", "addr:housenumber": "17", "addr:postcode": "115300", "addr:street": "Bulevardul Basarabilor", "amenity": "college", "name": "Grupul \u0218colar Constantin Dobrescu"}}, {"type": "Feature", "geometry": {"type": "Point", "coordinates": [26.0981083, 44.430514]}, "properties": {"addr:city": "Bucure\u0219ti", "addr:postcode": "030104", "addr:street": "Strada Francez\u0103", "amenity": "university", "name": "Universitatea Ecologic\u0103"}}, {"type": "Feature", "geometry": {"type": "Point", "coordinates": [26.1356845, 44.4194365]}, "properties": {"addr:city": "Bucure\u0219ti", "addr:housenumber": "428", "addr:postcode": "030328", "addr:street": "\u0218oseaua Mihai Bravu", "amenity": "college", "education": "college", "name": "Colegiul Tehnic \"Mihai Bravu\"", "operator": "Ministerul Educa\u021biei Na\u021bionale"}}, {"type": "Feature", "geometry": {"type": "Point", "coordinates": [23.7865155, 44.3194629]}, "properties": {"amenity": "university", "name": "Facultatea de Agronomie"}}, {"type": "Feature", "geometry": {"type": "Point", "coordinates": [26.0990494, 44.4477955]}, "properties": {"addr:city": "Bucure\u0219ti", "addr:country": "RO", "addr:housenumber": "15-17", "addr:postcode": "010552", "addr:street": "Calea Doroban\u021bilor", "amenity": "university", "name": "Facultatea de Cibernetic\u0103", "wheelchair": "limited"}}, {"type": "Feature", "geometry": {"type": "Point", "coordinates": [23.9185155, 46.1784351]}, "properties": {"addr:city": "Blaj", "addr:postcode": "515400", "addr:street": "Strada Doctor Vasile Suciu", "amenity": "college", "name": "Colegiul Industrial Blaj"}}, {"type": "Feature", "geometry": {"type": "Point", "coordinates": [26.1050417, 44.4613939]}, "properties": {"amenity": "university", "check_date": "2025-04-04", "name": "Universitatea Atenaeum"}}, {"type": "Feature", "geometry": {"type": "Point", "coordinates": [23.6257055, 46.7967094]}, "properties": {"addr:city": "Cluj-Napoca", "addr:housenumber": "103-105", "addr:postcode": "400641", "addr:postcode:source": "Date de la Po\u0219ta Rom\u00e2n\u0103, publicate sub Licen\u021ba pentru Guvernare Deschis\u0103 v1.0 la http://date.gov.ro/organization/posta-romana", "addr:street": "Bulevardul Muncii", "amenity": "university", "name": "Facultatea de Ingineria Materialelor \u0219i a Mediului", "operator": "Universitatea Tehnic\u0103 din Cluj-Napoca", "phone": "+40264 401 622", "website": "https://imm.utcluj.ro/"}}, {"type": "Feature", "geometry": {"type": "Point", "coordinates": [24.5023764, 46.9092353]}, "properties": {"addr:housenumber": "604", "amenity": "college", "name": "Liceul Teoretic \"Constantin Romanu Vivu\""}}, {"type": "Feature", "geometry": {"type": "Point", "coordinates": [23.6088352, 46.7752231]}, "properties": {"addr:city": "Cluj-Napoca", "addr:country": "RO", "addr:housenumber": "128", "addr:postcode": "400604", "addr:postcode:source": "Date de la Po\u0219ta Rom\u00e2n\u0103, publicate sub Licen\u021ba pentru Guvernare Deschis\u0103 v1.0 la http://date.gov.ro/organization/posta-romana", "addr:street": "Bulevardul 21 Decembrie 1989", "amenity": "university", "name": "UBB Facultatea de Psihologie \u0219i \u0218tiin\u021be ale Educa\u021biei Linia maghiar\u0103", "name:en": "UBB Faculty of Psychology and Educational Sciences Hungarian Section", "name:hu": "UBB Pszichol\u00f3gia \u00e9s Nevel\u00e9studom\u00e1nyok Kar magyar tagozat", "name:ro": "UBB Facultatea de Psihologie \u0219i \u0218tiin\u021be ale Educa\u021biei Linia maghiar\u0103", "operator": "Universitatea Babe\u0219-Bolyai", "phone": "+40264-445206", "website": "https://pszichologia.psiedu.ubbcluj.ro/", "wheelchair": "yes"}}, {"type": "Feature", "geometry": {"type": "Point", "coordinates": [23.6087217, 46.7753864]}, "properties": {"addr:city": "Cluj-Napoca", "addr:country": "RO", "addr:housenumber": "128", "addr:postcode": "400604", "addr:postcode:source": "Date de la Po\u0219ta Rom\u00e2n\u0103, publicate sub Licen\u021ba pentru Guvernare Deschis\u0103 v1.0 la http://date.gov.ro/organization/posta-romana", "addr:street": "Bulevardul 21 Decembrie 1989", "amenity": "university", "name": "Facultatea de Sociologie \u0219i Asisten\u021b\u0103 Social\u0103", "name:hu": "Szociol\u00f3gia \u00e9s Szoci\u00e1lis Munk\u00e1s Kar", "name:ro": "Facultatea de Sociologie \u0219i Asisten\u021b\u0103 Social\u0103", "operator": "Universitatea Babe\u0219-Bolyai", "website": "https://socasis.ubbcluj.ro/", "wheelchair": "yes"}}, {"type": "Feature", "geometry": {"type": "Point", "coordinates": [25.5857568, 45.6399128]}, "properties": {"amenity": "university", "name": "Facultatea de Silvicultur\u0103", "operator": "Universitatea Transilvania", "website": "https://silvic.unitbv.ro/", "wheelchair": "no"}}, {"type": "Feature", "geometry": {"type": "Point", "coordinates": [23.045859, 46.3624908]}, "properties": {"addr:city": "C\u00e2mpeni", "amenity": "college", "name": "Colegiul Na\u021bional Avram Iancu"}}, {"type": "Feature", "geometry": {"type": "Point", "coordinates": [26.3635355, 46.9323315]}, "properties": {"addr:city": "Piatra Neam\u021b", "amenity": "college", "name": "Liceul de art\u0103 Victor Brauner corp A"}}, {"type": "Feature", "geometry": {"type": "Point", "coordinates": [25.5833441, 45.6386774]}, "properties": {"addr:city": "Bra\u0219ov", "addr:postcode": "500123", "addr:postcode:source": "Date de la Po\u0219ta Rom\u00e2n\u0103, publicate sub Licen\u021ba pentru Guvernare Deschis\u0103 v1.0 la http://date.gov.ro/organization/posta-romana", "addr:street": "Strada B\u0103ilor", "amenity": "university", "name": "Facultatea de Muzic\u0103"}}, {"type": "Feature", "geometry": {"type": "Point", "coordinates": [22.7014184, 46.1776191]}, "properties": {"amenity": "college", "name": "Colegiul Tehnic Baia de Cri\u0219"}}, {"type": "Feature", "geometry": {"type": "Point", "coordinates": [26.8330296, 45.1532094]}, "properties": {"amenity": "college", "name": "FPSE Buz\u0103u"}}, {"type": "Feature", "geometry": {"type": "Point", "coordinates": [26.8178285, 45.1391979]}, "properties": {"amenity": "university", "name": "LICEUL MILITAR NEAGOE BASARAB"}}, {"type": "Feature", "geometry": {"type": "Point", "coordinates": [25.2509967, 45.0679993]}, "properties": {"addr:city": "Voine\u0219ti", "amenity": "college", "name": "Liceul Tehnologic Voine\u0219ti", "source": "survey 09.08.2015"}}, {"type": "Feature", "geometry": {"type": "Point", "coordinates": [26.3709756, 46.9330336]}, "properties": {"addr:city": "Piatra Neam\u021b", "amenity": "college", "name": "Colegiul Na\u021bional Petru Rare\u0219"}}, {"type": "Feature", "geometry": {"type": "Point", "coordinates": [26.8202126, 45.1568393]}, "properties": {"addr:city": "Buz\u0103u", "addr:postcode": "120024", "addr:street": "Aleea Episcopiei", "amenity": "college", "name": "Seminarul Teologic Liceal Ortodox Chesarie Episcopul"}}, {"type": "Feature", "geometry": {"type": "Point", "coordinates": [26.8655302, 44.9941325]}, "properties": {"addr:city": "Smeeni", "addr:street": "DN2C", "amenity": "college", "name": "Grup \u0218colar Agricol"}}, {"type": "Feature", "geometry": {"type": "Point", "coordinates": [23.5923046, 46.7753883]}, "properties": {"addr:city": "Cluj-Napoca", "amenity": "university", "name": "Institutul de Iudaistic\u0103 \u0219i istorie evreiasc\u0103 \"De. Moshe Carmilly\""}}, {"type": "Feature", "geometry": {"type": "Point", "coordinates": [23.5923717, 46.7754108]}, "properties": {"amenity": "university", "name": "Facultatea de Istorie \u0219i Filozofie", "operator": "Universitatea Babe\u0219-Bolyai Cluj-Napoca"}}, {"type": "Feature", "geometry": {"type": "Point", "coordinates": [23.8803437, 47.9277594]}, "properties": {"amenity": "university", "name": "Universitatea Babe\u0219-Bolyai Cluj-Napoca, extensiunea Sighetu Marma\u021biei"}}, {"type": "Feature", "geometry": {"type": "Point", "coordinates": [23.8883059, 47.9286134]}, "properties": {"amenity": "college", "check_date": "2024-08-09", "name": "Liceul ucrainian Taras Sevcenko"}}, {"type": "Feature", "geometry": {"type": "Point", "coordinates": [28.2350392, 44.0629744]}, "properties": {"amenity": "college", "name": "Liceul Cobadin"}}, {"type": "Feature", "geometry": {"type": "Point", "coordinates": [26.3278349, 44.4636205]}, "properties": {"addr:city": "Br\u0103ne\u0219ti", "addr:housenumber": "2", "addr:postcode": "077030", "addr:street": "Strada Sublocotenent Petre Ionel", "amenity": "college", "is_in:city": "Br\u0103ne\u0219ti", "is_in:country": "Rom\u00e2nia", "is_in:county": "Ilfov", "name": "Liceul Teoretic \u201eTraian Lalescu\u201d Br\u0103ne\u0219ti", "operator": "Ministerul Educa\u021biei, Cercet\u0103rii \u0219i Tineretului", "phone": "+40 21 350 1330", "start_date": "1957", "website": "https://www.traianlalescu.ro/"}}, {"type": "Feature", "geometry": {"type": "Point", "coordinates": [26.3270109, 44.4630974]}, "properties": {"addr:city": "Br\u0103ne\u0219ti", "addr:housenumber": "1B", "addr:postcode": "077030", "addr:street": "Bulevardul Ion C. Br\u0103tianu", "amenity": "college", "is_in:city": "Br\u0103ne\u0219ti", "is_in:country": "Rom\u00e2nia", "is_in:county": "Ilfov", "name": "Liceul Tehnologic \u201eCezar Nicolau\u201d Br\u0103ne\u0219ti", "operator": "Ministerul Educa\u021biei, Cercet\u0103rii \u0219i Tineretului", "phone": "+40 21 350 1225", "start_date": "1952", "website": "https://www.cezar-nicolau.ro/"}}, {"type": "Feature", "geometry": {"type": "Point", "coordinates": [26.32647, 44.4627855]}, "properties": {"addr:city": "Br\u0103ne\u0219ti", "addr:housenumber": "1", "addr:postcode": "077030", "addr:street": "Bulevardul Ion C. Br\u0103tianu", "amenity": "college", "is_in:city": "Br\u0103ne\u0219ti", "is_in:country": "Rom\u00e2nia", "is_in:county": "Ilfov", "name": "Seminarul Teologic Liceal Ortodox \u201eSf\u00e2nta Filofteia\u201d Br\u0103ne\u0219ti", "operator": "Ministerul Educa\u021biei, Cercet\u0103rii \u0219i Tineretului", "phone": "+40 21 351 1004", "start_date": "1995", "website": "http://www.manastireapasarea.ro/seminar.html"}}, {"type": "Feature", "geometry": {"type": "Point", "coordinates": [22.4664808, 47.679666]}, "properties": {"addr:housenumber": "20", "addr:postcode": "445100", "addr:street": "Strada Igni\u0219ului", "amenity": "college", "contact:facebook": "LTCarei", "email": "teoretic_carei@yahoo.com", "name": "Liceul Teoretic Carei", "name:hu": "Nagyk\u00e1rolyi Elm\u00e9leti Liceum", "website": "http://www.liceulteoreticcarei.ro"}}, {"type": "Feature", "geometry": {"type": "Point", "coordinates": [22.4645124, 47.6892803]}, "properties": {"addr:housenumber": "1", "addr:street": "Strada Iuliu Maniu", "amenity": "college", "check_date": "2025-08-23", "name": "Liceul teologic Josephus Calasantius", "name:hu": "Kalazanci Szent J\u00f3zsef R\u00f3mai Katolikus L\u00edceum", "name:ro": "Liceul teologic Josephus Calasantius"}}, {"type": "Feature", "geometry": {"type": "Point", "coordinates": [22.466301, 47.6801806]}, "properties": {"amenity": "college", "name": "Sala de sport Liceul teoretic Carei", "name:hu": "Nagyk\u00e1rolyi Elm\u00e9leti L\u00edceum, Tornaterem"}}, {"type": "Feature", "geometry": {"type": "Point", "coordinates": [22.3249021, 47.6375469]}, "properties": {"amenity": "college", "name": "\u0218coala General\u0103 Gheorghe Bulgar Sanislau"}}, {"type": "Feature", "geometry": {"type": "Point", "coordinates": [24.4923722, 47.1290705]}, "properties": {"addr:housenumber": "4", "addr:street": "strada Alexandru Odobescu", "amenity": "college", "name": "Liceul de Muzica \"Tudor Jarda\""}}, {"type": "Feature", "geometry": {"type": "Point", "coordinates": [27.1901398, 45.6883312]}, "properties": {"amenity": "college", "name": "Colegiul Tehnic \"Edmund Nicolau\""}}, {"type": "Feature", "geometry": {"type": "Point", "coordinates": [28.6164105, 44.1794073]}, "properties": {"addr:city": "Constan\u021ba", "addr:housenumber": "90A", "addr:postcode": "900234", "addr:postcode:source": "Date de la Po\u0219ta Rom\u00e2n\u0103, publicate sub Licen\u021ba pentru Guvernare Deschis\u0103 v1.0 la http://date.gov.ro/organization/posta-romana", "addr:street": "Strada Dezrobirii", "amenity": "college", "name": "Colegiul Nautic Rom\u00e2n"}}, {"type": "Feature", "geometry": {"type": "Point", "coordinates": [21.2267099, 45.747264]}, "properties": {"amenity": "university", "check_date": "2026-04-04", "name": "Facultatea de Automatic\u0103 \u0219i Calculatoare"}}, {"type": "Feature", "geometry": {"type": "Point", "coordinates": [21.2268468, 45.7472646]}, "properties": {"amenity": "university", "check_date": "2026-04-04", "name": "Facultatea de Electronic\u0103 \u0219i Telecomunica\u021bii"}}, {"type": "Feature", "geometry": {"type": "Point", "coordinates": [21.2278309, 45.7471755]}, "properties": {"amenity": "university", "check_date": "2026-04-04", "name": "Facultatea de Electrotehnic\u0103 \u0219i Electroenergetic\u0103"}}, {"type": "Feature", "geometry": {"type": "Point", "coordinates": [26.0711224, 44.4705864]}, "properties": {"amenity": "university", "building:levels": "5", "name": "Facultatea de Ingineria \u0219i Gestiunea Produc\u021biilor Animaliere"}}, {"type": "Feature", "geometry": {"type": "Point", "coordinates": [21.3188875, 46.1749859]}, "properties": {"amenity": "university", "education": "university", "name": "Universitatea Aurel Vlaicu"}}, {"type": "Feature", "geometry": {"type": "Point", "coordinates": [23.2771335, 46.3799394]}, "properties": {"amenity": "college", "name": "Liceul Tehnologic Baia de Arie\u0219"}}, {"type": "Feature", "geometry": {"type": "Point", "coordinates": [22.343833, 45.1903481]}, "properties": {"name": "Bison Hillock Research Center", "office": "research"}}, {"type": "Feature", "geometry": {"type": "Point", "coordinates": [23.762309, 45.1713002]}, "properties": {"addr:city": "Baia de Fier", "addr:street": "Strada Principal\u0103", "amenity": "college", "name": "Liceul tehnologic Baia de Fier", "source": "survey"}}, {"type": "Feature", "geometry": {"type": "Point", "coordinates": [23.5950491, 46.7688384]}, "properties": {"amenity": "university", "name": "Institutul de Studii Germane"}}, {"type": "Feature", "geometry": {"type": "Point", "coordinates": [23.5949843, 46.7689761]}, "properties": {"amenity": "university", "name": "Facultatea de Studii Europene"}}, {"type": "Feature", "geometry": {"type": "Point", "coordinates": [28.6601704, 44.1759638]}, "properties": {"amenity": "college", "check_date": "2024-09-17", "education": "college", "name": "Asocia\u021bia Colegiul Nautic Rom\u00e2n"}}, {"type": "Feature", "geometry": {"type": "Point", "coordinates": [28.047795, 46.6718473]}, "properties": {"amenity": "college", "name": "Colegiul Agricol Dimitrie Cantemir -Hu\u0219i"}}, {"type": "Feature", "geometry": {"type": "Point", "coordinates": [24.296183, 45.6432]}, "properties": {"addr:city": "Turnu Ro\u0219u", "addr:street": "Strada G\u0103rii", "description": "Arhivele Na\u021bionale ale CFR", "name": "Arhivele Na\u021bionale ale CFR", "office": "research"}}, {"type": "Feature", "geometry": {"type": "Point", "coordinates": [22.8459842, 46.1186223]}, "properties": {"name": "Biroul Notariat Petre V\u00e2rsan", "office": "research"}}, {"type": "Feature", "geometry": {"type": "Point", "coordinates": [23.0826166, 46.2651208]}, "properties": {"amenity": "college", "name": "Liceul Horea Clo\u0219ca \u0219i Cri\u0219an"}}, {"type": "Feature", "geometry": {"type": "Point", "coordinates": [23.2268898, 46.1098324]}, "properties": {"amenity": "college", "name": "Grup \u0218colar Zlatna"}}, {"type": "Feature", "geometry": {"type": "Point", "coordinates": [24.2810188, 46.329586]}, "properties": {"amenity": "college", "name": "Grupul \u0218colar I-XII Carol I T\u00e2rn\u0103veni", "wheelchair": "limited"}}, {"type": "Feature", "geometry": {"type": "Point", "coordinates": [23.6762538, 46.2055457]}, "properties": {"amenity": "college", "name": "Grup \u0218colar Teiu\u0219"}}, {"type": "Feature", "geometry": {"type": "Point", "coordinates": [23.5747459, 46.0560485]}, "properties": {"name": "ADJ Alba", "office": "research"}}, {"type": "Feature", "geometry": {"type": "Point", "coordinates": [26.1118921, 45.7667694]}, "properties": {"amenity": "college", "name": "Grup \u0218colar Zagon"}}, {"type": "Feature", "geometry": {"type": "Point", "coordinates": [23.7609176, 46.3053976]}, "properties": {"amenity": "college", "name": "Grup \u0218colar Ciumbrud"}}, {"type": "Feature", "geometry": {"type": "Point", "coordinates": [24.3825656, 45.7275106]}, "properties": {"amenity": "college", "name": "Grup \u0218colar Avrig"}}, {"type": "Feature", "geometry": {"type": "Point", "coordinates": [23.8422708, 46.5585947]}, "properties": {"name": "Centrul de testare soiurilor Turda", "office": "research"}}, {"type": "Feature", "geometry": {"type": "Point", "coordinates": [27.3852176, 46.2016448]}, "properties": {"name": "SC DASRICOM SRL", "office": "research"}}, {"type": "Feature", "geometry": {"type": "Point", "coordinates": [27.3835615, 46.2047458]}, "properties": {"addr:city": "Podu Turcului", "addr:postcode": "607450", "addr:street": "Strada.Nicolae B\u0103lcescu", "name": "Cercetare Ape", "office": "research"}}, {"type": "Feature", "geometry": {"type": "Point", "coordinates": [27.3858138, 46.2045011]}, "properties": {"addr:city": "Podu Turcului", "addr:housenumber": "209", "addr:postcode": "607450", "addr:street": "Strada.Tudor Vladimirescu", "name": "Birouri COOP", "office": "research"}}, {"type": "Feature", "geometry": {"type": "Point", "coordinates": [28.0527406, 45.4402849]}, "properties": {"amenity": "university"}}, {"type": "Feature", "geometry": {"type": "Point", "coordinates": [27.9756283, 45.2707864]}, "properties": {"amenity": "university", "name": "Universitatea Constantin Br\u00e2ncoveanu"}}, {"type": "Feature", "geometry": {"type": "Point", "coordinates": [23.8224844, 44.3611103]}, "properties": {"addr:city": "Craiova", "addr:housenumber": "54", "addr:street": "\u0218oseaua B\u0103lce\u0219ti", "name": "Sta\u021biune de Cercetare Dezvoltarea Agricol\u0103 \u0218imnic", "office": "research"}}, {"type": "Feature", "geometry": {"type": "Point", "coordinates": [27.6038054, 47.157218]}, "properties": {"amenity": "university", "name": "Direc\u021bia servicii studen\u021be\u0219ti"}}, {"type": "Feature", "geometry": {"type": "Point", "coordinates": [25.6102623, 45.6693897]}, "properties": {"addr:city": "Bra\u0219ov", "addr:housenumber": "125", "addr:street": "Strada 13 Decembrie", "amenity": "college", "denomination": "orthodox", "internet_access": "yes", "internet_access:fee": "customers", "name": "Colegiul Nicolae Titulescu", "phone": "0268 548 046", "religion": "christian", "website": "http://www.colegiultitulescubrasov.ro/"}}, {"type": "Feature", "geometry": {"type": "Point", "coordinates": [21.2269835, 45.7468271]}, "properties": {"amenity": "university", "check_date": "2026-06-05", "name": "Facultatea de Electrotehnic\u0103 \u0219i Electroenergetic\u0103"}}, {"type": "Feature", "geometry": {"type": "Point", "coordinates": [21.230576, 45.7453787]}, "properties": {"amenity": "university", "name": "Departamentul de Construc\u021bii Metalice \u0219i Mecanica Construc\u021biilor"}}, {"type": "Feature", "geometry": {"type": "Point", "coordinates": [21.2311628, 45.7454605]}, "properties": {"amenity": "university", "name": "Departamentul C\u0103i de Comunica\u021bie Terestre, Funda\u021bii \u0219i Cadastru"}}, {"type": "Feature", "geometry": {"type": "Point", "coordinates": [21.2299367, 45.7457808]}, "properties": {"amenity": "university", "name": "Facultatea de Construc\u021bii"}}, {"type": "Feature", "geometry": {"type": "Point", "coordinates": [21.2299754, 45.7455594]}, "properties": {"amenity": "university", "name": "Facultatea de Arhitectur\u0103 \u0219i Urbanism"}}, {"type": "Feature", "geometry": {"type": "Point", "coordinates": [21.2300203, 45.745316]}, "properties": {"amenity": "university", "name": "Facultatea de \u0218tiin\u021be ale Comunic\u0103rii"}}, {"type": "Feature", "geometry": {"type": "Point", "coordinates": [21.2315101, 45.7461325]}, "properties": {"amenity": "university", "name": "Facultatea de Construc\u021bii"}}, {"type": "Feature", "geometry": {"type": "Point", "coordinates": [21.2315837, 45.7458761]}, "properties": {"amenity": "university", "name": "Facultatea de \u0218tiin\u021be ale Comunic\u0103rii"}}, {"type": "Feature", "geometry": {"type": "Point", "coordinates": [21.2316678, 45.745587]}, "properties": {"amenity": "university", "name": "Facultatea de Automatic\u0103 \u0219i Calculatoare"}}, {"type": "Feature", "geometry": {"type": "Point", "coordinates": [21.2271335, 45.7463062]}, "properties": {"amenity": "university", "check_date": "2026-06-05", "name": "Facultatea de Mecanic\u0103"}}, {"type": "Feature", "geometry": {"type": "Point", "coordinates": [21.2265552, 45.7455161]}, "properties": {"amenity": "university", "check_date": "2026-06-05", "name": "Facultatea de Construc\u021bii"}}, {"type": "Feature", "geometry": {"type": "Point", "coordinates": [21.227485, 45.7454742]}, "properties": {"amenity": "university", "name": "Facultatea de Management \u0219i Produc\u021bie \u00een Transporturi"}}, {"type": "Feature", "geometry": {"type": "Point", "coordinates": [26.367784, 44.1774832]}, "properties": {"amenity": "college", "name": "Liceul Udriste Nasturel, Hotarele"}}, {"type": "Feature", "geometry": {"type": "Point", "coordinates": [26.0707592, 44.4713422]}, "properties": {"amenity": "university", "name": "Facultatea de Agricultur\u0103", "name:en": "Faculty of Agriculture", "name:ro": "Facultatea de Agricultur\u0103"}}, {"type": "Feature", "geometry": {"type": "Point", "coordinates": [26.0711568, 44.4709701]}, "properties": {"amenity": "university", "name": "Facultatea de Management \u0219i Dezvoltare Rural\u0103", "name:ro": "Facultatea de Management \u0219i Dezvoltare Rural\u0103"}}, {"type": "Feature", "geometry": {"type": "Point", "coordinates": [25.7207811, 45.3024428]}, "properties": {"addr:city": "Te\u0219ila", "addr:housenumber": "377", "addr:postcode": "107465", "addr:street": "Calea Doftanei", "amenity": "college", "name": "Liceul Tehnologic Carol I"}}, {"type": "Feature", "geometry": {"type": "Point", "coordinates": [22.4013501, 44.7146295]}, "properties": {"addr:city": "Or\u0219ova", "addr:street": "Bulevardul 1 Decembrie 1918", "amenity": "college", "name": "\u0218coala de Perfec\u021bionare a Preg\u0103tirii Personalului Poli\u021biei de Frontier\u0103 Or\u0219ova - IGPFR"}}, {"type": "Feature", "geometry": {"type": "Point", "coordinates": [23.2716761, 45.0398564]}, "properties": {"amenity": "university", "name": "Facultatea de \u015etiin\u021be ale Educa\u021biei, Drept \u015fi Administra\u021bie Public\u0103", "operator": "Universitatea \"Constantin Br\u00e2ncu\u015fi\" din T\u00e2rgu-Jiu"}}, {"type": "Feature", "geometry": {"type": "Point", "coordinates": [26.3884232, 46.9459419]}, "properties": {"amenity": "college", "name": "Colegul Na\u021bional \"Gheorghe Asachi\" Piatra Neam\u021b"}}, {"type": "Feature", "geometry": {"type": "Point", "coordinates": [26.3878342, 46.9459094]}, "properties": {"amenity": "college", "name": "Colegul Na\u021bional \"Gheorghe Asachi\" Piatra Neam\u021b Corp B"}}, {"type": "Feature", "geometry": {"type": "Point", "coordinates": [26.3192037, 46.9414246]}, "properties": {"amenity": "college", "name": "Liceul Particular Aurora Ouatu"}}, {"type": "Feature", "geometry": {"type": "Point", "coordinates": [26.0967613, 44.4480782]}, "properties": {"amenity": "university", "name": "Facultatea de Management"}}, {"type": "Feature", "geometry": {"type": "Point", "coordinates": [26.0967774, 44.447903]}, "properties": {"amenity": "university", "check_date": "2026-03-10", "name": "Facultatea de Contabilitate \u0219i Informatica de Gestiune ( CIG )"}}, {"type": "Feature", "geometry": {"type": "Point", "coordinates": [26.0987344, 44.4473784]}, "properties": {"amenity": "university", "name": "Facultatea de Rela\u0163ii Economice Interna\u0163ionale (REI)", "short_name": "REI"}}, {"type": "Feature", "geometry": {"type": "Point", "coordinates": [26.1018077, 44.4357018]}, "properties": {"amenity": "university", "check_date": "2024-10-12", "is_in:city": "Bucure\u0219ti", "name": "Facultatea de Geologie \u0219i Geofizic\u0103", "name:en": "Faculty of Geology and Geophysics", "name:ro": "Facultatea de Geologie \u0219i Geofizic\u0103"}}, {"type": "Feature", "geometry": {"type": "Point", "coordinates": [26.1014573, 44.4355946]}, "properties": {"addr:city": "Bucure\u0219ti", "addr:housenumber": "4-12", "addr:postcode": "030018", "addr:street": "Bulevardul Regina Elisabeta", "amenity": "university", "is_in:city": "Bucure\u0219ti", "name": "Facultatea de Administra\u021bie \u0219i Afaceri", "name:en": "Faculty of Administration and Business", "name:ro": "Facultatea de Administra\u021bie \u0219i Afaceri"}}, {"type": "Feature", "geometry": {"type": "Point", "coordinates": [26.1005178, 44.4357453]}, "properties": {"addr:city": "Bucure\u0219ti", "addr:housenumber": "5-7", "addr:postcode": "010017", "addr:street": "Strada Edgar Quinet", "amenity": "university", "check_date": "2024-06-14", "is_in:city": "Bucure\u0219ti", "name": "Facultatea de Litere", "name:en": "Faculty of Letters", "name:ro": "Facultatea de Litere", "wheelchair": "limited"}}, {"type": "Feature", "geometry": {"type": "Point", "coordinates": [26.2994306, 45.2485748]}, "properties": {"addr:city": "Calvini", "addr:street": "DJ102B - Str. Principal\u0103", "amenity": "college", "name": "\u0218coala Gimnazial\u0103 Dumitru I. Ionescu"}}, {"type": "Feature", "geometry": {"type": "Point", "coordinates": [23.584656, 46.7649771]}, "properties": {"amenity": "university", "name": "UMF Rectorat"}}, {"type": "Feature", "geometry": {"type": "Point", "coordinates": [21.8799117, 45.2944561]}, "properties": {"addr:city": "Re\u0219i\u021ba", "addr:street": "Bulevardul Alexandru Ioan Cuza", "amenity": "college", "name": "Colegiul Na\u021bional Traian Lalescu - Re\u0219i\u021ba"}}, {"type": "Feature", "geometry": {"type": "Point", "coordinates": [24.7898336, 46.2145503]}, "properties": {"amenity": "college", "name": "Liceul Tehnologic nr. 1"}}, {"type": "Feature", "geometry": {"type": "Point", "coordinates": [26.6643865, 47.738367]}, "properties": {"addr:city": "Boto\u0219ani", "addr:housenumber": "19", "addr:street": "Strada Nicolae Iorga", "amenity": "university", "name": "Universitatea A.I. Cuza - Filiala Boto\u0219ani", "operator": "Universitatea A.I. Cuza din Ia\u0219i", "operator:type": "public"}}, {"type": "Feature", "geometry": {"type": "Point", "coordinates": [26.9173848, 46.53244]}, "properties": {"amenity": "college", "name": "Liceul Tehnologic Dumitru Mangeron"}}, {"type": "Feature", "geometry": {"type": "Point", "coordinates": [26.9172088, 46.5332667]}, "properties": {"amenity": "college", "name": "Colegiul Tehnologic Grigore Antipa"}}, {"type": "Feature", "geometry": {"type": "Point", "coordinates": [26.3636238, 46.9339362]}, "properties": {"name": "Centrul de Cercetari Biologice \u201cStejarul\u201d", "office": "research"}}, {"type": "Feature", "geometry": {"type": "Point", "coordinates": [28.6526222, 44.1974305]}, "properties": {"amenity": "college", "email": "henricoanda.constanta@yahoo.ro", "level": "5", "name": "\u0218coala Postliceal\u0103 Henri Coand\u0103", "operator:type": "private", "phone": "+40 743 144 336", "website": "https://www.henricoandaconstanta.ro"}}, {"type": "Feature", "geometry": {"type": "Point", "coordinates": [27.2168284, 44.9632672]}, "properties": {"addr:city": "Ru\u0219e\u021bu", "addr:postcode": "127520", "addr:street": "Strada 1 Decemrie 1918", "amenity": "college", "name": "Liceul Tehnologic Ru\u0219e\u021bu"}}, {"type": "Feature", "geometry": {"type": "Point", "coordinates": [26.0875373, 44.4512929]}, "properties": {"check_date": "2025-06-08", "name": "arnia software", "office": "research"}}, {"type": "Feature", "geometry": {"type": "Point", "coordinates": [24.5984595, 46.5381995]}, "properties": {"addr:housenumber": "69", "addr:street": "Strada Livezeni", "amenity": "university", "internet_access": "wlan", "internet_access:fee": "no", "name": "Facultatea de Economie \u0219i Drept", "operator": "Universitatea de Medicin\u0103, Farmacie, \u0218tiin\u021be \u0219i Tehnologie \u201eGeorge Emil Palade\u201d", "operator:type": "public", "phone": "+40265219034", "website": "https://www.umfst.ro"}}, {"type": "Feature", "geometry": {"type": "Point", "coordinates": [23.5799426, 45.9540983]}, "properties": {"addr:city": "Sebe\u0219", "addr:housenumber": "2b", "addr:postcode": "515800", "addr:street": "Strada Viilor", "amenity": "college", "education": "college", "email": "grsc.sebes@yahoo.com", "name": "Liceul Tehnologic Sebe\u0219", "website": "https://www.ltsebes.ro/"}}, {"type": "Feature", "geometry": {"type": "Point", "coordinates": [25.8996232, 47.5530442]}, "properties": {"addr:city": "Gura Humorului", "addr:housenumber": "41", "addr:postcode": "725300", "addr:street": "Bulevardul Bucovina", "amenity": "college", "email": "albun@alexandrucelbun.ro", "name": "Colegiul \u201eAlexandru cel Bun\u201d", "phone": "+4 0230 235098", "website": "https://alexandrucelbun.ro/"}}, {"type": "Feature", "geometry": {"type": "Point", "coordinates": [26.3848564, 44.6819839]}, "properties": {"amenity": "college", "name": "Liceul Tehnologic Fierbin\u021bi-T\u00e2rg"}}, {"type": "Feature", "geometry": {"type": "Point", "coordinates": [26.3859063, 44.6814977]}, "properties": {"amenity": "college", "name": "Grupul \u0218colar Agricol"}}, {"type": "Feature", "geometry": {"type": "Point", "coordinates": [24.497147, 47.1327679]}, "properties": {"amenity": "university", "name": "Universitatea Tehnica"}}, {"type": "Feature", "geometry": {"type": "Point", "coordinates": [26.0820687, 44.4350442]}, "properties": {"amenity": "university", "name": "Facultatea de Drept"}}, {"type": "Feature", "geometry": {"type": "Point", "coordinates": [26.0819896, 44.4365163]}, "properties": {"amenity": "university", "name": "Facultatea de Utilaj Tehnologic pentru Construc\u021bii Bucure\u0219ti"}}, {"type": "Feature", "geometry": {"type": "Point", "coordinates": [26.0807896, 44.4367447]}, "properties": {"amenity": "university", "name": "Facultatea de \u0218tiin\u021be Politice"}}, {"type": "Feature", "geometry": {"type": "Point", "coordinates": [26.057419, 44.4338169]}, "properties": {"amenity": "university", "name": "Facultatea de Electronic\u0103, Telecomunica\u021bii \u0219i Tehnologia Informa\u021biei"}}, {"type": "Feature", "geometry": {"type": "Point", "coordinates": [26.0632461, 44.4301767]}, "properties": {"amenity": "university", "name": "Facultatea de Chimie", "wheelchair": "yes"}}, {"type": "Feature", "geometry": {"type": "Point", "coordinates": [26.0615901, 44.431143]}, "properties": {"amenity": "university", "name": "Facultatea de Administra\u021bie \u0219i Afaceri"}}, {"type": "Feature", "geometry": {"type": "Point", "coordinates": [26.0614082, 44.4317282]}, "properties": {"amenity": "university", "name": "Facultatea de Sociologie \u015fi Asisten\u0163\u0103 Social\u0103"}}, {"type": "Feature", "geometry": {"type": "Point", "coordinates": [26.0624027, 44.4314375]}, "properties": {"amenity": "university", "name": "Facultatea de Psihologie \u0219i \u0218tiin\u021bele Educa\u021biei"}}, {"type": "Feature", "geometry": {"type": "Point", "coordinates": [26.1002534, 44.4419466]}, "properties": {"amenity": "university", "name": "Facultatea de Limbi \u0219i Literaturi Str\u0103ine"}}, {"type": "Feature", "geometry": {"type": "Point", "coordinates": [26.083565, 44.4332274]}, "properties": {"amenity": "university", "name": "Facultatea de Biologie"}}, {"type": "Feature", "geometry": {"type": "Point", "coordinates": [26.0809188, 44.4334351]}, "properties": {"amenity": "university", "name": "Facultatea de Medicin\u0103 Veterinar\u0103"}}, {"type": "Feature", "geometry": {"type": "Point", "coordinates": [26.0882222, 44.4458705]}, "properties": {"amenity": "university", "name": "Facultatea de Finan\u021be, Asigur\u0103ri, B\u0103nci \u0219i Burse de Valori", "operator": "Academia de Studii Economice"}}, {"type": "Feature", "geometry": {"type": "Point", "coordinates": [26.0870107, 44.4448358]}, "properties": {"amenity": "university", "name": "Facultatea Artelor Decorative \u0219i Designului din Universitatea Artelor"}}, {"type": "Feature", "geometry": {"type": "Point", "coordinates": [23.59471, 46.7553956]}, "properties": {"addr:city": "Cluj-Napoca", "addr:housenumber": "5", "addr:street": "Strada Observatorului", "amenity": "university", "name": "UAD - Departamentul Foto"}}, {"type": "Feature", "geometry": {"type": "Point", "coordinates": [26.0506895, 44.4399677]}, "properties": {"addr:unit": "BN105", "amenity": "university", "education": "university", "faculty": "applied_sciences", "internet_access": "yes", "internet_access:fee": "no", "name": "Facultatea de \u0218tiin\u021be Aplicate", "operator": "Universitatea Politehnica Bucure\u0219ti", "website": "http://fsa.pub.ro"}}, {"type": "Feature", "geometry": {"type": "Point", "coordinates": [26.0504562, 44.4391672]}, "properties": {"addr:unit": "BN208", "amenity": "university", "education": "university", "faculty": "business_management", "internet_access": "yes", "internet_access:fee": "no", "name": "Facultatea de Antreprenoriat, Ingineria \u0219i Managementul Afacerilor", "operator": "Universitatea Politehnica Bucure\u0219ti", "website": "https://faima.upb.ro/"}}, {"type": "Feature", "geometry": {"type": "Point", "coordinates": [26.0491687, 44.4409827]}, "properties": {"amenity": "university", "education": "university", "faculty": "engineering", "internet_access": "yes", "internet_access:fee": "no", "name": "Facultatea de Ingineria \u0219i Managementul Sistemelor Tehnologice", "operator": "Universitatea Politehnica Bucure\u0219ti"}}, {"type": "Feature", "geometry": {"type": "Point", "coordinates": [26.0484982, 44.4407242]}, "properties": {"amenity": "university", "education": "university", "faculty": "mechanical_engineering", "internet_access": "yes", "internet_access:fee": "no", "name": "Facultatea de Inginerie Mecanic\u0103 \u0219i Mecatronic\u0103", "operator": "Universitatea Politehnica Bucure\u0219ti"}}, {"type": "Feature", "geometry": {"type": "Point", "coordinates": [26.0459205, 44.4398566]}, "properties": {"amenity": "university", "education": "university", "faculty": "engineering", "internet_access": "yes", "internet_access:fee": "no", "name": "Facultatea de Ingineria Sistemelor Biotehnice", "operator": "Universitatea Politehnica Bucure\u0219ti", "website": "http://www.isb.pub.ro/"}}, {"type": "Feature", "geometry": {"type": "Point", "coordinates": [26.0477941, 44.4357679]}, "properties": {"amenity": "university", "education": "university", "faculty": "computer_science;automatic_control", "internet_access": "yes", "internet_access:fee": "no", "name": "Facultatea de Automatic\u0103 \u0219i Calculatoare", "name:en": "Faculty of Automatic Control and Computer Science", "name:ro": "Facultatea de Automatic\u0103 \u0219i Calculatoare", "operator": "Universitatea Politehnica Bucure\u0219ti", "website": "https://acs.pub.ro/"}}, {"type": "Feature", "geometry": {"type": "Point", "coordinates": [26.0529654, 44.4395837]}, "properties": {"amenity": "university", "education": "university", "faculty": "traffic_engineering", "internet_access": "yes", "internet_access:fee": "no", "name": "Facultatea de Transporturi", "name:en": "Facultatea de Transporturi", "name:ro": "Faculty of Transportation", "operator": "Universitatea Politehnica Bucure\u0219ti", "website": "http://transport.pub.ro/"}}, {"type": "Feature", "geometry": {"type": "Point", "coordinates": [26.0527709, 44.439128]}, "properties": {"amenity": "university", "education": "university", "faculty": "engineering", "internet_access": "yes", "internet_access:fee": "no", "name": "Facultatea de Inginerie \u00een Limbi Str\u0103ine", "operator": "Universitatea Politehnica Bucure\u0219ti"}}, {"type": "Feature", "geometry": {"type": "Point", "coordinates": [28.6107122, 44.3195919]}, "properties": {"amenity": "college", "education": "college", "email": "henricoanda.constanta@yahoo.ro", "name": "\u0218coala Postliceal\u0103 \u201eHenri Coand\u0103\u201d N\u0103vodari", "phone": "+40 743 144 336", "website": "https://www.henricoandaconstanta.ro"}}, {"type": "Feature", "geometry": {"type": "Point", "coordinates": [28.6233399, 44.1745312]}, "properties": {"addr:housenumber": "2A", "addr:street": "Strada Corbului", "amenity": "university", "name": "Laboratoare Facultatea de Medicin\u0103 Dentar\u0103", "operator": "Universitatea Ovidius Constan\u021ba", "operator:type": "public"}}, {"type": "Feature", "geometry": {"type": "Point", "coordinates": [23.5724726, 47.6517085]}, "properties": {"addr:city": "Baia Mare", "addr:housenumber": "43", "addr:street": "Strada Progresului", "alt_name": "Liceul 5", "amenity": "college", "name": "Colegiul Tehnic Anghel Saligny", "name:en": "Technical College Anghel Saligny", "phone": "+40262225803", "website": "https://www.asalignybm.tpsvision.ro/"}}, {"type": "Feature", "geometry": {"type": "Point", "coordinates": [26.1255373, 44.4637576]}, "properties": {"amenity": "university", "name": "Facultatea de Geodezie"}}, {"type": "Feature", "geometry": {"type": "Point", "coordinates": [26.1247693, 44.4635075]}, "properties": {"amenity": "university", "name": "Facultatea de Construc\u021bii Civile"}}, {"type": "Feature", "geometry": {"type": "Point", "coordinates": [26.1242278, 44.4630099]}, "properties": {"amenity": "university", "name": "Facultatea de Hidrotehnic\u0103"}}, {"type": "Feature", "geometry": {"type": "Point", "coordinates": [26.1246171, 44.4632423]}, "properties": {"amenity": "university", "name": "Rectorat Universitatea Tehnic\u0103 de Construc\u021bii"}}, {"type": "Feature", "geometry": {"type": "Point", "coordinates": [23.5891705, 46.7632959]}, "properties": {"amenity": "university", "name": "Institutul Psihologic UBB"}}, {"type": "Feature", "geometry": {"type": "Point", "coordinates": [23.5596361, 46.7634506]}, "properties": {"addr:city": "Cluj-Napoca", "addr:housenumber": "7", "addr:postcode": "400095", "addr:street": "Pandurilor Str.", "amenity": "university", "internet_access": "wlan", "name": "UBB Department of Public Health", "operator": "Universitatea Babe\u0219-Bolyai Cluj-Napoca", "operator:type": "public", "website": "https://publichealth.ro"}}, {"type": "Feature", "geometry": {"type": "Point", "coordinates": [24.5711006, 46.5511952]}, "properties": {"addr:city": "T\u00e2rgu Mure\u0219", "addr:housenumber": "15", "addr:postcode": "540091", "addr:street": "Strada Cibinului", "email": "office@labaqua.ro", "name": "Labaqua", "office": "research", "phone": "0365882032", "website": "https://labaqua.ro/"}}, {"type": "Feature", "geometry": {"type": "Point", "coordinates": [26.2451374, 47.6411594]}, "properties": {"amenity": "university", "education": "university", "name": "Corp A", "website": "https://usv.ro/"}}, {"type": "Feature", "geometry": {"type": "Point", "coordinates": [26.2431104, 47.6412989]}, "properties": {"amenity": "university", "education": "university", "name": "Corp C", "website": "https://usv.ro/"}}, {"type": "Feature", "geometry": {"type": "Point", "coordinates": [26.2445266, 47.6403302]}, "properties": {"amenity": "university", "education": "university", "internet_access": "wlan", "name": "Corp E", "website": "https://usv.ro/"}}, {"type": "Feature", "geometry": {"type": "Point", "coordinates": [26.1315487, 44.4382846]}, "properties": {"amenity": "college", "name": "Sixth Form College"}}, {"type": "Feature", "geometry": {"type": "Point", "coordinates": [24.4948119, 47.1318593]}, "properties": {"amenity": "college", "name": "Generala 1", "operator": "Rdy", "operator:type": "public"}}, {"type": "Feature", "geometry": {"type": "Point", "coordinates": [27.5850449, 47.1644021]}, "properties": {"amenity": "university", "education": "university", "name": "Universitatea de Arte"}}, {"type": "Feature", "geometry": {"type": "Point", "coordinates": [24.890059, 44.8422086]}, "properties": {"amenity": "university", "education": "university", "name": "Facultatea de Teologie Ortodox\u0103"}}, {"type": "Feature", "geometry": {"type": "Point", "coordinates": [24.8907725, 44.8425777]}, "properties": {"amenity": "university", "education": "university", "name": "Facultatea de Litere"}}, {"type": "Feature", "geometry": {"type": "Point", "coordinates": [24.8910042, 44.842192]}, "properties": {"amenity": "university", "education": "university", "name": "Facultatea de Educa\u021bie Fizic\u0103 \u0219i Sport"}}, {"type": "Feature", "geometry": {"type": "Point", "coordinates": [27.4256788, 45.8463703]}, "properties": {"amenity": "college", "education": "college", "name": "\u0218coala Postliceal\u0103 FEG Education Tecuci", "website": "https://tecuci.postliceala.ro/"}}, {"type": "Feature", "geometry": {"type": "Point", "coordinates": [22.8694775, 47.7895168]}, "properties": {"addr:housenumber": "47", "addr:postcode": "440117", "addr:street": "Strada Pet\u0151fi S\u00e1ndor", "amenity": "college", "name": "UBB", "name:hu": "BBTE"}}, {"type": "Feature", "geometry": {"type": "Point", "coordinates": [26.1611381, 44.4420719]}, "properties": {"addr:city": "Bucure\u0219ti", "addr:district": "2", "addr:housenumber": "266", "addr:postcode": "021652", "addr:street": "\u0218oseaua Pantelimon", "email": "urban-incerc@incd.ro", "name": "INCD URBAN-INCERC", "office": "research", "phone": "+40 21 255 1213", "website": "https://incd.ro/"}}, {"type": "Feature", "geometry": {"type": "Point", "coordinates": [24.3451102, 45.1059215]}, "properties": {"addr:city": "R\u00e2mnicu V\u00e2lcea", "addr:housenumber": "182", "addr:postcode": "240588", "addr:street": "Strada \u0218tirbei Vod\u0103", "name": "INCD Ecoind - Sucursala R\u00e2mnicu V\u00e2lcea", "office": "research", "phone": "+40250737543"}}, {"type": "Feature", "geometry": {"type": "Point", "coordinates": [28.0325684, 45.4221591]}, "properties": {"amenity": "college", "is_in:city": "Gala\u021bi", "name": "Liceul Teoretic \"Emil Racovi\u021b\u0103\""}}, {"type": "Feature", "geometry": {"type": "Point", "coordinates": [28.032784, 45.4220666]}, "properties": {"amenity": "college", "building": "yes", "name": "Liceul Teoretic \"Emil Racovi\u021b\u0103\""}}, {"type": "Feature", "geometry": {"type": "Point", "coordinates": [28.0327258, 45.4296399]}, "properties": {"addr:city": "Gala\u021bi", "addr:housenumber": "138", "addr:street": "Bulevardul Br\u0103ilei", "amenity": "college", "is_in:city": "Gala\u021bi", "name": "Colegiul Na\u021bional Pedagogic \"Costache Negri\""}}, {"type": "Feature", "geometry": {"type": "Point", "coordinates": [26.0728419, 44.4452296]}, "properties": {"addr:city": "Bucure\u0219ti", "addr:housenumber": "3-5", "addr:street": "Strada Institutul Medico-Militar", "amenity": "university", "description:ro": "Ministerul Ap\u0103r\u0103rii Na\u021bionale: Direc\u021bia Medical\u0103, Institutul Medico-Militar", "name": "Institutul Medico-Militar", "source:addr:housenumber": "survey", "source:addr:street": "survey"}}, {"type": "Feature", "geometry": {"type": "Point", "coordinates": [24.5841549, 46.5308937]}, "properties": {"amenity": "university", "is_in:city": "T\u00e2rgu Mure\u0219", "name": "Universitatea Dimitrie Cantemir"}}, {"type": "Feature", "geometry": {"type": "Point", "coordinates": [26.1331855, 44.38025]}, "properties": {"amenity": "university", "building": "university", "height": "18", "is_in:city": "Bucure\u0219ti", "name": "Universitatea Spiru Haret"}}, {"type": "Feature", "geometry": {"type": "Point", "coordinates": [26.0196338, 44.4444781]}, "properties": {"addr:city": "Bucure\u0219ti", "addr:housenumber": "210-220", "addr:postcode": "060946", "addr:street": "Bulevardul Uverturii", "amenity": "university", "name": "Institutul Teologic Penticostal"}}, {"type": "Feature", "geometry": {"type": "Point", "coordinates": [26.0489971, 44.4393472]}, "properties": {"addr:city": "Bucure\u0219ti", "addr:housenumber": "313", "addr:postcode": "060042", "addr:street": "Splaiul Independen\u021bei", "amenity": "university", "education": "university", "heritage": "2", "heritage:operator": "lmi", "name": "Universitatea Politehnica din Bucure\u0219ti", "name:de": "Polytechnische Universit\u00e4t Bukarest", "name:en": "Politehnica University of Bucharest", "ref:RO:lmi": "B-I-s-B-17888", "ref:RO:ran": "179132.31", "website": "https://www.pub.ro/", "wikidata": "Q1465448", "wikipedia": "en:Politehnica University of Bucharest"}}, {"type": "Feature", "geometry": {"type": "Point", "coordinates": [26.0566167, 44.4332673]}, "properties": {"addr:city": "Bucure\u0219ti", "addr:housenumber": "1", "addr:postcode": "061071", "addr:street": "Bulevardul Iuliu Maniu", "amenity": "university", "check_date": "2026-03-26", "internet_access": "yes", "internet_access:fee": "yes", "is_in:city": "Bucure\u0219ti", "leisure": "park", "name": "Complexul Studen\u021besc Leu", "source:addr:housenumber": "survey", "source:addr:street": "survey"}}, {"type": "Feature", "geometry": {"type": "Point", "coordinates": [26.0698438, 44.4352692]}, "properties": {"amenity": "university", "is_in:city": "Bucure\u0219ti", "name": "Universitatea de Medicin\u0103 \u0219i Farmacie \"Carol Davila\"", "name:de": "Medizinische und Pharmazeutische Universit\u00e4t Carol Davila", "website": "https://www.umf.ro/", "wikidata": "Q1916637", "wikimedia_commons": "Category:Carol Davila University of Medicine and Pharmacy", "wikipedia": "en:Carol Davila University of Medicine and Pharmacy"}}, {"type": "Feature", "geometry": {"type": "Point", "coordinates": [26.080728, 44.436347]}, "properties": {"addr:city": "Bucure\u0219ti", "addr:country": "RO", "addr:housenumber": "59", "addr:postcode": "010223", "addr:street": "Calea Plevnei", "amenity": "university", "building": "yes", "building:levels": "1", "name": "Facultatea de utilaj tehnic", "source:addr:housenumber": "survey", "source:addr:street": "survey"}}, {"type": "Feature", "geometry": {"type": "Point", "coordinates": [26.0940243, 44.4499389]}, "properties": {"alt_name": "S.N.S.P.A.", "amenity": "university", "building": "school", "is_in:city": "Bucure\u0219ti", "name": "\u0218coala Na\u021bional\u0103 de Studii Politice \u0219i Administrative", "wikidata": "Q3578107", "wikipedia": "en:National University of Political Studies and Public Administration"}}, {"type": "Feature", "geometry": {"type": "Point", "coordinates": [26.0660267, 44.4709751]}, "properties": {"addr:city": "Bucure\u0219ti", "addr:housenumber": "59", "addr:postcode": "011464", "addr:street": "Bulevardul M\u0103r\u0103\u0219ti", "amenity": "university", "check_date": "2026-03-14", "is_in:city": "Bucure\u0219ti", "name": "Universitatea de \u0218tiinte Agronomice \u0219i Medicin\u0103 Veterinar\u0103 Bucure\u0219ti", "wikidata": "Q528377", "wikimedia_commons": "Category:University of Agricultural Sciences and Veterinary Medicine of Cluj-Napoca", "wikipedia": "ro:Universitatea de \u0218tiin\u021be Agricole \u0219i Medicin\u0103 Veterinar\u0103 Cluj-Napoca"}}, {"type": "Feature", "geometry": {"type": "Point", "coordinates": [26.1143742, 44.3948696]}, "properties": {"amenity": "university", "name": "Institutul de Studii pentru Ordine Public\u0103", "source:name": "survey"}}, {"type": "Feature", "geometry": {"type": "Point", "coordinates": [26.0551047, 44.4460651]}, "properties": {"addr:city": "Bucure\u0219ti", "addr:housenumber": "290", "addr:postcode": "060029", "addr:street": "Splaiul Independen\u021bei", "amenity": "university", "name": "Campusul Studen\u021besc Regie", "operator": "Universitatea Politehnica, Universitatea de Medicin\u0103", "residential": "university", "source:addr:housenumber": "survey", "source:addr:street": "survey"}}, {"type": "Feature", "geometry": {"type": "Point", "coordinates": [26.1003163, 44.4362292]}, "properties": {"addr:city": "Bucure\u0219ti", "addr:country": "RO", "addr:housenumber": "18-20", "addr:postcode": "010014", "addr:street": "Strada Academiei", "amenity": "university", "name": "Universitatea de Arhitectur\u0103 \u0219i Urbanism Ion Mincu", "name:de": "Universit\u00e4t f\u00fcr Architektur und St\u00e4dtebau Ion Mincu", "name:en": "Ion Mincu University of Architecture and Urban Planning", "name:fr": "Universit\u00e9 d'architecture et d'urbanisme Ion Mincu", "name:it": "Universit\u00e0 di architettura e urbanistica Ion Mincu", "short_name": "UAUIM", "website": "https://www.uauim.ro/", "wikidata": "Q976926", "wikipedia": "en:Ion Mincu University of Architecture and Urban Planning", "wikipedia:ro": "Universitatea de Arhitectur\u0103 \u0219i Urbanism Ion Mincu"}}, {"type": "Feature", "geometry": {"type": "Point", "coordinates": [27.9507114, 45.2580356]}, "properties": {"amenity": "college", "name": "Liceul cu program sportiv", "sport": "soccer"}}, {"type": "Feature", "geometry": {"type": "Point", "coordinates": [26.0788169, 44.4483214]}, "properties": {"addr:city": "Bucure\u0219ti", "addr:country": "RO", "addr:housenumber": "1-7", "addr:postcode": "011061", "addr:street": "Strada Gheorghe Polizu", "amenity": "university", "education": "university", "name": "Complexul Studen\u021besc Polizu", "website": "https://upb.ro/", "wikidata": "Q42769558", "wikimedia_commons": "Category:Politehnica University of Bucharest - Polizu"}}, {"type": "Feature", "geometry": {"type": "Point", "coordinates": [26.0782454, 44.5209307]}, "properties": {"addr:city": "Bucure\u0219ti", "addr:housename": "Academia de Poli\u021bie", "addr:housenumber": "1-3", "addr:postcode": "014031", "addr:street": "Aleea Privighetorilor", "amenity": "university", "fenced": "wall", "name": "Academia de Politie \"Alexandru Ioan Cuza\""}}, {"type": "Feature", "geometry": {"type": "Point", "coordinates": [26.152384, 44.4302036]}, "properties": {"addr:housenumber": "67A", "addr:street": "Strada Gheorghe Petra\u0219cu", "amenity": "university", "building": "school", "building:levels": "5", "check_date": "2025-01-29", "name": "Facultatea de Medicin\u0103 Dentar\u0103", "operator": "Universitatea \"Titu Maiorescu\"", "roof:levels": "0"}}, {"type": "Feature", "geometry": {"type": "Point", "coordinates": [28.0203203, 45.4496965]}, "properties": {"addr:city": "Gala\u021bi", "addr:housenumber": "27", "addr:postcode": "800567", "addr:postcode:source": "Date de la Po\u0219ta Rom\u00e2n\u0103, publicate sub Licen\u021ba pentru Guvernare Deschis\u0103 v1.0 la http://date.gov.ro/organization/posta-romana", "addr:street": "Bulevardul Milcov", "amenity": "college", "is_in:city": "Gala\u021bi", "name": "Colegiul Tehnic  Energetic \"Paul Dimo\" "}}, {"type": "Feature", "geometry": {"type": "Point", "coordinates": [28.0344213, 45.447856]}, "properties": {"addr:city": "Gala\u021bi", "addr:housenumber": "225", "addr:postcode": "800506", "addr:street": "Bulevardul George Co\u0219buc", "amenity": "college", "is_in:city": "Gala\u021bi", "name": "Liceul Tehnologic Transporturi C\u0103i Ferate Gala\u021bi", "phone": "0236/319422", "website": "http://liceulcfrgalati.licee.edu.ro/index.html"}}, {"type": "Feature", "geometry": {"type": "Point", "coordinates": [24.5636041, 46.5441153]}, "properties": {"amenity": "college", "building": "yes"}}, {"type": "Feature", "geometry": {"type": "Point", "coordinates": [28.0289626, 45.4489697]}, "properties": {"addr:city": "Gala\u021bi", "addr:housenumber": "13", "addr:postcode": "800514", "addr:postcode:source": "Date de la Po\u0219ta Rom\u00e2n\u0103, publicate sub Licen\u021ba pentru Guvernare Deschis\u0103 v1.0 la http://date.gov.ro/organization/posta-romana", "addr:street": "Bulevardul Milcov", "amenity": "college", "internet_access": "yes", "is_in:city": "Gala\u021bi", "name": "Liceul Teoretic \"Mircea Eliade\"", "website": "https://www.ltmeliadegl.ro/"}}, {"type": "Feature", "geometry": {"type": "Point", "coordinates": [28.0275095, 45.4488907]}, "properties": {"amenity": "college", "is_in:city": "Gala\u021bi", "name": "Grup \u0219colar de industrie alimentar\u0103 \"Dimitrie Mo\u021boc\" (MAIA)"}}, {"type": "Feature", "geometry": {"type": "Point", "coordinates": [28.0539126, 45.4451954]}, "properties": {"amenity": "college", "is_in:city": "Gala\u021bi", "name": "Liceul de art\u0103 \"Dimitrie Cuclin\""}}, {"type": "Feature", "geometry": {"type": "Point", "coordinates": [28.0508505, 45.4407235]}, "properties": {"addr:city": "Gala\u021bi", "addr:housenumber": "41", "addr:postcode": "800001", "addr:postcode:source": "Date de la Po\u0219ta Rom\u00e2n\u0103, publicate sub Licen\u021ba pentru Guvernare Deschis\u0103 v1.0 la http://date.gov.ro/organization/posta-romana", "addr:street": "Strada Nicolae B\u0103lcescu", "amenity": "college", "education": "college", "is_in:city": "Gala\u021bi", "name": "Colegiul Na\u021bional Vasile Alecsandri", "website": "https://cnva.eu/", "wikidata": "Q18539122", "wikipedia": "ro:Colegiul Na\u021bional \u201eVasile Alecsandri\u201d din Gala\u021bi"}}, {"type": "Feature", "geometry": {"type": "Point", "coordinates": [22.9095906, 45.7556242]}, "properties": {"addr:city": "Hunedoara", "addr:housenumber": "1", "addr:postcode": "331016", "addr:street": "Strada Turn\u0103torului", "amenity": "college", "building": "yes", "height": "15", "roof:height": "3", "roof:material": "roof_tiles", "roof:shape": "hipped", "source": "Hunedoara Town Hall map"}}, {"type": "Feature", "geometry": {"type": "Point", "coordinates": [22.9135903, 45.7582508]}, "properties": {"addr:city": "Hunedoara", "amenity": "college", "building": "yes", "building:colour": "#f4a460", "height": "12", "name": "Colegiul Economic Emanuil Gojdu", "roof:height": "3", "roof:material": "roof_tiles", "roof:shape": "gabled", "source": "Hunedoara Town Hall map"}}, {"type": "Feature", "geometry": {"type": "Point", "coordinates": [28.020537, 45.4319601]}, "properties": {"addr:city": "Gala\u021bi", "addr:housenumber": "117", "addr:postcode": "800484", "addr:postcode:source": "Date de la Po\u0219ta Rom\u00e2n\u0103, publicate sub Licen\u021ba pentru Guvernare Deschis\u0103 v1.0 la http://date.gov.ro/organization/posta-romana", "addr:street": "Strada Anghel Saligny", "amenity": "college", "education": "college", "is_in:city": "Gala\u021bi", "name": "Colegiul Tehnic \"Traian Vuia\""}}, {"type": "Feature", "geometry": {"type": "Point", "coordinates": [22.902537, 45.7498788]}, "properties": {"addr:city": "Hunedoara", "addr:housenumber": "7", "addr:street": "Strada Nicolae B\u0103lcescu", "amenity": "college", "building": "yes", "building:levels": "3", "height": "12", "name": "\u0218coala Postliceal\u0103 Sanitar\u0103", "roof:height": "3", "roof:shape": "gabled", "source": "Hunedoara Town Hall map"}}, {"type": "Feature", "geometry": {"type": "Point", "coordinates": [26.0909012, 44.4392875]}, "properties": {"amenity": "university", "name": "Universitatea Na\u021bional\u0103 de Muzic\u0103 Bucure\u0219ti", "name:en": "National University of Music Bucharest", "name:ja": "\u30d6\u30ab\u30ec\u30b9\u30c8\u56fd\u7acb\u97f3\u697d\u5927\u5b66", "wikidata": "Q1888128", "wikipedia": "en:National University of Music Bucharest"}}, {"type": "Feature", "geometry": {"type": "Point", "coordinates": [26.1025086, 44.4242608]}, "properties": {"addr:city": "Bucure\u0219ti", "addr:housenumber": "22-24", "addr:postcode": "040211", "addr:postcode:source": "Date de la Po\u0219ta Rom\u00e2n\u0103, publicate sub Licen\u021ba pentru Guvernare Deschis\u0103 v1.0 la http://date.gov.ro/organization/posta-romana", "addr:street": "Calea \u0218erban Vod\u0103", "amenity": "university", "name": "Academia de Studii Economice", "name:fr": "\u00c9cole des sciences \u00e9conomiques", "source": "survey, field survey ( 2014 - 2016)", "source:addr:street": "survey"}}, {"type": "Feature", "geometry": {"type": "Point", "coordinates": [26.0819287, 44.4356969]}, "properties": {"addr:city": "Bucure\u0219ti", "addr:housenumber": "34-46", "addr:postcode": "050108", "addr:street": "Bulevardul Mihail Kog\u0103lniceanu", "amenity": "university", "barrier": "fence", "check_date": "2025-10-27", "is_in:city": "Bucure\u0219ti", "landuse": "grass", "name": "Complexul Studen\u021besc Kog\u0103lniceanu", "operator": "Universitatea din Bucure\u0219ti", "operator:type": "public", "source:addr:housenumber": "survey", "source:addr:street": "survey", "website": "https://drept.unibuc.ro"}}, {"type": "Feature", "geometry": {"type": "Point", "coordinates": [24.1461089, 45.7901988]}, "properties": {"addr:city": "Sibiu", "addr:street": "Bulevardul Victoriei", "alt_name": "Universitatea \"Lucian Blaga\" Sibiu", "amenity": "university", "building": "university", "image": "https://photos.app.goo.gl/gLX3Z6FJnqQAMBK47", "is_in:city": "Sibiu", "is_in:country": "Romania", "is_in:county": "Sibiu", "name": "Universitatea Lucian Blaga din Sibiu", "wikidata": "Q1619447"}}, {"type": "Feature", "geometry": {"type": "Point", "coordinates": [24.149691, 45.7972693]}, "properties": {"addr:city": "Sibiu", "amenity": "college", "building": "yes", "historic": "yes", "is_in:city": "Sibiu", "is_in:country": "Romania", "is_in:country_code": "RO", "is_in:county": "Sibiu", "name": "Liceul \"Samuel Brukenthal\"", "name:de": "Samuel-von-Brukenthal-Gymnasium", "name:en": "Samuel von Brukenthal College", "tourism": "attraction", "website": "https://germana.brukenthal.ro/", "wikidata": "Q18539118", "wikipedia": "de:Samuel-von-Brukenthal-Gymnasium"}}, {"type": "Feature", "geometry": {"type": "Point", "coordinates": [26.7928945, 45.1535305]}, "properties": {"addr:city": "Buz\u0103u", "addr:housenumber": "1", "addr:postcode": "120144", "addr:street": "Aleea \u0218colilor", "amenity": "college", "is_in:city": "Buz\u0103u", "name": "Liceul cu Program Sportiv ,,Iolanda Balas Soter\u2019\u2019"}}, {"type": "Feature", "geometry": {"type": "Point", "coordinates": [21.2295996, 45.7595889]}, "properties": {"amenity": "university", "building": "university", "education": "university", "name": "Facultatea de Arte \u0219i Design", "name:en": "Faculty of Art and Design", "name:pl": "Wydzia\u0142 Sztuki i Designu", "operator": "Universitatea de Vest din Timi\u0219oara"}}, {"type": "Feature", "geometry": {"type": "Point", "coordinates": [21.930562, 47.0605659]}, "properties": {"amenity": "college", "check_date": "2025-09-14", "name": "Colegiul Na\u021bional Mihai Eminescu", "name:en": "Mihai Eminescu National College", "name:ro": "Colegiul Na\u021bional Mihai Eminescu"}}, {"type": "Feature", "geometry": {"type": "Point", "coordinates": [28.0530526, 45.4474366]}, "properties": {"amenity": "university", "building": "yes", "heritage": "2", "heritage:operator": "lmi", "name": "Facultatea de Arte / Drept", "ref:RO:lmi": "GL-II-m-B-03034"}}, {"type": "Feature", "geometry": {"type": "Point", "coordinates": [28.052288, 45.4457255]}, "properties": {"amenity": "college", "building": "yes", "name": "Facultatea de Nave", "ref": "(corp Y)"}}, {"type": "Feature", "geometry": {"type": "Point", "coordinates": [28.0534199, 45.4469077]}, "properties": {"addr:city": "Gala\u021bi", "addr:housenumber": "111", "addr:postcode": "800201", "addr:street": "Strada Domneasc\u0103", "amenity": "university", "building": "yes", "internet_access": "yes", "internet_access:fee": "no", "name": "Facultatea de Inginerie", "operator": "Universitatea \u201eDun\u0103rea de Jos\" din Gala\u021bi", "operator:type": "university", "ref": "(corp D+B)", "website": "https://ing.ugal.ro/"}}, {"type": "Feature", "geometry": {"type": "Point", "coordinates": [28.0169751, 45.4039293]}, "properties": {"amenity": "university", "name": "Universitatea Danubius"}}, {"type": "Feature", "geometry": {"type": "Point", "coordinates": [28.0247617, 45.4154325]}, "properties": {"addr:city": "Gala\u021bi", "addr:housenumber": "5", "addr:postcode": "800595", "addr:postcode:source": "Date de la Po\u0219ta Rom\u00e2n\u0103, publicate sub Licen\u021ba pentru Guvernare Deschis\u0103 v1.0 la http://date.gov.ro/organization/posta-romana", "addr:street": "Strada Stadionului", "amenity": "college", "is_in:city": "Gala\u021bi", "name": "Liceul cu Program Sportiv"}}, {"type": "Feature", "geometry": {"type": "Point", "coordinates": [28.0526319, 45.446462]}, "properties": {"amenity": "university", "building": "yes"}}, {"type": "Feature", "geometry": {"type": "Point", "coordinates": [28.0526474, 45.4477766]}, "properties": {"addr:city": "Gala\u021bi", "addr:housenumber": "111", "addr:postcode": "800201", "addr:street": "Strada Domneasc\u0103", "amenity": "university", "building": "yes", "heritage": "2", "heritage:operator": "lmi", "internet_access": "yes", "internet_access:fee": "no", "name": "Facultatea de Inginerie", "operator": "Universitatea \u201eDun\u0103rea de Jos\u201d din Gala\u021bi", "operator:type": "university", "ref": "(corp M)", "ref:RO:lmi": "GL-II-m-B-03034", "website": "https://ing.ugal.ro/"}}, {"type": "Feature", "geometry": {"type": "Point", "coordinates": [28.0517822, 45.4475309]}, "properties": {"amenity": "university", "building": "yes", "name": "corp E"}}, {"type": "Feature", "geometry": {"type": "Point", "coordinates": [28.0518189, 45.4469179]}, "properties": {"amenity": "university", "building": "yes"}}, {"type": "Feature", "geometry": {"type": "Point", "coordinates": [28.0521979, 45.4468912]}, "properties": {"amenity": "university", "building": "yes", "name": "corp H/G"}}, {"type": "Feature", "geometry": {"type": "Point", "coordinates": [28.0519899, 45.4462444]}, "properties": {"amenity": "university", "building": "yes", "name": "corp G/H"}}, {"type": "Feature", "geometry": {"type": "Point", "coordinates": [28.0515392, 45.4432996]}, "properties": {"addr:city": "Gala\u021bi", "addr:housenumber": "59-61", "addr:postcode": "800001", "addr:postcode:source": "Date de la Po\u0219ta Rom\u00e2n\u0103, publicate sub Licen\u021ba pentru Guvernare Deschis\u0103 v1.0 la http://date.gov.ro/organization/posta-romana", "addr:street": "Strada Nicolae B\u0103lcescu", "amenity": "university", "building": "yes", "internet_access": "yes", "name": "Facultatea de Economie \u0219i Administrarea Afacerilor", "ref": "(corp I)", "website": "https://feaa.ugal.ro/"}}, {"type": "Feature", "geometry": {"type": "Point", "coordinates": [28.0498302, 45.4431609]}, "properties": {"addr:city": "Gala\u021bi", "addr:housenumber": "63-65", "addr:postcode": "800003", "addr:postcode:source": "Date de la Po\u0219ta Rom\u00e2n\u0103, publicate sub Licen\u021ba pentru Guvernare Deschis\u0103 v1.0 la http://date.gov.ro/organization/posta-romana", "addr:street": "Strada G\u0103rii", "amenity": "university", "building": "yes", "name": "Facultatea de Educa\u021bie Fizic\u0103 \u0219i Sport"}}, {"type": "Feature", "geometry": {"type": "Point", "coordinates": [28.0346826, 45.4479376]}, "properties": {"amenity": "college", "building": "yes", "name": "Liceul CFR, Grup \u0218colar Industrial Transporturi Feroviare", "ref": "CFR"}}, {"type": "Feature", "geometry": {"type": "Point", "coordinates": [24.568551, 46.5457522]}, "properties": {"addr:city": "T\u00e2rgu Mure\u0219", "addr:housenumber": "12", "addr:postcode": "540072", "addr:street": "Strada Bern\u00e1dy Gy\u00f6rgy", "amenity": "college", "name": "Colegiul Na\u021bional Al. Papiu Ilarian", "website": "https://papiu.ro/"}}, {"type": "Feature", "geometry": {"type": "Point", "coordinates": [27.5963238, 47.1542739]}, "properties": {"amenity": "university", "education": "university", "lit": "yes", "name": "Universitatea Tehnic\u0103 \u201eGheorghe Asachi\u201d din Ia\u0219i", "wikidata": "Q458666"}}, {"type": "Feature", "geometry": {"type": "Point", "coordinates": [27.5577192, 47.1938919]}, "properties": {"addr:city": "Iasi", "addr:housenumber": "3", "addr:postcode": "700490", "addr:street": "Aleea Mihail Sadoveanu", "amenity": "university", "education": "university", "email": "rectorat@iuls.ro", "name": "Universitatea de \u0219tiintele vie\u021bii \"Ion Ionescu de la Brad\"", "old_name": "Universitatea de \u0218tiin\u021be Agricole \u0219i Medicin\u0103 Veterinar\u0103 \"Ion Ionescu de la Brad\"", "website": "https://www.iuls.ro/"}}, {"type": "Feature", "geometry": {"type": "Point", "coordinates": [24.9845296, 44.1139062]}, "properties": {"addr:city": "Ro\u0219iorii de Vede", "addr:housenumber": "11", "addr:street": "Strada Republicii", "amenity": "college", "education": "college", "name": "Colegiul Na\u021bional Anastasescu"}}, {"type": "Feature", "geometry": {"type": "Point", "coordinates": [28.0126932, 45.4409921]}, "properties": {"addr:city": "Gala\u021bi", "addr:housenumber": "13", "addr:street": "Strada Combinatului", "amenity": "college", "is_in:city": "Gala\u021bi", "name": "Grup \u0219colar \"Anghel Saligny\""}}, {"type": "Feature", "geometry": {"type": "Point", "coordinates": [21.6462803, 46.8055725]}, "properties": {"addr:city": "Salonta", "addr:housenumber": "90", "addr:postcode": "415500", "addr:street": "Strada Republicii", "amenity": "college", "internet_access": "yes", "name": "Colegiul Na\u021bional Teodor Ne\u0219"}}, {"type": "Feature", "geometry": {"type": "Point", "coordinates": [28.0239024, 45.4481421]}, "properties": {"amenity": "college", "building": "yes", "building:levels": "2", "name": "Grup \u0219colar Industrial Metalurgic"}}, {"type": "Feature", "geometry": {"type": "Point", "coordinates": [27.5723035, 47.175342]}, "properties": {"addr:city": "Ia\u0219i", "addr:country": "RO", "addr:postcode": "700505", "addr:street": "Bulevardul Carol I", "amenity": "university", "building": "university", "int_name": "University Alexandru Ioan Cuza - Building H", "name": "Universitatea Alexandru Ioan Cuza - Corpul H", "source": "www.uaic.ro", "website": "https://www.uaic.ro/", "wikidata": "Q1523902", "wikipedia": "ro:Universitatea \u201eAlexandru Ioan Cuza\u201d din Ia\u0219i"}}, {"type": "Feature", "geometry": {"type": "Point", "coordinates": [27.5727598, 47.1754114]}, "properties": {"addr:city": "Ia\u0219i", "addr:country": "RO", "addr:postcode": "700505", "addr:street": "Bulevardul Carol I", "amenity": "university", "building": "university", "int_name": "University Alexandru Ioan Cuza - Building G", "name": "Universitatea Alexandru Ioan Cuza - Corpul G", "source": "www.uaic.ro", "website": "https://www.uaic.ro/", "wikidata": "Q1523902", "wikipedia": "ro:Universitatea \u201eAlexandru Ioan Cuza\u201d din Ia\u0219i"}}, {"type": "Feature", "geometry": {"type": "Point", "coordinates": [27.5707051, 47.1760592]}, "properties": {"amenity": "university", "building": "yes", "name": "Univ Al. I. Cuza - Corp I"}}, {"type": "Feature", "geometry": {"type": "Point", "coordinates": [23.7173387, 46.3107355]}, "properties": {"amenity": "college", "building": "yes", "name": "Colegiul Bethlen Gabor", "name:hu": "Bethlen G\u00e1bor Koll\u00e9gium", "name:ro": "Colegiul Bethlen Gabor", "website": "https://www.bethlengabor.ro"}}, {"type": "Feature", "geometry": {"type": "Point", "coordinates": [26.1523984, 44.4298457]}, "properties": {"amenity": "college", "barrier": "fence", "check_date": "2025-01-29", "is_in:city": "Bucure\u0219ti", "name": "Liceul Teoretic \"Benjamin Franklin\""}}, {"type": "Feature", "geometry": {"type": "Point", "coordinates": [26.3655494, 46.9337651]}, "properties": {"alt_name": "CNCH", "amenity": "college", "designation": "highschool", "name": "Colegiul Na\u021bional \"Calistrat Hoga\u0219\"", "phone": "+40233215853"}}, {"type": "Feature", "geometry": {"type": "Point", "coordinates": [23.578764, 46.7704357]}, "properties": {"addr:city": "Cluj-Napoca", "addr:country": "RO", "amenity": "university", "building": "yes", "check_date": "2026-04-01", "name": "Universitatea de Art\u0103 \u0219i Design", "name:de": "Hochschule f\u00fcr Kunst und Design", "name:en": "Art and Design University", "name:hu": "M\u0171v\u00e9szeti \u00e9s Design Egyetem", "operator": "UAD", "roof:shape": "flat"}}, {"type": "Feature", "geometry": {"type": "Point", "coordinates": [22.9017027, 45.8835939]}, "properties": {"amenity": "college"}}, {"type": "Feature", "geometry": {"type": "Point", "coordinates": [22.8973497, 45.8813894]}, "properties": {"amenity": "college", "name": "Colegiul Na\u021bional Pedagogic Regina Maria"}}, {"type": "Feature", "geometry": {"type": "Point", "coordinates": [28.0515594, 45.4469857]}, "properties": {"amenity": "university", "building": "yes", "name": "Facultatea de \u0218tiin\u021be", "ref": "(corp S)"}}, {"type": "Feature", "geometry": {"type": "Point", "coordinates": [24.5682523, 46.5471689]}, "properties": {"addr:city": "T\u00e2rgu Mure\u0219", "addr:housenumber": "1", "addr:postcode": "540088", "addr:street": "Strada Nicolae Iorga", "amenity": "university", "name": "Universitatea Petru Maior", "website": "http://www.upm.ro/"}}, {"type": "Feature", "geometry": {"type": "Point", "coordinates": [26.0864385, 44.4182395]}, "properties": {"addr:city": "Bucure\u0219ti", "amenity": "university", "education": "university", "heritage": "2", "heritage:operator": "lmi", "name": "Academia Tehnic\u0103 Militar\u0103", "name:de": "Technische Milit\u00e4rakademie", "name:en": "Technical Military Academy", "name:fr": "Acad\u00e9mie technique militaire", "name:ro": "Academia Tehnic\u0103 Militar\u0103", "ref:RO:lmi": "B-II-m-B-18500", "website": "https://www.mta.ro/", "wikidata": "Q636034"}}, {"type": "Feature", "geometry": {"type": "Point", "coordinates": [26.1014695, 44.4247888]}, "properties": {"amenity": "university", "is_in:city": "Bucure\u0219ti", "name": "Facultatea de Teologie Ortodox\u0103 \"Justinian Patriarhul\""}}, {"type": "Feature", "geometry": {"type": "Point", "coordinates": [24.5706315, 46.5475551]}, "properties": {"amenity": "college", "name": "Colegiul Na\u021bional Unirea", "website": "https://www.colegiulunirea.ro/"}}, {"type": "Feature", "geometry": {"type": "Point", "coordinates": [25.9717328, 44.9226535]}, "properties": {"amenity": "college", "building": "college", "name": "\u0218coala Superioar\u0103 de Avia\u021bie Civil\u0103", "old_name": "Academia Rom\u00e2n\u0103 de Avia\u021bie"}}, {"type": "Feature", "geometry": {"type": "Point", "coordinates": [26.1171723, 44.4370117]}, "properties": {"amenity": "university", "name": "Universitatea din Bucure\u0219ti - Facultatea de \u0218tiin\u021be Politice"}}, {"type": "Feature", "geometry": {"type": "Point", "coordinates": [26.1305371, 44.4379057]}, "properties": {"addr:city": "Bucure\u0219ti", "addr:housenumber": "75 - 77", "addr:postcode": "021451", "addr:postcode:source": "Date de la Po\u0219ta Rom\u00e2n\u0103, publicate sub Licen\u021ba pentru Guvernare Deschis\u0103 v1.0 la http://date.gov.ro/organization/posta-romana", "addr:street": "Strada Matei Voievod", "amenity": "university", "check_date": "2024-07-04", "education": "university", "name": "Universitatea Na\u021bional\u0103 de Art\u0103 Teatral\u0103 \u0219i Cinematografic\u0103 \u201cI.L. Caragiale\u201d", "start_date": "1950"}}, {"type": "Feature", "geometry": {"type": "Point", "coordinates": [27.9434304, 45.2525164]}, "properties": {"addr:housenumber": "15", "addr:street": "\u0218oseaua Buz\u0103ului", "amenity": "college", "building": "school", "building:levels": "2", "name": "Colegiul Tehnic Costin D. Neni\u021bescu"}}, {"type": "Feature", "geometry": {"type": "Point", "coordinates": [26.1172682, 44.4508974]}, "properties": {"amenity": "college", "building": "yes", "name": "\u0218coala Sanitar\u0103 Postliceal\u0103 \"Carol Davila"}}, {"type": "Feature", "geometry": {"type": "Point", "coordinates": [22.9010191, 45.887348]}, "properties": {"addr:city": "Deva", "addr:country": "RO", "addr:housenumber": "3", "addr:postcode": "330048", "addr:postcode:source": "Date de la Po\u0219ta Rom\u00e2n\u0103, publicate sub Licen\u021ba pentru Guvernare Deschis\u0103 v1.0 la http://date.gov.ro/organization/posta-romana", "addr:street": "Strada Axente Sever", "amenity": "college", "check_date": "2026-04-24", "name": "Colegiul Na\u021bional Sportiv Cetate"}}, {"type": "Feature", "geometry": {"type": "Point", "coordinates": [22.9009631, 45.8824095]}, "properties": {"amenity": "university", "building": "yes", "education": "university", "name": "Universitatea Ecologic\u0103 Traian", "source": "Bing", "wheelchair": "no"}}, {"type": "Feature", "geometry": {"type": "Point", "coordinates": [25.9667635, 43.8925776]}, "properties": {"amenity": "college", "name": "Colegiul Na\u021bional Ion Maiorescu", "operator:type": "public"}}, {"type": "Feature", "geometry": {"type": "Point", "coordinates": [24.5575798, 46.5367394]}, "properties": {"amenity": "college", "is_in:city": "T\u00e2rgu Mure\u0219", "name": "Liceul Industrial Avram Iancu"}}, {"type": "Feature", "geometry": {"type": "Point", "coordinates": [22.9039424, 45.8713591]}, "properties": {"amenity": "college", "name": "Liceul Teoretic T\u00e9gl\u00e1s G\u00e1bor"}}, {"type": "Feature", "geometry": {"type": "Point", "coordinates": [22.909397, 45.8708924]}, "properties": {"amenity": "college", "name": "Colegiul Tehnic Transilvania"}}, {"type": "Feature", "geometry": {"type": "Point", "coordinates": [22.8977336, 45.8697753]}, "properties": {"amenity": "college", "name": "Grup \u0218colar Industrial Horea"}}, {"type": "Feature", "geometry": {"type": "Point", "coordinates": [22.8998827, 45.8686281]}, "properties": {"addr:housenumber": "24", "amenity": "college", "name": "Grup \u0218colar Grigore Moisil"}}, {"type": "Feature", "geometry": {"type": "Point", "coordinates": [22.9012276, 45.8647639]}, "properties": {"addr:housenumber": "30", "amenity": "college", "name": "Liceul Teoretic Traian"}}, {"type": "Feature", "geometry": {"type": "Point", "coordinates": [22.9003553, 45.8669772]}, "properties": {"addr:housenumber": "28", "amenity": "college", "name": "Colegiul Tehnic Dragomir Hurmuzescu"}}, {"type": "Feature", "geometry": {"type": "Point", "coordinates": [22.9008934, 45.8660219]}, "properties": {"amenity": "college", "name": "Grup \u0218colar Ion Mincu"}}, {"type": "Feature", "geometry": {"type": "Point", "coordinates": [27.9628668, 45.3059681]}, "properties": {"addr:housenumber": "346", "addr:street": "Calea Gala\u021bi", "amenity": "college", "building": "yes", "building:levels": "4", "name": "Grupul \u0219colar industrial \"Constantin Br\u00e2ncoveanu\""}}, {"type": "Feature", "geometry": {"type": "Point", "coordinates": [24.1348152, 45.7781979]}, "properties": {"amenity": "university", "building": "yes", "education": "university", "is_in:city": "Sibiu", "is_in:country": "Romania", "is_in:country_code": "RO", "is_in:county": "Sibiu", "name": "Institutul Militar de \u00cenv\u0103\u021b\u0103m\u00e2nt Superior de Artilerie \u0219i Geodezie \"Ioan Vod\u0103\""}}, {"type": "Feature", "geometry": {"type": "Point", "coordinates": [27.9776436, 45.2818027]}, "properties": {"addr:housenumber": "8", "addr:street": "Strada Carantinei", "amenity": "college", "name": "Grup \u0218colar \"Grigore Moisil\""}}, {"type": "Feature", "geometry": {"type": "Point", "coordinates": [27.9629651, 45.2782733]}, "properties": {"addr:city": "Br\u0103ila", "addr:housenumber": "22", "addr:postcode": "810102", "addr:postcode:source": "Date de la Po\u0219ta Rom\u00e2n\u0103, publicate sub Licen\u021ba pentru Guvernare Deschis\u0103 v1.0 la http://date.gov.ro/organization/posta-romana", "addr:street": "Strada General Eremia Grigorescu", "amenity": "college", "name": "Liceul Tehnologic \"Anghel Saligny\""}}, {"type": "Feature", "geometry": {"type": "Point", "coordinates": [27.955459, 45.2704065]}, "properties": {"amenity": "college", "is_in:city": "Br\u0103ila", "name": "Liceul teoretic Panait Cerna"}}, {"type": "Feature", "geometry": {"type": "Point", "coordinates": [27.9560357, 45.2624984]}, "properties": {"addr:housenumber": "4", "addr:street": "Strada \u00cenv\u0103\u021b\u0103torilor", "amenity": "college", "is_in:city": "Br\u0103ila", "name": "Liceul pedagogic \u201dD.P. Perpessicius\u201d"}}, {"type": "Feature", "geometry": {"type": "Point", "coordinates": [24.145021, 45.7907696]}, "properties": {"addr:city": "Sibiu", "addr:housenumber": "10;8-10", "addr:postcode": "550024", "addr:postcode:source": "Date de la Po\u0219ta Rom\u00e2n\u0103, publicate sub Licen\u021ba pentru Guvernare Deschis\u0103 v1.0 la http://date.gov.ro/organization/posta-romana", "addr:street": "Bulevardul Victoriei", "amenity": "university", "building": "university", "building:levels": "2", "is_in:city": "Sibiu", "is_in:country": "Romania", "is_in:county": "Sibiu", "name": "Universitatea Lucian Blaga din Sibiu - Rectoratul", "name:en": "Lucian Blaga University Rectorate", "roof:levels": "1", "website": "https://www.ulbsibiu.ro/ro/"}}, {"type": "Feature", "geometry": {"type": "Point", "coordinates": [24.1432202, 45.7907792]}, "properties": {"amenity": "university", "building": "yes", "is_in:city": "Sibiu", "is_in:country": "Romania", "is_in:country_code": "RO", "is_in:county": "Sibiu", "name": "Facultatea de \u0218tiin\u021be Agricole, Protec\u021bia Mediului, \u0218tiin\u021be Economice"}}, {"type": "Feature", "geometry": {"type": "Point", "coordinates": [24.1467422, 45.7822754]}, "properties": {"addr:city": "Sibiu", "amenity": "university", "building": "yes", "is_in:city": "Sibiu", "is_in:country": "Romania", "is_in:country_code": "RO", "is_in:county": "Sibiu", "name": "Facultatea de Drept \"Simion B\u0103rnu\u021biu\""}}, {"type": "Feature", "geometry": {"type": "Point", "coordinates": [21.2155967, 45.7828884]}, "properties": {"addr:city": "Timi\u0219oara", "addr:housenumber": "119", "addr:postcode": "300645", "addr:street": "Calea Aradului", "amenity": "university", "contact:facebook": "https://www.facebook.com/USVTimisoara/", "email": "rectorat@usab-tm.ro", "instagram": "instagram.com/usvtimisoara", "internet_access": "yes", "internet_access:fee": "customers", "name": "Universitatea de \u0218tiin\u021bele Vie\u021bii \u201eRegele Mihai I\u201d", "name:en": "University of Life Sciences \"King Mihai I\"", "website": "https://www.usab-tm.ro/", "wikidata": "Q824493", "wikipedia": "ro:Universitatea de \u0218tiin\u021bele Vie\u021bii \u201eRegele Mihai I\u201d din Timi\u0219oara"}}, {"type": "Feature", "geometry": {"type": "Point", "coordinates": [21.2312903, 45.7472256]}, "properties": {"amenity": "university", "name": "Universitatea de Vest din Timi\u0219oara", "name:de": "West-Universit\u00e4t Temeswar", "name:en": "West University of Timi\u0219oara", "name:hu": "Temesv\u00e1ri Nyugati Tudom\u00e1nyegyetem", "name:la": "Universitas Occidentis Timisvariensis", "name:ro": "Universitatea de Vest din Timi\u0219oara", "short_name": "UVT", "website": "https://uvt.ro/", "wheelchair": "yes", "wikidata": "Q837657"}}, {"type": "Feature", "geometry": {"type": "Point", "coordinates": [21.2307741, 45.7458608]}, "properties": {"amenity": "university", "operator": "Universitatea Politehnica Timi\u0219oara"}}, {"type": "Feature", "geometry": {"type": "Point", "coordinates": [28.6510472, 44.182577]}, "properties": {"addr:city": "Constan\u021ba", "addr:housenumber": "104", "addr:postcode": "900663", "addr:postcode:source": "Date de la Po\u0219ta Rom\u00e2n\u0103, publicate sub Licen\u021ba pentru Guvernare Deschis\u0103 v1.0 la http://date.gov.ro/organization/posta-romana", "addr:street": "Strada Mircea cel B\u0103tr\u00e2n", "amenity": "university", "building": "university", "name": "Universitatea Maritim\u0103 Constan\u021ba", "website": "http://www.cmu-edu.eu/"}}, {"type": "Feature", "geometry": {"type": "Point", "coordinates": [28.0529322, 45.4456887]}, "properties": {"amenity": "university", "building": "dormitory", "name": "C\u0103min L.S.G."}}, {"type": "Feature", "geometry": {"type": "Point", "coordinates": [21.2276057, 45.746089]}, "properties": {"amenity": "university", "name": "Universitatea Politehnica Timi\u0219oara", "name:de": "Polytechnische Universit\u00e4t Temeswar", "name:en": "Politehnica University of Timi\u0219oara", "name:fr": "Universit\u00e9 Politehnica Timi\u0219oara", "name:ro": "Universitatea Politehnica Timi\u0219oara", "short_name": "UPT", "website": "http://www.upt.ro/", "wikidata": "Q1475126"}}, {"type": "Feature", "geometry": {"type": "Point", "coordinates": [28.048132, 45.4555304]}, "properties": {"addr:city": "Gala\u021bi", "addr:housenumber": "169", "addr:postcode": "800189", "addr:postcode:source": "Date de la Po\u0219ta Rom\u00e2n\u0103, publicate sub Licen\u021ba pentru Guvernare Deschis\u0103 v1.0 la http://date.gov.ro/organization/posta-romana", "addr:street": "Strada Domneasc\u0103", "amenity": "college", "name": "Grup \u0219colar Elena Doamna"}}, {"type": "Feature", "geometry": {"type": "Point", "coordinates": [28.04515, 45.4577005]}, "properties": {"addr:city": "Gala\u021bi", "addr:housenumber": "27", "addr:postcode": "800146", "addr:postcode:source": "Date de la Po\u0219ta Rom\u00e2n\u0103, publicate sub Licen\u021ba pentru Guvernare Deschis\u0103 v1.0 la http://date.gov.ro/organization/posta-romana", "addr:street": "Strada \u0218tiin\u021bei", "amenity": "college", "name": "Grup \u0219colar Radu Negru"}}, {"type": "Feature", "geometry": {"type": "Point", "coordinates": [24.1394809, 45.7937979]}, "properties": {"amenity": "college", "building": "yes", "is_in:city": "Sibiu", "is_in:country": "Romania", "is_in:country_code": "RO", "is_in:county": "Sibiu", "name": "Liceul Industrial \"MIU\""}}, {"type": "Feature", "geometry": {"type": "Point", "coordinates": [23.5507467, 46.7682907]}, "properties": {"addr:city": "Cluj-Napoca", "addr:country": "RO", "addr:housenumber": "30", "addr:postcode": "400294", "addr:street": "Strada F\u00e2nt\u00e2nele", "amenity": "university", "name": "Institutul de cercet\u0103ri \u00een chimie Raluca Ripan", "name:de": "Raluca-Ripan-Institut f\u00fcr Chemie-Forschung", "name:en": "Raluca Ripan Institute for Research in Chemistry", "name:hu": "Raluca Ripan K\u00e9miai Kutat\u00f3k\u00f6zpont", "operator": "Universitatea Babe\u0219-Bolyai", "source": "Bing", "website": "http://institute.ubbcluj.ro/iccrr/", "wheelchair": "yes"}}, {"type": "Feature", "geometry": {"type": "Point", "coordinates": [21.2157818, 45.7834516]}, "properties": {"addr:city": "Timi\u0219oara", "addr:street": "Calea Aradului", "amenity": "university", "building": "yes", "layer": "1", "wheelchair": "yes"}}, {"type": "Feature", "geometry": {"type": "Point", "coordinates": [21.2163788, 45.7830319]}, "properties": {"addr:city": "Timi\u0219oara", "addr:housenumber": "119", "addr:postcode": "300645", "addr:street": "Calea Aradului", "amenity": "university", "building": "yes", "internet_access": "yes", "internet_access:fee": "no", "name": "Universitatea de \u0218tiin\u021bele Vie\u021bii \u201cRegele Mihai I\u201d din Timi\u0219oara", "operator": "Universitatea de \u0218tiin\u021bele Vie\u021bii \u201cRegele Mihai I\u201d din Timi\u0219oara", "operator:type": "university", "website": "https://www.usab-tm.ro/ro", "wheelchair": "yes"}}, {"type": "Feature", "geometry": {"type": "Point", "coordinates": [24.1480776, 45.7870908]}, "properties": {"addr:city": "Sibiu", "addr:housenumber": "57", "addr:street": "Strada \u0218coala de \u00cenot", "amenity": "university", "building": "yes", "is_in:city": "Sibiu", "is_in:country": "Romania", "is_in:country_code": "RO", "is_in:county": "Sibiu", "name": "Universitatea \"Alma Mater\" Sibiu"}}, {"type": "Feature", "geometry": {"type": "Point", "coordinates": [27.6033077, 47.1602531]}, "properties": {"amenity": "university", "building": "yes", "education": "university", "name": "Universitatea Mihail Kog\u0103lniceanu"}}, {"type": "Feature", "geometry": {"type": "Point", "coordinates": [23.5795494, 46.7645172]}, "properties": {"ENCLOSED_AREA": "0.000842 sq km", "PERIMETER": "131.98 m", "addr:city": "Cluj-Napoca", "addr:country": "RO", "addr:housenumber": "5-7", "addr:postcode": "400006", "addr:street": "Strada Clinicilor", "amenity": "university", "building": "yes", "name": "UBB Facultatea de Geografie", "name:de": "BBU Geographie", "name:en": "BBU Geography", "name:hu": "BBTE F\u00f6ldrajz Kar", "operator": "Universitatea Babe\u0219-Bolyai", "website": "https://geografie.ubbcluj.ro/", "wheelchair": "no"}}, {"type": "Feature", "geometry": {"type": "Point", "coordinates": [28.0666573, 45.4355697]}, "properties": {"addr:housenumber": "57", "addr:street": "Strada Portului", "amenity": "college", "name": "Grupul \u0218colar Industrial de Marin\u0103"}}, {"type": "Feature", "geometry": {"type": "Point", "coordinates": [23.5801204, 46.7654239]}, "properties": {"ENCLOSED_AREA": "0.000587 sq km", "PERIMETER": "112.16 m", "addr:city": "Cluj-Napoca", "addr:housenumber": "32", "addr:postcode": "400006", "addr:street": "Strada Clinicilor", "amenity": "university", "building": "yes", "name": "UMF Stomatologie", "name:de": "UMF Zahnmedizin", "name:en": "UMF Dentistry", "name:hu": "UMF Fogorvostudom\u00e1nyi Kar", "operator": "Universitatea de Medicin\u0103 \u0219i Farmacie Iuliu Ha\u021bieganu", "wheelchair": "no"}}, {"type": "Feature", "geometry": {"type": "Point", "coordinates": [23.5804039, 46.7644369]}, "properties": {"addr:city": "Cluj-Napoca", "addr:country": "RO", "amenity": "university", "building": "yes", "name": "Laboratoarele de Biochimie-Biofizic\u0103-Biologie Molecular\u0103", "wheelchair": "no"}}, {"type": "Feature", "geometry": {"type": "Point", "coordinates": [23.5897742, 46.7665693]}, "properties": {"addr:city": "Cluj-Napoca", "addr:country": "RO", "addr:housenumber": "11", "addr:postcode": "400089", "addr:postcode:source": "Date de la Po\u0219ta Rom\u00e2n\u0103, publicate sub Licen\u021ba pentru Guvernare Deschis\u0103 v1.0 la http://date.gov.ro/organization/posta-romana", "addr:street": "Strada Avram Iancu", "amenity": "university", "building": "yes", "name": "UBB Facultatea de Drept", "name:de": "BBU Rechtswissenschaft", "name:en": "BBU Law", "name:hu": "BBTE Jogtudom\u00e1nyi Kar", "wheelchair": "no"}}, {"type": "Feature", "geometry": {"type": "Point", "coordinates": [22.3504627, 46.6668313]}, "properties": {"amenity": "college", "building": "yes", "leisure": "sports_centre", "name": "Sala de sport", "sport": "soccer"}}, {"type": "Feature", "geometry": {"type": "Point", "coordinates": [22.3505112, 46.6673581]}, "properties": {"amenity": "college", "building": "yes"}}, {"type": "Feature", "geometry": {"type": "Point", "coordinates": [22.3505569, 46.6674901]}, "properties": {"amenity": "college", "building": "yes", "education": "college", "name": "Colegiul Na\u021bional Samuil Vulcan"}}, {"type": "Feature", "geometry": {"type": "Point", "coordinates": [22.3478105, 46.6655351]}, "properties": {"amenity": "college", "building": "yes", "name": "Colegiul Tehnic Ioan Ciorda\u0219 Beiu\u0219"}}, {"type": "Feature", "geometry": {"type": "Point", "coordinates": [28.015185, 45.416369]}, "properties": {"addr:city": "Gala\u021bi", "addr:housenumber": "31", "addr:postcode": "800642", "addr:postcode:source": "Date de la Po\u0219ta Rom\u00e2n\u0103, publicate sub Licen\u021ba pentru Guvernare Deschis\u0103 v1.0 la http://date.gov.ro/organization/posta-romana", "addr:street": "Strada Strungarilor", "amenity": "college", "name": "Colegiul Economic \u201eVirgil Madgearu\""}}, {"type": "Feature", "geometry": {"type": "Point", "coordinates": [21.2388925, 45.7469538]}, "properties": {"addr:city": "Timi\u0219oara", "addr:housenumber": "4", "addr:street": "Bulevardul Vasile P\u00e2rvan", "amenity": "university", "building": "yes", "education": "university", "name": "Facultatea de Drept", "website": "https://drept.uvt.ro/", "wikidata": "Q18540072", "wikipedia": "ro:Facultatea de Drept a Universita\u021bii de Vest din Timi\u0219oara"}}, {"type": "Feature", "geometry": {"type": "Point", "coordinates": [28.0301973, 45.4342898]}, "properties": {"addr:city": "Gala\u021bi", "addr:housenumber": "25", "addr:postcode": "800371", "addr:postcode:source": "Date de la Po\u0219ta Rom\u00e2n\u0103, publicate sub Licen\u021ba pentru Guvernare Deschis\u0103 v1.0 la http://date.gov.ro/organization/posta-romana", "addr:street": "Strada Constructorilor", "amenity": "college", "name": "Grup \u0218colar Industrial \"Sf\u00e2nta Maria\""}}, {"type": "Feature", "geometry": {"type": "Point", "coordinates": [21.244892, 45.754111]}, "properties": {"addr:city": "Timi\u0219oara", "addr:housenumber": "16", "addr:street": "Strada Johann Heinrich Pestalozzi", "alt_name": "CBG", "amenity": "university", "building": "university", "education": "university", "name": "Facultatea de Chimie-Biologie-Geografie"}}, {"type": "Feature", "geometry": {"type": "Point", "coordinates": [21.2449322, 45.7538703]}, "properties": {"addr:housenumber": "16", "addr:street": "Strada Johann Heinrich Pestalozzi", "alt_name": "FEAA", "amenity": "university", "building": "university", "education": "university", "name": "Facultatea de Economie \u0219i de Administrarea a Afacerilor"}}, {"type": "Feature", "geometry": {"type": "Point", "coordinates": [21.2287312, 45.7489298]}, "properties": {"addr:city": "Timi\u0219oara", "addr:housenumber": "1a", "addr:street": "Strada George Enescu", "alt_name": "Corp H", "amenity": "university", "building": "yes", "check_date": "2025-09-26", "name": "Facultatea de Hidrotehnic\u0103", "operator": "Universitatea Politehnica Timi\u0219oara", "operator:type": "public"}}, {"type": "Feature", "geometry": {"type": "Point", "coordinates": [28.0418104, 45.452105]}, "properties": {"addr:city": "Gala\u021bi", "addr:housenumber": "203", "addr:postcode": "800186", "addr:postcode:source": "Date de la Po\u0219ta Rom\u00e2n\u0103, publicate sub Licen\u021ba pentru Guvernare Deschis\u0103 v1.0 la http://date.gov.ro/organization/posta-romana", "addr:street": "Strada Traian", "amenity": "college", "name": "Colegiul Tehnic Traian"}}, {"type": "Feature", "geometry": {"type": "Point", "coordinates": [24.5543796, 46.552171]}, "properties": {"addr:city": "T\u00e2rgu Mure\u0219", "addr:housenumber": "108", "addr:street": "Strada C\u0103l\u0103ra\u0219ilor", "amenity": "college", "name": "Colegiul Agricol Traian S\u0103vulescu"}}, {"type": "Feature", "geometry": {"type": "Point", "coordinates": [24.5608802, 46.5510015]}, "properties": {"addr:city": "T\u00e2rgu Mure\u0219", "addr:housenumber": "9A", "addr:street": "Strada Pavel Chinezu", "amenity": "college", "name": "Liceul cu Program Sportiv Sz\u00e1sz Adalbert"}}, {"type": "Feature", "geometry": {"type": "Point", "coordinates": [26.8231535, 45.1510991]}, "properties": {"addr:city": "Buz\u0103u", "addr:housenumber": "15", "addr:street": "Strada George Emil Palade", "amenity": "college", "internet_access": "yes", "internet_access:fee": "no", "name": "Colegiul Economic Buz\u0103u", "website": "https://colegiuleconomic.rdsbz.ro"}}, {"type": "Feature", "geometry": {"type": "Point", "coordinates": [24.6290497, 45.9750121]}, "properties": {"addr:housenumber": "2", "addr:street": "Strada \u0218colii", "amenity": "college", "building": "college", "name": "Colegiul Tehnic \u201eAugust Treboniu Laurian\u201d", "source": "Bing"}}, {"type": "Feature", "geometry": {"type": "Point", "coordinates": [26.0696179, 44.4396627]}, "properties": {"addr:city": "Bucure\u0219ti", "addr:housenumber": "140", "addr:postcode": "060057", "addr:street": "Strada Constantin Noica", "amenity": "university", "name": "Universitatea Na\u021bional\u0103 de Educa\u021bie Fizic\u0103 \u0219i Sport", "short_name": "UNEFS", "source:addr:housenumber": "survey", "source:addr:street": "survey", "start_date": "1922", "website": "https://unefsb.ro/", "wikidata": "Q2822447", "wikipedia": "ro:Universitatea Na\u021bional\u0103 de Educa\u021bie Fizic\u0103 \u0219i Sport"}}, {"type": "Feature", "geometry": {"type": "Point", "coordinates": [26.4428732, 45.0030179]}, "properties": {"amenity": "college", "building": "yes", "name": "Grupul \u0219colar Tase Dumitrescu"}}, {"type": "Feature", "geometry": {"type": "Point", "coordinates": [26.3587963, 45.3211469]}, "properties": {"amenity": "college", "building": "yes", "name": "Liceul Teoretic \u201eRadu Vl\u0103descu\u201d"}}, {"type": "Feature", "geometry": {"type": "Point", "coordinates": [26.0647437, 44.4396023]}, "properties": {"addr:city": "Bucure\u0219ti", "addr:housenumber": "3", "addr:postcode": "060101", "addr:street": "Intrarea Portocalelor", "amenity": "university", "building": "yes", "building:levels": "3", "name": "Facultatea de Biologie", "operator": "Universitatea din Bucure\u0219ti", "operator:type": "public", "source:addr:housenumber": "survey", "source:addr:street": "survey", "website": "https://bio.unibuc.ro/"}}, {"type": "Feature", "geometry": {"type": "Point", "coordinates": [28.6162747, 44.1794869]}, "properties": {"addr:city": "Constan\u021ba", "addr:housenumber": "90A", "addr:postcode": "900234", "addr:postcode:source": "Date de la Po\u0219ta Rom\u00e2n\u0103, publicate sub Licen\u021ba pentru Guvernare Deschis\u0103 v1.0 la http://date.gov.ro/organization/posta-romana", "addr:street": "Strada Dezrobirii", "amenity": "university", "building": "yes", "name": "Universitatea Cre\u0219tin\u0103 \u201eDimitrie Cantemir\u201d", "website": "http://constanta.ucdc.ro"}}, {"type": "Feature", "geometry": {"type": "Point", "coordinates": [28.634921, 44.1836332]}, "properties": {"addr:city": "Constan\u021ba", "addr:housenumber": "13", "addr:postcode": "900196", "addr:street": "Bulevardul Alexandru L\u0103pu\u0219neanu", "amenity": "university", "email": "contact@andreisaguna.ro", "name": "Universitatea Andrei \u0218aguna", "name:ja": "\u30a2\u30f3\u30c9\u30ec\u30a4\u30fb\u30b5\u30b0\u30ca\u5927\u5b66", "old_name:1989": "Centrul Teritorial de Calcul Electronic (CTCE Constan\u021ba)", "old_name:2000": "Totaldata", "phone": "+40 241 662 520", "website": "https://andreisaguna.ro/"}}, {"type": "Feature", "geometry": {"type": "Point", "coordinates": [26.4418255, 45.0005944]}, "properties": {"addr:city": "Mizil", "addr:housenumber": "131", "addr:postcode": "105800", "addr:postcode:source": "Date de la Po\u0219ta Rom\u00e2n\u0103, publicate sub Licen\u021ba pentru Guvernare Deschis\u0103 v1.0 la http://date.gov.ro/organization/posta-romana", "addr:street": "Strada Nicolae B\u0103lcescu", "amenity": "college", "name": "Liceul Teoretic \"Grigore Tocilescu\""}}, {"type": "Feature", "geometry": {"type": "Point", "coordinates": [28.6162611, 44.1829819]}, "properties": {"addr:city": "Constan\u021ba", "addr:housenumber": "1", "addr:street": "Strada Fulgerului", "amenity": "university", "building": "yes", "name": "Academia Naval\u0103 \u201eMircea cel B\u0103tr\u00e2n\u201d"}}, {"type": "Feature", "geometry": {"type": "Point", "coordinates": [24.8626428, 44.8544776]}, "properties": {"addr:city": "Pite\u0219ti", "addr:postcode": "110040", "amenity": "university", "building": "yes", "building:levels": "5", "name": "Universitatea din Pite\u0219ti - Corp D"}}, {"type": "Feature", "geometry": {"type": "Point", "coordinates": [23.8356428, 44.3088308]}, "properties": {"addr:city": "Craiova", "addr:housenumber": "97", "addr:postcode": "200588", "addr:postcode:source": "Date de la Po\u0219ta Rom\u00e2n\u0103, publicate sub Licen\u021ba pentru Guvernare Deschis\u0103 v1.0 la http://date.gov.ro/organization/posta-romana", "addr:street": "Bulevardul Decebal", "amenity": "college", "name": "Facultatea de Automatic\u0103, Calculatoare \u0219i Electronic\u0103"}}, {"type": "Feature", "geometry": {"type": "Point", "coordinates": [26.1786747, 44.440351]}, "properties": {"addr:city": "Bucure\u0219ti", "addr:housenumber": "1", "addr:street": "Strada Logof\u0103tul Dan", "amenity": "college", "building": "yes", "education": "college", "email": "scoala_66@yahoo.com", "phone": "021-255.45.80", "website": "https://scoala66.ro/"}}, {"type": "Feature", "geometry": {"type": "Point", "coordinates": [26.0439911, 45.1917872]}, "properties": {"amenity": "college", "building": "yes", "name": "Grupul \u0218colar Agromontan \u201eRomeo Constantinescu\u201d"}}, {"type": "Feature", "geometry": {"type": "Point", "coordinates": [26.0373784, 45.1774355]}, "properties": {"amenity": "college", "building": "yes"}}, {"type": "Feature", "geometry": {"type": "Point", "coordinates": [21.2522501, 45.7446665]}, "properties": {"addr:city": "Timi\u0219oara", "addr:housenumber": "144", "addr:street": "Strada Profesor Doctor Aurel P\u0103unescu Podeanu", "amenity": "university", "building": "university", "building:levels": "3", "name": "Universitatea Ioan Slavici", "website": "https://islavici.ro/"}}, {"type": "Feature", "geometry": {"type": "Point", "coordinates": [26.2797595, 44.4226924]}, "properties": {"amenity": "college", "building": "school", "name": "Universitatea Adventus", "operator": "Biserica Adventist\u0103 de Ziua a \u0218aptea", "operator:type": "private", "website": "https://uadventus.ro/"}}, {"type": "Feature", "geometry": {"type": "Point", "coordinates": [26.125447, 44.4327392]}, "properties": {"addr:city": "Bucure\u0219ti", "addr:country": "RO", "addr:housenumber": "169", "addr:postcode": "030615", "addr:street": "Calea C\u0103l\u0103ra\u0219ilor", "amenity": "university", "building": "university", "building:levels": "11", "name": "Universitatea Hyperion", "name:en": "Hyperion University", "name:ro": "Universitatea Hyperion", "roof:levels": "0", "roof:shape": "flat", "website": "https://www.hyperion.ro/", "wikidata": "Q3551414", "wikipedia": "ro:Universitatea Hyperion din Bucure\u0219ti"}}, {"type": "Feature", "geometry": {"type": "Point", "coordinates": [26.0914457, 44.4428305]}, "properties": {"amenity": "university", "building": "yes", "name": "Universitatea Na\u021bional\u0103 de Arte", "wikidata": "Q1474930", "wikipedia": "en:Bucharest National University of Arts"}}, {"type": "Feature", "geometry": {"type": "Point", "coordinates": [26.1005046, 44.441796]}, "properties": {"amenity": "university", "building": "apartments", "building:levels": "3", "name": "Centrul de Limbi Str\u0103ine Ariel", "roof:levels": "0", "website": "centrul-ariel.ro"}}, {"type": "Feature", "geometry": {"type": "Point", "coordinates": [24.6764341, 45.1339339]}, "properties": {"amenity": "college", "building": "yes", "name": "Colegiul Na\u021bional Vlaicu-Vod\u0103"}}, {"type": "Feature", "geometry": {"type": "Point", "coordinates": [24.6764189, 45.1555767]}, "properties": {"addr:city": "Curtea de Arge\u0219", "addr:housenumber": "15", "addr:postcode": "115300", "addr:street": "Bulevardul Basarabilor", "amenity": "college", "building": "yes", "denomination": "romanian_orthodox", "name": "Seminarul Teologic Ortodox Neagoe Vod\u0103 Basarab", "religion": "christian"}}, {"type": "Feature", "geometry": {"type": "Point", "coordinates": [24.6765783, 45.1334514]}, "properties": {"addr:city": "Curtea de Arge\u0219", "amenity": "college", "building": "yes", "name": "Colegiul Na\u021bional Vlaicu-Vod\u0103"}}, {"type": "Feature", "geometry": {"type": "Point", "coordinates": [25.5957019, 45.6426208]}, "properties": {"addr:city": "Bra\u0219ov", "addr:housenumber": "56", "addr:postcode": "500019", "addr:postcode:source": "Date de la Po\u0219ta Rom\u00e2n\u0103, publicate sub Licen\u021ba pentru Guvernare Deschis\u0103 v1.0 la http://date.gov.ro/organization/posta-romana", "addr:street": "Strada Nicolae B\u0103lcescu", "amenity": "university", "building": "yes", "check_date": "2025-05-07", "name": "Facultatea de Psihologie \u0219i \u0218tiin\u021bele Educa\u021biei", "operator": "Universitatea Transilvania din Brasov", "phone": "+40 268 416 184", "source": "Bing sat", "website": "https://www.unitbv.ro/pse/"}}, {"type": "Feature", "geometry": {"type": "Point", "coordinates": [24.5986551, 46.5227875]}, "properties": {"amenity": "university", "building": "yes", "name": "Universitatea Sapientia", "website": "https://ms.sapientia.ro/"}}, {"type": "Feature", "geometry": {"type": "Point", "coordinates": [24.5616044, 46.5429967]}, "properties": {"addr:city": "T\u00e2rgu Mure\u0219", "addr:housenumber": "6", "addr:postcode": "540057", "addr:street": "Strada K\u00f6teles S\u00e1muel", "amenity": "university", "email": "uat@uat.ro", "fax": "+40-265-266281", "name": "Universitatea de Arte", "name:hu": "M\u0171v\u00e9szeti egyetem", "name:ro": "Universitatea de Arte", "phone": "+40-265-266281", "website": "https://www.uat.ro/"}}, {"type": "Feature", "geometry": {"type": "Point", "coordinates": [25.7753933, 45.860809]}, "properties": {"amenity": "university", "building": "yes", "name": "Universitatea \"Babe\u0219-Bolyai\"", "name:hu": "Babe\u0219-Bolyai Tudom\u00e1nyegyetem"}}, {"type": "Feature", "geometry": {"type": "Point", "coordinates": [23.6071061, 46.7718541]}, "properties": {"addr:city": "Cluj-Napoca", "addr:country": "RO", "addr:housenumber": "71", "addr:postcode": "400132", "addr:postcode:source": "Date de la Po\u0219ta Rom\u00e2n\u0103, publicate sub Licen\u021ba pentru Guvernare Deschis\u0103 v1.0 la http://date.gov.ro/organization/posta-romana", "addr:street": "Strada General Traian Mo\u0219oiu", "amenity": "university", "building": "yes", "check_date": "2025-12-23", "name": "UBB Facultatea de \u0218tiin\u021be Politice"}}, {"type": "Feature", "geometry": {"type": "Point", "coordinates": [22.4608164, 47.6845384]}, "properties": {"addr:housenumber": "12", "addr:street": "Strada Rakoczy Ferencz", "amenity": "college", "building": "college", "name": "Grupul \u0218colar Simion B\u0103rnu\u021biu"}}, {"type": "Feature", "geometry": {"type": "Point", "coordinates": [24.8688725, 44.850205]}, "properties": {"addr:city": "Pite\u0219ti", "addr:housenumber": "6", "addr:street": "Strada Transilvania", "amenity": "college", "building": "school", "name": "Liceul Teoretic Ion Barbu", "phone": "+ 04 0248 217 730", "website": "https://sites.google.com/ltibp.ro/licionbarbu/acasa/"}}, {"type": "Feature", "geometry": {"type": "Point", "coordinates": [24.8769257, 44.8469257]}, "properties": {"addr:city": "Pite\u0219ti", "addr:housenumber": "2", "addr:street": "Strada P\u0103tra\u0219cu Vod\u0103", "amenity": "college", "name": "Liceul de Art\u0103 Dinu Lipatti", "website": "https://www.lipattipitesti.ro/"}}, {"type": "Feature", "geometry": {"type": "Point", "coordinates": [24.8776823, 44.8477915]}, "properties": {"addr:city": "Pite\u0219ti", "addr:housenumber": "2", "addr:postcode": "110223", "addr:street": "Strada P\u0103tra\u0219cu Vod\u0103", "amenity": "college", "building": "school", "email": "licteh_c.brancusi_pitesti@yahoo.com", "name": "Liceul Tehnologic Constantin Brancusi"}}, {"type": "Feature", "geometry": {"type": "Point", "coordinates": [24.8772729, 44.84762]}, "properties": {"amenity": "college"}}, {"type": "Feature", "geometry": {"type": "Point", "coordinates": [26.0869688, 44.44554]}, "properties": {"addr:city": "Bucure\u0219ti", "amenity": "university", "building": "university", "building:levels": "1", "name": "FADD Facultatea de Arte Decorative si Design", "roof:levels": "2"}}, {"type": "Feature", "geometry": {"type": "Point", "coordinates": [26.1126859, 44.4497573]}, "properties": {"amenity": "college", "building": "yes", "name": "Liceul Tehnologic Special nr. 3", "phone": "+4021 321 3820", "source": "survey"}}, {"type": "Feature", "geometry": {"type": "Point", "coordinates": [23.5863992, 46.7783749]}, "properties": {"addr:city": "Cluj-Napoca", "addr:country": "RO", "addr:housenumber": "31", "addr:postcode": "400202", "addr:postcode:source": "Date de la Po\u0219ta Rom\u00e2n\u0103, publicate sub Licen\u021ba pentru Guvernare Deschis\u0103 v1.0 la http://date.gov.ro/organization/posta-romana", "addr:street": "Strada Horea", "amenity": "university", "building": "yes", "name": "UBB Facultatea de Litere", "name:de": "BBU Sprachwissenschaften", "name:en": "BBU Linguistics", "name:hu": "BBTE B\u00f6lcs\u00e9szkar (Mari\u00e1num)", "operator": "Universitatea Babe\u0219-Bolyai", "phone": "+40-264-532238", "website": "https://lett.ubbcluj.ro/", "wheelchair": "no"}}, {"type": "Feature", "geometry": {"type": "Point", "coordinates": [22.3549613, 46.6662728]}, "properties": {"amenity": "university", "building": "yes", "name": "Universitatea Oradea Filiala Beiu\u0219"}}, {"type": "Feature", "geometry": {"type": "Point", "coordinates": [24.5818734, 46.5549513]}, "properties": {"addr:city": "T\u00e2rgu Mure\u0219", "addr:housenumber": "38", "addr:postcode": "540000", "addr:street": "Strada Gheorghe Marinescu", "amenity": "university", "barrier": "fence", "fax": "+40-265-210407", "fence_type": "metal", "height": "2", "material": "metal", "name": "Universitatea de Medicin\u0103, Farmacie, \u0218tiin\u021be \u0219i Tehnologie \"George Emil Palade\" din T\u00e2rgu Mure\u0219", "name:hu": "Marosv\u00e1s\u00e1rhelyi \u201eGeorge Emil Palade\u201d Orvosi, Gy\u00f3gyszer\u00e9szeti, Tudom\u00e1ny \u00e9s Technol\u00f3giai Egyetem", "name:ro": "Universitatea de Medicin\u0103, Farmacie, \u0218tiin\u021be \u0219i Tehnologie \"George Emil Palade\" din T\u00e2rgu Mure\u0219", "phone": "+40-265-215551", "website": "https://www.umfst.ro/"}}, {"type": "Feature", "geometry": {"type": "Point", "coordinates": [26.0651417, 44.4400066]}, "properties": {"addr:city": "Bucure\u0219ti", "addr:housenumber": "1B", "addr:postcode": "060101", "addr:street": "Intrarea Portocalelor", "amenity": "university", "building": "yes", "building:levels": "3", "name": "Institutul de Biodinamica", "source:addr:housenumber": "survey", "source:addr:street": "survey"}}, {"type": "Feature", "geometry": {"type": "Point", "coordinates": [23.5853515, 46.76365]}, "properties": {"addr:street": "Strada Ion Creang\u0103", "amenity": "university", "name": "Facultatea de Farmacie"}}, {"type": "Feature", "geometry": {"type": "Point", "coordinates": [24.5724771, 46.541072]}, "properties": {"addr:city": "T\u00e2rgu Mure\u0219", "addr:housenumber": "5", "addr:postcode": "540074", "addr:street": "Strada C\u0103limanului", "amenity": "college", "barrier": "fence", "name": "Colegiul Economic Transilvania"}}, {"type": "Feature", "geometry": {"type": "Point", "coordinates": [25.9390165, 45.2337175]}, "properties": {"addr:city": "Sl\u0103nic", "amenity": "college", "building": "yes", "name": "Liceul teoretic \u0218erban Vod\u0103, Sl\u0103nic"}}, {"type": "Feature", "geometry": {"type": "Point", "coordinates": [24.5634401, 46.5438661]}, "properties": {"addr:city": "T\u00e2rgu Mure\u0219", "amenity": "college", "internet_access": "yes", "name": "Liceul Teoretic B\u00f3lyai Farkas", "name:en": "B\u00f3lyai Farkas HighSchool", "name:hu": "B\u00f3lyai Farkas K\u00f6z\u00e9piskola", "name:ro": "Liceul Teoretic B\u00f3lyai Farkas"}}, {"type": "Feature", "geometry": {"type": "Point", "coordinates": [24.5231871, 46.5184595]}, "properties": {"amenity": "college", "name": "Grupul \u0219colar de Chimie Industrial\u0103 Emil A. Dandea"}}, {"type": "Feature", "geometry": {"type": "Point", "coordinates": [23.5612514, 45.9593794]}, "properties": {"addr:city": "Sebe\u0219", "addr:housenumber": "1", "amenity": "college", "building": "school", "email": "lg.sebes@isjalba.ro", "email_1": "scoalagermana.sebes@gmail.com", "name": "Liceul German Sebe\u0219", "phone": "0371348884", "website": "http://www.liceulgermansebes.ro/index.html"}}, {"type": "Feature", "geometry": {"type": "Point", "coordinates": [21.2367178, 45.7573062]}, "properties": {"amenity": "university", "name": "Universitatea de Medicin\u0103 \u0219i Farmacie Victor Babe\u0219", "wikidata": "Q851648"}}, {"type": "Feature", "geometry": {"type": "Point", "coordinates": [25.0499441, 45.2800908]}, "properties": {"amenity": "college", "name": "Liceul Na\u021bional cu Program de Atletism"}}, {"type": "Feature", "geometry": {"type": "Point", "coordinates": [27.5710067, 47.1817781]}, "properties": {"amenity": "university", "check_date": "2025-11-13", "name": "Facultatea de Arte Vizuale si Design"}}, {"type": "Feature", "geometry": {"type": "Point", "coordinates": [26.0296993, 45.6741032]}, "properties": {"amenity": "college", "building": "yes", "education": "college"}}, {"type": "Feature", "geometry": {"type": "Point", "coordinates": [23.9235705, 46.1739635]}, "properties": {"addr:city": "Blaj", "addr:housenumber": "1", "addr:street": "Pia\u021ba 1848", "amenity": "college", "building": "yes", "contact:facebook": "https://www.facebook.com/InstitutulTeologicBlaj/", "denomination": "greek_catholic", "name": "Institutul Teologic Greco-Catolic \"Bunavestire\"", "religion": "christian", "website": "https://gct.ubbcluj.ro/"}}, {"type": "Feature", "geometry": {"type": "Point", "coordinates": [23.5880006, 46.770905]}, "properties": {"alt_name": "Casa Bocskai-Heltai", "amenity": "university", "building": "yes", "name": "Universitatea Sapientia", "name:de": "Sapientia-Universit\u00e4t", "name:en": "Sapientia University", "name:hu": "Sapientia Tudom\u00e1nyegyetem", "name:ro": "Universitatea Sapientia", "operator": "Universitatea Sapientia"}}, {"type": "Feature", "geometry": {"type": "Point", "coordinates": [23.5886843, 46.7677721]}, "properties": {"addr:city": "Cluj-Napoca", "addr:country": "RO", "addr:street": "Strada Napoca", "amenity": "university", "building": "yes", "name": "Universitatea Babe\u0219-Bolyai", "operator": "Universitatea Babe\u0219-Bolyai", "wheelchair": "no"}}, {"type": "Feature", "geometry": {"type": "Point", "coordinates": [27.5763624, 47.176728]}, "properties": {"addr:city": "Ia\u0219i", "addr:country": "RO", "addr:housenumber": "54", "addr:postcode": "700107", "addr:postcode:source": "Date de la Po\u0219ta Rom\u00e2n\u0103, publicate sub Licen\u021ba pentru Guvernare Deschis\u0103 v1.0 la http://date.gov.ro/organization/posta-romana", "addr:street": "Strada Lasc\u0103r Catargi", "amenity": "university", "name": "UAIC Departamentul de cercetari interdisciplinare"}}, {"type": "Feature", "geometry": {"type": "Point", "coordinates": [26.8259058, 45.1479047]}, "properties": {"amenity": "college", "name": "Colegiul Na\u021bional \"B. P. Hasdeu\""}}, {"type": "Feature", "geometry": {"type": "Point", "coordinates": [26.135365, 44.4199365]}, "properties": {"amenity": "college", "building": "yes", "description": "Colegiul Tehnic \"Timpuri Noi\""}}, {"type": "Feature", "geometry": {"type": "Point", "coordinates": [27.537804, 47.2012964]}, "properties": {"amenity": "college", "education": "college"}}, {"type": "Feature", "geometry": {"type": "Point", "coordinates": [27.5798819, 47.1734541]}, "properties": {"addr:housename": "Facultatea de Bioinginerie Medical\u0103", "addr:housenumber": "9-13", "addr:postcode": "700454", "addr:street": "Strada Mihail Kog\u0103lniceanu", "amenity": "university", "building": "yes", "name": "Universitatea de Medicin\u0103 \u0219i Farmacie \u201eGr. T. Popa\u201d Facultatea de Bioinginerie Medical\u0103", "name:en": "Faculty of Medical Bioengineering"}}, {"type": "Feature", "geometry": {"type": "Point", "coordinates": [26.4530659, 46.4236617]}, "properties": {"amenity": "college", "building": "school", "designation": "Liceu", "name": "Colegiul Tehnic Dimitrie Ghika"}}, {"type": "Feature", "geometry": {"type": "Point", "coordinates": [27.9546909, 45.2504294]}, "properties": {"addr:housenumber": "307A", "addr:street": "Calea C\u0103l\u0103ra\u0219ilor", "amenity": "college", "building": "school", "building:levels": "2", "check_date:opening_hours": "2021-05-28", "name": "Colegiul Na\u021bional \"Ana Aslan\"", "opening_hours": "Mo-Fr 07:00-20:00", "roof:shape": "flat"}}, {"type": "Feature", "geometry": {"type": "Point", "coordinates": [27.9731443, 45.2692574]}, "properties": {"addr:city": "Br\u0103ila", "addr:housenumber": "4-6", "addr:postcode": "810003", "addr:street": "Strada Radu S. Campiniu", "amenity": "college", "education": "college", "name": "Colegiul Na\u021bional \"Nicolae Iorga\"", "website": "ltnibr.ro"}}, {"type": "Feature", "geometry": {"type": "Point", "coordinates": [27.9791668, 45.2782967]}, "properties": {"addr:housenumber": "2", "addr:street": "Strada Vadul Sergent T\u0103taru", "amenity": "college", "name": "Liceul Teoretic \"Mihail Sebastian\""}}, {"type": "Feature", "geometry": {"type": "Point", "coordinates": [27.9274957, 45.2697391]}, "properties": {"addr:housenumber": "127", "addr:street": "Strada R\u00e2mnicu S\u0103rat", "amenity": "college", "name": "Liceul Agricol GH. K. Constantinescu"}}, {"type": "Feature", "geometry": {"type": "Point", "coordinates": [27.5784066, 47.1649371]}, "properties": {"addr:city": "Ia\u0219i", "addr:housenumber": "4", "addr:street": "Strada S\u0103ulescu", "alt_name": "Casa Milescu", "amenity": "university", "building:levels": "2", "education": "university", "name": "Centrul de Limbi Moderne si Integrare Culturala Grigore T. Popa", "operator": "UMF Iasi", "operator:type": "university", "website": "https://www.umfiasi.ro/ro/academic/Pagini/Centru-de-limbi-moderne.aspx"}}, {"type": "Feature", "geometry": {"type": "Point", "coordinates": [27.577658, 47.16459]}, "properties": {"amenity": "university", "name": "Universitatea Na\u021bional\u0103 de Arte \u201eGeorge Enescu\"", "website": "https://www.arteiasi.ro/"}}, {"type": "Feature", "geometry": {"type": "Point", "coordinates": [27.5717343, 47.1741616]}, "properties": {"addr:city": "Ia\u0219i", "addr:country": "RO", "addr:housenumber": "11", "addr:postcode": "700506", "addr:street": "Bulevardul Carol I", "alt_name": "University Al. I. Cuza", "amenity": "university", "internet_access": "yes", "name": "Universitatea Alexandru Ioan Cuza din Ia\u0219i", "name:ro": "Universitatea Alexandru Ioan Cuza din Ia\u0219i", "website": "https://www.uaic.ro/", "wikidata": "Q1523902", "wikipedia": "en:Alexandru Ioan Cuza University"}}, {"type": "Feature", "geometry": {"type": "Point", "coordinates": [23.3759368, 45.4203642]}, "properties": {"addr:city": "Petro\u0219ani", "addr:housenumber": "1", "addr:postcode": "907111", "addr:postcode:source": "Date de la Po\u0219ta Rom\u00e2n\u0103, publicate sub Licen\u021ba pentru Guvernare Deschis\u0103 v1.0 la http://date.gov.ro/organization/posta-romana", "addr:street": "Strada Universit\u0103\u021bii", "amenity": "university", "building": "yes", "education": "university", "name": "Corpul D"}}, {"type": "Feature", "geometry": {"type": "Point", "coordinates": [25.952393, 45.0443678]}, "properties": {"addr:city": "Plopeni", "addr:housenumber": "21B", "addr:street": "Bulevardul Republicii", "amenity": "college", "building": "school", "name": "Colegiul Tehnic Gheorghe Laz\u0103r"}}, {"type": "Feature", "geometry": {"type": "Point", "coordinates": [26.1325858, 44.3801644]}, "properties": {"addr:city": "Bucure\u0219ti", "amenity": "university", "building": "university", "building:levels": "5", "name": "Colegiul Universitar Spiru Haret"}}, {"type": "Feature", "geometry": {"type": "Point", "coordinates": [23.3746408, 45.407238]}, "properties": {"addr:city": "Petro\u0219ani", "addr:housename": "COLEGIUL ECONOMIC HERMES", "addr:housenumber": "1 A", "addr:street": "Strada Independen\u021bei", "amenity": "college", "building": "yes", "building:colour": "#FFE4E1", "building:material": "brick", "name": "Colegiul Economic Hermes", "roof:material": "roof_tiles", "roof:shape": "hipped"}}, {"type": "Feature", "geometry": {"type": "Point", "coordinates": [23.3748018, 45.407288]}, "properties": {"addr:city": "Petro\u0219ani", "addr:housename": "Sal\u0103 de Sport", "addr:housenumber": "1 A", "addr:street": "Strada Independen\u021bei", "amenity": "college", "building": "school", "name": "Sal\u0103 de Sport"}}, {"type": "Feature", "geometry": {"type": "Point", "coordinates": [23.3741489, 45.4182718]}, "properties": {"addr:housename": "Universitatea Petro\u0219ani - Corpul B", "addr:street": "Strada Universit\u0103\u021bii", "amenity": "university", "building": "yes", "name": "Universitatea Petro\u0219ani - Corpul B"}}, {"type": "Feature", "geometry": {"type": "Point", "coordinates": [23.3784009, 45.4126907]}, "properties": {"addr:city": "Petro\u0219ani", "addr:housenumber": "6", "addr:street": "Strada 22 Decembrie", "amenity": "college", "building": "yes", "name": "Grup \u0218colar Dimitrie Leonida"}}, {"type": "Feature", "geometry": {"type": "Point", "coordinates": [23.3786596, 45.4129494]}, "properties": {"amenity": "college", "building": "yes", "name": "Atelier"}}, {"type": "Feature", "geometry": {"type": "Point", "coordinates": [23.3789171, 45.4133152]}, "properties": {"addr:housename": "Sal\u0103 de sport", "amenity": "college", "name": "Sal\u0103 de Sport"}}, {"type": "Feature", "geometry": {"type": "Point", "coordinates": [23.3793322, 45.413696]}, "properties": {"addr:housename": "Cantin\u0103", "amenity": "college", "building": "yes", "name": "Cantin\u0103"}}, {"type": "Feature", "geometry": {"type": "Point", "coordinates": [23.3797232, 45.4123744]}, "properties": {"addr:city": "Petro\u0219ani", "addr:housename": "Liceul de Informatic\u0103", "addr:housenumber": "10", "addr:street": "Strada Sl\u0103tioara", "amenity": "college", "building": "yes", "name": "Liceul de Informatic\u0103"}}, {"type": "Feature", "geometry": {"type": "Point", "coordinates": [24.8818256, 44.8546482]}, "properties": {"addr:city": "Pite\u0219ti", "addr:housenumber": "1", "addr:postcode": "110040", "addr:street": "Strada T\u00e2rgul din Vale", "amenity": "university", "name": "Universitatea Pite\u0219ti Rectorat", "opening_hours": "Mo-Fr 08:00-16:00", "phone": "+40 348 453 102", "source": "Survey September 2013", "website": "https://www.upit.ro/"}}, {"type": "Feature", "geometry": {"type": "Point", "coordinates": [23.376793, 45.4201982]}, "properties": {"addr:housename": "Alelier", "addr:street": "Strada Universit\u0103\u021bii", "amenity": "university", "name": "Alelier"}}, {"type": "Feature", "geometry": {"type": "Point", "coordinates": [23.3787454, 45.4207473]}, "properties": {"addr:housename": "Sal\u0103 de Sport", "addr:street": "Strada Universit\u0103\u021bii", "amenity": "university", "name": "Sal\u0103 de Sport"}}, {"type": "Feature", "geometry": {"type": "Point", "coordinates": [23.378413, 45.4202669]}, "properties": {"addr:housename": "Corp E", "amenity": "university", "name": "Corp E"}}, {"type": "Feature", "geometry": {"type": "Point", "coordinates": [23.5726959, 46.0686483]}, "properties": {"addr:city": "Alba Iulia", "amenity": "university", "building": "university", "education": "university", "height": "12", "name": "Universitatea 1 Decembrie 1918"}}, {"type": "Feature", "geometry": {"type": "Point", "coordinates": [23.5827343, 46.0736231]}, "properties": {"amenity": "college", "building": "yes", "education": "college"}}, {"type": "Feature", "geometry": {"type": "Point", "coordinates": [23.582505, 46.073932]}, "properties": {"amenity": "college", "building": "yes", "destination": "cycle_traffic"}}, {"type": "Feature", "geometry": {"type": "Point", "coordinates": [23.5832319, 46.0737524]}, "properties": {"amenity": "college", "building": "yes", "education": "college", "name": "Liceul Tehnologic Edwin Hubble"}}, {"type": "Feature", "geometry": {"type": "Point", "coordinates": [23.5838738, 46.0742539]}, "properties": {"amenity": "college", "building": "yes", "name": "Scoala Gimnazial\u0103 ,,Vasile Goldi\u0219,, Alba Iulia"}}, {"type": "Feature", "geometry": {"type": "Point", "coordinates": [23.5835254, 46.0746176]}, "properties": {"amenity": "college", "building": "yes", "name": "Sala de sport"}}, {"type": "Feature", "geometry": {"type": "Point", "coordinates": [23.5841747, 46.0745962]}, "properties": {"amenity": "college", "building": "yes"}}, {"type": "Feature", "geometry": {"type": "Point", "coordinates": [23.5834385, 46.0739216]}, "properties": {"amenity": "college", "building": "yes", "education": "college"}}, {"type": "Feature", "geometry": {"type": "Point", "coordinates": [26.0321799, 44.3500034]}, "properties": {"amenity": "university", "building": "yes", "name": "Universitatea din Bucure\u0219ti, Facultatea de fizic\u0103"}}, {"type": "Feature", "geometry": {"type": "Point", "coordinates": [23.5927684, 46.7686744]}, "properties": {"addr:city": "Cluj-Napoca", "addr:country": "RO", "addr:housenumber": "2", "addr:postcode": "400526", "addr:postcode:source": "Date de la Po\u0219ta Rom\u00e2n\u0103, publicate sub Licen\u021ba pentru Guvernare Deschis\u0103 v1.0 la http://date.gov.ro/organization/posta-romana", "addr:street": "Strada Bucium", "alt_name": "ANMGD", "amenity": "university", "building:levels": "4", "education": "university", "name": "Academia Na\u021bional\u0103 de Muzic\u0103 Gheorghe Dima", "roof:levels": "0", "website": "https://anmgd.ro/", "wikidata": "Q572245"}}, {"type": "Feature", "geometry": {"type": "Point", "coordinates": [24.5224064, 44.1698193]}, "properties": {"addr:city": "Dr\u0103g\u0103ne\u0219ti-Olt", "amenity": "college", "building": "yes", "name": "Liceul Teoretic Tudor Vladimirescu"}}, {"type": "Feature", "geometry": {"type": "Point", "coordinates": [23.161462, 44.8994452]}, "properties": {"amenity": "college", "building": "yes", "name": "Liceul Rovinari"}}, {"type": "Feature", "geometry": {"type": "Point", "coordinates": [25.6195477, 45.6627831]}, "properties": {"alt_name": "Corpul J", "amenity": "university", "building": "public", "name": "Facultatea de Construc\u021bii"}}, {"type": "Feature", "geometry": {"type": "Point", "coordinates": [25.6015057, 45.6493028]}, "properties": {"addr:city": "Bra\u0219ov", "addr:housenumber": "50", "addr:postcode": "500091", "addr:postcode:source": "Date de la Po\u0219ta Rom\u00e2n\u0103, publicate sub Licen\u021ba pentru Guvernare Deschis\u0103 v1.0 la http://date.gov.ro/organization/posta-romana", "addr:street": "Strada Iuliu Maniu", "amenity": "university", "building": "university", "building:levels": "4", "check_date": "2025-03-14", "name": "Corp P, Universitatea Transilvania", "name:ro": "Facultatea de Matematic\u0103-Informatic\u0103", "roof:levels": "1", "roof:shape": "flat", "source": "Bing sat", "wheelchair": "no"}}, {"type": "Feature", "geometry": {"type": "Point", "coordinates": [25.6022792, 45.6494297]}, "properties": {"addr:city": "Bra\u0219ov", "addr:housenumber": "52", "addr:postcode": "500091", "addr:postcode:source": "Date de la Po\u0219ta Rom\u00e2n\u0103, publicate sub Licen\u021ba pentru Guvernare Deschis\u0103 v1.0 la http://date.gov.ro/organization/posta-romana", "addr:street": "Strada Iuliu Maniu", "amenity": "college", "building": "school", "building:levels": "4", "check_date": "2026-03-25", "name": "Colegiul Tehnic Transilvania", "phone": "+40786262116", "roof:levels": "2", "roof:shape": "quadruple_saltbox", "source": "Bing sat", "website": "https://colegiultransilvania.ro/"}}, {"type": "Feature", "geometry": {"type": "Point", "coordinates": [21.8787349, 45.3247588]}, "properties": {"addr:city": "Re\u0219i\u021ba", "addr:housename": "Liceul de Art\u0103 Sabin P\u0103u\u021b\u0103", "addr:housenumber": "3", "addr:street": "Aleea Herculane", "amenity": "college", "name": "Liceul de Art\u0103 Sabin P\u0103u\u021b\u0103"}}, {"type": "Feature", "geometry": {"type": "Point", "coordinates": [25.5891492, 45.6452482]}, "properties": {"amenity": "university", "building": "yes", "check_date": "2024-06-05", "name": "Universitatea Transilvania Rectorat", "source": "Bing sat"}}, {"type": "Feature", "geometry": {"type": "Point", "coordinates": [23.1986386, 45.837734]}, "properties": {"addr:city": "Or\u0103\u0219tie", "addr:housenumber": "8", "addr:street": "Strada Gheorghe Laz\u0103r", "amenity": "college", "building": "school", "name": "Colegiul Na\u021bional \"Aurel Vlaicu\""}}, {"type": "Feature", "geometry": {"type": "Point", "coordinates": [26.1023473, 44.4385799]}, "properties": {"addr:city": "Bucure\u0219ti", "addr:country": "RO", "addr:housenumber": "6", "addr:postcode": "020956", "addr:street": "Strada Traian Vuia", "amenity": "university", "building": "university", "building:levels": "5", "building:levels:underground": "1", "name": "Facultatea de Farmacie", "operator": "Universitatea de Medicin\u0103 \u0219i Farmacie Carol Davila"}}, {"type": "Feature", "geometry": {"type": "Point", "coordinates": [23.6077512, 46.7755908]}, "properties": {"addr:city": "Cluj-Napoca", "addr:country": "RO", "addr:housenumber": "128-130", "addr:street": "Bulevardul 21 Decembrie 1989", "amenity": "university", "building": "yes", "name": "UT Facultatea de Inginerie a Instala\u021biilor"}}, {"type": "Feature", "geometry": {"type": "Point", "coordinates": [26.1017568, 44.4389171]}, "properties": {"addr:city": "Bucure\u0219ti", "addr:country": "RO", "addr:housenumber": "6", "addr:postcode": "020956", "addr:street": "Strada Traian Vuia", "amenity": "university", "building": "yes", "building:levels": "3", "building:levels:underground": "1", "name": "Facultatea de Geologie \u0219i Geofizic\u0103", "operator": "Universitatea din Bucure\u0219ti", "roof:levels": "1", "roof:shape": "mansard"}}, {"type": "Feature", "geometry": {"type": "Point", "coordinates": [26.1326406, 46.0027534]}, "properties": {"addr:city": "T\u00e2rgu Secuiesc", "addr:housenumber": "20", "addr:postcode": "525400", "addr:street": "Strada Ady Endre", "amenity": "college", "building": "yes", "name": "Liceul Pedagogic Bod P\u00e9ter Tan\u00edt\u00f3k\u00e9pz\u0151"}}, {"type": "Feature", "geometry": {"type": "Point", "coordinates": [24.5888275, 46.5345269]}, "properties": {"addr:city": "T\u00e2rgu Mure\u0219", "addr:housenumber": "5", "addr:street": "Strada Livezeni", "amenity": "college", "name": "Grupul \u0218colar Electromure\u0219", "phone": "+40-365-730969", "website": "http://www.electromures.net/"}}, {"type": "Feature", "geometry": {"type": "Point", "coordinates": [26.0620147, 44.4997982]}, "properties": {"amenity": "university", "building": "university", "name": "Universitatea Bioterra", "source": "survey"}}, {"type": "Feature", "geometry": {"type": "Point", "coordinates": [24.7964797, 46.2195283]}, "properties": {"addr:city": "Sighi\u0219oara", "addr:housenumber": "31", "addr:street": "Strada 1 Decembrie 1918", "amenity": "college", "building": "yes", "historic": "building", "name": "Liceul Mircea Eliade"}}, {"type": "Feature", "geometry": {"type": "Point", "coordinates": [26.2147193, 44.4309287]}, "properties": {"addr:city": "Bucure\u0219ti", "amenity": "college", "building": "yes", "name": "The International School of Bucharest", "wikidata": "Q28230332", "wikipedia": "en:International School of Bucharest"}}, {"type": "Feature", "geometry": {"type": "Point", "coordinates": [23.7977006, 44.3088289]}, "properties": {"addr:city": "Craiova", "addr:housenumber": "2", "addr:postcode": "200349", "addr:street": "Strada Petru Rare\u0219", "amenity": "university", "building": "yes", "name": "Universitatea de Medicin\u0103 \u0219i Farmacie din Craiova - Cl\u0103direa Veche", "website": "https://www.umfcv.ro/"}}, {"type": "Feature", "geometry": {"type": "Point", "coordinates": [25.5871585, 45.6383502]}, "properties": {"addr:city": "Bra\u0219ov", "addr:housenumber": "39", "addr:postcode": "500020", "addr:street": "Strada Poarta Schei", "amenity": "college", "name": "Liceul Sportiv"}}, {"type": "Feature", "geometry": {"type": "Point", "coordinates": [23.5921604, 46.7671387]}, "properties": {"addr:city": "Cluj-Napoca", "addr:country": "RO", "addr:housenumber": "4", "addr:postcode": "400084", "addr:street": "Strada Mihail Kog\u0103lniceanu", "alt_name": "Facultatea de Teatru \u0219i Film Universitatea Babe\u0219-Bolyai;FTF", "amenity": "university", "building": "yes", "fixme": "resurvey", "name": "UBB Teatru \u0219i Televiziune", "name:de": "BBU Theater und Fernsehen", "name:en": "BBU Theatre and Television", "name:hu": "BBTE Sz\u00ednh\u00e1z \u00e9s Telev\u00edzi\u00f3 Kar", "operator": "Universitatea Babe\u0219-Bolyai", "wheelchair": "no"}}, {"type": "Feature", "geometry": {"type": "Point", "coordinates": [27.5737079, 47.1748697]}, "properties": {"addr:city": "Ia\u0219i", "addr:country": "RO", "addr:street": "Bulevardul Carol I", "amenity": "university", "name": "Universitatea Aexandru Ioan Cuza din Ia\u0219i", "website": "https://www.uaic.ro/", "wikidata": "Q1523902", "wikipedia": "en:Alexandru Ioan Cuza University"}}, {"type": "Feature", "geometry": {"type": "Point", "coordinates": [26.0870232, 44.4451175]}, "properties": {"alt_name": "Universitatea Na\u021bional\u0103 de Arte Bucure\u0219ti (UNArte)", "amenity": "university", "building": "university", "building:levels": "2", "name": "UNARTE - Facultatea de Arte Decorative \u0219i Design", "roof:levels": "2"}}, {"type": "Feature", "geometry": {"type": "Point", "coordinates": [26.0713697, 44.4354347]}, "properties": {"addr:city": "Bucure\u0219ti", "addr:country": "RO", "addr:housenumber": "169", "addr:postcode": "050098", "addr:street": "Splaiul Independen\u021bei", "amenity": "university", "name": "Amfiteatrul SUUB", "source:addr:housenumber": "survey", "source:addr:street": "survey", "website": "www.suub.ro", "wheelchair": "no"}}, {"type": "Feature", "geometry": {"type": "Point", "coordinates": [23.3789838, 45.4132401]}, "properties": {"addr:housename": "Sal\u0103 de sport", "amenity": "college", "name": "Sal\u0103 de Sport"}}, {"type": "Feature", "geometry": {"type": "Point", "coordinates": [23.3750346, 45.4072837]}, "properties": {"addr:city": "Petro\u0219ani", "addr:housename": "Sal\u0103 de Sport", "addr:housenumber": "1 A", "addr:street": "Strada Independen\u021bei", "amenity": "college", "building": "school", "name": "Sal\u0103 de Sport"}}, {"type": "Feature", "geometry": {"type": "Point", "coordinates": [24.2402739, 45.342785]}, "properties": {"addr:city": "Brezoi", "addr:housename": "Liceul Gheorghe Surdu Brezoi", "addr:housenumber": "27", "addr:postcode": "245500", "addr:postcode:source": "Date de la Po\u0219ta Rom\u00e2n\u0103, publicate sub Licen\u021ba pentru Guvernare Deschis\u0103 v1.0 la http://date.gov.ro/organization/posta-romana", "addr:street": "DN7A", "amenity": "college", "building": "yes", "name": "Liceul Gheorghe Surdu Brezoi", "phone": "+40 250 778 231"}}, {"type": "Feature", "geometry": {"type": "Point", "coordinates": [24.2402134, 45.3425289]}, "properties": {"amenity": "college", "building": "yes", "name": "Liceul Teoretic Gheorghe Surdu Brezoi"}}, {"type": "Feature", "geometry": {"type": "Point", "coordinates": [26.1697458, 44.4429561]}, "properties": {"addr:city": "Bucure\u0219ti", "amenity": "college", "building": "yes", "education": "college", "height": "9"}}, {"type": "Feature", "geometry": {"type": "Point", "coordinates": [27.3541002, 44.5639358]}, "properties": {"amenity": "college", "name": "Colegiul Na\u021bional \"Mihai Viteazul\""}}, {"type": "Feature", "geometry": {"type": "Point", "coordinates": [27.3540748, 44.5629945]}, "properties": {"amenity": "college", "name": "Liceul Pedagogic \"M. Basarab\""}}, {"type": "Feature", "geometry": {"type": "Point", "coordinates": [27.3596444, 44.570068]}, "properties": {"amenity": "college", "email": "gs_cuza_slobozia@yahoo.com", "name": "Liceul Tehnologic \"A.I.Cuza\" Slobozia", "phone": "+40 243 232 823", "website": "https://cuzail.ro/"}}, {"type": "Feature", "geometry": {"type": "Point", "coordinates": [27.3619487, 44.569021]}, "properties": {"amenity": "college", "name": "Grup \u0218colar \"M.Eminescu\""}}, {"type": "Feature", "geometry": {"type": "Point", "coordinates": [27.3847789, 44.5672076]}, "properties": {"amenity": "university", "name": "Universitatea Bioterra"}}, {"type": "Feature", "geometry": {"type": "Point", "coordinates": [27.3765345, 44.5641372]}, "properties": {"addr:city": "Slobozia", "addr:housenumber": "3", "addr:postcode": "920093", "addr:street": "Strada Mihai Eminescu", "amenity": "college", "name": "Liceul de Art\u0103 \u201eIonel Perlea\u201d Slobozia"}}, {"type": "Feature", "geometry": {"type": "Point", "coordinates": [24.1498061, 45.7837124]}, "properties": {"amenity": "university", "building": "school", "building:levels": "3", "is_in:city": "Sibiu", "is_in:country": "Romania", "is_in:country_code": "RO", "is_in:county": "Sibiu", "name": "Facultatea de \u0218tiin\u021be Agroalimentare"}}, {"type": "Feature", "geometry": {"type": "Point", "coordinates": [26.8643913, 47.0160786]}, "properties": {"amenity": "college", "name": "Liceul teoretic Vasile Alecsandri"}}, {"type": "Feature", "geometry": {"type": "Point", "coordinates": [26.8653275, 47.0151215]}, "properties": {"amenity": "college", "name": "Liceul teoretic Vasile Alecsandri"}}, {"type": "Feature", "geometry": {"type": "Point", "coordinates": [26.8362438, 46.999343]}, "properties": {"amenity": "college", "name": "Liceul La Salle"}}, {"type": "Feature", "geometry": {"type": "Point", "coordinates": [25.6149118, 45.6646516]}, "properties": {"addr:city": "Bra\u0219ov", "addr:housenumber": "7", "addr:postcode": "500152", "addr:street": "Strada Turnului", "amenity": "university", "name": "Universitatea Spiru Haret"}}, {"type": "Feature", "geometry": {"type": "Point", "coordinates": [24.8758319, 44.8545013]}, "properties": {"addr:city": "Pite\u0219ti", "addr:housenumber": "71", "addr:postcode": "110014", "addr:street": "Bulevardul Republicii", "alt_name": "Corp C", "amenity": "university", "building": "yes", "name": "Facultatea de \u0218tiin\u021be Economice \u0219i Administrative", "opening_hours": "Mo-Fr 08:00-20:30", "operator": "Universitatea din Pite\u0219ti", "phone": "+40 348 453 370", "source": "Survey September 2013", "website": "https://www.upit.ro/", "wheelchair": "yes"}}, {"type": "Feature", "geometry": {"type": "Point", "coordinates": [22.9096813, 45.750232]}, "properties": {"addr:city": "Hunedoara", "amenity": "college", "building": "yes", "height": "12", "name": "Colegiul Na\u021bional de Informatic\u0103 Traian Lalescu", "roof:height": "3", "roof:material": "roof_tiles", "roof:shape": "hipped", "source": "Hunedoara Town Hall map"}}, {"type": "Feature", "geometry": {"type": "Point", "coordinates": [26.6377459, 44.0833502]}, "properties": {"amenity": "college"}}, {"type": "Feature", "geometry": {"type": "Point", "coordinates": [23.5847469, 46.7701408]}, "properties": {"addr:city": "Cluj-Napoca", "addr:country": "RO", "addr:housenumber": "13", "addr:postcode": "400023", "addr:street": "Strada Emil Isac", "amenity": "university", "building": "yes", "name": "Universitatea de Medicin\u0103 \u0219i Farmacie Iuliu Ha\u021bieganu", "phone": "+40264406841", "website": "https://www.umfcluj.ro/ro/"}}, {"type": "Feature", "geometry": {"type": "Point", "coordinates": [25.3248626, 43.9752575]}, "properties": {"addr:city": "Alexandria", "amenity": "college", "name": "Colegiul Na\u021bional Alexandru Dimitrie Ghica", "source": "survey"}}, {"type": "Feature", "geometry": {"type": "Point", "coordinates": [20.6252653, 46.0733857]}, "properties": {"amenity": "college", "building": "school", "name": "Liceul Teoretic", "source": "Cerere legea 544/2001"}}, {"type": "Feature", "geometry": {"type": "Point", "coordinates": [23.5889841, 46.7623165]}, "properties": {"addr:city": "Cluj-Napoca", "addr:country": "RO", "addr:housenumber": "44", "addr:postcode": "400349", "addr:street": "Strada Republicii", "amenity": "university", "building": "yes", "name": "UBB Biologie \u0219i Geologie", "name:de": "BBU Biologie und Geologie", "name:en": "BBU Biology and Geology", "name:hu": "BBTE Biol\u00f3gia \u00e9s Geol\u00f3gia Kar", "operator": "Universitatea Babe\u0219-Bolyai", "website": "http://bioge.ubbcluj.ro"}}, {"type": "Feature", "geometry": {"type": "Point", "coordinates": [25.6028669, 45.6510203]}, "properties": {"addr:city": "Bra\u0219ov", "addr:housenumber": "41A", "addr:postcode": "500091", "addr:postcode:source": "Date de la Po\u0219ta Rom\u00e2n\u0103, publicate sub Licen\u021ba pentru Guvernare Deschis\u0103 v1.0 la http://date.gov.ro/organization/posta-romana", "addr:street": "Strada Iuliu Maniu", "amenity": "university", "building": "yes", "building:levels": "4", "name": "Aula Universit\u0103\u021bii \u201cTransilvania\u201d", "source": "Bing sat"}}, {"type": "Feature", "geometry": {"type": "Point", "coordinates": [24.5747951, 46.5405265]}, "properties": {"addr:city": "T\u00e2rgu Mure\u0219", "addr:housenumber": "37", "addr:postcode": "540075", "addr:street": "Strada Alexandru Papiu Ilarian", "amenity": "college", "email": "pedagogicmures@yahoo.com", "name": "Liceul Pedagogic Mihai Eminescu", "phone": "+40-365-882694", "website": "https://www.pedagogicmures.ro/"}}, {"type": "Feature", "geometry": {"type": "Point", "coordinates": [25.5989521, 45.6464817]}, "properties": {"amenity": "university", "building": "yes", "name": "American Hotel Academy", "source": "Bing sat"}}, {"type": "Feature", "geometry": {"type": "Point", "coordinates": [25.5992633, 45.655435]}, "properties": {"amenity": "university", "building": "yes", "building:levels": "5", "description": "Facultatea de Inginerie Electric\u0103 \u0219i \u0218tiin\u021ba Calculatoarelor", "name": "UniTBv corpul V", "source": "http://www.pug-puz.ro/;legea544/2001", "website": "http://aut.unitbv.ro"}}, {"type": "Feature", "geometry": {"type": "Point", "coordinates": [25.6421483, 45.6466846]}, "properties": {"addr:city": "Bra\u0219ov", "addr:housenumber": "106", "addr:street": "Strada Zizinului", "amenity": "college", "email": "remusradulet@yahoo.com", "internet_access": "yes", "name": "Colegiul Tehnic Remus R\u0103dule\u021b", "phone": "0268330375", "website": "https://www.ctenergeticremusradulet.ro/"}}, {"type": "Feature", "geometry": {"type": "Point", "coordinates": [26.6624301, 47.7355398]}, "properties": {"addr:city": "Boto\u0219ani", "addr:housenumber": "9", "addr:postcode": "710202", "addr:street": "Strada Dimitrie Rallet", "amenity": "college", "contact:phone": "0231-584079", "email": "lcm_bt@yahoo.com", "fax": "0231-584079", "isced:level": "2-3", "name": "Liceul Dimitrie Negreanu", "operator": "Inspectoratul \u0218colar Jude\u021bean Boto\u0219ani", "website": "http://www.dimitrienegreanu.botosani.ro/"}}, {"type": "Feature", "geometry": {"type": "Point", "coordinates": [26.664949, 47.7387371]}, "properties": {"addr:city": "Boto\u0219ani", "addr:street": "Strada Nicolae Iorga", "amenity": "college", "name": "Colegiul A.T. Laurian"}}, {"type": "Feature", "geometry": {"type": "Point", "coordinates": [23.5987452, 46.7734313]}, "properties": {"addr:city": "Cluj-Napoca", "addr:country": "RO", "addr:housenumber": "74", "addr:postcode": "400124", "addr:street": "Bulevardul 21 Decembrie 1989", "amenity": "university", "building": "yes", "name": "Universitatea Spiru Haret", "name:de": "Spiru-Haret-Universit\u00e4t", "name:en": "Spiru Haret University", "name:hu": "Spiru Haret Tudom\u00e1nyegyetem", "website": "https://spiruharet.ro/"}}, {"type": "Feature", "geometry": {"type": "Point", "coordinates": [23.5979086, 46.7669555]}, "properties": {"addr:city": "Cluj-Napoca", "addr:country": "RO", "amenity": "university", "building": "yes"}}, {"type": "Feature", "geometry": {"type": "Point", "coordinates": [23.597516, 46.7668688]}, "properties": {"addr:city": "Cluj-Napoca", "addr:country": "RO", "amenity": "university", "building": "yes"}}, {"type": "Feature", "geometry": {"type": "Point", "coordinates": [23.5979707, 46.7669437]}, "properties": {"addr:city": "Cluj-Napoca", "addr:country": "RO", "amenity": "university", "building": "yes"}}, {"type": "Feature", "geometry": {"type": "Point", "coordinates": [23.6087739, 46.7753022]}, "properties": {"addr:city": "Cluj-Napoca", "addr:country": "RO", "addr:housenumber": "128", "addr:street": "Bulevardul 21 Decembrie 1989", "amenity": "university", "building": "yes"}}, {"type": "Feature", "geometry": {"type": "Point", "coordinates": [26.4883934, 46.4751548]}, "properties": {"amenity": "college", "internet_access": "wlan", "name": "Liceul Teoretic \"Spiru Haret\""}}, {"type": "Feature", "geometry": {"type": "Point", "coordinates": [25.5962037, 45.6438953]}, "properties": {"amenity": "college", "building": "yes", "name": "Colegiul Na\u021bional \u201eUnirea\u201d Bra\u0219ov", "source": "Bing sat"}}, {"type": "Feature", "geometry": {"type": "Point", "coordinates": [22.6691446, 44.627166]}, "properties": {"access": "private", "amenity": "university", "barrier": "fence", "name": "Centrul Universitar Drobeta Turnu Severin"}}, {"type": "Feature", "geometry": {"type": "Point", "coordinates": [26.8027606, 45.1604338]}, "properties": {"amenity": "college", "building": "yes", "building:levels": "3"}}, {"type": "Feature", "geometry": {"type": "Point", "coordinates": [23.7946816, 44.3048247]}, "properties": {"addr:city": "Craiova", "addr:housenumber": "68", "addr:postcode": "200638", "addr:street": "Bulevardul 1 Mai", "amenity": "university", "name": "Campus Medicin\u0103"}}, {"type": "Feature", "geometry": {"type": "Point", "coordinates": [23.7979724, 44.3088188]}, "properties": {"addr:city": "Craiova", "addr:housenumber": "2", "addr:postcode": "200349", "addr:postcode:source": "Date de la Po\u0219ta Rom\u00e2n\u0103, publicate sub Licen\u021ba pentru Guvernare Deschis\u0103 v1.0 la http://date.gov.ro/organization/posta-romana", "addr:street": "Strada Petru Rare\u0219", "amenity": "university", "name": "Universitatea de Medicin\u0103 \u0219i Farmacie"}}, {"type": "Feature", "geometry": {"type": "Point", "coordinates": [23.8226461, 44.3167737]}, "properties": {"addr:city": "Craiova", "addr:country": "RO", "addr:housenumber": "107", "addr:postcode": "200478", "addr:street": "Calea Bucure\u0219ti", "amenity": "university", "name": "Campus Mecanic\u0103"}}, {"type": "Feature", "geometry": {"type": "Point", "coordinates": [23.820442, 47.6486905]}, "properties": {"amenity": "college", "building": "yes", "name": "Colegiul economic Pintea Viteazul - Cavnic"}}, {"type": "Feature", "geometry": {"type": "Point", "coordinates": [24.676982, 45.1535083]}, "properties": {"addr:city": "Curtea de Arge\u0219", "addr:housenumber": "21", "addr:postcode": "115300", "addr:street": "Bulevardul Basarabilor", "amenity": "college", "building": "school", "name": "Liceul Forestier"}}, {"type": "Feature", "geometry": {"type": "Point", "coordinates": [21.3436029, 46.1766541]}, "properties": {"amenity": "university", "name": "Universitatea Aurel Vlaicu din Arad", "name:en": "University Aurel Vlaicu of Arad", "name:hu": "Aurel Vlaicu Aradi Egyetem", "name:ro": "Universitatea Aurel Vlaicu din Arad", "phone": "+40 257 283 010", "short_name": "UAV Arad", "website": "https://uav.ro/"}}, {"type": "Feature", "geometry": {"type": "Point", "coordinates": [21.301523, 46.1993887]}, "properties": {"amenity": "university", "name": "Universitatea Aurel Vlaicu C\u0103mine Studen\u021be\u0219ti"}}, {"type": "Feature", "geometry": {"type": "Point", "coordinates": [26.0274349, 44.3497146]}, "properties": {"amenity": "college", "building": "yes", "name": "Liceul teoretic Horia Hulubei - M\u0103gurele"}}, {"type": "Feature", "geometry": {"type": "Point", "coordinates": [27.4531412, 46.8361175]}, "properties": {"amenity": "college", "name": "Liceul Tehnologic \"Nicolae Iorga\""}}, {"type": "Feature", "geometry": {"type": "Point", "coordinates": [26.4914685, 46.3687657]}, "properties": {"addr:city": "D\u0103rm\u0103ne\u0219ti", "addr:housenumber": "11", "addr:street": "Strada Muncii", "amenity": "college", "building": "yes"}}, {"type": "Feature", "geometry": {"type": "Point", "coordinates": [21.3443969, 46.2038887]}, "properties": {"addr:city": "Arad", "addr:housenumber": "8", "addr:postcode": "310216", "addr:postcode:source": "Date de la Po\u0219ta Rom\u00e2n\u0103, publicate sub Licen\u021ba pentru Guvernare Deschis\u0103 v1.0 la http://date.gov.ro/organization/posta-romana", "addr:street": "Calea Zimandului", "amenity": "university"}}, {"type": "Feature", "geometry": {"type": "Point", "coordinates": [28.6457507, 44.1780072]}, "properties": {"addr:housenumber": "7", "addr:street": "Strada Ilarie Voronca", "amenity": "university", "name": "Facultatea de Medicin\u0103 Dentar\u0103", "operator": "Universitatea Ovidius Constan\u021ba", "operator:type": "public"}}, {"type": "Feature", "geometry": {"type": "Point", "coordinates": [24.4050818, 47.7152366]}, "properties": {"amenity": "college", "name": "Liceul teoretic Bogdan Vod\u0103 - Viseu de Mijloc"}}, {"type": "Feature", "geometry": {"type": "Point", "coordinates": [25.5953557, 45.644117]}, "properties": {"addr:housenumber": "1", "addr:postcode": "500024", "addr:street": "Strada Politehnicii", "amenity": "university", "building": "yes", "building:levels": "4", "email": "f-iesc@unitbv.ro", "name": "Universitatea Transilvania Corp N", "name:en": "Transilvania University \u2013 Building N", "opening_hours": "Mo-Fr 08:00-22:00", "phone": "+40 268 418 836", "source": "Bing sat", "website": "https://www.unitbv.ro"}}, {"type": "Feature", "geometry": {"type": "Point", "coordinates": [26.1250408, 44.4543209]}, "properties": {"addr:city": "Bucure\u0219ti", "addr:housenumber": "47", "addr:postcode": "021127", "addr:postcode:source": "Date de la Po\u0219ta Rom\u00e2n\u0103, publicate sub Licen\u021ba pentru Guvernare Deschis\u0103 v1.0 la http://date.gov.ro/organization/posta-romana", "addr:street": "Strada Ma\u0219ina de P\u00e2ine", "amenity": "university", "name": "Universitatea Spiru Haret - Facultatea de Medicin\u0103 veterinar\u0103"}}, {"type": "Feature", "geometry": {"type": "Point", "coordinates": [23.4762753, 47.4991905]}, "properties": {"addr:city": "\u0218omcuta Mare", "addr:housenumber": "22", "addr:postcode": "437335", "addr:postcode:source": "Date de la Po\u0219ta Rom\u00e2n\u0103, publicate sub Licen\u021ba pentru Guvernare Deschis\u0103 v1.0 la http://date.gov.ro/organization/posta-romana", "addr:street": "Strada Some\u0219", "amenity": "college", "building": "yes", "name": "Liceul teoretic Ioan Buteanu"}}, {"type": "Feature", "geometry": {"type": "Point", "coordinates": [27.6638194, 44.6383244]}, "properties": {"amenity": "college"}}, {"type": "Feature", "geometry": {"type": "Point", "coordinates": [26.3829956, 46.9354018]}, "properties": {"addr:city": "Piatra Neam\u021b", "addr:housenumber": "12", "addr:postcode": "610226", "addr:street": "Strada Mihai Viteazul", "amenity": "college", "name": "Colegiul National de Informatica", "operator": "Ministerul Invatamantului"}}, {"type": "Feature", "geometry": {"type": "Point", "coordinates": [25.7212694, 45.3032321]}, "properties": {"addr:city": "Te\u0219ila", "addr:housename": "Colegiul Tehnic Carol I Valea Doftanei", "addr:housenumber": "377", "addr:postcode": "107465", "addr:street": "Calea Doftanei", "amenity": "college", "building": "school", "name": "Colegiul Tehnic Carol I Valea Doftanei"}}, {"type": "Feature", "geometry": {"type": "Point", "coordinates": [26.1127422, 44.383041]}, "properties": {"addr:city": "Bucure\u0219ti", "addr:housenumber": "8", "addr:street": "Strada Vatra Dornei", "amenity": "college", "building": "yes", "building:colour": "#eee8aa", "building:levels": "2", "education": "college", "height": "9", "roof:colour": "#808080"}}, {"type": "Feature", "geometry": {"type": "Point", "coordinates": [23.5865107, 46.0870213]}, "properties": {"addr:housenumber": "143", "addr:street": "Strada Tudor Vladimirescu", "amenity": "college", "name": "Colegiul Tehnic Alexandru Dom\u0219a", "short_name": "Colegiul Tehnic a. Domsa"}}, {"type": "Feature", "geometry": {"type": "Point", "coordinates": [23.7856806, 44.3191697]}, "properties": {"addr:city": "Craiova", "addr:housenumber": "19", "addr:postcode": "200421", "addr:postcode:source": "Date de la Po\u0219ta Rom\u00e2n\u0103, publicate sub Licen\u021ba pentru Guvernare Deschis\u0103 v1.0 la http://date.gov.ro/organization/posta-romana", "addr:street": "Strada Libert\u0103\u021bii", "amenity": "university", "name": "Campus Agronomie"}}, {"type": "Feature", "geometry": {"type": "Point", "coordinates": [23.7966848, 44.3264776]}, "properties": {"addr:city": "Craiova", "addr:housenumber": "4", "addr:postcode": "200690", "addr:postcode:source": "Date de la Po\u0219ta Rom\u00e2n\u0103, publicate sub Licen\u021ba pentru Guvernare Deschis\u0103 v1.0 la http://date.gov.ro/organization/posta-romana", "addr:street": "Strada Brazda lui Novac", "amenity": "college", "building": "yes", "name": "Universitatea Spiru Haret"}}, {"type": "Feature", "geometry": {"type": "Point", "coordinates": [23.7945307, 44.3053225]}, "properties": {"addr:city": "Craiova", "addr:housenumber": "66", "addr:postcode": "200638", "addr:street": "Bulevardul 1 Mai", "amenity": "university", "building": "yes", "building:levels": "5", "name": "Universitatea de Medicin\u0103 si Farmacie din Craiova - Cl\u0103direa Nou\u0103", "website": "https://www.umfcv.ro/"}}, {"type": "Feature", "geometry": {"type": "Point", "coordinates": [23.7734103, 44.326048]}, "properties": {"addr:city": "Craiova", "addr:housenumber": "146", "addr:postcode": "200207", "addr:street": "Strada Brestei", "amenity": "college", "barrier": "fence", "name": "Facultatea de Educa\u021bie Fizic\u0103 \u0219i Sport"}}, {"type": "Feature", "geometry": {"type": "Point", "coordinates": [26.6617767, 47.7345753]}, "properties": {"addr:city": "Boto\u0219ani", "addr:housenumber": "6", "addr:postcode": "710203", "addr:street": "Strada Dimitrie Rallet", "amenity": "college", "name": "Liceul Tehnologic Special Sf\u00e2ntul Stelian", "operator": "Inspectoratul \u0218colar Jude\u021bean Boto\u0219ani", "phone": "+40231 517 678"}}, {"type": "Feature", "geometry": {"type": "Point", "coordinates": [26.8262482, 45.1509897]}, "properties": {"amenity": "college", "name": "Liceul de Art\u0103 Margareta Sterian"}}, {"type": "Feature", "geometry": {"type": "Point", "coordinates": [26.8209483, 45.1480655]}, "properties": {"addr:city": "Buz\u0103u", "addr:housenumber": "17", "addr:postcode": "120203", "addr:street": "Strada Crizantemelor", "amenity": "college", "name": "Colegiul Agricol Doctor Constantin Angelescu"}}, {"type": "Feature", "geometry": {"type": "Point", "coordinates": [26.8331595, 45.1338516]}, "properties": {"amenity": "college", "name": "Colegiul Tehnic Buz\u0103u"}}, {"type": "Feature", "geometry": {"type": "Point", "coordinates": [26.8193228, 45.1380408]}, "properties": {"amenity": "college", "name": "Grup \u0218colar Tehnologic Dimitrie Filipescu"}}, {"type": "Feature", "geometry": {"type": "Point", "coordinates": [28.6529356, 44.0200168]}, "properties": {"addr:city": "Eforie Sud", "amenity": "college", "building": "yes", "name": "Liceul Teoretic Carmen Sylva"}}, {"type": "Feature", "geometry": {"type": "Point", "coordinates": [26.1144007, 44.3769866]}, "properties": {"addr:city": "Bucure\u0219ti", "addr:housenumber": "1", "addr:street": "Strada Stupilor", "amenity": "college", "building": "yes", "building:colour": "#fafad2", "education": "college", "height": "9", "name": "\u0218coala Gimnazial\u0103 Avram Iancu", "roof:colour": "#808080"}}, {"type": "Feature", "geometry": {"type": "Point", "coordinates": [22.4187784, 47.2369147]}, "properties": {"amenity": "college", "building": "college", "name": "Liceul Popesti"}}, {"type": "Feature", "geometry": {"type": "Point", "coordinates": [26.3278993, 44.4618538]}, "properties": {"addr:city": "Br\u0103ne\u0219ti", "addr:housenumber": "4", "addr:street": "Strada Sublocotenent Petre Ionel", "amenity": "college"}}, {"type": "Feature", "geometry": {"type": "Point", "coordinates": [26.3272076, 44.4636612]}, "properties": {"addr:city": "Br\u0103ne\u0219ti", "amenity": "college"}}, {"type": "Feature", "geometry": {"type": "Point", "coordinates": [25.7411238, 44.997818]}, "properties": {"amenity": "college", "building": "yes", "name": "Liceul Teoretic Filipe\u0219tii de P\u0103dure"}}, {"type": "Feature", "geometry": {"type": "Point", "coordinates": [22.3249261, 47.6378462]}, "properties": {"amenity": "college", "landuse": "grass"}}, {"type": "Feature", "geometry": {"type": "Point", "coordinates": [22.3247387, 47.6373921]}, "properties": {"amenity": "college"}}, {"type": "Feature", "geometry": {"type": "Point", "coordinates": [22.3254064, 47.6374922]}, "properties": {"amenity": "college"}}, {"type": "Feature", "geometry": {"type": "Point", "coordinates": [27.1915716, 45.6979453]}, "properties": {"amenity": "college", "name": "Colegiul Na\u021bional \u201eUnirea\""}}, {"type": "Feature", "geometry": {"type": "Point", "coordinates": [25.0486169, 45.2643173]}, "properties": {"addr:housenumber": "15", "addr:street": "Strada M\u0103r\u0103\u0219e\u0219ti", "amenity": "college", "name": "Colegiul Na\u021bional Pedagogic \u201dCarol I\u201d", "website": "http://carol.rdsnet.ro", "wikidata": "Q18549538", "wikipedia": "ro:Colegiul Na\u021bional Pedagogic \u201eCarol I\u201d din C\u00e2mpulung Muscel"}}, {"type": "Feature", "geometry": {"type": "Point", "coordinates": [25.4367624, 45.0698601]}, "properties": {"amenity": "college", "education": "college", "name": "Colegiul Na\u021bional Nicolae Titulescu"}}, {"type": "Feature", "geometry": {"type": "Point", "coordinates": [21.9555837, 47.0270143]}, "properties": {"amenity": "university", "barrier": "fence", "name": "Universitatea Emanuel"}}, {"type": "Feature", "geometry": {"type": "Point", "coordinates": [21.9406282, 47.0587154]}, "properties": {"addr:city": "Oradea", "addr:housenumber": "26", "addr:postcode": "410057", "addr:street": "Strada General Gheorghe Magheru", "amenity": "university", "name": "Facultatea de Drept", "operator": ", Oradea"}}, {"type": "Feature", "geometry": {"type": "Point", "coordinates": [25.4685751, 44.9146744]}, "properties": {"addr:city": "T\u00e2rgovi\u0219te", "amenity": "college", "building": "yes", "name": "Liceul nr. 5 T\u00e2rgovi\u0219te"}}, {"type": "Feature", "geometry": {"type": "Point", "coordinates": [26.1199737, 44.3816767]}, "properties": {"addr:city": "Bucure\u0219ti", "addr:housenumber": "12", "addr:postcode": "041789", "addr:street": "Aleea Ciceu", "amenity": "college", "building": "yes", "building:colour": "#eee8aa", "education": "college", "email": "scoala189@s4ismb.ro", "height": "9", "phone": "0214 610 040", "roof:colour": "#c0c0c0", "website": "https://www.scoalagimnaziala189.ro/"}}, {"type": "Feature", "geometry": {"type": "Point", "coordinates": [24.6654123, 45.1332774]}, "properties": {"amenity": "college", "building": "garage", "name": "Garajul B"}}, {"type": "Feature", "geometry": {"type": "Point", "coordinates": [24.6650341, 45.1333559]}, "properties": {"amenity": "college", "building": "garage", "name": "Garajul C"}}, {"type": "Feature", "geometry": {"type": "Point", "coordinates": [24.6658068, 45.1341224]}, "properties": {"amenity": "college", "building": "garage", "name": "Garajul A"}}, {"type": "Feature", "geometry": {"type": "Point", "coordinates": [24.6650965, 45.1340714]}, "properties": {"amenity": "college", "building": "school", "name": "Liceul Tehnologic de Automobile"}}, {"type": "Feature", "geometry": {"type": "Point", "coordinates": [23.0537856, 47.1853675]}, "properties": {"addr:city": "Zal\u0103u", "amenity": "college", "building": "school", "name": "Liceul pedagogic \u201dGheorghe \u0218incai\u201d", "name:ro": "Liceul pedagogic \u201dGheorghe \u0218incai\u201d", "website": "https://pedagogiczalau.ro"}}, {"type": "Feature", "geometry": {"type": "Point", "coordinates": [24.1538397, 45.7964513]}, "properties": {"amenity": "college", "operator": "Colegiului Na\u021bional \u201eGheorghe Laz\u0103r\u201d Sibiu"}}, {"type": "Feature", "geometry": {"type": "Point", "coordinates": [23.5645302, 47.660241]}, "properties": {"amenity": "university", "name": "Facultatea de \u0218tiin\u021be \u0219i Litere - Centrul Universitar Nord din Baia Mare"}}, {"type": "Feature", "geometry": {"type": "Point", "coordinates": [26.0656308, 44.4731149]}, "properties": {"addr:city": "Bucure\u0219ti", "addr:housenumber": "1B", "addr:postcode": "012101", "addr:street": "Bulevardul Expozi\u021biei", "amenity": "university", "name": "Universitatea Rom\u00e2no-American\u0103", "name:de": "Rum\u00e4nisch-Amerikanische Universit\u00e4t", "name:en": "Romanian-American University", "name:es": "Universidad Rumana Americana", "name:fr": "Universit\u00e9 Roumano-Am\u00e9ricaine", "name:it": "Universit\u00e0 Rumena Americana", "phone": "+40372 120 118", "website": "https://www.rau.ro/", "wikidata": "Q2175735", "wikipedia": "en:Romanian-American University"}}, {"type": "Feature", "geometry": {"type": "Point", "coordinates": [23.5445103, 47.6601183]}, "properties": {"amenity": "university", "name": "Facultatea de Inginerie - Centrul Universitar Nord din Baia Mare"}}, {"type": "Feature", "geometry": {"type": "Point", "coordinates": [21.2225893, 45.7455845]}, "properties": {"addr:city": "Timi\u0219oara", "addr:housenumber": "14", "addr:street": "Strada Remus", "alt_name": "MPT", "amenity": "university", "name": "Facultatea de Management \u00een Produc\u021bie \u0219i Transporturi", "website": "https://www.mpt.upt.ro/"}}, {"type": "Feature", "geometry": {"type": "Point", "coordinates": [24.9842991, 44.1147014]}, "properties": {"addr:housenumber": "11", "addr:street": "Strada Republicii", "amenity": "college", "building": "yes", "education": "college", "name": "Liceul Economic Administrativ"}}, {"type": "Feature", "geometry": {"type": "Point", "coordinates": [21.9032945, 45.689051]}, "properties": {"amenity": "university", "name": "Universitatea European\u0103 Dr\u0103gan"}}, {"type": "Feature", "geometry": {"type": "Point", "coordinates": [21.8838587, 45.2930149]}, "properties": {"amenity": "university", "name": "Universitatea Eftimie Murgu"}}, {"type": "Feature", "geometry": {"type": "Point", "coordinates": [22.216526, 45.4171771]}, "properties": {"amenity": "university", "name": "Facultatea de Teologie, \u0218tiin\u021be Sociale \u0219i ale Educa\u021biei"}}, {"type": "Feature", "geometry": {"type": "Point", "coordinates": [23.5721877, 47.6552513]}, "properties": {"addr:city": "Baia Mare", "addr:housenumber": "7", "addr:street": "Strada Culturii", "amenity": "college", "name": "Colegiul Na\u021bional Mihai Eminescu"}}, {"type": "Feature", "geometry": {"type": "Point", "coordinates": [24.5503159, 45.1378483]}, "properties": {"amenity": "college", "name": "Grupul \u0218colar Tigveni"}}, {"type": "Feature", "geometry": {"type": "Point", "coordinates": [24.2263237, 46.1102626]}, "properties": {"amenity": "college", "building": "college", "name": "Liceul Tehnologic \"Nicolae Teclu\""}}, {"type": "Feature", "geometry": {"type": "Point", "coordinates": [25.3143266, 44.7221272]}, "properties": {"addr:city": "G\u0103e\u0219ti", "amenity": "college", "building": "yes", "name": "Colegiul Na\u021bional Vladimir Streinu"}}, {"type": "Feature", "geometry": {"type": "Point", "coordinates": [26.12613, 44.4394852]}, "properties": {"addr:city": "Bucure\u0219ti", "addr:housenumber": "66", "addr:postcode": "021414", "addr:postcode:source": "Date de la Po\u0219ta Rom\u00e2n\u0103, publicate sub Licen\u021ba pentru Guvernare Deschis\u0103 v1.0 la http://date.gov.ro/organization/posta-romana", "addr:street": "Bulevardul Pache Protopopescu", "amenity": "university", "building": "yes", "check_date": "2024-09-03", "education": "university", "is_in:city": "Bucure\u0219ti", "name": "Facultatea de Inginerie a Instala\u021biilor", "operator": "Universitatea Tehnic\u0103 de Construc\u021bii Bucure\u0219ti", "website": "https://instalatii.utcb.ro/"}}, {"type": "Feature", "geometry": {"type": "Point", "coordinates": [22.9143804, 45.758083]}, "properties": {"amenity": "university", "building": "yes", "building:colour": "#f4a460", "height": "15", "name": "Universitatea Alma Mater", "roof:height": "3", "roof:material": "roof_tiles", "roof:shape": "gabled"}}, {"type": "Feature", "geometry": {"type": "Point", "coordinates": [28.5845098, 43.8247061]}, "properties": {"addr:city": "Mangalia", "addr:street": "Strada Rozelor", "amenity": "college", "name": "Liceul Teoretic Callatis", "operator": "Liceul Teoretic \"Callatis\""}}, {"type": "Feature", "geometry": {"type": "Point", "coordinates": [25.6604281, 45.1816659]}, "properties": {"addr:city": "Breaza", "amenity": "college", "name": "Liceul Militar Breaza"}}, {"type": "Feature", "geometry": {"type": "Point", "coordinates": [26.0483828, 44.8867989]}, "properties": {"addr:city": "B\u0103rc\u0103ne\u0219ti", "addr:housenumber": "368A", "addr:postcode": "107055", "addr:street": "DN1A", "amenity": "college", "name": "Group \u0218colar Agricol B\u0103rc\u0103ne\u0219ti", "phone": "0244 277 050"}}, {"type": "Feature", "geometry": {"type": "Point", "coordinates": [24.3745523, 45.1079025]}, "properties": {"amenity": "university", "name": "Universitatea Constantin Brancoveanu"}}, {"type": "Feature", "geometry": {"type": "Point", "coordinates": [23.5717966, 46.7853709]}, "properties": {"addr:city": "Cluj-Napoca", "addr:country": "RO", "addr:housenumber": "89-91", "addr:postcode": "400281", "addr:postcode:source": "Date de la Po\u0219ta Rom\u00e2n\u0103, publicate sub Licen\u021ba pentru Guvernare Deschis\u0103 v1.0 la http://date.gov.ro/organization/posta-romana", "addr:street": "Strada Corneliu Coposu", "amenity": "college", "name": "\u0218coala de Agen\u021bi de Poli\u021bie Septimiu Mure\u0219an", "operator": "Ministerul Afacerilor Interne", "operator:type": "public", "phone": "+40 264 439 772", "website": "https://www.scoalapolcj.ro/"}}, {"type": "Feature", "geometry": {"type": "Point", "coordinates": [22.9042643, 45.7507389]}, "properties": {"addr:city": "Hunedoara", "addr:housenumber": "12", "addr:street": "Strada Victoriei", "amenity": "college", "internet_access": "no", "name": "Colegiul Na\u021bional \u201dIancu de Hunedoara\u201d", "operator": "Colegiul Na\u021bional \u201dIancu de Hunedoara\u201d"}}, {"type": "Feature", "geometry": {"type": "Point", "coordinates": [22.9028925, 45.7498469]}, "properties": {"addr:city": "Hunedoara", "addr:housenumber": "7", "addr:postcode": "331071", "addr:street": "Strada Nicolae B\u0103lcescu", "amenity": "college", "internet_access": "no", "name": "\u0218coala Postliceal\u0103 Sanitar\u0103"}}, {"type": "Feature", "geometry": {"type": "Point", "coordinates": [22.9097003, 45.7503018]}, "properties": {"addr:city": "Hunedoara", "addr:housenumber": "23", "addr:street": "Strada Victoriei", "amenity": "college", "check_date": "2025-11-21", "internet_access": "no", "name": "Colegiul Na\u021bional de Informatic\u0103 Traian Lalescu"}}, {"type": "Feature", "geometry": {"type": "Point", "coordinates": [22.8993167, 45.7530558]}, "properties": {"addr:city": "Hunedoara", "addr:housenumber": "5", "addr:street": "Strada Revolu\u021biei", "amenity": "university", "internet_access": "yes", "name": "Facultatea de Inginerie Hunedoara", "operator": "Facultatea Politehnic\u0103 Timi\u0219oara"}}, {"type": "Feature", "geometry": {"type": "Point", "coordinates": [24.1606266, 45.7962392]}, "properties": {"addr:street": "Strada Simion Mehedin\u021bi", "amenity": "college", "building": "yes", "education": "college"}}, {"type": "Feature", "geometry": {"type": "Point", "coordinates": [28.6523877, 44.1964606]}, "properties": {"addr:city": "Constan\u021ba", "addr:housenumber": "22B", "addr:street": "Strada Unirii", "amenity": "university", "name": "Facultatea de Construc\u021bii", "operator": "Universitatea Ovidius Constan\u021ba", "website": "https://constructii.univ-ovidius.ro/"}}, {"type": "Feature", "geometry": {"type": "Point", "coordinates": [28.6462291, 44.1940448]}, "properties": {"addr:city": "Constan\u021ba", "addr:housenumber": "58", "addr:postcode": "900573", "addr:street": "Strada Ion Vod\u0103", "amenity": "university", "name": "Facultatea de \u0218tiin\u021be Economice", "old_name": "\u0218coala nr. 26", "operator": "Universitatea Ovidius Constan\u021ba", "operator:type": "public"}}, {"type": "Feature", "geometry": {"type": "Point", "coordinates": [28.6508699, 44.1945298]}, "properties": {"addr:city": "Constan\u021ba", "addr:housenumber": "124", "addr:street": "Bulevardul Mamaia", "amenity": "university", "internet_access": "yes", "name": "Universitatea Ovidius", "operator": "Universitatea \u201eOvidius\u201d din Constan\u021ba", "operator:type": "public", "start_date": "1961", "website": "https://www.univ-ovidius.ro", "wheelchair": "limited", "wikidata": "Q3551473", "wikipedia": "ro:Universitatea \u201eOvidius\u201d din Constan\u021ba"}}, {"type": "Feature", "geometry": {"type": "Point", "coordinates": [22.9428717, 43.9966117]}, "properties": {"addr:city": "Calafat", "addr:postcode": "205200", "addr:street": "Strada Traian", "amenity": "college", "name": "Colegiul Tehnic \u0218tefan Milcu"}}, {"type": "Feature", "geometry": {"type": "Point", "coordinates": [27.8275953, 44.4098985]}, "properties": {"amenity": "college", "building": "school", "name": "Liceul Teoretic \"Carol I\" Fetesti", "website": "http://www.liceulteoreticcarolifetesti.ro/"}}, {"type": "Feature", "geometry": {"type": "Point", "coordinates": [28.0342325, 45.4268122]}, "properties": {"addr:city": "Gala\u021bi", "addr:housenumber": "161B", "addr:street": "Strada Br\u0103ilei", "amenity": "college", "education": "college", "name": "Colegiul Na\u021bional \u201eMihail Kog\u0103lniceanu\u201d", "wikidata": "Q12724350", "wikipedia": "ro:Colegiul Na\u021bional \u201eMihail Kog\u0103lniceanu\u201d din Gala\u021bi"}}, {"type": "Feature", "geometry": {"type": "Point", "coordinates": [22.8892603, 47.7962104]}, "properties": {"amenity": "college", "education": "college", "name": "Academia Comerciala"}}, {"type": "Feature", "geometry": {"type": "Point", "coordinates": [28.6215873, 44.2083173]}, "properties": {"addr:city": "Constan\u021ba", "addr:housenumber": "16", "addr:street": "Strada Ci\u0219melei", "amenity": "college", "name": "\u0218coala Postliceal\u0103 Hipocrate", "old_name": "Cre\u0219a nr. 8", "operator": "Dr. Doina Rogoveanu", "operator:type": "private", "website": "https://www.scoalapostlicealahipocrate.com/"}}, {"type": "Feature", "geometry": {"type": "Point", "coordinates": [27.9732202, 45.2692416]}, "properties": {"addr:city": "Br\u0103ila", "addr:postcode": "810003", "addr:street": "Strada Radu S.Campiniu", "amenity": "college", "building": "yes", "building:levels": "4"}}, {"type": "Feature", "geometry": {"type": "Point", "coordinates": [21.2304769, 45.7607158]}, "properties": {"amenity": "university", "education": "university", "name": "Universitatea de Vest din Timi\u0219oara - Zona Oituz", "operator": "Universitatea de Vest"}}, {"type": "Feature", "geometry": {"type": "Point", "coordinates": [24.4909884, 43.7823027]}, "properties": {"addr:city": "Corabia", "addr:street": "Strada Bucure\u0219ti", "amenity": "college", "name": "Colegiul Agricol Danubius"}}, {"type": "Feature", "geometry": {"type": "Point", "coordinates": [23.7985531, 44.3087098]}, "properties": {"addr:city": "Craiova", "addr:housenumber": "2", "addr:street": "Strada Petru Rare\u0219", "amenity": "university", "building": "yes", "name": "Universitatea de Medicin\u0103 \u0219i Farmacie din Craiova - Corp A Extindere", "website": "https://www.umfcv.ro/"}}, {"type": "Feature", "geometry": {"type": "Point", "coordinates": [26.05474, 44.4483942]}, "properties": {"addr:city": "Bucure\u0219ti", "addr:housenumber": "2", "addr:postcode": "060233", "addr:street": "Strada Chibzuin\u021bei", "amenity": "university", "name": "Campusul Studen\u021besc Belvedere", "operator": "Academia de Studii Economice", "source:addr:housenumber": "survey", "source:addr:street": "survey"}}, {"type": "Feature", "geometry": {"type": "Point", "coordinates": [26.0644589, 44.4432929]}, "properties": {"addr:city": "Bucure\u0219ti", "addr:housenumber": "204", "addr:postcode": "060021", "addr:street": "Splaiul Independen\u021bei", "amenity": "university", "name": "Campusul Studen\u021besc Groz\u0103ve\u0219ti", "operator": "Universitatea din Bucure\u0219ti, Universitatea de Medicin\u0103", "operator:type": "public", "source:addr:housenumber": "survey", "source:addr:street": "survey"}}, {"type": "Feature", "geometry": {"type": "Point", "coordinates": [26.1330587, 46.0026826]}, "properties": {"addr:city": "T\u00e2rgu Secuiesc", "addr:housenumber": "20", "addr:postcode": "525400", "addr:street": "Strada Ady Endre", "amenity": "college", "name": "Liceul Pedagogic \"Bod P\u00e9ter\"", "name:hu": "Bod P\u00e9ter Tan\u00edt\u00f3k\u00e9pz\u0151", "name:ro": "Liceul Pedagogic \"Bod P\u00e9ter\""}}, {"type": "Feature", "geometry": {"type": "Point", "coordinates": [26.0591682, 44.4402875]}, "properties": {"addr:city": "Bucure\u0219ti", "addr:housenumber": "1G", "addr:postcode": "060752", "addr:street": "Bulevardul Doina Cornea", "amenity": "university", "barrier": "fence", "email": "rectorat@ueb.ro", "name": "Universitatea Ecologic\u0103 din Bucure\u0219ti", "phone": "0213167932", "source:addr:housenumber": "survey", "source:addr:street": "survey", "website": "https://www.ueb.ro/"}}, {"type": "Feature", "geometry": {"type": "Point", "coordinates": [26.0569262, 44.4402652]}, "properties": {"addr:city": "Bucure\u0219ti", "addr:housenumber": "47", "addr:postcode": "060754", "addr:street": "Strada Economu Cez\u0103rescu", "amenity": "university", "barrier": "fence", "name": "Universitatea Artifex", "source:addr:housenumber": "survey", "source:addr:street": "survey"}}, {"type": "Feature", "geometry": {"type": "Point", "coordinates": [24.4968286, 47.1397778]}, "properties": {"amenity": "university", "name": "Universitatea Babe\u0219-Bolyai Bistri\u021ba"}}, {"type": "Feature", "geometry": {"type": "Point", "coordinates": [24.5980963, 46.5231926]}, "properties": {"amenity": "university", "education": "university"}}, {"type": "Feature", "geometry": {"type": "Point", "coordinates": [28.6524268, 44.1975119]}, "properties": {"addr:city": "Constan\u021ba", "addr:country": "RO", "addr:housenumber": "32-34", "addr:postcode": "900532", "addr:postcode:source": "Date de la Po\u0219ta Rom\u00e2n\u0103, publicate sub Licen\u021ba pentru Guvernare Deschis\u0103 v1.0 la http://date.gov.ro/organization/posta-romana", "addr:street": "Strada Unirii", "amenity": "university", "name": "Universitatea Spiru Haret", "website": "https://www.spiruharet.ro/"}}, {"type": "Feature", "geometry": {"type": "Point", "coordinates": [26.0802206, 44.4314689]}, "properties": {"addr:city": "Bucure\u0219ti", "addr:country": "RO", "addr:housenumber": "105", "addr:postcode": "050097", "addr:street": "Splaiul Independen\u021bei", "amenity": "university", "name": "Facultatea de Medicin\u0103 Veterinar\u0103", "name:de": "Fakult\u00e4t f\u00fcr Veterin\u00e4rmedizin", "name:en": "Faculty of Veterinary Medicine", "name:ro": "Facultatea de Medicin\u0103 Veterinar\u0103", "operator": "Universitatea de \u0218tiin\u021be Agronomice \u0219i Medicin\u0103 Veterinar\u0103", "operator:type": "public", "source:addr:housenumber": "survey", "source:addr:street": "survey"}}, {"type": "Feature", "geometry": {"type": "Point", "coordinates": [26.0835359, 44.4330498]}, "properties": {"addr:city": "Bucure\u0219ti", "addr:country": "RO", "addr:housenumber": "91-95", "addr:postcode": "050097", "addr:street": "Splaiul Independen\u021bei", "amenity": "university", "name": "Universitatea din Bucure\u0219ti - Facultatea de Biologie", "name:en": "Faculty of Biology", "name:ro": "Facultatea de Biologie", "operator": "Universitatea din Bucure\u0219ti"}}, {"type": "Feature", "geometry": {"type": "Point", "coordinates": [28.6412749, 44.1924817]}, "properties": {"addr:city": "Constan\u021ba", "addr:housenumber": "100", "addr:postcode": "900628", "addr:postcode:source": "Date de la Po\u0219ta Rom\u00e2n\u0103, publicate sub Licen\u021ba pentru Guvernare Deschis\u0103 v1.0 la http://date.gov.ro/organization/posta-romana", "addr:street": "Strada Petru Vulcan", "amenity": "university", "education": "university", "email": "fundatia_gaudeamus@yahoo.com", "name": "Universitatea Tomis", "old_name": "\u0218coala de Arte \u0219i Meserii Spiru Haret", "phone": "+40 241 558 700", "website": "http://www.univ-tomis.ro/"}}, {"type": "Feature", "geometry": {"type": "Point", "coordinates": [23.6075671, 46.7744484]}, "properties": {"access": "private", "addr:city": "Cluj-Napoca", "addr:country": "RO", "addr:housenumber": "71-73", "addr:postcode": "400689", "addr:street": "Calea Doroban\u021bilor", "amenity": "college", "barrier:personnel": "additional", "check_date": "2025-04-09", "name": "Laboratoare UTCN Doroban\u021bilor", "operator": "UTCN", "operator:type": "university", "supervised": "yes"}}, {"type": "Feature", "geometry": {"type": "Point", "coordinates": [23.626487, 46.7963271]}, "properties": {"access": "private", "amenity": "university", "barrier": "fence", "operator": "UTCN"}}, {"type": "Feature", "geometry": {"type": "Point", "coordinates": [25.5883732, 45.6446047]}, "properties": {"addr:city": "Bra\u0219ov", "addr:housenumber": "3", "addr:postcode": "500026", "addr:street": "Strada Dup\u0103 Ziduri", "amenity": "college", "name": "Colegiul Na\u021bional \u00c1prily Lajos", "name:hu": "\u00c1prily Lajos F\u0151gimn\u00e1zium", "website": "https://www.aprilyfogimnazium.ro/"}}, {"type": "Feature", "geometry": {"type": "Point", "coordinates": [26.0625522, 44.4307976]}, "properties": {"addr:city": "Bucure\u0219ti", "addr:country": "RO", "addr:housenumber": "90", "addr:postcode": "050663", "addr:street": "\u0218oseaua Panduri", "amenity": "university", "name": "Complexul Studen\u021besc Panduri", "operator": "Universitatea din Bucure\u0219ti", "source:addr:housenumber": "survey", "source:addr:street": "survey"}}, {"type": "Feature", "geometry": {"type": "Point", "coordinates": [26.0656951, 44.4295357]}, "properties": {"amenity": "university", "architect": "Duiliu Marcu", "fax": "+4021.319.48.66", "heritage": "2", "heritage:operator": "lmi", "name": "Universitatea Na\u021bional\u0103 de Ap\u0103rare \"Carol I\"", "phone": "+4021.319.48.80", "ref:RO:lmi": "B-II-m-A-19320", "start_date": "1939", "website": "https://www.unap.ro/", "wikidata": "Q5044391"}}, {"type": "Feature", "geometry": {"type": "Point", "coordinates": [26.1213779, 44.4621717]}, "properties": {"amenity": "university", "name": "Campusul Studen\u021besc Tei"}}, {"type": "Feature", "geometry": {"type": "Point", "coordinates": [26.124634, 44.4631509]}, "properties": {"addr:city": "Bucure\u0219ti", "addr:country": "RO", "addr:housenumber": "124", "addr:postcode": "020396", "addr:street": "Bulevardul Lacul Tei", "amenity": "university", "name": "Complexul Studen\u021besc Tei", "name:en": "Technical University of Civil Engineering Bucharest", "name:ro": "Universitatea Tehnic\u0103 de Construc\u021bii", "operator": "Universitatea Tehnic\u0103 de Construc\u021bii"}}, {"type": "Feature", "geometry": {"type": "Point", "coordinates": [25.5687998, 47.5263642]}, "properties": {"amenity": "college", "name": "Liceul Silvic"}}, {"type": "Feature", "geometry": {"type": "Point", "coordinates": [25.6092248, 47.5088327]}, "properties": {"addr:city": "C\u00e2mpulung Moldovenesc", "addr:housenumber": "6", "addr:postcode": "725100", "addr:street": "Strada Izvorul Malului", "amenity": "college", "email": "relatii.publice02480@forter.ro", "fax": "+40230313070", "name": "Colegiul Na\u021bional Militar \"\u0218tefan cel Mare\"", "phone": "+40230314931;+40230314932"}}, {"type": "Feature", "geometry": {"type": "Point", "coordinates": [26.3863036, 46.9220565]}, "properties": {"amenity": "college"}}, {"type": "Feature", "geometry": {"type": "Point", "coordinates": [26.097896, 44.4476192]}, "properties": {"addr:city": "Bucure\u0219ti", "addr:housenumber": "6", "addr:street": "Pia\u021ba Roman\u0103", "amenity": "university", "education": "university", "name": "Academia de Studii Economice", "name:en": "Academy of Economic Studies", "short_name": "ASE", "website": "https://www.ase.ro/"}}, {"type": "Feature", "geometry": {"type": "Point", "coordinates": [23.5974597, 46.7668155]}, "properties": {"addr:city": "Cluj-Napoca", "amenity": "university", "email": "office@sapientia.ro", "internet_access": "yes", "internet_access:fee": "customers", "name": "Universitatea Sapientia", "name:hu": "Sapientia Erd\u00e9lyi Magyar Tudom\u00e1nyegyetem", "name:ro": "Universitatea Sapientia", "website": "https://sapientia.ro/"}}, {"type": "Feature", "geometry": {"type": "Point", "coordinates": [23.5707976, 46.7600763]}, "properties": {"addr:city": "Cluj-Napoca", "addr:country": "RO", "addr:housenumber": "3-5", "addr:postcode": "400372", "addr:street": "Calea M\u0103n\u0103\u0219tur", "amenity": "university", "name": "Universitatea de \u0218tiin\u021be Agricole \u0219i Medicin\u0103 Veterinar\u0103", "phone": "+40 264 596 384", "website": "https://www.usamvcluj.ro/"}}, {"type": "Feature", "geometry": {"type": "Point", "coordinates": [23.5441439, 46.7578021]}, "properties": {"addr:city": "Cluj-Napoca", "addr:housenumber": "64", "addr:street": "Calea Flore\u0219ti", "amenity": "university", "check_date": "2024-04-13", "name": "Facultatea de \u0218tiin\u021ba \u0219i Tehnologia Alimentelor"}}, {"type": "Feature", "geometry": {"type": "Point", "coordinates": [23.5830644, 46.762045]}, "properties": {"amenity": "university", "name": "Universitatea de Medicin\u0103 \u0219i Farmacie Iuliu Ha\u021bieganu"}}, {"type": "Feature", "geometry": {"type": "Point", "coordinates": [23.585318, 46.7708133]}, "properties": {"addr:housenumber": "15", "addr:street": "Strada Constantin Daicoviciu", "alt_name": "Universitatea Tehnic\u0103 din Cluj-Napoca Facultatea de Construc\u021bii", "amenity": "university", "check_date": "2025-02-07", "name": "UTCN Facultatea de Construc\u021bii"}}, {"type": "Feature", "geometry": {"type": "Point", "coordinates": [24.2402504, 45.3427061]}, "properties": {"amenity": "college", "school": "high_school"}}, {"type": "Feature", "geometry": {"type": "Point", "coordinates": [27.9799106, 45.278166]}, "properties": {"amenity": "college", "building": "yes", "building:levels": "5", "name": "Centrul de Formare Profesional\u0103"}}, {"type": "Feature", "geometry": {"type": "Point", "coordinates": [24.860018, 44.8699018]}, "properties": {"addr:city": "Pite\u0219ti", "addr:street": "Calea Bascovului", "amenity": "university", "name": "Universitatea Constantin Br\u00e2ncoveanu", "phone": "+40 248212627", "website": "https://www.univcb.ro/"}}, {"type": "Feature", "geometry": {"type": "Point", "coordinates": [26.2438074, 47.6409628]}, "properties": {"amenity": "university", "education": "university", "name": "Universitatea \u0218tefan cel Mare", "website": "https://usv.ro/"}}, {"type": "Feature", "geometry": {"type": "Point", "coordinates": [25.4539554, 44.9432258]}, "properties": {"amenity": "university", "email": "rectorat@valahia.ro", "name": "Universitatea Valahia din Targoviste", "name:en": "Valahia University of Targoviste", "opening_hours": "Mo-Fr 08:00-20:00; Sa 08:00-16:00", "phone": "0040245206101", "website": "https://www.valahia.ro/"}}, {"type": "Feature", "geometry": {"type": "Point", "coordinates": [25.6120722, 45.6665295]}, "properties": {"addr:city": "Bra\u0219ov", "addr:housenumber": "3", "addr:street": "Strada Turnului", "amenity": "college", "name": "Colegiul Tehnic Mircea Cristea"}}, {"type": "Feature", "geometry": {"type": "Point", "coordinates": [26.0997578, 44.4363208]}, "properties": {"amenity": "university", "building": "yes", "education": "university", "name": "Universitatea de Arhitectur\u0103 \u0219i Urbanism Ion Mincu"}}, {"type": "Feature", "geometry": {"type": "Point", "coordinates": [26.0997879, 44.4358821]}, "properties": {"amenity": "university", "building": "yes", "education": "university"}}, {"type": "Feature", "geometry": {"type": "Point", "coordinates": [26.1005131, 44.4363776]}, "properties": {"amenity": "university", "building": "yes", "education": "university", "name": "Palatul Institutului de Arhitectur\u0103", "roof:levels": "2", "start_date": "1927"}}, {"type": "Feature", "geometry": {"type": "Point", "coordinates": [26.1007692, 44.4356211]}, "properties": {"addr:city": "Bucure\u0219ti", "addr:country": "RO", "addr:housenumber": "4-12", "addr:postcode": "030018", "addr:street": "Bulevardul Regina Elisabeta", "amenity": "university", "name": "Universitatea din Bucure\u0219ti", "name:de": "Universit\u00e4t Bukarest", "name:en": "University of Bucharest", "name:es": "Universidad de Bucarest", "name:fr": "Universit\u00e9 de Bucarest", "name:it": "Universit\u00e0 di Bucarest", "name:la": "Universitas Bucarestensis", "name:pt": "Universidade de Bucareste", "name:ro": "Universitatea din Bucure\u0219ti", "short_name": "UniBuc", "start_date": "1864", "website": "https://www.unibuc.ro/", "wikidata": "Q608338", "wikipedia": "en:University of Bucharest"}}, {"type": "Feature", "geometry": {"type": "Point", "coordinates": [21.9221363, 47.0434959]}, "properties": {"amenity": "university", "name": "Universitatea din Oradea, Campus B"}}, {"type": "Feature", "geometry": {"type": "Point", "coordinates": [25.5973883, 45.6552822]}, "properties": {"alt_name": "UNITBV - Complexul Colina", "amenity": "university", "name": "Universitatea Transilvania - Campus Colina Universit\u0103\u021bii", "website": "https://www.unitbv.ro/", "wikidata": "Q1475400", "wikipedia": "ro:Universitatea Transilvania din Bra\u0219ov"}}, {"type": "Feature", "geometry": {"type": "Point", "coordinates": [25.0659785, 45.2990871]}, "properties": {"addr:city": "C\u00e2mpulung", "addr:housenumber": "223", "addr:street": "Strada Traian", "amenity": "university", "building": "university", "building:levels": "4", "name": "Facultatea de \u015etiin\u0163e Economice C\u00e2mpulung a Universit\u0103\u0163ii \"Spiru Haret\"", "old_name": "Universitatea Spiru Haret - Facultatea de Contabilitate \u015fi Finan\u021be", "website": "https://se-ag.spiruharet.ro/"}}, {"type": "Feature", "geometry": {"type": "Point", "coordinates": [28.6127102, 44.2305463]}, "properties": {"amenity": "university", "name": "Sec\u021bia de preg\u0103tire marin\u0103reasc\u0103 \u0219i sporturi nautice Palazu Mare", "operator": "Academia Naval\u0103 Mircea cel B\u0103tr\u00e2n", "operator:type": "military", "ref": "Cazarma 3331", "short_name": "SEPREMAR"}}, {"type": "Feature", "geometry": {"type": "Point", "coordinates": [26.9149723, 46.5295474]}, "properties": {"amenity": "college"}}, {"type": "Feature", "geometry": {"type": "Point", "coordinates": [26.1144692, 44.4136774]}, "properties": {"amenity": "university", "building": "university", "name": "Universitatea Titu Maiorescu", "toilets:wheelchair": "yes", "wheelchair": "yes", "wikidata": "Q1475250", "wikipedia": "en:Titu Maiorescu University"}}, {"type": "Feature", "geometry": {"type": "Point", "coordinates": [23.6207838, 46.7731255]}, "properties": {"addr:city": "Cluj-Napoca", "addr:housenumber": "58-60", "addr:street": "Strada Teodor Mihali", "amenity": "university", "name": "UBB Facultatea de \u0218tiin\u021be Economice \u0219i Gestiunea Afacerilor (FSEGA)", "name:de": "BBU Wirtschaftswissenschaften und Unternehmensf\u00fchrung", "name:en": "BBU Economics and Business Administration", "name:hu": "BBTE K\u00f6zgazdas\u00e1g- \u00e9s Gazd\u00e1lkod\u00e1studom\u00e1nyi Kar", "operator": "Universitatea Babe\u0219-Bolyai", "operator:type": "public", "website": "https://econ.ubbcluj.ro/"}}, {"type": "Feature", "geometry": {"type": "Point", "coordinates": [23.620919, 46.7748562]}, "properties": {"amenity": "university"}}, {"type": "Feature", "geometry": {"type": "Point", "coordinates": [23.5852432, 46.7726444]}, "properties": {"addr:city": "Cluj-Napoca", "addr:housenumber": "26-28", "addr:street": "Strada George Bari\u021biu", "amenity": "university", "name": "UTCN Facultatea de Automatic\u0103 \u0219i Calculatoare", "operator": "Universitatea Tehnic\u0103 din Cluj-Napoca", "operator:type": "public", "website": "https://ac.utcluj.ro"}}, {"type": "Feature", "geometry": {"type": "Point", "coordinates": [23.5856911, 46.7719553]}, "properties": {"amenity": "university"}}, {"type": "Feature", "geometry": {"type": "Point", "coordinates": [23.6170691, 46.7764021]}, "properties": {"addr:city": "Cluj-Napoca", "addr:street": "Strada Episcop Nicolae Ivan", "amenity": "university", "name": "UBB Facultatea de Teologie Ortodox\u0103", "operator": "Universitatea Babe\u0219-Bolyai", "operator:type": "public", "wikidata": "Q67922886"}}, {"type": "Feature", "geometry": {"type": "Point", "coordinates": [26.0440848, 44.5292583]}, "properties": {"amenity": "college", "name": "Academia Na\u021bional\u0103 de Informa\u021bii", "name:en": "National Intelligence Academy", "wikidata": "Q18537218", "wikipedia": "ro:Academia Na\u021bional\u0103 de Informa\u021bii (Rom\u00e2nia)"}}, {"type": "Feature", "geometry": {"type": "Point", "coordinates": [25.7662677, 45.7189294]}, "properties": {"amenity": "college", "name": "Colegiul pentru Agricultur\u0103 \u0219i Industrie Alimentar\u0103 \"\u021aara B\u00e2rsei\""}}, {"type": "Feature", "geometry": {"type": "Point", "coordinates": [23.3744754, 44.6817839]}, "properties": {"addr:city": "Turceni", "addr:housenumber": "1", "addr:street": "Strada Culturii", "amenity": "college", "name": "Liceul Tehnologic Turceni"}}, {"type": "Feature", "geometry": {"type": "Point", "coordinates": [23.3752799, 44.6820359]}, "properties": {"addr:city": "Turceni", "addr:housenumber": "1", "addr:street": "Strada Culturii", "amenity": "college", "name": "Liceul Tehnologic Turceni"}}, {"type": "Feature", "geometry": {"type": "Point", "coordinates": [26.0590485, 44.4739857]}, "properties": {"addr:city": "Bucure\u0219ti", "addr:housenumber": "30A", "addr:postcode": "012244", "addr:street": "Bulevardul Expozi\u021biei", "amenity": "university", "barrier": "fence", "name": "SNSPA", "phone": "+40372 249 771", "website": "https://snspa.ro/"}}, {"type": "Feature", "geometry": {"type": "Point", "coordinates": [21.2344473, 45.7241683]}, "properties": {"amenity": "university", "name": "Institutul de Cercet\u0103ri pentru Energii Regenerabile"}}, {"type": "Feature", "geometry": {"type": "Point", "coordinates": [24.1762065, 47.1768526]}, "properties": {"amenity": "college", "name": "Colegiul Na\u021bional Petru Rare\u0219"}}, {"type": "Feature", "geometry": {"type": "Point", "coordinates": [23.2057627, 45.3439439]}, "properties": {"amenity": "college"}}, {"type": "Feature", "geometry": {"type": "Point", "coordinates": [23.206142, 45.3441248]}, "properties": {"amenity": "college", "name": "Grupul \u015ecolar Industrial Minier Lupeni"}}, {"type": "Feature", "geometry": {"type": "Point", "coordinates": [23.2065237, 45.3443077]}, "properties": {"amenity": "college"}}, {"type": "Feature", "geometry": {"type": "Point", "coordinates": [23.2053478, 45.3442656]}, "properties": {"amenity": "college", "name": "Sindicatul \u00cenv\u0103\u0163\u0103m\u00e2ntului Preuniversitar"}}, {"type": "Feature", "geometry": {"type": "Point", "coordinates": [23.205026, 45.3446378]}, "properties": {"amenity": "college"}}, {"type": "Feature", "geometry": {"type": "Point", "coordinates": [23.205148, 45.3444864]}, "properties": {"amenity": "college"}}, {"type": "Feature", "geometry": {"type": "Point", "coordinates": [23.2051619, 45.3447124]}, "properties": {"amenity": "college"}}, {"type": "Feature", "geometry": {"type": "Point", "coordinates": [23.205534, 45.344884]}, "properties": {"amenity": "college"}}, {"type": "Feature", "geometry": {"type": "Point", "coordinates": [23.2059329, 45.3450586]}, "properties": {"amenity": "college"}}, {"type": "Feature", "geometry": {"type": "Point", "coordinates": [23.2060927, 45.3451414]}, "properties": {"amenity": "college"}}, {"type": "Feature", "geometry": {"type": "Point", "coordinates": [23.6185518, 46.7795622]}, "properties": {"addr:city": "Cluj-Napoca", "addr:housenumber": "17-19", "addr:street": "Strada Aurel Vlaicu", "amenity": "university", "name": "Universitatea de Art\u0103 \u0219i Design"}}, {"type": "Feature", "geometry": {"type": "Point", "coordinates": [23.5700814, 45.9523325]}, "properties": {"amenity": "college", "building": "yes", "name": "Corpul A", "name:en": "Building A", "ref": "A"}}, {"type": "Feature", "geometry": {"type": "Point", "coordinates": [23.5700981, 45.9606307]}, "properties": {"amenity": "college", "building": "yes"}}, {"type": "Feature", "geometry": {"type": "Point", "coordinates": [27.1868597, 45.6993317]}, "properties": {"addr:city": "Foc\u0219ani", "addr:housenumber": "71", "addr:street": "Strada Republicii", "amenity": "university", "architect": "Daniel Renard", "building": "yes", "heritage": "2", "heritage:operator": "lmi", "ref:RO:lmi": "VN-II-m-A-06461", "start_date": "1926"}}, {"type": "Feature", "geometry": {"type": "Point", "coordinates": [25.895553, 47.5547657]}, "properties": {"addr:city": "Gura Humorului", "amenity": "college", "building": "yes"}}, {"type": "Feature", "geometry": {"type": "Point", "coordinates": [25.8957553, 47.5548058]}, "properties": {"addr:city": "Gura Humorului", "amenity": "college", "building": "yes"}}, {"type": "Feature", "geometry": {"type": "Point", "coordinates": [25.8958478, 47.554992]}, "properties": {"addr:city": "Gura Humorului", "amenity": "college", "building": "yes"}}, {"type": "Feature", "geometry": {"type": "Point", "coordinates": [25.8994427, 47.5534069]}, "properties": {"amenity": "college", "building": "yes"}}, {"type": "Feature", "geometry": {"type": "Point", "coordinates": [25.8996244, 47.5531496]}, "properties": {"amenity": "college", "building": "yes", "name": "Colegiul \"Alexandru cel Bun\"", "website": "https://alexandrucelbun.ro/"}}, {"type": "Feature", "geometry": {"type": "Point", "coordinates": [25.8998148, 47.5535757]}, "properties": {"amenity": "college", "building": "yes"}}, {"type": "Feature", "geometry": {"type": "Point", "coordinates": [25.8992286, 47.5538562]}, "properties": {"amenity": "college", "building": "yes"}}, {"type": "Feature", "geometry": {"type": "Point", "coordinates": [25.8997435, 47.554226]}, "properties": {"amenity": "college", "building": "yes"}}, {"type": "Feature", "geometry": {"type": "Point", "coordinates": [25.8999199, 47.5538846]}, "properties": {"amenity": "college", "building": "yes"}}, {"type": "Feature", "geometry": {"type": "Point", "coordinates": [23.59697, 46.0948128]}, "properties": {"amenity": "university", "name": "Extensia Universitar\u0103 Alba Iulia a Universit\u0103\u021bii Tehnice din Cluj-Napoca"}}, {"type": "Feature", "geometry": {"type": "Point", "coordinates": [23.2746306, 45.0383214]}, "properties": {"amenity": "university", "building": "school", "name": "Facultatea de Inginerie"}}, {"type": "Feature", "geometry": {"type": "Point", "coordinates": [26.1684279, 44.4383876]}, "properties": {"amenity": "university", "name": "Facultatea de Pompieri"}}, {"type": "Feature", "geometry": {"type": "Point", "coordinates": [26.1002131, 44.4417974]}, "properties": {"amenity": "university", "name": "Universitatea din Bucure\u0219ti - Facultatea de Limbi \u0219i Literaturi Str\u0103ine"}}, {"type": "Feature", "geometry": {"type": "Point", "coordinates": [26.1051315, 44.461379]}, "properties": {"amenity": "university", "name": "Universitatea Athenaeum"}}, {"type": "Feature", "geometry": {"type": "Point", "coordinates": [26.1261271, 44.4394689]}, "properties": {"amenity": "university", "check_date": "2025-10-04", "education": "university", "name": "Universitatea Tehnic\u0103 de Construc\u021bii Bucure\u0219ti - Facultatea de Inginerie a Instala\u021biilor"}}, {"type": "Feature", "geometry": {"type": "Point", "coordinates": [26.135551, 44.4194707]}, "properties": {"amenity": "college", "education": "college", "name": "Colegiul Tehnic \"Mihai Bravu\""}}, {"type": "Feature", "geometry": {"type": "Point", "coordinates": [26.0804809, 44.4351976]}, "properties": {"amenity": "university", "name": "C\u0103min Mihail Kog\u0103lniceanu"}}, {"type": "Feature", "geometry": {"type": "Point", "coordinates": [26.0821264, 44.4354105]}, "properties": {"amenity": "university", "name": "Universitatea din Bucure\u0219ti"}}, {"type": "Feature", "geometry": {"type": "Point", "coordinates": [26.0654118, 44.4419525]}, "properties": {"amenity": "university", "name": "Facultatea de Filosofie", "operator": "Universitatea din Bucure\u0219ti"}}, {"type": "Feature", "geometry": {"type": "Point", "coordinates": [26.0807625, 44.436348]}, "properties": {"amenity": "university", "name": "Universitatea din Bucure\u0219ti"}}, {"type": "Feature", "geometry": {"type": "Point", "coordinates": [26.0821554, 44.4364881]}, "properties": {"amenity": "university", "name": "Universitatea Tehnic\u0103 de Construc\u021bii Bucure\u0219ti"}}, {"type": "Feature", "geometry": {"type": "Point", "coordinates": [26.1594259, 44.4630403]}, "properties": {"amenity": "university", "name": "Complexul Studen\u021besc Fundeni", "operator": "Universitatea din Bucure\u0219ti, C.N.\"V.B.\""}}, {"type": "Feature", "geometry": {"type": "Point", "coordinates": [24.8674162, 44.8539294]}, "properties": {"amenity": "university", "name": "Universitatea din Pite\u0219ti"}}, {"type": "Feature", "geometry": {"type": "Point", "coordinates": [26.0873749, 44.4455222]}, "properties": {"addr:city": "Bucure\u0219ti", "amenity": "university", "name": "Complexul Studen\u021besc Moxa", "operator": "Academia de Studii Economice, Universitatea Na\u021bional\u0103 de Arte"}}, {"type": "Feature", "geometry": {"type": "Point", "coordinates": [26.0923254, 44.4427604]}, "properties": {"amenity": "university"}}, {"type": "Feature", "geometry": {"type": "Point", "coordinates": [25.6141472, 45.6824283]}, "properties": {"amenity": "college", "name": "\u0218coala Profesional\u0103 German\u0103 Kronstadt"}}, {"type": "Feature", "geometry": {"type": "Point", "coordinates": [21.2726621, 45.7631862]}, "properties": {"amenity": "university", "name": "Fosta Facultate de Hidrotehnic\u0103", "operator": "Universitatea Politehnica Timi\u0219oara"}}, {"type": "Feature", "geometry": {"type": "Point", "coordinates": [23.587289, 46.7736422]}, "properties": {"addr:city": "Cluj-Napoca", "addr:housenumber": "4-6", "addr:street": "Strada George Bari\u021biu", "amenity": "university", "name": "Hub UTCN"}}, {"type": "Feature", "geometry": {"type": "Point", "coordinates": [21.2059577, 45.7588287]}, "properties": {"amenity": "university", "barrier": "fence", "name": "Facultatea de Teologie", "operator": "Universitatea de Vest"}}, {"type": "Feature", "geometry": {"type": "Point", "coordinates": [23.5823172, 46.7705345]}, "properties": {"addr:city": "Cluj-Napoca", "addr:country": "RO", "addr:housenumber": "11", "addr:postcode": "400028", "addr:street": "Strada Arany J\u00e1nos", "amenity": "university", "name": "UBB Facultatea de Chimie \u0219i Inginerie Chimic\u0103", "name:de": "BBU Chemie und Chemieingenieurwesen", "name:en": "BBU Chemistry and Chemical Engineering", "name:hu": "BBTE K\u00e9mia \u00e9s Vegy\u00e9szm\u00e9rn\u00f6ki Kar", "operator": "Universitatea Babe\u0219-Bolyai", "website": "https://chem.ubbcluj.ro/"}}, {"type": "Feature", "geometry": {"type": "Point", "coordinates": [24.8712498, 43.7474239]}, "properties": {"addr:city": "Turnu M\u0103gurele", "addr:housenumber": "11", "addr:postcode": "145200", "addr:street": "Strada Oituz", "amenity": "college", "name": "Liceul Tehnologic \u201eSf\u00e2ntul Haralambie\u201d", "website": "http://lthara.weebly.com/"}}, {"type": "Feature", "geometry": {"type": "Point", "coordinates": [21.2187234, 45.7498327]}, "properties": {"amenity": "university"}}, {"type": "Feature", "geometry": {"type": "Point", "coordinates": [26.6472183, 44.7112566]}, "properties": {"amenity": "college", "name": "Liceul Teoretic \u201eGrigore Moisil\u201d Urziceni"}}, {"type": "Feature", "geometry": {"type": "Point", "coordinates": [24.1501642, 45.7120655]}, "properties": {"addr:city": "Cisn\u0103die", "amenity": "college", "building": "yes", "name": "Liceul Gustav Gundisch"}}, {"type": "Feature", "geometry": {"type": "Point", "coordinates": [25.6092247, 45.6542056]}, "properties": {"amenity": "college", "name": "Liceul Doctor Ioan Me\u0219ot\u0103"}}, {"type": "Feature", "geometry": {"type": "Point", "coordinates": [25.5844539, 45.6385298]}, "properties": {"amenity": "college", "name": "Colegiul Na\u021bional \"Andrei \u0218aguna\""}}, {"type": "Feature", "geometry": {"type": "Point", "coordinates": [24.1433649, 45.7935397]}, "properties": {"addr:city": "Sibiu", "addr:housenumber": "4", "addr:street": "Strada Dealului", "amenity": "college", "building": "yes", "email": "colegiulcibinium@yahoo.com", "name": "Colegiul Tehnic Cibinium", "phone": "0040 269 211547", "website": "https://colegiulcibinium.ro/"}}, {"type": "Feature", "geometry": {"type": "Point", "coordinates": [24.1433153, 45.7929209]}, "properties": {"addr:city": "Sibiu", "addr:housenumber": "6", "addr:street": "Strada Dealului", "amenity": "university", "building": "yes", "name": "Facultatea de Conservare \u0219i Restaurare a UAUIM", "website": "https://www.uauim.ro/"}}, {"type": "Feature", "geometry": {"type": "Point", "coordinates": [24.1430449, 45.792664]}, "properties": {"amenity": "college", "building": "yes", "name": "Liceul Teoretic \"Constantin Noica\""}}, {"type": "Feature", "geometry": {"type": "Point", "coordinates": [26.1415572, 44.4665741]}, "properties": {"amenity": "university", "name": "Universitatea de Construc\u021bii Bucure\u0219ti"}}, {"type": "Feature", "geometry": {"type": "Point", "coordinates": [26.1254635, 44.4265341]}, "properties": {"amenity": "university", "name": "UNATC"}}, {"type": "Feature", "geometry": {"type": "Point", "coordinates": [26.1215122, 44.4602653]}, "properties": {"amenity": "university"}}, {"type": "Feature", "geometry": {"type": "Point", "coordinates": [28.2655473, 44.2603388]}, "properties": {"amenity": "college", "building": "yes", "name": "Colegiul Tehnic \u201eNicolae Titulescu\u201d"}}, {"type": "Feature", "geometry": {"type": "Point", "coordinates": [28.295878, 44.2428691]}, "properties": {"amenity": "college", "building": "yes"}}, {"type": "Feature", "geometry": {"type": "Point", "coordinates": [28.2961196, 44.2428648]}, "properties": {"amenity": "college", "building": "yes"}}, {"type": "Feature", "geometry": {"type": "Point", "coordinates": [28.2950928, 44.2429774]}, "properties": {"amenity": "college", "building": "yes"}}, {"type": "Feature", "geometry": {"type": "Point", "coordinates": [28.2954959, 44.2430435]}, "properties": {"addr:city": "Medgidia", "addr:housenumber": "1B", "addr:street": "Strada Poporului", "amenity": "college", "building": "yes", "email": "dragomir.hurmuzescu@yahoo.ro", "name": "Liceul Tehnologic \u201eDragomir Hurmuzescu\u201d", "phone": "+40 341420101", "website": "https://www.dragomirhurmuzescu.ro/"}}, {"type": "Feature", "geometry": {"type": "Point", "coordinates": [28.2958334, 44.2432689]}, "properties": {"amenity": "college", "building": "yes"}}, {"type": "Feature", "geometry": {"type": "Point", "coordinates": [21.2299341, 45.7611026]}, "properties": {"amenity": "university", "education": "university"}}, {"type": "Feature", "geometry": {"type": "Point", "coordinates": [22.899968, 45.7531392]}, "properties": {"addr:city": "Hunedoara", "amenity": "university", "building": "yes", "height": "13", "name": "Facultatea de Inginerie"}}, {"type": "Feature", "geometry": {"type": "Point", "coordinates": [22.9042738, 45.7507087]}, "properties": {"amenity": "college", "building": "yes", "height": "15", "name": "Colegiul Na\u021bional Iancu de Hunedoara"}}, {"type": "Feature", "geometry": {"type": "Point", "coordinates": [26.2970106, 47.4617473]}, "properties": {"amenity": "college"}}, {"type": "Feature", "geometry": {"type": "Point", "coordinates": [21.9407973, 47.05861]}, "properties": {"addr:city": "Oradea", "addr:housenumber": "26", "addr:postcode": "410057", "addr:street": "Strada General Gheorghe Magheru", "amenity": "university", "name": "Faculty of Environmental Protection"}}, {"type": "Feature", "geometry": {"type": "Point", "coordinates": [22.6622847, 45.9337623]}, "properties": {"addr:city": "Ilia", "addr:postcode": "337270", "addr:street": "Strada Tudor Vladimirescu", "amenity": "college", "name": "Liceul Teoretic ,,Silviu Dragomir'' Ilia"}}, {"type": "Feature", "geometry": {"type": "Point", "coordinates": [21.3243012, 46.1779535]}, "properties": {"amenity": "university", "leisure": "sports_centre", "name": "Universitatea de Vest Vasile Goldi\u0219 - Facultatea de Educa\u021bie Fizic\u0103 \u0219i Sport"}}, {"type": "Feature", "geometry": {"type": "Point", "coordinates": [27.5847856, 47.1684426]}, "properties": {"amenity": "university", "name": "Universitatea de Medicina si Farmacie Grigore T. Popa"}}, {"type": "Feature", "geometry": {"type": "Point", "coordinates": [26.907592, 46.5555303]}, "properties": {"addr:city": "Bac\u0103u", "addr:housenumber": "8", "addr:postcode": "600114", "addr:street": "Strada Spiru Haret", "amenity": "university", "name": "Universitatea  \u201eVasile Alecsandri\" Bac\u0103u - Campusul Spiru Haret", "name:en": "\"Vasile Alecsandri\" University  of Bac\u0103u - Spiru Haret Campus", "operator": "University \"Vasile Alecsandri\" of Bac\u0103u - Spiru Haret Campus", "operator:type": "government", "website": "https://www.ub.ro", "wikidata": "Q495258", "wikipedia": "en:Vasile Alecsandri University of Bac\u0103u"}}, {"type": "Feature", "geometry": {"type": "Point", "coordinates": [26.1150429, 44.414485]}, "properties": {"amenity": "university"}}, {"type": "Feature", "geometry": {"type": "Point", "coordinates": [26.086258, 44.4129622]}, "properties": {"addr:city": "Bucure\u0219ti", "addr:housenumber": "38", "addr:street": "\u0218oseaua Viilor", "amenity": "college", "name": "Colegiul Economic Viilor"}}, {"type": "Feature", "geometry": {"type": "Point", "coordinates": [26.1039604, 44.3984284]}, "properties": {"amenity": "university", "name": "C\u0103min Stoian Militaru"}}, {"type": "Feature", "geometry": {"type": "Point", "coordinates": [24.868437, 43.744434]}, "properties": {"amenity": "college", "name": "Colegiul Na\u021bional Unirea"}}, {"type": "Feature", "geometry": {"type": "Point", "coordinates": [23.5708363, 47.6553816]}, "properties": {"addr:city": "Baia Mare", "addr:housenumber": "9", "addr:postcode": "430282", "addr:street": "Strada Culturii", "alt_name": "Liceul 4", "amenity": "college", "name": "Colegiul Tehnic George Bari\u021biu"}}, {"type": "Feature", "geometry": {"type": "Point", "coordinates": [23.5730841, 47.6527223]}, "properties": {"amenity": "college", "name": "Colegiul Economic Nicolae Titulescu"}}, {"type": "Feature", "geometry": {"type": "Point", "coordinates": [24.8919683, 44.8418252]}, "properties": {"amenity": "university", "education": "university", "name": "Universitatea din Pite\u0219ti Corp B"}}, {"type": "Feature", "geometry": {"type": "Point", "coordinates": [21.7697765, 45.3783734]}, "properties": {"addr:housenumber": "4", "addr:postcode": "325300", "addr:street": "Strada Tata Oancea", "amenity": "college", "name": "Liceul Teoretic Tata Oancea"}}, {"type": "Feature", "geometry": {"type": "Point", "coordinates": [28.592396, 44.8537716]}, "properties": {"addr:city": "Slava Rus\u0103", "addr:street": "Strada Morii", "amenity": "university", "building": "yes", "internet_access": "yes", "name": "Archeological student base", "operator": "ICEM Tulcea, University AI Cuza", "website": "https://www.arheologie-ibida.eu/"}}, {"type": "Feature", "geometry": {"type": "Point", "coordinates": [26.1016324, 44.3805559]}, "properties": {"addr:city": "Bucure\u0219ti", "amenity": "college", "building": "yes", "building:colour": "#fffaf0", "building:levels": "2", "education": "college", "height": "10", "name": "\u0218coala nr. 36 Ionel Teodoreanu", "roof:colour": "#c0c0c0"}}, {"type": "Feature", "geometry": {"type": "Point", "coordinates": [26.1055877, 44.3822007]}, "properties": {"addr:city": "Bucure\u0219ti", "amenity": "college", "building": "yes", "building:colour": "#ffdab9", "education": "college", "height": "10", "name": "\u0218coala Gimnazial\u0103 nr. 99", "roof:colour": "#c0c0c0"}}, {"type": "Feature", "geometry": {"type": "Point", "coordinates": [26.1058228, 44.3823264]}, "properties": {"addr:city": "Bucure\u0219ti", "amenity": "college", "building": "yes", "building:colour": "#ffdab9", "education": "college", "height": "10", "roof:colour": "#c0c0c0"}}, {"type": "Feature", "geometry": {"type": "Point", "coordinates": [26.1057853, 44.3819801]}, "properties": {"addr:city": "Bucure\u0219ti", "amenity": "college", "building": "yes", "building:colour": "#ffdab9", "education": "college", "height": "10", "roof:colour": "#c0c0c0"}}, {"type": "Feature", "geometry": {"type": "Point", "coordinates": [26.1016185, 44.3878366]}, "properties": {"addr:city": "Bucure\u0219ti", "amenity": "college", "building": "yes", "building:colour": "#ffdab9", "education": "college", "height": "10", "roof:colour": "#c0c0c0"}}, {"type": "Feature", "geometry": {"type": "Point", "coordinates": [26.1015802, 44.3876333]}, "properties": {"addr:city": "Bucure\u0219ti", "addr:housenumber": "6", "addr:postcode": "040874", "addr:street": "Strada Arge\u0219elu", "amenity": "college", "building": "school", "building:colour": "#ffdab9", "education": "college", "height": "10", "name": "\u0218coala Gimnazial\u0103 nr. 110 \"George Top\u00e2rceanu\"", "roof:colour": "#c0c0c0"}}, {"type": "Feature", "geometry": {"type": "Point", "coordinates": [26.1019178, 44.3875759]}, "properties": {"addr:city": "Bucure\u0219ti", "amenity": "college", "building": "yes", "building:colour": "#ffdab9", "education": "college", "height": "10", "roof:colour": "#c0c0c0"}}, {"type": "Feature", "geometry": {"type": "Point", "coordinates": [26.0969586, 44.3857824]}, "properties": {"addr:city": "Bucure\u0219ti", "addr:street": "Strada R\u00e2ul \u0218oimului", "amenity": "college", "building": "yes", "building:colour": "#ffdab9", "education": "college", "height": "12", "name": "\u0218coala nr. 308", "roof:colour": "#c0c0c0"}}, {"type": "Feature", "geometry": {"type": "Point", "coordinates": [26.0949447, 44.3885545]}, "properties": {"addr:city": "Bucure\u0219ti", "amenity": "college", "building": "yes", "name": "\u0218coala General\u0103 Nr. 109 \u0218erban Vod\u0103"}}, {"type": "Feature", "geometry": {"type": "Point", "coordinates": [26.0993533, 44.3958648]}, "properties": {"addr:city": "Bucure\u0219ti", "addr:housenumber": "72", "addr:street": "Strada Stoian Militaru", "amenity": "college", "building": "yes", "building:colour": "#e9967a", "education": "college", "email": "scoalagimnazialageorgebacovia@gmail.com", "height": "12", "name": "\u0218coala Gimnazial\u0103 George Bacovia", "phone": "021/3323396", "roof:height": "2", "roof:material": "roof_tiles", "roof:shape": "hipped", "website": "https://www.scoalabacoviabucuresti.ro/"}}, {"type": "Feature", "geometry": {"type": "Point", "coordinates": [25.6035788, 45.659111]}, "properties": {"addr:city": "Bra\u0219ov", "addr:housenumber": "6", "addr:postcode": "500189", "addr:postcode:source": "Date de la Po\u0219ta Rom\u00e2n\u0103, publicate sub Licen\u021ba pentru Guvernare Deschis\u0103 v1.0 la http://date.gov.ro/organization/posta-romana", "addr:street": "Strada Armoniei", "amenity": "college", "education": "college", "name": "Colegiul Emil Racovi\u021b\u0103"}}, {"type": "Feature", "geometry": {"type": "Point", "coordinates": [26.1506593, 44.4770383]}, "properties": {"addr:city": "Bucure\u0219ti", "addr:housenumber": "27", "addr:street": "Strada Peri\u0219", "amenity": "college", "building": "yes", "building:colour": "#ffebcd", "education": "college", "email": "scoalanr40buc@yahoo.com", "height": "7", "name": "\u0218coala Gimnazial\u0103 nr.40", "phone": "021 240 65 45", "roof:height": "3", "roof:material": "roof_tiles", "roof:shape": "hipped", "website": "https://scoala40.ro/"}}, {"type": "Feature", "geometry": {"type": "Point", "coordinates": [26.1504791, 44.4774608]}, "properties": {"addr:city": "Bucure\u0219ti", "addr:housenumber": "27", "addr:street": "Strada Peri\u0219", "amenity": "college", "building": "yes", "building:colour": "#ffebcd", "education": "college", "email": "scoalanr40buc@yahoo.com", "height": "7", "name": "\u0218coala Gimnazial\u0103 nr.40", "phone": "021 240 65 45", "roof:colour": "#a9a9a9", "website": "https://scoala40.ro/"}}, {"type": "Feature", "geometry": {"type": "Point", "coordinates": [26.1180408, 44.4291653]}, "properties": {"addr:city": "Bucure\u0219ti", "addr:housenumber": "23", "addr:street": "Strada Vulturilor", "amenity": "college", "building": "office", "building:levels": "5", "education": "college", "name": "Institutul Na\u021bional Pentru Preg\u0103tirea \u0218i Perfec\u021bionarea Avoca\u021bilor", "operator": "Baroul Bucure\u0219ti", "website": "https://inppa.ro/"}}, {"type": "Feature", "geometry": {"type": "Point", "coordinates": [26.0817561, 44.454306]}, "properties": {"addr:city": "Bucure\u0219ti", "addr:street": "Bulevardul Ion Mihalache", "amenity": "college", "building": "yes", "education": "college", "email": "contactcmebucuresti@gmail.com", "name": "Consiliul Municipal al Elevilor", "phone": "+40 756 539 644", "website": "https://cme-bucuresti.ro/"}}]}