{"type": "FeatureCollection", "features": [{"type": "Feature", "geometry": {"type": "Point", "coordinates": [24.783871, 46.2207744]}, "properties": {"amenity": "hospital", "created_by": "Potlatch 0.10f", "name": "Spitalul Municipal"}}, {"type": "Feature", "geometry": {"type": "Point", "coordinates": [28.0235885, 45.4313362]}, "properties": {"amenity": "hospital", "emergency": "yes", "name": "Spitalul de pediatrie \"Sf\u00e2ntul Ioan\"", "source": "survey"}}, {"type": "Feature", "geometry": {"type": "Point", "coordinates": [22.9070091, 45.7502831]}, "properties": {"addr:city": "Hunedoara", "addr:housenumber": "19", "addr:street": "Strada Victoriei", "amenity": "clinic", "healthcare": "clinic", "name": "Ambulatoriul de Specialitate", "operator": "Spitalul Municipal Dr. Alexandru Simionescu Hunedoara"}}, {"type": "Feature", "geometry": {"type": "Point", "coordinates": [22.9088614, 45.7488436]}, "properties": {"amenity": "hospital", "name": "Sec\u021bia de Boli Infec\u021bioase", "operator": "Spitalul Municipal Dr. Alexandru Simionescu Hunedoara"}}, {"type": "Feature", "geometry": {"type": "Point", "coordinates": [25.6170943, 45.6495818]}, "properties": {"amenity": "hospital", "check_date": "2024-10-02", "emergency": "no", "healthcare": "hospital", "name": "Spitalul Astra"}}, {"type": "Feature", "geometry": {"type": "Point", "coordinates": [25.6001061, 45.6437191]}, "properties": {"amenity": "hospital", "check_date": "2025-09-25", "emergency": "yes", "healthcare": "hospital", "name": "Spitalul Militar"}}, {"type": "Feature", "geometry": {"type": "Point", "coordinates": [23.0146918, 45.8480155]}, "properties": {"amenity": "hospital", "name": "Spitalul CFR"}}, {"type": "Feature", "geometry": {"type": "Point", "coordinates": [22.7910319, 46.1265851]}, "properties": {"amenity": "hospital", "name": "Spitalul Or\u0103\u0219enesc"}}, {"type": "Feature", "geometry": {"type": "Point", "coordinates": [24.4929433, 47.1260309]}, "properties": {"amenity": "hospital", "name": "Spitalul de Boli Infec\u021bioase"}}, {"type": "Feature", "geometry": {"type": "Point", "coordinates": [24.4880897, 47.1314845]}, "properties": {"amenity": "hospital", "name": "Policlinica Bistri\u021ba"}}, {"type": "Feature", "geometry": {"type": "Point", "coordinates": [25.5927496, 45.6473487]}, "properties": {"amenity": "hospital", "check_date": "2024-10-02", "name": "Spitalul de Neuro-Psihiatrie"}}, {"type": "Feature", "geometry": {"type": "Point", "coordinates": [25.587008, 45.656751]}, "properties": {"addr:housenumber": "45", "addr:street": "Strada Nicopole", "alt_name": "Spitalul Clinic de Urgenta pentru Copii", "amenity": "hospital", "healthcare": "hospital", "name": "Spitalul Clinic de Copii", "name:en": "Children Hospital"}}, {"type": "Feature", "geometry": {"type": "Point", "coordinates": [25.5987234, 45.6515541]}, "properties": {"amenity": "hospital", "healthcare": "hospital", "name": "Centrul de Transfuzie Sanguin\u0103"}}, {"type": "Feature", "geometry": {"type": "Point", "coordinates": [28.0619055, 45.439169]}, "properties": {"amenity": "hospital", "healthcare": "hospital", "name": "Spitalul CFR"}}, {"type": "Feature", "geometry": {"type": "Point", "coordinates": [25.5771093, 45.6458376]}, "properties": {"addr:city": "Bra\u0219ov", "addr:housenumber": "4", "addr:postcode": "500193", "addr:street": "Strada Gusztav Kollar", "amenity": "hospital", "name": "Spitalul Clinic de Pneumoftiziologie, Pavilion IV adul\u021bi"}}, {"type": "Feature", "geometry": {"type": "Point", "coordinates": [25.5372392, 45.1673009]}, "properties": {"amenity": "hospital", "ele": "587.0", "name": "Dispensar"}}, {"type": "Feature", "geometry": {"type": "Point", "coordinates": [23.271195, 45.0325306]}, "properties": {"amenity": "hospital", "emergency": "yes", "name": "Spitalul Municipal"}}, {"type": "Feature", "geometry": {"type": "Point", "coordinates": [25.6365631, 45.6356997]}, "properties": {"amenity": "hospital", "check_date": "2025-10-20", "healthcare": "hospital", "name": "Dispensar Medical de Adul\u021bi Nr. 17"}}, {"type": "Feature", "geometry": {"type": "Point", "coordinates": [21.3103144, 46.1903274]}, "properties": {"addr:city": "Arad", "addr:housenumber": "39-41", "addr:postcode": "310158", "addr:street": "Calea Victoriei", "amenity": "hospital", "healthcare": "hospital", "healthcare:speciality": "internal", "name": "Dispensarul TBC", "operator": "Ministerul S\u0103n\u0103t\u0103\u021bii"}}, {"type": "Feature", "geometry": {"type": "Point", "coordinates": [23.5856202, 46.7776962]}, "properties": {"addr:city": "Cluj-Napoca", "addr:street": "Strada Cri\u0219an", "amenity": "hospital", "healthcare": "hospital", "name": "Pediatrie 2"}}, {"type": "Feature", "geometry": {"type": "Point", "coordinates": [24.4882513, 47.129225]}, "properties": {"amenity": "clinic", "healthcare": "clinic", "name": "Spital de B\u0103tr\u00e2ni"}}, {"type": "Feature", "geometry": {"type": "Point", "coordinates": [24.5133729, 47.1381771]}, "properties": {"amenity": "hospital", "healthcare": "hospital"}}, {"type": "Feature", "geometry": {"type": "Point", "coordinates": [26.8011952, 45.150578]}, "properties": {"addr:city": "Buz\u0103u", "addr:housenumber": "7", "addr:postcode": "120140", "addr:street": "Bulevardul Stadionului", "amenity": "hospital", "name": "Spitalul Jude\u021bean De Urgen\u021b\u0103 Buz\u0103u", "phone": "0238 719 132", "website": "https://www.spitalulbuzau.ro/"}}, {"type": "Feature", "geometry": {"type": "Point", "coordinates": [26.8164794, 45.1558965]}, "properties": {"addr:city": "Buz\u0103u", "addr:street": "Strada Transilvaniei", "amenity": "clinic", "brand": "Clinica Sante", "brand:wikidata": "Q121080834", "healthcare": "sample_collection", "name": "Clinica Sante", "opening_hours": "Mo-Fr 07:00-16:00"}}, {"type": "Feature", "geometry": {"type": "Point", "coordinates": [26.8166403, 45.1552869]}, "properties": {"amenity": "clinic", "brand": "Synevo", "brand:wikidata": "Q85968400", "healthcare": "laboratory", "name": "Synevo", "opening_hours": "Mo-Fr 07:00-15:00", "operator": "Synevo", "phone": "0219666", "website": "https://www.synevo.ro/"}}, {"type": "Feature", "geometry": {"type": "Point", "coordinates": [22.8631551, 47.7828104]}, "properties": {"amenity": "hospital", "name": "Spitalul Jude\u021bean Satu-Mare", "wheelchair": "yes"}}, {"type": "Feature", "geometry": {"type": "Point", "coordinates": [22.9502266, 47.5633039]}, "properties": {"amenity": "hospital", "name": "Dispensar Socund"}}, {"type": "Feature", "geometry": {"type": "Point", "coordinates": [27.9703046, 45.2695549]}, "properties": {"addr:housenumber": "21", "addr:street": "Strada Radu S.Campiniu", "amenity": "hospital", "name": "Spitalul de Pneumoftiziologie"}}, {"type": "Feature", "geometry": {"type": "Point", "coordinates": [24.3547798, 44.1164033]}, "properties": {"addr:city": "Caracal", "addr:housenumber": "36", "addr:postcode": "235200", "addr:street": "Strada Plevnei", "amenity": "hospital", "emergency": "yes", "healthcare": "hospital", "healthcare:speciality": "internal;psychiatry;dermatology;gynaecology;ophthalmology;urology;paediatrics;radiology;covid19;surgery;dentist;physiotherapy", "name": "Spitalul Municipal Caracal", "source": "local_knowledge"}}, {"type": "Feature", "geometry": {"type": "Point", "coordinates": [21.3158065, 46.1756614]}, "properties": {"amenity": "hospital", "healthcare": "hospital", "name": "Spitalul Matern"}}, {"type": "Feature", "geometry": {"type": "Point", "coordinates": [23.5796611, 46.7683581]}, "properties": {"addr:city": "Cluj-Napoca", "addr:country": "RO", "amenity": "clinic", "healthcare": "clinic", "healthcare:speciality": "plastic_surgery", "name": "Clinica de Chirurgie Maxilo-Facial\u0103"}}, {"type": "Feature", "geometry": {"type": "Point", "coordinates": [21.3077851, 46.1721434]}, "properties": {"amenity": "hospital", "healthcare": "hospital", "name": "Spitalul clinic municipal sec\u021bia TBC"}}, {"type": "Feature", "geometry": {"type": "Point", "coordinates": [25.6429915, 45.766112]}, "properties": {"amenity": "hospital", "healthcare": "hospital", "name": "Cabinet Medical"}}, {"type": "Feature", "geometry": {"type": "Point", "coordinates": [28.6329652, 44.0668783]}, "properties": {"addr:city": "Eforie Nord", "addr:street": "Bulevardul Republicii", "amenity": "hospital", "healthcare": "hospital", "name": "Policlinic\u0103 cu plat\u0103"}}, {"type": "Feature", "geometry": {"type": "Point", "coordinates": [23.0263719, 45.7331603]}, "properties": {"amenity": "hospital", "name": "Centrul de S\u0103n\u0103tate C\u0103lan"}}, {"type": "Feature", "geometry": {"type": "Point", "coordinates": [25.3583204, 47.3478745]}, "properties": {"addr:city": "Vatra Dornei", "addr:housenumber": "12", "addr:postcode": "725700", "addr:postcode:source": "Date de la Po\u0219ta Rom\u00e2n\u0103, publicate sub Licen\u021ba pentru Guvernare Deschis\u0103 v1.0 la http://date.gov.ro/organization/posta-romana", "addr:street": "Strada Mihai Eminescu", "amenity": "hospital", "healthcare": "hospital", "name": "Spitalul Municipal"}}, {"type": "Feature", "geometry": {"type": "Point", "coordinates": [25.3557388, 47.3477065]}, "properties": {"amenity": "hospital", "name": "Policlinica Municipal\u0103"}}, {"type": "Feature", "geometry": {"type": "Point", "coordinates": [25.3596782, 47.3533083]}, "properties": {"amenity": "hospital", "name": "Sec\u021bia de boli infec\u021bioase"}}, {"type": "Feature", "geometry": {"type": "Point", "coordinates": [24.1564076, 45.8071281]}, "properties": {"amenity": "hospital", "healthcare": "hospital", "is_in:city": "Sibiu", "is_in:country": "Romania", "is_in:country_code": "RO", "is_in:county": "Sibiu", "name": "Maternitatea de Psihologie"}}, {"type": "Feature", "geometry": {"type": "Point", "coordinates": [26.3740427, 46.9271491]}, "properties": {"addr:city": "Piatra Neam\u021b", "addr:housenumber": "1", "addr:street": "Bulevardul Traian", "amenity": "clinic", "emergency": "yes", "healthcare": "clinic", "name": "Policlinica Piatra Neam\u021b", "opening_hours": "Mo-Sa 07:00-15:00"}}, {"type": "Feature", "geometry": {"type": "Point", "coordinates": [22.9035933, 45.7491617]}, "properties": {"amenity": "hospital", "name": "Sec\u021bia de Boli Cronice", "operator": "Spitalul Municipal Dr. Alexandru Simionescu Hunedoara"}}, {"type": "Feature", "geometry": {"type": "Point", "coordinates": [22.859015, 47.7871125]}, "properties": {"amenity": "hospital", "name": "Laborator de S\u0103n\u0103tate Mintal\u0103"}}, {"type": "Feature", "geometry": {"type": "Point", "coordinates": [23.5902518, 47.6611589]}, "properties": {"amenity": "hospital"}}, {"type": "Feature", "geometry": {"type": "Point", "coordinates": [25.4507427, 44.923597]}, "properties": {"amenity": "hospital", "healthcare": "hospital", "name": "Spitalul Jude\u021bean ortopedie"}}, {"type": "Feature", "geometry": {"type": "Point", "coordinates": [26.1744422, 44.4981209]}, "properties": {"addr:city": "Voluntari", "addr:country": "RO", "addr:housenumber": "8", "addr:interpolation": "even", "addr:postcode": "077190", "addr:street": "Strada Erou Mircea Marinescu", "amenity": "hospital", "name": "Centrul medical NATURALIA"}}, {"type": "Feature", "geometry": {"type": "Point", "coordinates": [22.1316241, 46.3725991]}, "properties": {"amenity": "hospital", "check_date": "2025-01-03", "healthcare": "hospital", "name": "Spitalul Sebi\u0219"}}, {"type": "Feature", "geometry": {"type": "Point", "coordinates": [23.1634545, 44.89882]}, "properties": {"amenity": "hospital", "name": "Spitalul Or\u0103\u0219enesc"}}, {"type": "Feature", "geometry": {"type": "Point", "coordinates": [26.5557634, 47.0851762]}, "properties": {"amenity": "hospital", "name": "C\u0103min Spital"}}, {"type": "Feature", "geometry": {"type": "Point", "coordinates": [21.9018057, 45.6821657]}, "properties": {"amenity": "hospital", "healthcare": "hospital", "name": "Spitalul de copii"}}, {"type": "Feature", "geometry": {"type": "Point", "coordinates": [21.515779, 46.5239569]}, "properties": {"amenity": "hospital", "name": "Spitalul Sf\u00e2ntul Gheorghe"}}, {"type": "Feature", "geometry": {"type": "Point", "coordinates": [23.2745341, 45.0401597]}, "properties": {"addr:city": "T\u00e2rgu Jiu", "addr:housenumber": "17", "addr:street": "Strada Tudor Vladimirescu", "amenity": "hospital", "emergency": "yes", "healthcare": "hospital", "name": "Spitalul Jude\u021bean Tudor Vladimirescu", "website": "https://www.spitalgorj.ro"}}, {"type": "Feature", "geometry": {"type": "Point", "coordinates": [26.0986545, 44.4310894]}, "properties": {"addr:city": "Bucure\u0219ti", "addr:housenumber": "2", "addr:postcode": "030101", "addr:street": "Strada Sf\u00e2ntul Dumitru", "amenity": "clinic", "healthcare": "clinic", "healthcare:speciality": "physiotherapy", "name": "Institutul Na\u021bional de Recuperare, Medicin\u0103 Fizic\u0103 \u0219i Balneoclimatologie", "source:addr:street": "survey"}}, {"type": "Feature", "geometry": {"type": "Point", "coordinates": [23.1221304, 45.3319073]}, "properties": {"addr:housenumber": "5", "addr:street": "Strada Spitalului", "amenity": "hospital", "name": "Spitalul Or\u0103\u0219enesc"}}, {"type": "Feature", "geometry": {"type": "Point", "coordinates": [24.1430113, 45.797659]}, "properties": {"amenity": "hospital", "healthcare": "hospital", "is_in:city": "Sibiu", "is_in:country": "Romania", "is_in:country_code": "RO", "is_in:county": "Sibiu"}}, {"type": "Feature", "geometry": {"type": "Point", "coordinates": [24.964765, 44.0994384]}, "properties": {"addr:city": "Ro\u0219iorii de Vede", "alt_name": "Spitalul TBC Ro\u0219iorii de Vede", "amenity": "hospital", "healthcare": "hospital", "healthcare:speciality": "pulmonology", "name": "Spitalul de Pneumoftiziologie"}}, {"type": "Feature", "geometry": {"type": "Point", "coordinates": [24.9876379, 44.115025]}, "properties": {"addr:city": "Ro\u0219iorii de Vede", "addr:housenumber": "33", "addr:street": "Strada Carpa\u021bi", "amenity": "hospital", "healthcare": "hospital", "name": "Spitalul de stat Caritas"}}, {"type": "Feature", "geometry": {"type": "Point", "coordinates": [26.1333309, 44.4227538]}, "properties": {"amenity": "clinic", "contact:phone": "+40 21 323 0000", "contact:website": "https://www.gralmedical.ro/", "healthcare": "clinic", "name": "Gral Medical", "opening_hours": "Mo-Fr 08:00-20:00"}}, {"type": "Feature", "geometry": {"type": "Point", "coordinates": [23.5578161, 46.0720707]}, "properties": {"amenity": "hospital", "healthcare": "hospital", "name": "Spitalul Jude\u021bean de Urgen\u021b\u0103"}}, {"type": "Feature", "geometry": {"type": "Point", "coordinates": [23.5852355, 46.7648425]}, "properties": {"addr:city": "Cluj-Napoca", "addr:country": "RO", "addr:housenumber": "25", "addr:street": "Strada Victor Babe\u0219", "amenity": "clinic", "healthcare": "clinic", "name": "Policlinica Spital Salvosan Ciobanca"}}, {"type": "Feature", "geometry": {"type": "Point", "coordinates": [22.8622824, 47.7988666]}, "properties": {"amenity": "hospital", "name": "Clinica privat\u0103 de Chirurgie Plastic\u0103 \u0219i Estetic\u0103 ELISESTET"}}, {"type": "Feature", "geometry": {"type": "Point", "coordinates": [26.0947031, 44.4549686]}, "properties": {"amenity": "clinic", "name": "Policlinica"}}, {"type": "Feature", "geometry": {"type": "Point", "coordinates": [26.1272262, 44.4264872]}, "properties": {"amenity": "clinic", "name": "Doctor Anghel Medical Center", "opening_hours": "Mo-Fr 14:00-21:00; Sa 10:00-16:00"}}, {"type": "Feature", "geometry": {"type": "Point", "coordinates": [22.9051033, 45.7500474]}, "properties": {"amenity": "hospital", "name": "Ambulanta Hunedoara"}}, {"type": "Feature", "geometry": {"type": "Point", "coordinates": [24.3496722, 47.6593039]}, "properties": {"amenity": "hospital", "healthcare": "hospital", "name": "Dispensar"}}, {"type": "Feature", "geometry": {"type": "Point", "coordinates": [26.0781373, 44.4948215]}, "properties": {"addr:city": "Bucure\u0219ti", "addr:country": "RO", "addr:full": "Bulevardul Ion Ionescu de la Brad, nr. 5B, sector 1, Bucure\u0219t", "addr:housenumber": "1A", "addr:postcode": "013793", "addr:street": "Bulevardul Ion Ionescu de la Brad", "alt_name": "Policlinica B\u0103neasa Regina Maria & Clinica Private Care", "amenity": "clinic", "check_date": "2024-12-18", "check_date:opening_hours": "2023-09-29", "healthcare": "clinic", "internet_access": "no", "name": "Regina Maria - Policlinica B\u0103neasa \u0219i Clinica Private Care", "note": "Specialitati medicale:- Acupunctura- Amniocenteza- Cardiologie- Chirurgie Cardio-Vasculara- Dermato-Venerologie - Dermatologie Estetica- Ecografie- Endocrinologie- Endoscopie- Gastroenterologie- Medicina Interna- Medicina Generala- Neurochirurgie- Neurolo", "opening_hours": "Mo-Fr 08:00-20:00; Sa 08:00-14:00", "payment:apple_pay": "yes", "payment:contactless": "yes", "payment:google_pay": "yes", "payment:mastercard": "yes", "payment:visa": "yes", "phone": "021 9268", "website": "https://www.reginamaria.ro/clinici/policlinica-baneasa", "wheelchair": "yes"}}, {"type": "Feature", "geometry": {"type": "Point", "coordinates": [25.5164167, 44.2787223]}, "properties": {"amenity": "hospital", "healthcare": "hospital", "name": "Spitalul Videle"}}, {"type": "Feature", "geometry": {"type": "Point", "coordinates": [23.7903518, 45.1939772]}, "properties": {"addr:city": "Polovragi", "addr:country": "RO", "addr:postcode": "217365", "amenity": "hospital", "emergency": "yes", "name": "Sta\u021bia SALVAMONT Gorj"}}, {"type": "Feature", "geometry": {"type": "Point", "coordinates": [26.8243225, 45.1530738]}, "properties": {"amenity": "hospital", "name": "Clinica Sante"}}, {"type": "Feature", "geometry": {"type": "Point", "coordinates": [26.1291285, 44.4321435]}, "properties": {"amenity": "clinic", "healthcare": "clinic", "name": "Professional Klinic"}}, {"type": "Feature", "geometry": {"type": "Point", "coordinates": [24.2888095, 43.8582805]}, "properties": {"amenity": "hospital", "name": "Dispensar"}}, {"type": "Feature", "geometry": {"type": "Point", "coordinates": [22.4634168, 47.680698]}, "properties": {"addr:city": "Carei", "addr:postcode": "445100", "amenity": "hospital", "healthcare": "hospital"}}, {"type": "Feature", "geometry": {"type": "Point", "coordinates": [26.1582115, 44.4381976]}, "properties": {"amenity": "hospital", "healthcare": "hospital", "name": "Clinica Medical\u0103 Hypocrat 2000", "wheelchair": "yes"}}, {"type": "Feature", "geometry": {"type": "Point", "coordinates": [25.3139964, 43.9795507]}, "properties": {"addr:city": "Alexandria", "addr:housenumber": "1", "addr:street": "Strada Libert\u0103\u021bii", "alt_name": "Spitalul Mare", "amenity": "hospital", "emergency": "yes", "healthcare": "hospital", "name": "Spitalul Jude\u021bean Teleorman"}}, {"type": "Feature", "geometry": {"type": "Point", "coordinates": [26.0790405, 44.4564896]}, "properties": {"addr:city": "Bucure\u0219ti", "addr:housenumber": "37-39", "addr:street": "Bulevardul Ion Mihalache", "amenity": "hospital", "healthcare": "hospital", "name": "Spitalul Clinic Sf\u00e2nta Maria", "website": "https://spitalsfmaria.ro/"}}, {"type": "Feature", "geometry": {"type": "Point", "coordinates": [24.792943, 46.2219334]}, "properties": {"amenity": "hospital", "healthcare": "hospital", "name": "Policlinica"}}, {"type": "Feature", "geometry": {"type": "Point", "coordinates": [24.7871661, 46.2195292]}, "properties": {"amenity": "hospital", "healthcare": "hospital", "name": "Dispensarul TBC"}}, {"type": "Feature", "geometry": {"type": "Point", "coordinates": [25.613321, 45.6502626]}, "properties": {"amenity": "hospital", "healthcare": "hospital", "name": "Clinica Eva"}}, {"type": "Feature", "geometry": {"type": "Point", "coordinates": [26.1031237, 44.4244721]}, "properties": {"addr:city": "Bucure\u0219ti", "addr:housenumber": "1", "addr:street": "Strada Hans Christian Andersen", "amenity": "clinic", "healthcare": "clinic", "name": "Hyperclinica MedLife Unirii"}}, {"type": "Feature", "geometry": {"type": "Point", "coordinates": [26.054379, 44.4649584]}, "properties": {"addr:city": "Bucure\u0219ti", "addr:housenumber": "365", "addr:postcode": "010719", "addr:street": "Calea Grivi\u021bei", "amenity": "clinic", "healthcare": "clinic", "name": "Medlife", "source": "survey"}}, {"type": "Feature", "geometry": {"type": "Point", "coordinates": [21.2479563, 45.7474017]}, "properties": {"access": "private", "amenity": "clinic", "check_date": "2024-10-28", "healthcare": "clinic", "name": "Profilaxis"}}, {"type": "Feature", "geometry": {"type": "Point", "coordinates": [28.5775895, 43.7865984]}, "properties": {"amenity": "hospital", "healthcare": "hospital", "name": "Cabinete Medicale"}}, {"type": "Feature", "geometry": {"type": "Point", "coordinates": [24.5768488, 46.5394804]}, "properties": {"amenity": "hospital", "healthcare": "hospital", "healthcare:speciality": "endocrinology", "name": "Centru Medical Gastroenterologie"}}, {"type": "Feature", "geometry": {"type": "Point", "coordinates": [24.5771923, 46.5395291]}, "properties": {"amenity": "hospital", "email": "office@almamedical.ro", "fax": "+40-265-255255", "healthcare": "hospital", "name": "Centrul Alma Medical", "phone": "+40-265-255255", "website": "http://www.almamedical.ro/"}}, {"type": "Feature", "geometry": {"type": "Point", "coordinates": [21.2446159, 45.7624244]}, "properties": {"amenity": "clinic", "healthcare": "clinic", "name": "Cabinet Dr. Iana Elena Cristina"}}, {"type": "Feature", "geometry": {"type": "Point", "coordinates": [21.2443541, 45.7619553]}, "properties": {"amenity": "clinic", "healthcare": "clinic", "name": "Cabinet Radiografie Dentar\u0103"}}, {"type": "Feature", "geometry": {"type": "Point", "coordinates": [26.0482604, 44.3999106]}, "properties": {"addr:city": "Bucure\u0219ti", "addr:housenumber": "144", "addr:postcode": "051523", "addr:street": "\u0218oseaua Alexandriei", "amenity": "clinic", "healthcare": "clinic", "name": "AIS Clinics & Hospitals", "source:addr:housenumber": "survey", "source:addr:street": "survey"}}, {"type": "Feature", "geometry": {"type": "Point", "coordinates": [24.3625832, 45.1185439]}, "properties": {"amenity": "hospital", "check_date": "2024-08-20", "contact:website": "http://www.sjv.ro/", "name": "Spitalul Jude\u021bean de Urgen\u021b\u0103 - V\u00e2lcea"}}, {"type": "Feature", "geometry": {"type": "Point", "coordinates": [26.0453507, 44.4452897]}, "properties": {"addr:city": "Bucure\u0219ti", "addr:housenumber": "319", "addr:postcode": "060044", "addr:street": "Splaiul Independen\u021bei", "amenity": "clinic", "healthcare": "clinic", "name": "ambulatory", "opening_hours": "Mo-Fr 08:00-20:00", "operator": "Regina Maria", "operator:type": "private", "wheelchair": "yes"}}, {"type": "Feature", "geometry": {"type": "Point", "coordinates": [25.8971132, 47.5562037]}, "properties": {"amenity": "hospital", "healthcare": "hospital", "name": "Spital copii"}}, {"type": "Feature", "geometry": {"type": "Point", "coordinates": [26.0404502, 44.4223422]}, "properties": {"amenity": "clinic", "description": "Centrul medical Lasermed- Dermatologie, Estetica, Chirurgie Laser, medicina de familie. Dr. Bogdan Dimitrie Niculae", "healthcare": "clinic", "name": "Lasermed Medical Center", "opening_hours": "Mo-Fr 08:00-20:00; Su 08:00-14:00", "phone": "0214135250", "website": "https://www.lasermed.ro/"}}, {"type": "Feature", "geometry": {"type": "Point", "coordinates": [21.4989989, 46.343797]}, "properties": {"amenity": "hospital", "emergency": "yes", "name": "Spitalul Or\u0103\u0219enesc S\u00e2ntana"}}, {"type": "Feature", "geometry": {"type": "Point", "coordinates": [21.2383194, 45.7736642]}, "properties": {"amenity": "clinic", "emergency": "no", "name": "Centrul Medical DALMED"}}, {"type": "Feature", "geometry": {"type": "Point", "coordinates": [28.6416461, 44.1731031]}, "properties": {"amenity": "clinic", "healthcare": "clinic", "name": "Cardiomed"}}, {"type": "Feature", "geometry": {"type": "Point", "coordinates": [21.9776925, 46.9901319]}, "properties": {"addr:city": "B\u0103ile Felix", "amenity": "clinic", "name": "Policlinica B\u0103ile Felix"}}, {"type": "Feature", "geometry": {"type": "Point", "coordinates": [24.8607635, 44.8670294]}, "properties": {"amenity": "hospital", "healthcare": "hospital", "name": "Laborator Sanatate Mintala"}}, {"type": "Feature", "geometry": {"type": "Point", "coordinates": [24.8674639, 44.85877]}, "properties": {"addr:city": "Pite\u0219ti", "addr:housenumber": "2", "addr:postcode": "110047", "addr:street": "Strada C\u0103linescu Armand", "amenity": "clinic", "description": "Clinica stomatologica romano-suedeza", "ele": "300", "email": "contact@iecenter.ro", "fax": "+40 348 439 771", "healthcare": "clinic", "healthcare:speciality": "orthodontics;dentist", "level": "3", "name": "Implant & Esthetic Center", "phone": "+40 348 44 0022", "website": "https://iecenter.ro/"}}, {"type": "Feature", "geometry": {"type": "Point", "coordinates": [24.8442117, 44.8711954]}, "properties": {"addr:city": "Pite\u0219ti", "addr:housenumber": "M3A", "amenity": "clinic", "healthcare": "clinic", "name": "Centrul Medical \u201eNatisan\u201d", "name:en": "Medical Center \u201eNatisan\u201d", "opening_hours": "Mo-Fr 08:00-18:00", "phone": "0248289865", "website": "http://ofice@natisan.ro"}}, {"type": "Feature", "geometry": {"type": "Point", "coordinates": [24.8677238, 44.8525738]}, "properties": {"amenity": "hospital", "name": "Cabinet Medical Cadar Sorin"}}, {"type": "Feature", "geometry": {"type": "Point", "coordinates": [24.8653438, 44.8670072]}, "properties": {"addr:city": "Pite\u0219ti", "amenity": "hospital", "healthcare": "hospital", "healthcare:speciality": "general", "name": "Natisan"}}, {"type": "Feature", "geometry": {"type": "Point", "coordinates": [24.8622915, 44.8550932]}, "properties": {"addr:city": "Pite\u0219ti", "addr:housenumber": "58", "addr:postcode": "110046", "addr:street": "Strada Smeurei", "amenity": "clinic", "email": "info@medicaltours.ro", "healthcare": "clinic", "name": "Stomatologia Medical Tour Company", "opening_hours": "Mo-Fr 09:00-21:00; Sa 09:00-14:00", "phone": "+40 348-457 046, +40 730-030 400", "website": "https://www.medicaltours.ro/"}}, {"type": "Feature", "geometry": {"type": "Point", "coordinates": [24.9171217, 44.8290094]}, "properties": {"amenity": "hospital"}}, {"type": "Feature", "geometry": {"type": "Point", "coordinates": [25.5955503, 45.6622252]}, "properties": {"addr:city": "Bra\u0219ov", "addr:housenumber": "8A", "addr:postcode": "500188", "addr:street": "Strada Cicoarei", "amenity": "hospital", "description": "Este o companie integral Brasoveana cu sediul central in Brasov. MEDO este acreditata ca si sistem de servicii medicale ISO 9001-2008 QEC, Marea Britanie. MEDO va sta la dispozitie cu singurul serviciu de ambulanta privat din Brasov, care asigura transpor", "email": "office@medo.ro", "healthcare": "hospital", "name": "\"MEDO\" international medical center - 24/24", "opening_hours": "24/7", "phone": "+40268 47.42.37", "source": "Owner", "website": "https://www.medo.ro/"}}, {"type": "Feature", "geometry": {"type": "Point", "coordinates": [26.3009784, 47.4638624]}, "properties": {"amenity": "hospital", "emergency": "no", "name": "Maternitatea F\u0103lticeni"}}, {"type": "Feature", "geometry": {"type": "Point", "coordinates": [26.2957182, 47.4612254]}, "properties": {"amenity": "hospital", "emergency": "yes", "name": "Spitalul municipal F\u0103lticeni"}}, {"type": "Feature", "geometry": {"type": "Point", "coordinates": [22.8793562, 47.7938766]}, "properties": {"amenity": "hospital", "designation": "Medic Specialist Obstetrica \u2013 Ginecologie", "emergency": "no", "healthcare": "doctor", "healthcare:speciality": "gynaecology", "name": "Dr. Heim Manuela"}}, {"type": "Feature", "geometry": {"type": "Point", "coordinates": [26.1292124, 44.457583]}, "properties": {"addr:city": "Bucure\u0219ti", "addr:housenumber": "2", "addr:postcode": "023581", "addr:street": "Strada Teiul Doamnei", "amenity": "clinic", "contact:email": "tei@pulsmedica.ro", "contact:website": "http://www.pulsmedica.ro", "healthcare": "clinic", "name": "Clinica Puls Medica - Teiul Doamnei", "opening_hours": "Mo,We,Fr 08:00-13:00; Tu,Th 13:00-18:00"}}, {"type": "Feature", "geometry": {"type": "Point", "coordinates": [26.5481651, 44.8667009]}, "properties": {"addr:city": "Boldesti", "amenity": "hospital", "emergency": "no", "name": "Dispensar Medical"}}, {"type": "Feature", "geometry": {"type": "Point", "coordinates": [21.690075, 46.0906862]}, "properties": {"amenity": "hospital", "name": "Spitalul de stat", "name:hu": "\u00c1llami k\u00f3rh\u00e1z", "name:ro": "Spitalul de stat"}}, {"type": "Feature", "geometry": {"type": "Point", "coordinates": [21.6921601, 46.0904332]}, "properties": {"amenity": "hospital", "name": "Spitalul Or\u0103\u0219enesc", "name:hu": "V\u00e1rosi k\u00f3rh\u00e1z", "name:ro": "Spitalul Or\u0103\u0219enesc"}}, {"type": "Feature", "geometry": {"type": "Point", "coordinates": [25.318619, 44.7218367]}, "properties": {"amenity": "hospital", "name": "Cabinete medicale individuale"}}, {"type": "Feature", "geometry": {"type": "Point", "coordinates": [28.4795871, 44.16448]}, "properties": {"amenity": "clinic", "emergency": "no", "healthcare": "clinic", "name": "Cabinete Medicale Individuale"}}, {"type": "Feature", "geometry": {"type": "Point", "coordinates": [28.0191736, 45.4304417]}, "properties": {"addr:city": "Gala\u021bi", "addr:street": "Strada Gheorghe Asachi", "amenity": "hospital", "designation": "family medical", "emergency": "no", "name": "Cabinete Medicale"}}, {"type": "Feature", "geometry": {"type": "Point", "coordinates": [25.4717221, 44.9163076]}, "properties": {"amenity": "hospital", "name": "Biomedica", "opening_hours": "Mo-Fr 07:30-21:30; Sa 08:00-14:00", "phone": "+40245634614", "website": "https://www.centrulmedicalbiomedica.ro/"}}, {"type": "Feature", "geometry": {"type": "Point", "coordinates": [27.7362613, 46.655443]}, "properties": {"addr:city": "Vaslui", "addr:housenumber": "233", "addr:postcode": "730006", "addr:street": "Strada \u0218tefan cel Mare", "amenity": "hospital", "designation": "Spitalul Judetean Vaslui", "emergency": "yes", "healthcare:speciality": "general;gynaecology;ophthalmology;internal;paediatrics;orthopaedics;otolaryngology;psychiatry;dermatology;radiology;urology;surgery;community;orthodontics;cardiology;neurology;clinic;dermatovenereology;osteopathy", "name": "Spitalul Jude\u021bean Vaslui", "operator": "Consiliul Jude\u021bean Vaslui", "source": "Vaslui"}}, {"type": "Feature", "geometry": {"type": "Point", "coordinates": [27.7262893, 46.6331916]}, "properties": {"amenity": "hospital", "emergency": "no", "name": "Spitalul Vechi"}}, {"type": "Feature", "geometry": {"type": "Point", "coordinates": [23.6184148, 46.7694557]}, "properties": {"addr:city": "Cluj-Napoca", "addr:country": "RO", "addr:housenumber": "7", "addr:street": "Strada Nicolae Pascaly", "alt_name": "Centrul Medico Chirurgical Interservisan Gheorgheni", "amenity": "clinic", "check_date": "2024-09-10", "email": "office@interservisan.ro", "healthcare": "clinic", "name": "Clinica Interservisan", "name:en": "Clinica Interservisan", "name:ro": "Clinica Interservisan", "opening_hours": "Mo-Fr 07:00-20:00; Sa 08:00-14:00", "phone": "0264414163", "website": "https://interservisan.ro/"}}, {"type": "Feature", "geometry": {"type": "Point", "coordinates": [25.6742269, 44.3422268]}, "properties": {"addr:city": "Vadu Lat", "addr:housenumber": "82", "addr:postcode": "087027", "addr:postcode:source": "Date de la Po\u0219ta Rom\u00e2n\u0103, publicate sub Licen\u021ba pentru Guvernare Deschis\u0103 v1.0 la http://date.gov.ro/organization/posta-romana", "addr:street": "Strada Principal\u0103", "amenity": "hospital", "emergency": "no", "name": "Spitalul de psihiatrie Vadu Lat"}}, {"type": "Feature", "geometry": {"type": "Point", "coordinates": [27.4976952, 45.5022233]}, "properties": {"amenity": "hospital", "healthcare": "hospital", "name": "Spitalul Comunei M\u0103ic\u0103ne\u0219ti"}}, {"type": "Feature", "geometry": {"type": "Point", "coordinates": [26.448467, 46.418749]}, "properties": {"amenity": "hospital", "emergency": "yes", "name": "Spitalul Ioan Lasc\u0103r"}}, {"type": "Feature", "geometry": {"type": "Point", "coordinates": [24.5570873, 46.5407603]}, "properties": {"addr:city": "T\u00e2rgu Mure\u0219", "addr:housenumber": "9", "addr:postcode": "540029", "addr:street": "Pia\u021ba Victoriei", "amenity": "clinic", "healthcare": "clinic", "name": "Policlinica Regina Maria"}}, {"type": "Feature", "geometry": {"type": "Point", "coordinates": [26.0916346, 44.4899542]}, "properties": {"addr:city": "Bucure\u0219ti", "addr:country": "RO", "addr:street": "Strada Pechea", "alt_name": "Medicover Hospital Pipera;Maternitatea Medicover", "amenity": "hospital", "emergency": "yes", "name": "Spitalul Medicover", "wheelchair": "yes"}}, {"type": "Feature", "geometry": {"type": "Point", "coordinates": [23.7989295, 45.8859866]}, "properties": {"amenity": "hospital", "emergency": "no", "name": "Spital"}}, {"type": "Feature", "geometry": {"type": "Point", "coordinates": [25.0475011, 45.2776667]}, "properties": {"amenity": "hospital", "name": "Spitalul Pneumoftiziologie C\u00e2mpulung TBC"}}, {"type": "Feature", "geometry": {"type": "Point", "coordinates": [23.9247694, 46.1791954]}, "properties": {"amenity": "hospital", "name": "Spitalul Municipal Blaj"}}, {"type": "Feature", "geometry": {"type": "Point", "coordinates": [28.0224136, 45.4246525]}, "properties": {"amenity": "clinic", "name": "Centrul de nefrologie \u0219i dializ\u0103"}}, {"type": "Feature", "geometry": {"type": "Point", "coordinates": [28.0477768, 45.5687492]}, "properties": {"amenity": "hospital", "healthcare": "hospital", "name": "Dispensar Tulucesti"}}, {"type": "Feature", "geometry": {"type": "Point", "coordinates": [23.8892212, 45.7912328]}, "properties": {"amenity": "hospital", "name": "Spital"}}, {"type": "Feature", "geometry": {"type": "Point", "coordinates": [27.6030098, 47.1680446]}, "properties": {"amenity": "hospital", "healthcare": "hospital"}}, {"type": "Feature", "geometry": {"type": "Point", "coordinates": [28.3587565, 45.2631331]}, "properties": {"addr:street": "DN22-Tichile\u0219ti", "amenity": "hospital", "emergency": "no", "healthcare": "hospital", "name": "Leprozeria Tichile\u0219ti", "wheelchair": "no"}}, {"type": "Feature", "geometry": {"type": "Point", "coordinates": [28.046956, 45.428209]}, "properties": {"amenity": "clinic", "name": "Doctor Pediatru Baciu Ginel"}}, {"type": "Feature", "geometry": {"type": "Point", "coordinates": [28.0549276, 45.4356422]}, "properties": {"amenity": "clinic", "name": "Avant Medica"}}, {"type": "Feature", "geometry": {"type": "Point", "coordinates": [28.0245044, 45.436176]}, "properties": {"amenity": "clinic", "name": "Danubius Medica"}}, {"type": "Feature", "geometry": {"type": "Point", "coordinates": [27.5731628, 47.1708585]}, "properties": {"amenity": "hospital", "healthcare": "hospital", "name": "Policlinica C.F.R."}}, {"type": "Feature", "geometry": {"type": "Point", "coordinates": [26.4400462, 44.9994827]}, "properties": {"amenity": "hospital"}}, {"type": "Feature", "geometry": {"type": "Point", "coordinates": [26.4435372, 45.00325]}, "properties": {"amenity": "hospital", "emergency": "yes", "healthcare": "hospital", "name": "Spitalul Or\u0103\u0219enesc Sf\u00e2nta Filofteia"}}, {"type": "Feature", "geometry": {"type": "Point", "coordinates": [25.5915544, 46.0727043]}, "properties": {"addr:city": "Baraolt", "addr:housenumber": "202", "addr:postcode": "525100", "addr:street": "Strada Kossuth Lajos", "amenity": "hospital", "emergency": "yes", "name": "K\u00f3rh\u00e1z", "phone": "+40267377600", "website": "https://www.spitbar.ro/"}}, {"type": "Feature", "geometry": {"type": "Point", "coordinates": [25.1837689, 46.4747252]}, "properties": {"amenity": "hospital", "healthcare": "hospital"}}, {"type": "Feature", "geometry": {"type": "Point", "coordinates": [27.596427, 47.150327]}, "properties": {"addr:city": "Ia\u0219i", "addr:housenumber": "4", "addr:postcode": "700160", "addr:street": "Bulevardul Prim\u0103verii", "amenity": "clinic", "check_date:opening_hours": "2025-12-22", "healthcare": "clinic", "name": "Policlinica Sfin\u021bii Petru \u0219i Pavel (Industrial\u0103)", "opening_hours": "Mo-Fr 07:00-20:00", "phone": "0232310001"}}, {"type": "Feature", "geometry": {"type": "Point", "coordinates": [27.9528046, 45.2500589]}, "properties": {"amenity": "hospital", "name": "Dispensar Viziru III"}}, {"type": "Feature", "geometry": {"type": "Point", "coordinates": [22.4724594, 46.4759412]}, "properties": {"amenity": "hospital", "emergency": "no", "healthcare": "hospital", "name": "Dispensarul uman"}}, {"type": "Feature", "geometry": {"type": "Point", "coordinates": [23.1636157, 45.9119807]}, "properties": {"amenity": "hospital", "name": "Spital TBC"}}, {"type": "Feature", "geometry": {"type": "Point", "coordinates": [26.0316059, 45.0325975]}, "properties": {"addr:housenumber": "56", "addr:street": "Calea Unirii", "amenity": "hospital", "name": "Bestmed Serv"}}, {"type": "Feature", "geometry": {"type": "Point", "coordinates": [26.8783746, 47.4657854]}, "properties": {"amenity": "hospital", "name": "Preventoriu TBC pt Copii"}}, {"type": "Feature", "geometry": {"type": "Point", "coordinates": [27.1878019, 46.0919311]}, "properties": {"amenity": "hospital", "emergency": "yes", "healthcare": "hospital", "name": "Spitalul Municipal Adjud"}}, {"type": "Feature", "geometry": {"type": "Point", "coordinates": [26.2706362, 45.7601716]}, "properties": {"amenity": "hospital", "emergency": "no", "healthcare": "hospital", "name": "Orvosi rendel\u0151"}}, {"type": "Feature", "geometry": {"type": "Point", "coordinates": [21.3084991, 46.180955]}, "properties": {"amenity": "hospital", "healthcare": "hospital", "name": "Centrul Medical Laser System", "website": "https://www.lasersystem.ro/", "wheelchair": "yes"}}, {"type": "Feature", "geometry": {"type": "Point", "coordinates": [26.502416, 46.9538526]}, "properties": {"amenity": "hospital", "emergency": "no", "name": "Dispensarul Girov"}}, {"type": "Feature", "geometry": {"type": "Point", "coordinates": [25.821681, 44.4538206]}, "properties": {"amenity": "hospital", "name": "Spitalul Or\u0103\u0219enesc Bolintin-Deal"}}, {"type": "Feature", "geometry": {"type": "Point", "coordinates": [25.166038, 43.8005257]}, "properties": {"amenity": "hospital", "emergency": "no", "healthcare": "hospital", "name": "Dispensar"}}, {"type": "Feature", "geometry": {"type": "Point", "coordinates": [21.9198089, 47.152146]}, "properties": {"amenity": "hospital", "emergency": "yes"}}, {"type": "Feature", "geometry": {"type": "Point", "coordinates": [27.7235166, 46.9659571]}, "properties": {"amenity": "hospital"}}, {"type": "Feature", "geometry": {"type": "Point", "coordinates": [26.8523331, 44.4424731]}, "properties": {"amenity": "hospital", "emergency": "yes", "healthcare": "hospital", "name": "Spitalul Or\u0103\u0219enesc Lehliu-Gar\u0103"}}, {"type": "Feature", "geometry": {"type": "Point", "coordinates": [25.5470789, 45.3487732]}, "properties": {"addr:city": "Sinaia", "amenity": "clinic", "healthcare": "clinic", "healthcare:speciality": "paediatrics", "name": "Ambulatoriu pediatrie"}}, {"type": "Feature", "geometry": {"type": "Point", "coordinates": [26.5058961, 46.8389506]}, "properties": {"amenity": "hospital", "name": "Dispensar Roznov"}}, {"type": "Feature", "geometry": {"type": "Point", "coordinates": [26.1357295, 44.4603392]}, "properties": {"addr:city": "Bucure\u0219ti", "addr:housenumber": "135", "addr:street": "Strada Doamna Ghica", "amenity": "clinic", "healthcare": "clinic", "name": "Regina Maria", "source:name": "local knowledge"}}, {"type": "Feature", "geometry": {"type": "Point", "coordinates": [26.0471828, 44.4820733]}, "properties": {"amenity": "clinic", "name": "Ava Clinique", "source": "survey"}}, {"type": "Feature", "geometry": {"type": "Point", "coordinates": [24.5622788, 44.0331618]}, "properties": {"amenity": "hospital", "name": "Dispensar"}}, {"type": "Feature", "geometry": {"type": "Point", "coordinates": [24.3536028, 44.1146199]}, "properties": {"addr:city": "Caracal", "addr:housenumber": "15", "addr:postcode": "235200", "addr:street": "Strada Plevnei", "amenity": "hospital", "healthcare": "hospital", "name": "Centrul de Dializ\u0103"}}, {"type": "Feature", "geometry": {"type": "Point", "coordinates": [26.0956821, 44.428916]}, "properties": {"addr:city": "Bucure\u0219ti", "addr:housenumber": "5-7", "addr:postcode": "040012", "addr:postcode:source": "Date de la Po\u0219ta Rom\u00e2n\u0103, publicate sub Licen\u021ba pentru Guvernare Deschis\u0103 v1.0 la http://date.gov.ro/organization/posta-romana", "addr:street": "Pia\u021ba Na\u021biunile Unite", "amenity": "clinic", "healthcare": "clinic", "name": "Centrul socio-medical \"Sf\u00e2ntul Spiridon Vechi\"", "phone": "+4021 335 1378", "source:addr:street": "survey", "start_date": "2007", "website": "https://clinicasfspiridon.ro/"}}, {"type": "Feature", "geometry": {"type": "Point", "coordinates": [26.0955211, 44.4291713]}, "properties": {"addr:city": "Bucure\u0219ti", "addr:housenumber": "5-7", "addr:postcode": "040012", "addr:postcode:source": "Date de la Po\u0219ta Rom\u00e2n\u0103, publicate sub Licen\u021ba pentru Guvernare Deschis\u0103 v1.0 la http://date.gov.ro/organization/posta-romana", "addr:street": "Pia\u021ba Na\u021biunile Unite", "amenity": "clinic", "healthcare": "clinic", "name": "Clinica \"Nadia Com\u0103neci\"", "source:addr:street": "survey", "start_date": "2009"}}, {"type": "Feature", "geometry": {"type": "Point", "coordinates": [24.7057415, 45.7258055]}, "properties": {"amenity": "hospital", "healthcare": "hospital"}}, {"type": "Feature", "geometry": {"type": "Point", "coordinates": [26.1084654, 44.396274]}, "properties": {"amenity": "clinic", "healthcare": "clinic", "name": "Sebastian Centru Medical", "source": "survey"}}, {"type": "Feature", "geometry": {"type": "Point", "coordinates": [26.1056485, 44.4479236]}, "properties": {"amenity": "clinic", "name": "Clinica Eminescu 100", "opening_hours": "Mo-Fr 08:00-21:00; Sa 08:00-16:00", "wheelchair": "limited"}}, {"type": "Feature", "geometry": {"type": "Point", "coordinates": [26.1083877, 44.4462089]}, "properties": {"addr:city": "Bucure\u0219ti", "addr:housenumber": "101", "addr:postcode": "020054", "addr:postcode:source": "Date de la Po\u0219ta Rom\u00e2n\u0103, publicate sub Licen\u021ba pentru Guvernare Deschis\u0103 v1.0 la http://date.gov.ro/organization/posta-romana", "addr:street": "Bulevardul Dacia", "amenity": "clinic", "healthcare": "clinic", "name": "Dacia Medical Center", "opening_hours:signed": "no", "source": "survey", "wheelchair": "limited"}}, {"type": "Feature", "geometry": {"type": "Point", "coordinates": [26.0728539, 44.4340779]}, "properties": {"addr:street": "Bulevardul Eroii Sanitari", "amenity": "clinic", "name": "Policlinica Cotroceni"}}, {"type": "Feature", "geometry": {"type": "Point", "coordinates": [26.1156489, 44.4539288]}, "properties": {"addr:city": "Bucure\u0219ti", "addr:housenumber": "6", "addr:street": "Strada Doctor Calistrat Grozovici", "amenity": "clinic", "name": "Centrul de S\u0103n\u0103tate RATB", "phone": "+40 21 318 3410", "website": "http://centruldesanatate.ratb.ro"}}, {"type": "Feature", "geometry": {"type": "Point", "coordinates": [26.0978281, 44.4090889]}, "properties": {"amenity": "clinic", "healthcare": "clinic", "name": "Policlinic\u0103"}}, {"type": "Feature", "geometry": {"type": "Point", "coordinates": [25.802845, 44.7923944]}, "properties": {"amenity": "hospital", "name": "dispensar"}}, {"type": "Feature", "geometry": {"type": "Point", "coordinates": [26.0965329, 44.4503653]}, "properties": {"addr:city": "Bucure\u0219ti", "addr:housenumber": "6", "addr:postcode": "010602", "addr:postcode:source": "Date de la Po\u0219ta Rom\u00e2n\u0103, publicate sub Licen\u021ba pentru Guvernare Deschis\u0103 v1.0 la http://date.gov.ro/organization/posta-romana", "addr:street": "Strada Ion Sl\u0103tineanu", "amenity": "hospital", "healthcare": "hospital", "healthcare:speciality": "plastic_surgery", "name": "Dr. Levy Medical Center", "wheelchair": "limited"}}, {"type": "Feature", "geometry": {"type": "Point", "coordinates": [26.0687837, 44.4322246]}, "properties": {"addr:city": "Bucure\u0219ti", "addr:housenumber": "28", "addr:postcode": "050514", "addr:street": "Bulevardul Eroilor", "amenity": "clinic", "emergency": "no", "healthcare": "clinic", "name": "Clinica dermatologie Top Derm Uni - Profesor Doctor Olga Simionescu", "name:en": "Top Uni Derm Clinic Dermatology - Doctor Professor Olga Simionescu", "phone": "+400742418662", "source:addr:housenumber": "survey", "source:addr:street": "survey", "website": "https://www.olgasimionescu.com/"}}, {"type": "Feature", "geometry": {"type": "Point", "coordinates": [23.6206165, 46.7762036]}, "properties": {"addr:city": "Cluj-Napoca", "addr:country": "RO", "addr:housenumber": "42-44", "addr:postcode": "400591", "addr:street": "Strada Teodor Mihali", "amenity": "clinic", "healthcare": "clinic", "name": "Regina Maria Centrul de Medicina Muncii"}}, {"type": "Feature", "geometry": {"type": "Point", "coordinates": [21.9005972, 45.6830974]}, "properties": {"addr:city": "Lugoj", "addr:housenumber": "3", "addr:postcode": "305500", "addr:postcode:source": "Date de la Po\u0219ta Rom\u00e2n\u0103, publicate sub Licen\u021ba pentru Guvernare Deschis\u0103 v1.0 la http://date.gov.ro/organization/posta-romana", "addr:street": "Strada Bucegi", "amenity": "hospital", "healthcare": "hospital", "name": "Cabinet Stomatologic TRIDENT"}}, {"type": "Feature", "geometry": {"type": "Point", "coordinates": [25.585149, 45.6573522]}, "properties": {"addr:city": "Bra\u0219ov", "addr:housenumber": "8", "addr:postcode": "500063", "addr:street": "Strada \u0218colii", "amenity": "hospital", "description": "CLINICCO singurul spital privat cunoscut in intreaga tara specializat in cardiologie interventionala, chirurgie cardiovasculara si ortopedie-traumatologie.", "email": "office@clinicco.ro", "emergency": "yes", "healthcare": "hospital", "name": "Spital Clinicco", "opening_hours": "Mo-Fr 08:30-18:30; Sa 10:00-15:00; Su 12:00-17:00", "phone": "+40 268 401200", "source": "Survey 2013", "website": "https://www.clinicco.ro/"}}, {"type": "Feature", "geometry": {"type": "Point", "coordinates": [26.0726603, 44.4332803]}, "properties": {"amenity": "clinic", "healthcare": "clinic", "name": "Medsana Cotroceni"}}, {"type": "Feature", "geometry": {"type": "Point", "coordinates": [26.1093029, 44.4313695]}, "properties": {"amenity": "clinic", "healthcare": "clinic", "name": "Art Implant", "opening_hours": "Mo-Fr 09:00-18:00", "source": "survey", "wheelchair": "limited"}}, {"type": "Feature", "geometry": {"type": "Point", "coordinates": [25.7959242, 45.8603759]}, "properties": {"amenity": "clinic", "healthcare": "clinic"}}, {"type": "Feature", "geometry": {"type": "Point", "coordinates": [26.0980775, 44.4595921]}, "properties": {"amenity": "clinic", "name": "ProEstetica", "source": "survey"}}, {"type": "Feature", "geometry": {"type": "Point", "coordinates": [25.3560293, 46.9224615]}, "properties": {"addr:city": "Topli\u021ba", "addr:postcode": "535700", "addr:street": "Strada Victor Babe\u0219", "amenity": "hospital", "check_date": "2025-06-12", "emergency": "yes", "healthcare": "hospital", "name": "Spitalul Municipal Topli\u021ba", "website": "https://www.spitaltoplita.ro/"}}, {"type": "Feature", "geometry": {"type": "Point", "coordinates": [25.3548015, 46.9223893]}, "properties": {"addr:city": "Topli\u021ba", "addr:housename": "Cabinete medicinale", "addr:street": "Strada Victor Babe\u0219", "amenity": "clinic", "name": "Cabinete medicale"}}, {"type": "Feature", "geometry": {"type": "Point", "coordinates": [25.3540135, 46.9228381]}, "properties": {"addr:housename": "Cabinete medicale", "addr:street": "Strada Victor Babe\u0219", "amenity": "clinic", "name": "Cabinete medicale"}}, {"type": "Feature", "geometry": {"type": "Point", "coordinates": [21.7768512, 45.0595983]}, "properties": {"amenity": "hospital", "healthcare": "hospital", "name": "Sanatoriul Marila"}}, {"type": "Feature", "geometry": {"type": "Point", "coordinates": [26.1444339, 44.439989]}, "properties": {"addr:city": "Bucure\u0219ti", "addr:housenumber": "53", "addr:street": "Strada Maior Lauren\u021biu Claudian", "amenity": "clinic", "name": "Centrul de \u00eengrijiri paliative \"Sf\u00e2ntul Nectarie\"", "phone": "0040212500918"}}, {"type": "Feature", "geometry": {"type": "Point", "coordinates": [23.5874303, 46.7789722]}, "properties": {"amenity": "clinic", "healthcare": "clinic", "name": "Spitalul Privat de Chirurgie"}}, {"type": "Feature", "geometry": {"type": "Point", "coordinates": [23.5876383, 46.7816502]}, "properties": {"addr:city": "Cluj-Napoca", "addr:country": "RO", "addr:housenumber": "78", "addr:postcode": "400275", "addr:postcode:source": "Date de la Po\u0219ta Rom\u00e2n\u0103, publicate sub Licen\u021ba pentru Guvernare Deschis\u0103 v1.0 la http://date.gov.ro/organization/posta-romana", "addr:street": "Strada Horea", "amenity": "clinic", "email": "terramed@mail.rdscj.ro", "fax": "0264433210", "healthcare": "clinic", "name": "Terra med", "opening_hours": "Mo-Fr 07:00-19:00, Sa 08:00-12:00", "phone": "0264530888, 0264532026", "website": "https://terramedcluj.ro/"}}, {"type": "Feature", "geometry": {"type": "Point", "coordinates": [26.0664992, 44.4077501]}, "properties": {"amenity": "clinic", "contact:website": "www.aisgrup.ro", "description": "Centru de diagnostic, tratament \u0219i recuperare medical\u0103", "healthcare": "clinic", "name": "AIS Clinics & Hospital", "opening_hours": "Mo-Fr 07:00-22:00; Sa 08:00-15:00", "operator": "AIS Group"}}, {"type": "Feature", "geometry": {"type": "Point", "coordinates": [26.1002102, 44.4107188]}, "properties": {"addr:city": "Bucure\u0219ti", "addr:housenumber": "3", "addr:street": "Strada Nicopole", "amenity": "clinic", "healthcare": "clinic", "healthcare:speciality": "psychiatry", "name": "Institutul Psychos", "source": "survey"}}, {"type": "Feature", "geometry": {"type": "Point", "coordinates": [26.0833058, 44.4647504]}, "properties": {"addr:city": "Bucure\u0219ti", "addr:housenumber": "20-22", "addr:postcode": "011442", "addr:postcode:source": "Date de la Po\u0219ta Rom\u00e2n\u0103, publicate sub Licen\u021ba pentru Guvernare Deschis\u0103 v1.0 la http://date.gov.ro/organization/posta-romana", "addr:street": "Strada Alexandrina", "amenity": "clinic", "building": "public", "healthcare": "clinic", "name": "PROVITA", "name:ro": "PROVITA", "opening_hours": "Mo-Fr 07:30-21:00, Sa 08:00-14:00", "website": "https://www.centrul-provita.ro/"}}, {"type": "Feature", "geometry": {"type": "Point", "coordinates": [23.5882637, 46.7838714]}, "properties": {"addr:city": "Cluj-Napoca", "addr:country": "RO", "addr:postcode": "400276", "addr:street": "Strada Craiova", "amenity": "clinic", "healthcare": "clinic", "healthcare:speciality": "general", "level": "0", "name": "Regina Maria - Punct de recoltare analize", "operator": "Regina Maria"}}, {"type": "Feature", "geometry": {"type": "Point", "coordinates": [26.0720615, 44.4447131]}, "properties": {"addr:city": "Bucure\u0219ti", "addr:housenumber": "19", "addr:postcode": "010917", "addr:postcode:source": "Date de la Po\u0219ta Rom\u00e2n\u0103, publicate sub Licen\u021ba pentru Guvernare Deschis\u0103 v1.0 la http://date.gov.ro/organization/posta-romana", "addr:street": "Strada Constantin B\u0103l\u0103cescu", "amenity": "clinic", "name": "Life Care Medical", "source:addr:housenumber": "survey", "source:addr:street": "survey"}}, {"type": "Feature", "geometry": {"type": "Point", "coordinates": [26.0721933, 44.4433413]}, "properties": {"addr:city": "Bucure\u0219ti", "addr:housenumber": "28", "addr:postcode": "010904", "addr:street": "Strada Witting", "amenity": "clinic", "description:ro": "Consulta\u021bii medicale \u0219i analize de laborator complete", "healthcare": "clinic", "name": "Munor Cris Medica", "source:addr:housenumber": "survey", "source:addr:street": "survey"}}, {"type": "Feature", "geometry": {"type": "Point", "coordinates": [24.5739532, 46.5376677]}, "properties": {"addr:city": "T\u00e2rgu Mure\u0219", "addr:housenumber": "2", "addr:postcode": "540538", "addr:postcode:source": "Date de la Po\u0219ta Rom\u00e2n\u0103, publicate sub Licen\u021ba pentru Guvernare Deschis\u0103 v1.0 la http://date.gov.ro/organization/posta-romana", "addr:street": "Strada Bra\u0219ovului", "amenity": "hospital", "healthcare": "hospital", "name": "Centrul medical TOPMED", "name:ro": "Centrul medical TOPMED", "phone": "+40-365-430280"}}, {"type": "Feature", "geometry": {"type": "Point", "coordinates": [26.5303918, 44.7622409]}, "properties": {"amenity": "hospital", "emergency": "no", "name": "Dispensar", "source": "survey"}}, {"type": "Feature", "geometry": {"type": "Point", "coordinates": [26.0686047, 44.4466376]}, "properties": {"addr:city": "Bucure\u0219ti", "addr:country": "RO", "addr:housenumber": "39", "addr:postcode": "010931", "addr:postcode:source": "Date de la Po\u0219ta Rom\u00e2n\u0103, publicate sub Licen\u021ba pentru Guvernare Deschis\u0103 v1.0 la http://date.gov.ro/organization/posta-romana", "addr:street": "Strada Bihor", "amenity": "clinic", "healthcare": "clinic", "name": "Ama Optimex", "source:addr:housenumber": "survey", "source:addr:street": "survey", "website": "https://www.amaoptimex.ro/"}}, {"type": "Feature", "geometry": {"type": "Point", "coordinates": [26.0731464, 44.4442319]}, "properties": {"addr:city": "Bucure\u0219ti", "addr:housenumber": "10-12", "addr:street": "Strada Witting", "amenity": "clinic", "healthcare": "clinic", "name": "Munposan", "source:addr:housenumber": "survey", "source:addr:street": "survey", "website": "http://www.munposan.ro/"}}, {"type": "Feature", "geometry": {"type": "Point", "coordinates": [26.1304463, 45.9969022]}, "properties": {"amenity": "clinic", "healthcare": "clinic"}}, {"type": "Feature", "geometry": {"type": "Point", "coordinates": [22.8245118, 46.1350751]}, "properties": {"amenity": "hospital", "emergency": "yes", "name": "Sanatoriul de Pneumoftiziologie Brad"}}, {"type": "Feature", "geometry": {"type": "Point", "coordinates": [26.7988902, 45.1505133]}, "properties": {"amenity": "hospital", "name": "Centrul de transfuzie Buz\u0103u"}}, {"type": "Feature", "geometry": {"type": "Point", "coordinates": [26.8002152, 45.1511489]}, "properties": {"amenity": "hospital", "healthcare": "hospital", "name": "Serviciul jude\u021bean de ambulan\u021b\u0103 Buz\u0103u"}}, {"type": "Feature", "geometry": {"type": "Point", "coordinates": [21.2209739, 45.7646351]}, "properties": {"addr:city": "Timi\u0219oara", "addr:housenumber": "14", "addr:postcode": "300681", "addr:postcode:source": "Date de la Po\u0219ta Rom\u00e2n\u0103, publicate sub Licen\u021ba pentru Guvernare Deschis\u0103 v1.0 la http://date.gov.ro/organization/posta-romana", "addr:street": "Strada Teiului", "amenity": "hospital", "check_date": "2025-10-23", "emergency": "no", "name": "Cabinet Dr. Giurgiu Daniela"}}, {"type": "Feature", "geometry": {"type": "Point", "coordinates": [25.9525296, 45.0496709]}, "properties": {"amenity": "clinic"}}, {"type": "Feature", "geometry": {"type": "Point", "coordinates": [28.135514, 45.2456181]}, "properties": {"amenity": "hospital", "healthcare": "hospital", "name": "Spitalul M\u0103cin"}}, {"type": "Feature", "geometry": {"type": "Point", "coordinates": [28.633943, 44.0678321]}, "properties": {"addr:city": "Eforie Nord", "addr:street": "Bulevardul Alexandru Ioan Cuza", "amenity": "hospital", "healthcare": "hospital", "name": "Spitalul Clinic de Recuperare, Medicin\u0103 fizic\u0103 \u0219i balneologie Eforie Nord"}}, {"type": "Feature", "geometry": {"type": "Point", "coordinates": [28.5990546, 44.0520718]}, "properties": {"addr:city": "Techirghiol", "amenity": "hospital", "name": "Sanatoriul de copii Techirghiol", "source": "survey"}}, {"type": "Feature", "geometry": {"type": "Point", "coordinates": [25.7965951, 45.8600619]}, "properties": {"amenity": "clinic", "name": "AndiMed"}}, {"type": "Feature", "geometry": {"type": "Point", "coordinates": [25.1404045, 43.8754907]}, "properties": {"addr:city": "Furcule\u0219ti", "amenity": "hospital", "emergency": "no", "healthcare": "hospital"}}, {"type": "Feature", "geometry": {"type": "Point", "coordinates": [26.1260253, 44.4317615]}, "properties": {"addr:city": "Bucure\u0219ti", "addr:housenumber": "111-113", "addr:postcode": "030581", "addr:postcode:source": "Date de la Po\u0219ta Rom\u00e2n\u0103, publicate sub Licen\u021ba pentru Guvernare Deschis\u0103 v1.0 la http://date.gov.ro/organization/posta-romana", "addr:street": "Strada Popa Nan", "amenity": "clinic", "is_in:city": "Bucure\u0219ti", "name": "Fertilia", "phone": "+40724500020", "website": "https://www.fertilia.ro/"}}, {"type": "Feature", "geometry": {"type": "Point", "coordinates": [26.1046392, 44.4230833]}, "properties": {"addr:city": "Bucure\u0219ti", "addr:housenumber": "7", "addr:street": "Bulevardul Dimitrie Cantemir", "amenity": "clinic", "healthcare": "clinic", "name": "Clinica Audionova", "opening_hours": "Mo-Fr 08:00-17:00", "source": "survey, field survey ( 2014 - 2016)"}}, {"type": "Feature", "geometry": {"type": "Point", "coordinates": [26.1367178, 44.4225589]}, "properties": {"amenity": "clinic", "name": "Clinica Audionova"}}, {"type": "Feature", "geometry": {"type": "Point", "coordinates": [26.1199573, 44.4461339]}, "properties": {"addr:city": "Bucure\u0219ti", "addr:housenumber": "7", "addr:postcode": "020671", "addr:postcode:source": "Date de la Po\u0219ta Rom\u00e2n\u0103, publicate sub Licen\u021ba pentru Guvernare Deschis\u0103 v1.0 la http://date.gov.ro/organization/posta-romana", "addr:street": "Strada Ardeleni", "amenity": "clinic", "name": "Clinica Audionova", "opening_hours": "Mo-Fr 06:00-21:45", "wheelchair": "no"}}, {"type": "Feature", "geometry": {"type": "Point", "coordinates": [26.0895573, 44.4503043]}, "properties": {"addr:housenumber": "41", "addr:street": "Bulevardul Lasc\u0103r Catargiu", "amenity": "clinic", "name": "Clinica Audionova", "wheelchair": "no"}}, {"type": "Feature", "geometry": {"type": "Point", "coordinates": [21.3168962, 46.1796793]}, "properties": {"addr:city": "Arad", "addr:housenumber": "10", "addr:street": "Pia\u021ba Mihai Viteazul", "amenity": "clinic", "healthcare": "clinic", "healthcare:speciality": "oncology", "name": "Spitalul Clinic Municipal Sec\u021bia Oncologie"}}, {"type": "Feature", "geometry": {"type": "Point", "coordinates": [21.3171531, 46.1795928]}, "properties": {"addr:city": "Arad", "addr:housenumber": "10", "addr:street": "Pia\u021ba Mihai Viteazul", "amenity": "clinic", "healthcare": "clinic", "healthcare:speciality": "dermatovenereology", "name": "Spitalul Clinic Municipal Sec\u021bia Dermatovenerologie"}}, {"type": "Feature", "geometry": {"type": "Point", "coordinates": [24.3302594, 45.2581005]}, "properties": {"amenity": "clinic", "healthcare": "clinic", "name": "Clinica P\u0103u\u0219a"}}, {"type": "Feature", "geometry": {"type": "Point", "coordinates": [23.791116, 44.3064905]}, "properties": {"amenity": "clinic", "name": "Synevo"}}, {"type": "Feature", "geometry": {"type": "Point", "coordinates": [25.4353353, 45.0752205]}, "properties": {"amenity": "hospital", "name": "Spitalul or\u0103\u0219enesc Pucioasa"}}, {"type": "Feature", "geometry": {"type": "Point", "coordinates": [22.6501965, 44.6402681]}, "properties": {"amenity": "clinic", "healthcare": "clinic", "name": "Bioclinica"}}, {"type": "Feature", "geometry": {"type": "Point", "coordinates": [21.2613281, 45.7311556]}, "properties": {"addr:city": "Timi\u0219oara", "addr:country": "RO", "addr:postcode": "300713", "addr:postcode:source": "Date de la Po\u0219ta Rom\u00e2n\u0103, publicate sub Licen\u021ba pentru Guvernare Deschis\u0103 v1.0 la http://date.gov.ro/organization/posta-romana", "addr:street": "Intrarea Neptun", "amenity": "clinic", "healthcare": "clinic", "name": "Telescan", "opening_hours": "L - V: 08:00 - 24:00, S: 08:00 - 18:00", "phone": "+40 (0) 256 202 728", "website": "http://www.telescan.ro/"}}, {"type": "Feature", "geometry": {"type": "Point", "coordinates": [25.7429525, 45.1211365]}, "properties": {"amenity": "hospital", "emergency": "no", "name": "Recuperare Medical\u0103 Dr. Mehedin\u021bi", "source": "field survey"}}, {"type": "Feature", "geometry": {"type": "Point", "coordinates": [24.8697029, 43.751701]}, "properties": {"amenity": "hospital", "name": "Policlinica"}}, {"type": "Feature", "geometry": {"type": "Point", "coordinates": [26.1038632, 44.438995]}, "properties": {"amenity": "clinic", "healthcare": "clinic", "name": "Centrul Medical Bati\u0219tei"}}, {"type": "Feature", "geometry": {"type": "Point", "coordinates": [23.8028627, 44.3083872]}, "properties": {"amenity": "clinic", "name": "Centrul Medical de Nefrologie \u0219i Dializ\u0103"}}, {"type": "Feature", "geometry": {"type": "Point", "coordinates": [23.7963748, 44.3098349]}, "properties": {"addr:city": "Craiova", "addr:street": "Calea Unirii", "amenity": "clinic", "healthcare": "clinic", "name": "Policlinica Bunavestire"}}, {"type": "Feature", "geometry": {"type": "Point", "coordinates": [23.7959135, 44.3129928]}, "properties": {"amenity": "clinic", "name": "Policlinica Medsan"}}, {"type": "Feature", "geometry": {"type": "Point", "coordinates": [26.0943699, 44.4324088]}, "properties": {"addr:city": "Bucure\u0219ti", "addr:postcode": "050042", "addr:street": "Strada Mihai Vod\u0103", "amenity": "clinic", "healthcare": "clinic", "name": "Centrul Medical de Diagnostic \u0219i Tratament Ambulatoriu Dr. \"Nicolae Kretzulescu\""}}, {"type": "Feature", "geometry": {"type": "Point", "coordinates": [23.7929271, 44.312365]}, "properties": {"addr:city": "Craiova", "addr:street": "Strada Gheorghe Doja", "amenity": "clinic", "healthcare": "clinic", "name": "SPAD"}}, {"type": "Feature", "geometry": {"type": "Point", "coordinates": [23.8017601, 44.3129057]}, "properties": {"amenity": "clinic", "name": "Centrul Medical Rena\u0219terea"}}, {"type": "Feature", "geometry": {"type": "Point", "coordinates": [23.8049993, 44.3087652]}, "properties": {"amenity": "clinic", "name": "Policlinica Medaura"}}, {"type": "Feature", "geometry": {"type": "Point", "coordinates": [23.8018177, 44.3138242]}, "properties": {"amenity": "clinic", "name": "Signal Iduna"}}, {"type": "Feature", "geometry": {"type": "Point", "coordinates": [23.7873051, 44.3261593]}, "properties": {"addr:city": "Craiova", "addr:housenumber": "52", "addr:street": "Bulevardul Nicolae Titulescu", "amenity": "clinic", "healthcare": "clinic", "healthcare:speciality": "internal;dermatology;ophthalmology;paediatrics;psychiatry;cardiology;neurology;diabetology;stomatology;pulmonology;urology;endocrinology;gastroenterology;surgery;rheumatology;orthodontics;dental_oral_maxillo_facial_surgery;occupational", "name": "Centrul Medical Camen", "name:en": "Camen Medical Center", "name:ro": "Centrul Medical Camen", "opening_hours": "Mo-Fr 08:00-20:00", "phone": "0351420130;0251563328;0371340667", "website": "https://camen.ro"}}, {"type": "Feature", "geometry": {"type": "Point", "coordinates": [26.0934223, 44.4651223]}, "properties": {"amenity": "clinic", "name": "Zirconium dental center", "opening_hours": "Mo-Fr 09:00-17:00", "source": "survey"}}, {"type": "Feature", "geometry": {"type": "Point", "coordinates": [23.7885, 44.3256942]}, "properties": {"addr:city": "Craiova", "addr:street": "Bulevardul Nicolae Titulescu", "amenity": "clinic", "healthcare": "clinic", "name": "Clinica Dr. Camelia P\u0103tru"}}, {"type": "Feature", "geometry": {"type": "Point", "coordinates": [23.803804, 44.310012]}, "properties": {"addr:housenumber": "23A", "addr:street": "Strada Caracal", "amenity": "clinic", "name": "Centrul de Oncologie Sf\u00e2ntul Nectarie Craiova"}}, {"type": "Feature", "geometry": {"type": "Point", "coordinates": [23.7900822, 44.3178498]}, "properties": {"amenity": "clinic", "healthcare": "clinic", "name": "Terrapsi"}}, {"type": "Feature", "geometry": {"type": "Point", "coordinates": [23.7782146, 44.3257971]}, "properties": {"addr:city": "Craiova", "addr:street": "Strada Maria T\u0103nase", "amenity": "clinic", "name": "ENDOlife"}}, {"type": "Feature", "geometry": {"type": "Point", "coordinates": [23.8201461, 44.3100597]}, "properties": {"amenity": "clinic", "healthcare": "clinic"}}, {"type": "Feature", "geometry": {"type": "Point", "coordinates": [23.8092712, 44.3259849]}, "properties": {"addr:city": "Craiova", "addr:housenumber": "99", "addr:street": "Bulevardul Carol I", "amenity": "clinic", "healthcare": "clinic", "name": "Centrul Medical Dr. Iano\u0219i"}}, {"type": "Feature", "geometry": {"type": "Point", "coordinates": [23.8059194, 44.3248117]}, "properties": {"addr:city": "Craiova", "addr:housenumber": "71", "addr:street": "Bulevardul Carol I", "amenity": "clinic", "healthcare": "clinic", "name": "Policlinica Sf\u00e2ntul Ilie"}}, {"type": "Feature", "geometry": {"type": "Point", "coordinates": [23.8040071, 44.3231112]}, "properties": {"addr:city": "Craiova", "addr:housenumber": "50", "addr:street": "Bulevardul Carol I", "amenity": "clinic", "healthcare": "clinic", "name": "Policlinica Tommed"}}, {"type": "Feature", "geometry": {"type": "Point", "coordinates": [23.7983132, 44.3027497]}, "properties": {"amenity": "clinic", "name": "Maternitate Alpha Medical"}}, {"type": "Feature", "geometry": {"type": "Point", "coordinates": [23.7976378, 44.3060249]}, "properties": {"addr:city": "Craiova", "addr:housenumber": "143", "addr:street": "Calea Unirii", "amenity": "clinic", "healthcare": "clinic", "name": "Renamed Dialcare"}}, {"type": "Feature", "geometry": {"type": "Point", "coordinates": [26.0903006, 44.4509595]}, "properties": {"addr:city": "Bucure\u0219ti", "addr:housenumber": "16-20", "addr:postcode": "010626", "addr:street": "Strada Grigore Alexandrescu", "alt_name": "Clinica Victoria Medicover;Clinica Pediatrie Medicover", "amenity": "clinic", "emergency": "no", "healthcare": "clinic", "name": "Medicover", "opening_hours": "Mo-Fr 08:00-20:30", "phone": "+40 (21) 989 6", "website": "https://medicover.ro/", "wheelchair": "yes"}}, {"type": "Feature", "geometry": {"type": "Point", "coordinates": [25.6530705, 45.6076953]}, "properties": {"addr:city": "Bra\u0219ov", "addr:housenumber": "318", "addr:street": "Calea Bucure\u0219ti", "amenity": "hospital", "healthcare": "hospital", "name": "Spitalul Sf. Constantin"}}, {"type": "Feature", "geometry": {"type": "Point", "coordinates": [26.1119754, 44.4534841]}, "properties": {"amenity": "clinic", "name": "Centrul Medical Hiperdia"}}, {"type": "Feature", "geometry": {"type": "Point", "coordinates": [26.1122073, 44.4535399]}, "properties": {"amenity": "clinic", "name": "Clinica de Neurologie \"Gheorghe Marinescu\""}}, {"type": "Feature", "geometry": {"type": "Point", "coordinates": [26.1125773, 44.454028]}, "properties": {"amenity": "clinic", "name": "Clinica de Boli Profesionale"}}, {"type": "Feature", "geometry": {"type": "Point", "coordinates": [24.7663675, 46.1585353]}, "properties": {"addr:city": "\u0218ae\u0219", "amenity": "clinic", "healthcare": "clinic", "name": "Cabinet Medical Saes"}}, {"type": "Feature", "geometry": {"type": "Point", "coordinates": [25.7110303, 45.1288142]}, "properties": {"amenity": "hospital", "emergency": "no", "name": "Spitalul SanConfind C\u00e2mpina", "website": "https://www.sanconfind.ro/"}}, {"type": "Feature", "geometry": {"type": "Point", "coordinates": [23.8034179, 44.3180977]}, "properties": {"amenity": "clinic", "name": "Regina Maria"}}, {"type": "Feature", "geometry": {"type": "Point", "coordinates": [23.8119719, 44.3180633]}, "properties": {"addr:city": "Craiova", "addr:country": "RO", "addr:housename": "Bloc A13", "addr:housenumber": "85", "addr:postcode": "200473", "addr:street": "Calea Bucure\u0219ti", "amenity": "clinic", "brand": "Synlab", "brand:wikidata": "Q2376015", "healthcare": "laboratory", "healthcare:speciality": "biology", "name": "Synlab"}}, {"type": "Feature", "geometry": {"type": "Point", "coordinates": [23.8080822, 44.3203274]}, "properties": {"addr:city": "Craiova", "addr:country": "RO", "addr:housenumber": "24", "addr:postcode": "200467", "addr:street": "Strada Fra\u021bii Gole\u0219ti", "amenity": "clinic", "healthcare": "clinic", "name": "Tiens", "website": "http://ro.tiens.com"}}, {"type": "Feature", "geometry": {"type": "Point", "coordinates": [25.9439478, 45.0217539]}, "properties": {"amenity": "clinic", "healthcare": "clinic", "name": "Dispensar uman G\u0103geni"}}, {"type": "Feature", "geometry": {"type": "Point", "coordinates": [23.8217572, 44.3202813]}, "properties": {"amenity": "clinic", "name": "OB-GYN"}}, {"type": "Feature", "geometry": {"type": "Point", "coordinates": [26.1418258, 46.0018856]}, "properties": {"addr:city": "K\u00e9zdiv\u00e1s\u00e1rhely", "addr:housenumber": "5", "addr:postcode": "525400", "addr:street": "24-es udvarter", "amenity": "hospital", "emergency": "no", "healthcare": "hospital", "name": "Dental Lab B\u00e1lint \u2013 laborator de tehnic\u0103 dentar\u0103", "name:hu": "dentallabbalint-fogtechnikai laboratorium", "name:ro": "Dental Lab B\u00e1lint \u2013 laborator de tehnic\u0103 dentar\u0103", "operator": "Balint Zsolt", "phone": "+4(0)755459569"}}, {"type": "Feature", "geometry": {"type": "Point", "coordinates": [25.5370402, 44.5122921]}, "properties": {"addr:housenumber": "66", "addr:street": "Strada Principal\u0103", "amenity": "hospital", "name": "Spitalul de Pneumoftiziologie Izvoru", "website": "https://www.spital-izvoru.ro/"}}, {"type": "Feature", "geometry": {"type": "Point", "coordinates": [27.2041649, 45.6148581]}, "properties": {"amenity": "clinic"}}, {"type": "Feature", "geometry": {"type": "Point", "coordinates": [23.7940368, 44.3236378]}, "properties": {"amenity": "clinic", "name": "Centrul medical MaDonna Maria"}}, {"type": "Feature", "geometry": {"type": "Point", "coordinates": [26.0622879, 47.5684564]}, "properties": {"amenity": "hospital", "healthcare": "hospital", "name": "Dispensarul comunei Ciprian Porumbescu"}}, {"type": "Feature", "geometry": {"type": "Point", "coordinates": [26.1083167, 44.4527303]}, "properties": {"addr:city": "Bucure\u0219ti", "addr:housenumber": "30", "addr:postcode": "020144", "addr:postcode:source": "Date de la Po\u0219ta Rom\u00e2n\u0103, publicate sub Licen\u021ba pentru Guvernare Deschis\u0103 v1.0 la http://date.gov.ro/organization/posta-romana", "addr:street": "\u0218oseaua \u0218tefan cel Mare", "amenity": "clinic", "healthcare": "clinic", "name": "Clinica Gral Medical", "phone": "+40730-025.818"}}, {"type": "Feature", "geometry": {"type": "Point", "coordinates": [23.7779572, 44.3361739]}, "properties": {"addr:city": "Craiova", "addr:street": "Strada George Enescu", "amenity": "clinic", "healthcare": "clinic", "name": "Medical Center"}}, {"type": "Feature", "geometry": {"type": "Point", "coordinates": [23.806708, 44.3254082]}, "properties": {"addr:city": "Craiova", "addr:housenumber": "111", "addr:street": "Strada \u0218tefan cel Mare", "amenity": "clinic", "healthcare": "clinic", "name": "Policlinica Sf\u00e2ntul Ilie"}}, {"type": "Feature", "geometry": {"type": "Point", "coordinates": [23.5923883, 46.759909]}, "properties": {"addr:city": "Cluj-Napoca", "addr:housenumber": "75", "addr:postcode": "400098", "addr:postcode:source": "Date de la Po\u0219ta Rom\u00e2n\u0103, publicate sub Licen\u021ba pentru Guvernare Deschis\u0103 v1.0 la http://date.gov.ro/organization/posta-romana", "addr:street": "Strada Republicii", "alt_name": "Clinica Cluj Republicii Medicover", "amenity": "clinic", "healthcare": "clinic", "name": "Medicover", "opening_hours": "Mo-Fr 08:00-20:00", "phone": "+40 264 414 545", "website": "https://www.medicover.ro/"}}, {"type": "Feature", "geometry": {"type": "Point", "coordinates": [27.5603727, 46.9743744]}, "properties": {"amenity": "hospital"}}, {"type": "Feature", "geometry": {"type": "Point", "coordinates": [23.5152585, 46.554806]}, "properties": {"amenity": "hospital", "name": "Spital Iara"}}, {"type": "Feature", "geometry": {"type": "Point", "coordinates": [26.7649566, 46.253633]}, "properties": {"addr:city": "One\u0219ti", "addr:housenumber": "1", "addr:postcode": "601048", "addr:street": "Strada Perchiului", "amenity": "clinic", "name": "Policlinic\u0103"}}, {"type": "Feature", "geometry": {"type": "Point", "coordinates": [26.7636259, 46.2548517]}, "properties": {"addr:city": "One\u0219ti", "addr:housenumber": "1", "addr:postcode": "601048", "addr:street": "Strada Perchiului", "amenity": "clinic", "name": "Psihiatrie"}}, {"type": "Feature", "geometry": {"type": "Point", "coordinates": [26.7643514, 46.2550254]}, "properties": {"addr:city": "One\u0219ti", "addr:housenumber": "1", "addr:postcode": "601048", "addr:street": "Strada Perchiului", "amenity": "clinic", "name": "Maternitate"}}, {"type": "Feature", "geometry": {"type": "Point", "coordinates": [26.7634702, 46.2545727]}, "properties": {"addr:city": "One\u0219ti", "addr:housenumber": "1", "addr:postcode": "601048", "addr:street": "Strada Perchiului", "amenity": "clinic", "name": "Infec\u021bioase"}}, {"type": "Feature", "geometry": {"type": "Point", "coordinates": [25.6620393, 45.17769]}, "properties": {"addr:city": "Breaza", "addr:housename": "5", "addr:postcode": "105400", "addr:street": "Strada Caraiman", "amenity": "hospital", "emergency": "no", "name": "Funda\u021bia Eden Breaza", "source": "Field Survey 1.06.2015"}}, {"type": "Feature", "geometry": {"type": "Point", "coordinates": [23.0418565, 46.3624169]}, "properties": {"addr:city": "C\u00e2mpeni", "amenity": "hospital", "healthcare": "hospital", "name": "Spitalul Or\u0103\u0219enesc C\u00e2mpeni"}}, {"type": "Feature", "geometry": {"type": "Point", "coordinates": [23.0461062, 46.3647951]}, "properties": {"addr:city": "C\u00e2mpeni", "amenity": "hospital", "name": "Spitalul de boli cronice C\u00e2mpeni"}}, {"type": "Feature", "geometry": {"type": "Point", "coordinates": [25.5404197, 45.4015359]}, "properties": {"addr:city": "Bu\u0219teni", "addr:housenumber": "68", "addr:postcode": "105550", "addr:street": "Strada Panduri", "amenity": "hospital", "check_date": "2025-10-15", "emergency": "yes", "healthcare": "hospital", "name": "Sec\u021bia de Recuperare Medical\u0103 Fizic\u0103 \u0219i Balneologie Bu\u0219teni", "operator": "Spitalul de Urgent\u0103 Profesor Doctor Dimitrie Gerota - Bucure\u0219ti", "source": "field survey 14.06.2015"}}, {"type": "Feature", "geometry": {"type": "Point", "coordinates": [26.1201205, 44.393389]}, "properties": {"addr:city": "Bucure\u0219ti", "amenity": "clinic", "healthcare": "clinic", "name": "MedLife Berceni", "source": "survey", "website": "https://www.medlife.ro/"}}, {"type": "Feature", "geometry": {"type": "Point", "coordinates": [26.1217432, 44.3946422]}, "properties": {"addr:city": "Bucure\u0219ti", "amenity": "clinic", "healthcare": "clinic", "name": "Regina Maria", "source": "survey", "website": "https://www.reginamaria.ro/"}}, {"type": "Feature", "geometry": {"type": "Point", "coordinates": [25.5740897, 45.5088504]}, "properties": {"addr:city": "Predeal", "amenity": "hospital", "healthcare": "hospital", "name": "Dispensar policlinic Predeal"}}, {"type": "Feature", "geometry": {"type": "Point", "coordinates": [23.7456427, 46.7930485]}, "properties": {"amenity": "clinic", "name": "Centrul Medical Sina"}}, {"type": "Feature", "geometry": {"type": "Point", "coordinates": [24.9593017, 45.8417856]}, "properties": {"amenity": "hospital", "emergency": "yes", "healthcare": "hospital", "name": "Pediatrie"}}, {"type": "Feature", "geometry": {"type": "Point", "coordinates": [25.9390586, 45.2309069]}, "properties": {"addr:city": "Sl\u0103nic", "amenity": "clinic", "name": "Cabinet medical individual"}}, {"type": "Feature", "geometry": {"type": "Point", "coordinates": [26.8173112, 45.1484724]}, "properties": {"amenity": "clinic", "healthcare": "clinic", "name": "Clinica New Life"}}, {"type": "Feature", "geometry": {"type": "Point", "coordinates": [26.8102796, 45.1522065]}, "properties": {"addr:street": "Strada Nicolae Titulescu", "amenity": "hospital", "healthcare": "hospital", "name": "Policlinica 23 August", "phone": "0238 715 524"}}, {"type": "Feature", "geometry": {"type": "Point", "coordinates": [26.8170684, 45.1502983]}, "properties": {"amenity": "clinic", "healthcare": "clinic", "name": "Medicer"}}, {"type": "Feature", "geometry": {"type": "Point", "coordinates": [23.5984728, 46.775777]}, "properties": {"addr:city": "Cluj-Napoca", "addr:country": "RO", "addr:floor": "1", "amenity": "clinic", "contact:website": "https://www.cosmedica.ro/", "healthcare": "clinic", "healthcare:speciality": "plastic_surgery", "name": "CosMedica"}}, {"type": "Feature", "geometry": {"type": "Point", "coordinates": [26.373125, 46.9342396]}, "properties": {"amenity": "clinic", "healthcare": "clinic", "name": "Clinica Micromedica"}}, {"type": "Feature", "geometry": {"type": "Point", "coordinates": [26.3637809, 46.930719]}, "properties": {"amenity": "clinic", "name": "Gauss - Clinic\u0103 oftalmologic\u0103"}}, {"type": "Feature", "geometry": {"type": "Point", "coordinates": [23.5714748, 47.647324]}, "properties": {"addr:city": "Baia Mare", "addr:housenumber": "22", "addr:postcode": "430232", "addr:postcode:source": "Date de la Po\u0219ta Rom\u00e2n\u0103, publicate sub Licen\u021ba pentru Guvernare Deschis\u0103 v1.0 la http://date.gov.ro/organization/posta-romana", "addr:street": "Bulevardul Unirii", "amenity": "clinic", "emergency": "no", "healthcare": "clinic", "healthcare:speciality": "dentist", "name": "RXCT - Radiologie \u0219i Tomografie Dentar\u0103 3D, Baia Mare", "note": "RXCT Centru de Radiologie \u0219i Tomografie Dentar\u0103 3D, Baia Mare, Bulevardul Unirii, nr.22, Baia Mare, Tel: 0770-219.640 Site web: http://radiologiedentara-baiamare.ro ORAR Luni~Vineri: 08.30 - 19.30 S\u00e2mb\u0103ta: 09.00 - 14.00 Duminica: Inchis", "phone": "+40 770 219640", "website": "http://radiologiedentara-baiamare.ro"}}, {"type": "Feature", "geometry": {"type": "Point", "coordinates": [25.2783977, 47.4797191]}, "properties": {"addr:city": "Cioc\u0103ne\u0219ti", "addr:housenumber": "39", "addr:postcode": "727120", "addr:street": "Strada Principal\u0103", "amenity": "hospital", "healthcare:speciality": "general", "name": "Cabinet Medical", "operator": "Doctor Rusu Iliada Luciana", "phone": "0745 962 295"}}, {"type": "Feature", "geometry": {"type": "Point", "coordinates": [25.2738242, 47.4836137]}, "properties": {"addr:city": "Cioc\u0103ne\u0219ti", "addr:housenumber": "73", "addr:postcode": "727120", "addr:street": "Strada Principal\u0103", "amenity": "hospital", "name": "Cabinet Medical Veterinar", "operator": "Doctor Moldovan Ionic\u0103 Radu"}}, {"type": "Feature", "geometry": {"type": "Point", "coordinates": [28.6510262, 44.1875883]}, "properties": {"amenity": "clinic", "email": "maritimemedicine@yahoo.co.uk", "healthcare": "clinic", "name": "Black Sea Health Medical Center", "note": "Medical center for drivers and maritime occupational medicine. This clinic has two maritime medicine cabinets, six specialized offices, a psychological testing center and a medical analyses laboratory.", "phone": "+40 341 434 877", "website": "http://www.maritimemedicine.ro"}}, {"type": "Feature", "geometry": {"type": "Point", "coordinates": [25.9878153, 44.4425738]}, "properties": {"addr:city": "Bucure\u0219ti", "addr:housenumber": "93A", "addr:postcode": "077042", "addr:street": "Strada Rezervelor", "alt_name:en": "Milena Medical Center", "amenity": "clinic", "name": "Milena", "website": "https://www.milenamedical.ro/"}}, {"type": "Feature", "geometry": {"type": "Point", "coordinates": [26.1050705, 44.45525]}, "properties": {"addr:city": "Bucure\u0219ti", "amenity": "clinic", "name": "Syromed+"}}, {"type": "Feature", "geometry": {"type": "Point", "coordinates": [26.1754403, 44.497301]}, "properties": {"addr:city": "Voluntari", "addr:housenumber": "3", "addr:postcode": "077190", "addr:postcode:source": "Date de la Po\u0219ta Rom\u00e2n\u0103, publicate sub Licen\u021ba pentru Guvernare Deschis\u0103 v1.0 la http://date.gov.ro/organization/posta-romana", "addr:street": "Strada Erou Mircea Marinescu", "amenity": "hospital", "name": "Centrul de \u00cengrijiri Paliative \u201eSf\u00e2nta Irina\u201d", "phone": "+4021 352 0042", "website": "http://www.sfantairina.ro/"}}, {"type": "Feature", "geometry": {"type": "Point", "coordinates": [23.5818017, 46.7673543]}, "properties": {"addr:city": "Cluj-Napoca", "addr:housenumber": "32", "addr:postcode": "400003", "addr:postcode:source": "Date de la Po\u0219ta Rom\u00e2n\u0103, publicate sub Licen\u021ba pentru Guvernare Deschis\u0103 v1.0 la http://date.gov.ro/organization/posta-romana", "addr:street": "Calea Mo\u021bilor", "amenity": "clinic", "check_date:opening_hours": "2023-03-24", "healthcare": "clinic", "name": "Hyperclinica MedLife", "opening_hours": "Mo-Fr 07:00-21:00; Sa 07:00-15:00", "phone": "0264 960", "website": "https://www.medlife.ro/"}}, {"type": "Feature", "geometry": {"type": "Point", "coordinates": [24.5468127, 46.5570258]}, "properties": {"amenity": "hospital", "healthcare": "hospital", "name": "Farmacia Unirii"}}, {"type": "Feature", "geometry": {"type": "Point", "coordinates": [23.8049514, 44.3092358]}, "properties": {"addr:city": "Craiova", "addr:country": "RO", "addr:housenumber": "33", "addr:postcode": "200347", "addr:postcode:source": "Date de la Po\u0219ta Rom\u00e2n\u0103, publicate sub Licen\u021ba pentru Guvernare Deschis\u0103 v1.0 la http://date.gov.ro/organization/posta-romana", "addr:street": "Strada Caracal", "amenity": "clinic", "name": "Clinica Medisof"}}, {"type": "Feature", "geometry": {"type": "Point", "coordinates": [26.8159636, 45.1482672]}, "properties": {"addr:city": "Buz\u0103u", "addr:housenumber": "138", "addr:postcode": "120279", "addr:postcode:source": "Date de la Po\u0219ta Rom\u00e2n\u0103, publicate sub Licen\u021ba pentru Guvernare Deschis\u0103 v1.0 la http://date.gov.ro/organization/posta-romana", "addr:street": "Bulevardul Unirii", "amenity": "hospital", "name": "Policlinica Militar\u0103 Buz\u0103u"}}, {"type": "Feature", "geometry": {"type": "Point", "coordinates": [28.6324379, 44.1424279]}, "properties": {"amenity": "clinic", "healthcare": "clinic", "name": "Policlinica Farma Medis"}}, {"type": "Feature", "geometry": {"type": "Point", "coordinates": [28.6414114, 44.1865723]}, "properties": {"addr:city": "Constan\u021ba", "addr:housenumber": "85", "addr:postcode": "900587", "addr:postcode:source": "Date de la Po\u0219ta Rom\u00e2n\u0103, publicate sub Licen\u021ba pentru Guvernare Deschis\u0103 v1.0 la http://date.gov.ro/organization/posta-romana", "addr:street": "Strada Nicolae Iorga", "amenity": "clinic", "healthcare": "clinic", "name": "Centrul Regional de Transfuzii Sanguine Constan\u021ba"}}, {"type": "Feature", "geometry": {"type": "Point", "coordinates": [23.8091356, 44.3153897]}, "properties": {"addr:city": "Craiova", "addr:country": "RO", "addr:housenumber": "69", "addr:postcode": "200530", "addr:street": "Strada \u00cemp\u0103ratul Traian", "amenity": "clinic", "email": "office@sanatateacraiova.ro", "healthcare": "clinic", "name": "Centrul Medical \"S\u0103n\u0103tatea\"", "opening_hours": "Mo-Fr 10:00-20:00", "phone": "0351458808", "website": "https://www.sanatateacraiova.ro/"}}, {"type": "Feature", "geometry": {"type": "Point", "coordinates": [28.6364164, 44.1849597]}, "properties": {"addr:city": "Constan\u021ba", "addr:country": "RO", "addr:housenumber": "105 Bis", "addr:postcode": "900198", "addr:postcode:source": "Date de la Po\u0219ta Rom\u00e2n\u0103, publicate sub Licen\u021ba pentru Guvernare Deschis\u0103 v1.0 la http://date.gov.ro/organization/posta-romana", "addr:street": "Strada Nicolae Iorga", "amenity": "clinic", "brand": "Clinica Sante", "brand:wikidata": "Q121080834", "contact:email": "constanta@clinica-sante.ro", "healthcare": "sample_collection", "name": "Clinica Sante", "website": "https://www.clinica-sante.ro/"}}, {"type": "Feature", "geometry": {"type": "Point", "coordinates": [26.1296405, 44.4268861]}, "properties": {"amenity": "clinic", "check_date:opening_hours": "2022-05-08", "healthcare": "clinic", "name": "Centrul medical Sanador", "opening_hours": "Mo-Fr 08:00-20:00; Sa 08:00-14:00", "wheelchair": "yes"}}, {"type": "Feature", "geometry": {"type": "Point", "coordinates": [25.4298508, 45.078354]}, "properties": {"amenity": "clinic", "healthcare": "clinic", "name": "Centrul medical Polimed"}}, {"type": "Feature", "geometry": {"type": "Point", "coordinates": [25.4292665, 45.0785092]}, "properties": {"amenity": "clinic", "healthcare": "clinic", "name": "Policlinica Simona"}}, {"type": "Feature", "geometry": {"type": "Point", "coordinates": [26.4480918, 44.2873396]}, "properties": {"amenity": "hospital", "healthcare": "hospital", "name": "Dispensar"}}, {"type": "Feature", "geometry": {"type": "Point", "coordinates": [23.8106346, 44.3144882]}, "properties": {"addr:city": "Craiova", "addr:country": "RO", "addr:housenumber": "93", "addr:postcode": "200487", "addr:street": "Strada \u00cemp\u0103ratul Traian", "amenity": "clinic", "healthcare": "clinic", "name": "Centrul Medical \"Sf\u00e2ntul Nicolae\"", "opening_hours": "Mo-Fr 08:00-20:00", "phone": "0351401577"}}, {"type": "Feature", "geometry": {"type": "Point", "coordinates": [28.6277486, 44.1994822]}, "properties": {"amenity": "clinic", "healthcare": "clinic", "name": "Cabinet Oftalmologic"}}, {"type": "Feature", "geometry": {"type": "Point", "coordinates": [23.807533, 44.3199162]}, "properties": {"addr:city": "Craiova", "addr:country": "RO", "addr:housenumber": "9", "addr:postcode": "200467", "addr:street": "Strada Fra\u021bii Gole\u0219ti", "amenity": "clinic", "email": "centrulmedicalbataiosu@uv.ro", "name": "Centrul medical dr. B\u0103t\u0103iosu", "opening_hours": "Mo-Fr 08:00-20:00; Sa-Su off", "phone": "0251544445", "website": "http://centrulmedicalbataiosu.uv.ro"}}, {"type": "Feature", "geometry": {"type": "Point", "coordinates": [23.6642616, 45.1730147]}, "properties": {"amenity": "hospital", "emergency": "yes", "healthcare": "hospital", "name": "Dispensar anti-TBC"}}, {"type": "Feature", "geometry": {"type": "Point", "coordinates": [23.6616334, 45.1734608]}, "properties": {"amenity": "hospital", "healthcare": "hospital", "name": "Spitalul or\u0103\u0219enesc Novaci"}}, {"type": "Feature", "geometry": {"type": "Point", "coordinates": [23.7579177, 45.1708202]}, "properties": {"amenity": "hospital", "name": "Dispensar Baia de Fier", "source": "survey"}}, {"type": "Feature", "geometry": {"type": "Point", "coordinates": [26.8187736, 45.1522721]}, "properties": {"addr:city": "Buz\u0103u", "addr:postcode": "120187", "addr:street": "Aleea Trandafirilor", "amenity": "clinic", "cuisine": "regional;kebab", "healthcare": "clinic", "healthcare:speciality": "cardiology;neurology;endocrinologie;diabetology", "name": "Clinica Medicard"}}, {"type": "Feature", "geometry": {"type": "Point", "coordinates": [23.5897429, 46.7430352]}, "properties": {"addr:city": "Cluj-Napoca", "addr:housenumber": "21", "addr:postcode": "400194", "addr:street": "Strada Ana Aslan", "amenity": "clinic", "emergency": "no", "healthcare": "clinic", "name": "Cabinet de nefrologie \u0219i centru de dializ\u0103 Fresenius", "operator": "Fresenius Nephrocare Romania SRL"}}, {"type": "Feature", "geometry": {"type": "Point", "coordinates": [26.0173783, 44.9426483]}, "properties": {"amenity": "clinic", "healthcare": "clinic", "name": "Gral Medical", "opening_hours": "Mo-Fr 07:00-19:00; Sa 09:00-14:00", "phone": "+40 21 323 0000", "website": "https://www.gralmedical.ro"}}, {"type": "Feature", "geometry": {"type": "Point", "coordinates": [26.0180381, 44.9436812]}, "properties": {"amenity": "clinic", "name": "Almedica Berlin", "source": "survey"}}, {"type": "Feature", "geometry": {"type": "Point", "coordinates": [26.015841, 44.9439534]}, "properties": {"amenity": "clinic", "atm": "yes", "healthcare": "clinic", "name": "Novus Medical", "operator": "Novus Medical", "source": "survey"}}, {"type": "Feature", "geometry": {"type": "Point", "coordinates": [26.0173354, 44.9430717]}, "properties": {"amenity": "clinic", "name": "Clinica Mc Gral", "source": "survey"}}, {"type": "Feature", "geometry": {"type": "Point", "coordinates": [26.0145197, 44.9446706]}, "properties": {"amenity": "clinic", "name": "Al Medica Berlin", "source": "survey"}}, {"type": "Feature", "geometry": {"type": "Point", "coordinates": [26.014164, 44.9446771]}, "properties": {"amenity": "clinic", "healthcare": "clinic", "name": "Clinica Uromed", "phone": "+40244514264", "source": "survey"}}, {"type": "Feature", "geometry": {"type": "Point", "coordinates": [26.9122466, 46.555185]}, "properties": {"amenity": "clinic", "branch": "Analize", "brand": "Synevo", "brand:wikidata": "Q85968400", "healthcare": "laboratory", "name": "Synevo"}}, {"type": "Feature", "geometry": {"type": "Point", "coordinates": [24.96558, 45.84368]}, "properties": {"amenity": "clinic", "healthcare": "clinic", "name": "Medlife"}}, {"type": "Feature", "geometry": {"type": "Point", "coordinates": [24.9772532, 45.8428512]}, "properties": {"amenity": "clinic", "description": "Dr. Florin Or\u0103\u0219teanu", "healthcare": "clinic", "name": "Cabinet oftalmologic", "phone": "+40749817751"}}, {"type": "Feature", "geometry": {"type": "Point", "coordinates": [23.8239672, 44.3155858]}, "properties": {"addr:city": "Craiova", "addr:country": "RO", "addr:housenumber": "109", "addr:place": "Bloc R2", "addr:postcode": "200516", "addr:street": "Calea Bucure\u0219ti", "amenity": "clinic", "email": "office@phoenix-hospital.ro", "name": "Centrul Medical Phoenix", "phone": "0351466211", "website": "https://phoenix-hospital.ro/"}}, {"type": "Feature", "geometry": {"type": "Point", "coordinates": [22.3970455, 47.0600875]}, "properties": {"addr:city": "Ale\u0219d", "addr:housenumber": "16", "addr:postcode": "415100", "addr:street": "Strada Pia\u021ba Unirii", "amenity": "hospital", "healthcare": "hospital", "name": "Policlinica Ale\u0219d", "name:ro": "Policlinica Ale\u0219d"}}, {"type": "Feature", "geometry": {"type": "Point", "coordinates": [26.0858141, 44.4647174]}, "properties": {"addr:city": "Bucure\u0219ti", "addr:housenumber": "67", "addr:postcode": "011855", "addr:postcode:source": "Date de la Po\u0219ta Rom\u00e2n\u0103, publicate sub Licen\u021ba pentru Guvernare Deschis\u0103 v1.0 la http://date.gov.ro/organization/posta-romana", "addr:street": "Bulevardul Aviatorilor", "amenity": "clinic", "healthcare": "clinic", "name": "Centrul Medical Academica"}}, {"type": "Feature", "geometry": {"type": "Point", "coordinates": [26.1381904, 44.5078619]}, "properties": {"addr:city": "Pipera", "addr:housenumber": "44", "addr:postcode": "077191", "addr:street": "Bulevardul Pipera", "amenity": "clinic", "is_in:city": "Voluntari", "is_in:country": "Rom\u00e2nia", "is_in:county": "Ilfov", "name": "Bio Medica Pipera", "operator": "Bio-Medica International", "phone": "+40 21 267 4225", "source": "http://www.bio-medica.ro/ro/sedii/pipera"}}, {"type": "Feature", "geometry": {"type": "Point", "coordinates": [26.2488368, 47.650498]}, "properties": {"amenity": "clinic", "healthcare": "clinic", "name": "Arcadia"}}, {"type": "Feature", "geometry": {"type": "Point", "coordinates": [24.3632654, 45.1193542]}, "properties": {"addr:city": "R\u00e2mnicu V\u00e2lcea", "addr:housenumber": "205", "addr:street": "Calea lui Traian", "amenity": "clinic", "check_date": "2025-11-12", "contact:email": "imagistica.valcea@affidea.com", "contact:phone": "+40 21 9338", "contact:website": "https://affidea.ro/centre-medicale/imagistica-sanmed-ramnicu-valcea", "healthcare": "clinic", "name": "Affidea", "opening_hours": "Mo-Fr 08:00-20:00; Sa 09:00-14:00"}}, {"type": "Feature", "geometry": {"type": "Point", "coordinates": [23.580842, 46.7547233]}, "properties": {"amenity": "clinic", "healthcare": "clinic", "name": "Clinica Bendis"}}, {"type": "Feature", "geometry": {"type": "Point", "coordinates": [23.5761978, 46.7552703]}, "properties": {"amenity": "clinic", "healthcare": "clinic", "name": "Medical Cor"}}, {"type": "Feature", "geometry": {"type": "Point", "coordinates": [23.5951202, 46.7748816]}, "properties": {"addr:housenumber": "8", "addr:street": "Strada Constan\u021ba", "amenity": "clinic", "healthcare": "clinic", "name": "Radusan"}}, {"type": "Feature", "geometry": {"type": "Point", "coordinates": [23.6042298, 46.7701927]}, "properties": {"addr:housenumber": "38A", "addr:street": "Strada General Traian Mo\u0219oiu", "amenity": "clinic", "healthcare": "clinic", "healthcare:speciality": "gastroenterology", "name": "Centrul medical gastroenterologie \u0219i hepatologie"}}, {"type": "Feature", "geometry": {"type": "Point", "coordinates": [23.5806823, 46.7577809]}, "properties": {"addr:city": "Cluj-Napoca", "addr:country": "RO", "addr:street": "Strada Sighi\u0219oarei", "amenity": "clinic", "healthcare": "clinic", "name": "Ronda Medical", "opening_hours": "Mo-Fr 09:00-17:00"}}, {"type": "Feature", "geometry": {"type": "Point", "coordinates": [26.1683898, 44.3790385]}, "properties": {"amenity": "clinic", "healthcare": "clinic", "name": "Dispensarul Popesti-Leordeni"}}, {"type": "Feature", "geometry": {"type": "Point", "coordinates": [26.1167494, 44.4115067]}, "properties": {"amenity": "clinic", "healthcare": "clinic", "name": "Life Med"}}, {"type": "Feature", "geometry": {"type": "Point", "coordinates": [23.6112231, 46.7622961]}, "properties": {"amenity": "clinic", "healthcare": "clinic", "name": "QClinic"}}, {"type": "Feature", "geometry": {"type": "Point", "coordinates": [26.1229631, 44.3932838]}, "properties": {"addr:city": "Bucure\u0219ti", "addr:housenumber": "87-99", "addr:postcode": "041303", "addr:street": "\u0218oseaua Olteni\u021bei", "addr:street:source": "survey", "amenity": "clinic", "contact:email": "bucuresti.oltenitei@affidea.com", "contact:phone": "+40 21 9338", "contact:website": "https://affidea.ro/centre-medicale/affidea-hiperdia-bucuresti-piata-sudului", "healthcare": "clinic", "name": "Affidea", "opening_hours": "Mo-Fr 07:30-21:00; Sa 08:00-14:00", "source": "survey", "source:addr:housenumber": "survey"}}, {"type": "Feature", "geometry": {"type": "Point", "coordinates": [25.453265, 44.929838]}, "properties": {"amenity": "clinic", "name": "Clinica Odontologic\u0103 T\u00e2rgovi\u0219te"}}, {"type": "Feature", "geometry": {"type": "Point", "coordinates": [24.2163358, 45.1822201]}, "properties": {"amenity": "hospital", "emergency": "no", "healthcare": "doctor", "name": "Dispensarul medical Cheia"}}, {"type": "Feature", "geometry": {"type": "Point", "coordinates": [23.5832335, 46.7662994]}, "properties": {"addr:city": "Cluj-Napoca", "addr:housenumber": "4-6", "addr:postcode": "400006", "addr:street": "Strada Clinicilor", "alt_name": "Institutul Clinic de Urologie \u015fi Transplant Renal din Cluj-Napoca", "amenity": "clinic", "healthcare": "clinic", "name": "Institutul de Urologie"}}, {"type": "Feature", "geometry": {"type": "Point", "coordinates": [26.1351921, 44.4186764]}, "properties": {"addr:city": "Bucure\u0219ti", "amenity": "clinic", "healthcare": "clinic", "name": "Romar Medical"}}, {"type": "Feature", "geometry": {"type": "Point", "coordinates": [25.5001556, 46.8005067]}, "properties": {"amenity": "hospital", "healthcare": "hospital"}}, {"type": "Feature", "geometry": {"type": "Point", "coordinates": [26.0699039, 44.4262805]}, "properties": {"addr:city": "Bucure\u0219ti", "addr:housenumber": "34", "addr:postcode": "050659", "addr:street": "Strada Doctor Ion Atanasiu", "amenity": "clinic", "healthcare": "clinic", "name": "Centrul Medical Panduri", "source": "field survey", "source:addr:housenumber": "survey", "source:addr:street": "survey", "website": "https://www.cmpanduri.ro/"}}, {"type": "Feature", "geometry": {"type": "Point", "coordinates": [24.9682803, 45.8354771]}, "properties": {"addr:city": "F\u0103g\u0103ra\u0219", "addr:housenumber": "25", "addr:postcode": "505200", "addr:street": "Strada 13 Decembrie", "amenity": "clinic", "healthcare": "clinic", "name": "Clinica de diagnoz\u0103 \u0219i tratament CNNA", "phone": "+40 268 212 001"}}, {"type": "Feature", "geometry": {"type": "Point", "coordinates": [23.8008593, 44.3202117]}, "properties": {"addr:city": "Craiova", "addr:country": "RO", "addr:housename": "Bloc 17A", "addr:housenumber": "25", "addr:postcode": "200678", "addr:street": "Calea Bucure\u0219ti", "amenity": "clinic", "email": "contact@medeeaclinic.ro", "name": "Medeea Clinic", "opening_hours": "Mo-Fr 13:00-19:00; Sa-Su off", "phone": "0351421843", "website": "http://www.medeeaclinic.ro"}}, {"type": "Feature", "geometry": {"type": "Point", "coordinates": [23.5888984, 46.7719033]}, "properties": {"addr:city": "Cluj-Napoca", "addr:country": "RO", "addr:floor": "1", "addr:housenumber": "1", "addr:postcode": "400112", "addr:postcode:source": "Date de la Po\u0219ta Rom\u00e2n\u0103, publicate sub Licen\u021ba pentru Guvernare Deschis\u0103 v1.0 la http://date.gov.ro/organization/posta-romana", "addr:street": "Strada \u00c9mile Zola", "amenity": "clinic", "description": "Medicina de familie, Ginecologie, Ecografie, Medicina muncii", "email": "sbirciumihai@yahoo.com", "healthcare": "clinic", "name": "MS Care Dr. Sbirciu", "opening_hours": "Mo-Fr 08:00-20:00", "phone": "0264599447, 0264599444"}}, {"type": "Feature", "geometry": {"type": "Point", "coordinates": [21.259323, 45.7321207]}, "properties": {"addr:city": "Timi\u0219oara", "addr:housenumber": "1", "addr:postcode": "300714", "addr:street": "Calea Buzia\u0219ului", "amenity": "clinic", "healthcare": "clinic", "is_in:region": "Banat", "is_in:state": "Timi\u0219", "is_in:state_code": "TM", "name": "Dispensar Giratoriu Buzia\u0219ului. Centru de permanen\u021b\u0103"}}, {"type": "Feature", "geometry": {"type": "Point", "coordinates": [26.8170999, 45.1483702]}, "properties": {"addr:postcode": "120018", "amenity": "clinic", "healthcare": "clinic", "name": "Clinica Medinvest", "phone": "0238721537", "website": "https://clinica-medinvest.ro/"}}, {"type": "Feature", "geometry": {"type": "Point", "coordinates": [23.4565859, 46.6746657]}, "properties": {"addr:city": "S\u0103v\u0103disla", "amenity": "hospital", "emergency": "no", "healthcare": "hospital", "name": "Spitalul clinic de pneumoftiziologie \u201eLeon Daniello\u201d Cluj-Napoca - Sec\u021bia de Pneumologie -TBC S\u0103v\u0103disla", "name:ro": "Spitalul clinic de pneumoftiziologie \u201eLeon Daniello\u201d Cluj-Napoca - Sec\u021bia de Pneumologie -TBC S\u0103v\u0103disla"}}, {"type": "Feature", "geometry": {"type": "Point", "coordinates": [27.1873752, 45.6893734]}, "properties": {"addr:city": "Foc\u0219ani", "addr:housenumber": "28", "addr:postcode": "620117", "addr:street": "Strada Bucegi", "amenity": "clinic", "healthcare": "clinic", "name": "Policlinica 2"}}, {"type": "Feature", "geometry": {"type": "Point", "coordinates": [28.6271925, 44.1976369]}, "properties": {"addr:housenumber": "87", "addr:postcode": "900382", "addr:street": "Strada Bogdan Petriceicu Ha\u0219deu", "amenity": "clinic", "email": "madalinacasian@yahoo.com", "healthcare": "clinic", "name": "C.P.I. Madalina Ghizu", "opening_hours": "Mo-Su 08:00-18:00", "phone": "0241642689"}}, {"type": "Feature", "geometry": {"type": "Point", "coordinates": [24.3483151, 46.1628284]}, "properties": {"addr:housenumber": "13", "addr:postcode": "551003", "addr:street": "Strada Pet\u00f6fi Sandor", "amenity": "clinic", "name": "SC Lotus Med"}}, {"type": "Feature", "geometry": {"type": "Point", "coordinates": [28.5995028, 44.0529783]}, "properties": {"addr:city": "Techirghiol", "amenity": "clinic", "name": "Centrul medical Pro Diagnostic"}}, {"type": "Feature", "geometry": {"type": "Point", "coordinates": [23.781625, 44.3272012]}, "properties": {"addr:city": "Craiova", "addr:housenumber": "104", "addr:street": "Bulevardul Nicolae Titulescu", "amenity": "clinic", "name": "Neurolife"}}, {"type": "Feature", "geometry": {"type": "Point", "coordinates": [28.0554914, 45.4308284]}, "properties": {"amenity": "clinic", "name": "CABINET MEDICAL CARDIOLOGIE DR. BUCATANSCHI", "phone": "0236435373"}}, {"type": "Feature", "geometry": {"type": "Point", "coordinates": [28.6373749, 44.1889734]}, "properties": {"addr:city": "Constan\u021ba", "addr:housenumber": "19", "addr:street": "Strada Fl\u0103m\u00e2nda", "amenity": "clinic", "healthcare": "clinic", "name": "Mediconst"}}, {"type": "Feature", "geometry": {"type": "Point", "coordinates": [26.1527363, 44.4288244]}, "properties": {"addr:housenumber": "2", "addr:street": "Strada Gheorghe Tattarescu", "amenity": "clinic", "description": "ORL", "healthcare": "centre", "name": "Clinica Nova ORL", "website": "https://clinicanova.ro"}}, {"type": "Feature", "geometry": {"type": "Point", "coordinates": [26.0997912, 44.4507801]}, "properties": {"addr:city": "Bucure\u0219ti", "addr:housenumber": "3", "addr:postcode": "010538", "addr:street": "Strada Profesor Ion Bogdan", "amenity": "clinic", "internet_access": "wlan", "name": "INFOSAN Clinic\u0103 Oftalmologic\u0103", "opening_hours": "Mo-Fr 08:00-20:00", "phone": "07212114067", "website": "https://www.infosan.com.ro/"}}, {"type": "Feature", "geometry": {"type": "Point", "coordinates": [25.7365703, 45.1220717]}, "properties": {"amenity": "hospital", "emergency": "no", "healthcare": "hospital", "name": "SanConfind Cabinet Pediatrie - Neonatologie", "survey:date": "2016-07-19"}}, {"type": "Feature", "geometry": {"type": "Point", "coordinates": [21.3034334, 46.1892495]}, "properties": {"addr:housenumber": "49", "addr:street": "Strada Cocorilor", "amenity": "clinic", "email": "office@red-medica.ro", "name": "REDMEDICA", "phone": "0753372489", "website": "https://www.red-medica.ro/"}}, {"type": "Feature", "geometry": {"type": "Point", "coordinates": [27.9426741, 46.9634263]}, "properties": {"amenity": "hospital", "name": "Spitalul Raducaneni"}}, {"type": "Feature", "geometry": {"type": "Point", "coordinates": [24.1578994, 45.7936876]}, "properties": {"addr:city": "Sibiu", "addr:housenumber": "1 A", "addr:postcode": "550172", "addr:street": "Strada Izvorului", "amenity": "clinic", "healthcare": "clinic", "name": "Clinica Polisano"}}, {"type": "Feature", "geometry": {"type": "Point", "coordinates": [24.1579366, 45.7936988]}, "properties": {"addr:city": "Sibiu", "addr:housenumber": "1 A", "addr:postcode": "550172", "addr:street": "Strada Izvorului", "amenity": "hospital", "healthcare": "hospital", "name": "Spitalul European Polisano"}}, {"type": "Feature", "geometry": {"type": "Point", "coordinates": [25.2972748, 46.3065141]}, "properties": {"addr:city": "Odorheiu Secuiesc", "addr:housenumber": "10", "addr:postcode": "535600", "addr:street": "Strada Attila", "amenity": "clinic", "healthcare": "clinic", "name": "GinArt Mag\u00e1nrendel\u0151", "name:hu": "GinArt Mag\u00e1nrendel\u0151", "name:ro": "GinArt Cabinet Privat"}}, {"type": "Feature", "geometry": {"type": "Point", "coordinates": [26.1175371, 44.5149849]}, "properties": {"addr:city": "Voluntari", "addr:housenumber": "124", "addr:postcode": "077190", "addr:postcode:source": "Date de la Po\u0219ta Rom\u00e2n\u0103, publicate sub Licen\u021ba pentru Guvernare Deschis\u0103 v1.0 la http://date.gov.ro/organization/posta-romana", "addr:street": "Strada Erou Iancu Nicolae", "amenity": "clinic", "name": "EUROCLINIC Pipera", "name:ro": "FamilyClinic"}}, {"type": "Feature", "geometry": {"type": "Point", "coordinates": [26.1134208, 44.4550769]}, "properties": {"amenity": "clinic", "name": "PROVITA", "name:ro": "PROVITA", "phone": "+40219432", "website": "https://www.centrul-provita.ro/"}}, {"type": "Feature", "geometry": {"type": "Point", "coordinates": [21.2981925, 46.177087]}, "properties": {"addr:city": "Arad", "addr:housenumber": "52", "addr:street": "Strada Roman Ciorogariu", "amenity": "clinic", "email": "policlinicadoctorturcin@gmail.com", "fax": "+40 0257 250 332", "healthcare": "clinic", "healthcare:speciality": "general;ophthalmology;internal;psychiatry;cardiology", "name": "Policlinica Doctor Turcin", "opening_hours": "Mo-Sa 08:00-18:00", "phone": "+40 0257 285 510", "website": "https://www.policlinicaturcin.ro/"}}, {"type": "Feature", "geometry": {"type": "Point", "coordinates": [21.2913409, 46.2026408]}, "properties": {"amenity": "hospital", "healthcare": "hospital", "name": "Policlinica AS"}}, {"type": "Feature", "geometry": {"type": "Point", "coordinates": [26.3736729, 46.9297977]}, "properties": {"amenity": "hospital", "check_date": "2025-06-12", "healthcare": "hospital", "healthcare:speciality": "psychiatry", "name": "Sectia Psihiatrie", "name:ro": "Sectia Psihiatrie"}}, {"type": "Feature", "geometry": {"type": "Point", "coordinates": [23.8187571, 44.3171173]}, "properties": {"addr:housenumber": "2", "addr:street": "Strada \u0218tefan Velovan", "amenity": "clinic", "email": "edy.bondoc@yahoo.com", "healthcare": "clinic", "name": "Cabinet Psihologie Eduard Bondoc", "opening_hours": "Mo-Fr 14:00-19:00", "phone": "0723948913", "website": "https://www.psihoterapie-craiova.ro/"}}, {"type": "Feature", "geometry": {"type": "Point", "coordinates": [23.3728055, 45.4152681]}, "properties": {"amenity": "clinic", "healthcare": "clinic", "name": "Cabinet Medical Udrea-Iona\u0219cu"}}, {"type": "Feature", "geometry": {"type": "Point", "coordinates": [27.3257251, 44.1938835]}, "properties": {"addr:city": "C\u0103l\u0103ra\u0219i", "addr:housenumber": "19", "addr:postcode": "910000", "addr:street": "Strada Progresul", "amenity": "hospital", "description": "Pacientii beneficiaz\u0103 de: - consultatie oftalmologic\u0103 complet\u0103 cu prescriere de ochelari; depistarea viciilor de refractie: miopie, hipermetrofie, astigmatism; - prescriere lentile de contact; - diagnosticul, tratamentul si monitorizarea glaucomulu", "healthcare": "hospital", "name": "C.M.I Oftalmologic Dr. Paris Cristina", "phone": "+40 732-313 366", "source": "owner"}}, {"type": "Feature", "geometry": {"type": "Point", "coordinates": [26.042364, 44.593707]}, "properties": {"addr:housenumber": "187", "addr:postcode": "077065", "addr:street": "\u0218oseaua Unirii", "amenity": "clinic", "name": "CardioRec", "opening_hours": "Mo-Su 08:00-20:00", "phone": "0219636", "website": "https://cardiorec.com/"}}, {"type": "Feature", "geometry": {"type": "Point", "coordinates": [28.0248483, 45.4318306]}, "properties": {"amenity": "clinic", "check_date": "2024-08-26", "email": "office@interbeauty.ro", "internet_access": "wlan", "name": "InterBeauty Clinic", "name:en": "InterBeauty Clinic", "name:ro": "InterBeauty Clinic", "opening_hours": "Mo-Sa 08:00-21:00; Su", "website": "https://www.interbeauty.ro/"}}, {"type": "Feature", "geometry": {"type": "Point", "coordinates": [25.3305868, 47.2409462]}, "properties": {"addr:city": "\u0218aru Dornei", "addr:postcode": "727517", "addr:street": "Neagra \u0218arului", "amenity": "hospital", "name": "Dispensar uman"}}, {"type": "Feature", "geometry": {"type": "Point", "coordinates": [24.3789597, 45.1060512]}, "properties": {"addr:city": "R\u00e2mnicu V\u00e2lcea", "addr:street": "Strada Remus Bellu", "amenity": "hospital", "healthcare": "birthing_centre", "name": "Maternitatea R\u00e2mnicu V\u00e2lcea", "name:it": "Maternitatea R\u00e2mnicu V\u00e2lcea", "name:ro": "Maternitatea R\u00e2mnicu V\u00e2lcea"}}, {"type": "Feature", "geometry": {"type": "Point", "coordinates": [23.7896766, 44.3229665]}, "properties": {"addr:city": "Craiova", "addr:country": "RO", "addr:housenumber": "18", "addr:postcode": "200217", "addr:street": "Strada Constantin Lecca", "amenity": "clinic", "email": "office@prioritymedical.ro", "healthcare": "clinic", "healthcare:speciality": "general", "name": "Priority Medical", "opening_hours": "Mo-Fr 08:00-14:00; Sa 08:00-12:00; Su off", "phone": "0351408366", "website": "https://prioritymedical.ro/"}}, {"type": "Feature", "geometry": {"type": "Point", "coordinates": [26.6068721, 44.1677801]}, "properties": {"addr:postcode": "917175", "addr:street": "DC79", "amenity": "clinic", "name": "Dispensar", "name:am": "Hospital", "name:bg": "\u0414\u0438\u0441\u043f\u0435\u043d\u0441\u0430\u0440\u0438", "name:en": "Dispensary", "name:es": "Dispensaro", "name:ru": "\u0414\u0438\u0441\u043f\u0435\u043d\u0441\u0430\u0440\u043d\u043e", "opening_hours": "Mo-Fr 10:00 - 16:00", "operator": "Voicu ..."}}, {"type": "Feature", "geometry": {"type": "Point", "coordinates": [27.5780596, 47.1679937]}, "properties": {"amenity": "clinic", "healthcare": "clinic"}}, {"type": "Feature", "geometry": {"type": "Point", "coordinates": [27.5931611, 47.1615627]}, "properties": {"amenity": "clinic", "healthcare": "clinic", "name": "Pro Life Clinics", "name:ro": "MedLife"}}, {"type": "Feature", "geometry": {"type": "Point", "coordinates": [28.0466935, 45.4433448]}, "properties": {"amenity": "clinic", "name": "Cabinet Medical Obstetrica Ginecologie", "name:ro": "Cabinet Medical Obstetrica Ginecologie", "opening_hours": "Tu-Th 15:00-19:00"}}, {"type": "Feature", "geometry": {"type": "Point", "coordinates": [28.6223896, 44.207169]}, "properties": {"addr:housenumber": "16", "addr:street": "Strada Ci\u0219melei", "amenity": "clinic", "email": "cristyna_cojocaru@yahoo.com", "healthcare": "clinic", "internet_access": "wlan", "name": "CMI COJOCARU CRISTINA", "opening_hours": "Mo; Tu 13:00-20:00", "phone": "+40722407075"}}, {"type": "Feature", "geometry": {"type": "Point", "coordinates": [26.1062948, 44.4499634]}, "properties": {"addr:city": "Bucure\u0219ti", "addr:housenumber": "37", "addr:street": "Strada Erou C\u0103lin Ion", "amenity": "clinic", "internet_access": "wlan", "name": "Puls", "name:en": "Puls", "name:ro": "Puls", "opening_hours": "Mo-Fr 07:00-21:00", "phone": "0219733", "website": "https://www.pulsmedica.ro/", "wheelchair": "no"}}, {"type": "Feature", "geometry": {"type": "Point", "coordinates": [23.884623, 47.9248472]}, "properties": {"amenity": "clinic", "name": "Clinic\u0103 Dentar\u0103", "name:ro": "Clinic\u0103 Dentar\u0103"}}, {"type": "Feature", "geometry": {"type": "Point", "coordinates": [23.5693348, 46.7712586]}, "properties": {"amenity": "clinic", "healthcare": "clinic", "name": "Centrul Medical Raderm"}}, {"type": "Feature", "geometry": {"type": "Point", "coordinates": [22.9079173, 45.7496086]}, "properties": {"addr:city": "Hunedoara", "amenity": "clinic", "name": "CLINICA H"}}, {"type": "Feature", "geometry": {"type": "Point", "coordinates": [26.0681448, 44.4176688]}, "properties": {"addr:city": "Bucure\u0219ti", "addr:housenumber": "23E", "addr:street": "Strada Mihail Sebastian", "amenity": "clinic", "name": "Synevo Sebastian", "phone": "0219666", "website": "https://synevo.ro/"}}, {"type": "Feature", "geometry": {"type": "Point", "coordinates": [21.3064873, 46.1825878]}, "properties": {"addr:housenumber": "1-5", "addr:street": "Strada Oituz", "alt_name": "Serviciul de ambulanta Arad SAJ", "amenity": "hospital", "healthcare": "hospital", "internet_access": "wlan", "name": "Serviciul Jude\u021bean de Ambulan\u021b\u0103 Arad", "name:en": "Arad County Ambulance Service", "name:ro": "Serviciul Jude\u021bean de Ambulan\u021b\u0103 Arad", "opening_hours": "24/7"}}, {"type": "Feature", "geometry": {"type": "Point", "coordinates": [26.0328879, 44.4178293]}, "properties": {"addr:city": "Bucure\u0219ti", "addr:housenumber": "138", "addr:postcode": "061415", "addr:street": "Drumul Taberei", "amenity": "clinic", "healthcare": "clinic", "healthcare:speciality": "blood_test", "name": "Synevo", "opening_hours": "Mo-Fr 07:00-15:00", "phone": "0219666", "source:addr:housenumber": "survey", "source:addr:street": "survey", "website": "https://synevo.ro/"}}, {"type": "Feature", "geometry": {"type": "Point", "coordinates": [26.167622, 44.4382933]}, "properties": {"addr:city": "Bucure\u0219ti", "addr:street": "\u0218oseaua Morarilor", "amenity": "clinic", "name": "Centrul medical Diaverum", "name:ro": "Centrul medical Diaverum", "website": "https://www.diaverum.com/"}}, {"type": "Feature", "geometry": {"type": "Point", "coordinates": [26.157246, 44.4339865]}, "properties": {"addr:city": "Bucure\u0219ti", "addr:housenumber": "114", "addr:street": "Bulevardul Basarabia", "amenity": "clinic", "check_date:opening_hours": "2023-06-23", "name": "Regina Maria laborator", "opening_hours": "Mo-Fr 07:30-15:00", "wheelchair": "limited"}}, {"type": "Feature", "geometry": {"type": "Point", "coordinates": [26.0746147, 44.4542885]}, "properties": {"addr:city": "Bucure\u0219ti", "addr:housenumber": "3", "addr:street": "Strada General Barbu Vladoianu", "amenity": "clinic", "name": "Neuroptics", "opening_hours": "Mo-Fr 08:00-20:00"}}, {"type": "Feature", "geometry": {"type": "Point", "coordinates": [26.9150797, 46.5555752]}, "properties": {"addr:street": "Erou Ciprian Pintea nr. 21", "amenity": "clinic", "healthcare": "clinic", "name": "Clinica Palade", "phone": "0234 206 125", "website": "http://www.clinicapalade.ro"}}, {"type": "Feature", "geometry": {"type": "Point", "coordinates": [23.616131, 46.778978]}, "properties": {"addr:city": "Cluj-Napoca", "addr:housenumber": "3", "addr:postcode": "400612", "addr:postcode:source": "Date de la Po\u0219ta Rom\u00e2n\u0103, publicate sub Licen\u021ba pentru Guvernare Deschis\u0103 v1.0 la http://date.gov.ro/organization/posta-romana", "addr:street": "Strada Aurel Vlaicu", "amenity": "clinic", "healthcare": "clinic", "name": "Med Center", "opening_hours": "Mo-Fr 07:00-18:00"}}, {"type": "Feature", "geometry": {"type": "Point", "coordinates": [22.9332015, 43.9970619]}, "properties": {"addr:city": "Calafat", "addr:housenumber": "1", "addr:postcode": "205200", "addr:street": "Strada 22 Decembrie", "amenity": "clinic", "contact:website": "http://www.policlinicabunavestire.ro/", "healthcare": "clinic", "name": "Top Med Buna Vestire", "phone": "+40769047898"}}, {"type": "Feature", "geometry": {"type": "Point", "coordinates": [23.6182582, 46.7693737]}, "properties": {"amenity": "clinic", "healthcare": "clinic", "name": "Novia Cosmetic Harmony Clinic", "name:ro": "Novia Cosmetic Harmony Clinic", "opening_hours": "Mo-Fr 09:00-19:00; Sa 09:00-13:00"}}, {"type": "Feature", "geometry": {"type": "Point", "coordinates": [26.1127075, 44.4280285]}, "properties": {"addr:postcode": "030803", "amenity": "clinic", "email": "contact@spectrumclinique.ro", "healthcare": "clinic", "name": "Spectrum Clinique - Clinica de Oftalmologie si Obstetrica-Ginecologie", "name:en": "Spectrum Clinique - Ophthalmology and Obstetrics-Gynecology", "name:ro": "Spectrum Clinique - Clinica de Oftalmologie", "operator": "Dr. Constantin GHEORGHI\u021a\u0102", "phone": "+40746306060", "website": "https://www.spectrumclinique.ro/"}}, {"type": "Feature", "geometry": {"type": "Point", "coordinates": [26.0789055, 44.4538822]}, "properties": {"amenity": "clinic", "name:en": "Wu Shen Acupuncture clinic", "opening_hours": "We-Fr 08:00-18:30", "operator": "Dr. Octavian Sb\u00e2rn\u0103", "phone": "0769298091", "website": "https://acupunctor.ro/"}}, {"type": "Feature", "geometry": {"type": "Point", "coordinates": [22.8801958, 47.161853]}, "properties": {"addr:city": "Crasna", "addr:floor": "G", "addr:housenumber": "363", "addr:postcode": "457085", "addr:street": "Strada Alszeg", "amenity": "hospital", "check_date": "2025-11-02", "emergency": "yes", "healthcare": "hospital", "level": "0", "name": "Spitalul de bolii cronice Crasna", "name:ro": "Spitalul de bolii cronice Crasna", "operator:type": "public", "phone": "0260 636 018"}}, {"type": "Feature", "geometry": {"type": "Point", "coordinates": [26.1138921, 44.4539744]}, "properties": {"amenity": "hospital", "healthcare": "hospital", "healthcare:speciality": "cardiology", "name": "Sectia Cardiologie", "name:ro": "Sectia Cardiologie"}}, {"type": "Feature", "geometry": {"type": "Point", "coordinates": [26.1180165, 44.4224102]}, "properties": {"amenity": "clinic", "brand": "Synevo", "brand:wikidata": "Q85968400", "healthcare": "laboratory", "name": "Synevo"}}, {"type": "Feature", "geometry": {"type": "Point", "coordinates": [25.0460175, 46.4546997]}, "properties": {"amenity": "hospital", "emergency": "yes", "healthcare": "hospital", "name": "Dispensarul Uman Atid", "source": "Local Knowledge"}}, {"type": "Feature", "geometry": {"type": "Point", "coordinates": [28.0406862, 45.4292649]}, "properties": {"amenity": "clinic", "contact:email": "galati@affidea.com", "contact:phone": "+40 21 9338", "contact:website": "https://affidea.ro/centre-medicale/affidea-hiperdia-galati", "healthcare": "clinic", "name": "Affidea", "opening_hours": "Mo-Fr 08:00-20:00; Sa 08:00-13:00"}}, {"type": "Feature", "geometry": {"type": "Point", "coordinates": [26.0432174, 44.4772663]}, "properties": {"addr:city": "Bucure\u0219ti", "addr:housenumber": "18", "addr:postcode": "012392", "addr:street": "\u0218oseaua Chitilei", "amenity": "clinic", "healthcare": "clinic", "name": "Anemona Med", "name:ro": "Anemona Med"}}, {"type": "Feature", "geometry": {"type": "Point", "coordinates": [26.0680758, 47.9511784]}, "properties": {"addr:street": "Strada 9 Mai", "amenity": "hospital", "healthcare": "hospital", "name": "Psihiatrie Cronici", "name:ro": "Psihiatrie Cronici"}}, {"type": "Feature", "geometry": {"type": "Point", "coordinates": [21.220739, 45.753293]}, "properties": {"amenity": "clinic", "handwashing:soap": "yes", "healthcare": "clinic", "name": "Clinica de Neonatologie - Prematuri", "toilets": "yes", "toilets:access": "customers", "toilets:paper_supplied": "yes", "wheelchair": "no"}}, {"type": "Feature", "geometry": {"type": "Point", "coordinates": [23.4715182, 45.3844991]}, "properties": {"amenity": "clinic", "healthcare": "clinic", "name": "Salvamont Par\u00e2ng", "name:ro": "Salvamont Par\u00e2ng", "phone": "0725826668"}}, {"type": "Feature", "geometry": {"type": "Point", "coordinates": [23.5857889, 46.7571044]}, "properties": {"addr:city": "Cluj-Napoca", "addr:housenumber": "15C", "addr:postcode": "400487", "addr:street": "Strada Cire\u0219ilor", "amenity": "clinic", "contact:email": "cluj.ciresilor@affidea.com", "contact:fax": "+40 (0)264 455 220", "contact:phone": "+40 21 9338", "contact:website": "https://affidea.ro/centre-medicale/affidea-cluj", "healthcare": "clinic", "healthcare:speciality": "radiology", "name": "Affidea", "opening_hours": "Mo-Fr 08:00-20:00; Sa 09:00-16:00"}}, {"type": "Feature", "geometry": {"type": "Point", "coordinates": [23.5954562, 46.7537773]}, "properties": {"addr:city": "Cluj-Napoca", "addr:housenumber": "140", "addr:street": "Calea Turzii", "amenity": "clinic", "healthcare": "clinic", "healthcare:speciality": "gynaecology", "name": "Novogyn", "operator:type": "private"}}, {"type": "Feature", "geometry": {"type": "Point", "coordinates": [26.0702034, 44.4676815]}, "properties": {"amenity": "clinic", "name": "Genesys Fertility Center"}}, {"type": "Feature", "geometry": {"type": "Point", "coordinates": [25.788495, 45.8560817]}, "properties": {"addr:city": "Sf\u00e2ntu Gheorghe", "addr:housenumber": "16", "addr:postcode": "520032", "addr:street": "Strada Muncitorilor", "amenity": "clinic", "contact:phone": "0267 312 919", "healthcare": "clinic", "name": "Pro Vitam SRL", "opening_hours": "Mo-Fr 07:00-19:00 Sa 07:00-13:00", "website": "https://www.cmpro.ro/"}}, {"type": "Feature", "geometry": {"type": "Point", "coordinates": [21.3470213, 46.1749858]}, "properties": {"addr:city": "Arad", "addr:street": "Strada Doctor Cornel Radu", "amenity": "clinic", "contact:email": "arad@affidea.com", "contact:phone": "+40 21 9338", "contact:website": "https://affidea.ro/centre-medicale/affidea-arad", "healthcare": "clinic", "name": "Affidea", "opening_hours": "Mo-Fr 08:00-20:00"}}, {"type": "Feature", "geometry": {"type": "Point", "coordinates": [27.9521316, 44.6911955]}, "properties": {"addr:postcode": "905400", "addr:street": "Strada Vadului", "amenity": "hospital", "name": "Spitalul or\u0103\u0219enesc H\u00e2r\u0219ova", "name:ro": "Spitalul or\u0103\u0219enesc H\u00e2r\u0219ova"}}, {"type": "Feature", "geometry": {"type": "Point", "coordinates": [24.1861586, 44.9990222]}, "properties": {"addr:city": "Fr\u00e2nce\u0219ti", "addr:postcode": "247195", "addr:street": "Strada Principal\u0103", "amenity": "hospital", "healthcare": "hospital", "name": "Dispensar Fr\u00e2nce\u0219ti"}}, {"type": "Feature", "geometry": {"type": "Point", "coordinates": [23.9919611, 45.1431921]}, "properties": {"amenity": "hospital", "healthcare": "hospital", "name": "Spitalul or\u0103\u0219enesc Horezu", "name:ro": "Spitalul or\u0103\u0219enesc Horezu"}}, {"type": "Feature", "geometry": {"type": "Point", "coordinates": [24.8421847, 45.1984745]}, "properties": {"amenity": "hospital", "name": "Spitalul Domne\u0219ti"}}, {"type": "Feature", "geometry": {"type": "Point", "coordinates": [25.5908601, 46.7217644]}, "properties": {"amenity": "hospital", "healthcare": "hospital", "name": "SMURD"}}, {"type": "Feature", "geometry": {"type": "Point", "coordinates": [25.0443737, 44.8292802]}, "properties": {"amenity": "hospital", "healthcare": "hospital", "name": "Spitalul de boli cronice C\u0103line\u0219ti"}}, {"type": "Feature", "geometry": {"type": "Point", "coordinates": [25.6011989, 46.7202994]}, "properties": {"addr:city": "Gheorgheni", "addr:postcode": "535500", "addr:street": "Strada G\u00e1bor \u00c1ron", "amenity": "clinic", "healthcare": "clinic", "name": "CardioMedPlus"}}, {"type": "Feature", "geometry": {"type": "Point", "coordinates": [26.2094375, 45.8458354]}, "properties": {"addr:postcode": "525200", "addr:street": "Strada Mihai Eminescu", "amenity": "hospital", "healthcare": "hospital", "healthcare:speciality": "cardiology", "name": "Spital boli cardiologice", "name:ro": "Spital boli cardiologice", "opening_hours": "24/7"}}, {"type": "Feature", "geometry": {"type": "Point", "coordinates": [26.0997028, 44.4543569]}, "properties": {"addr:street": "Axinte Uricariul", "amenity": "clinic", "name": "Regina Maria Floreasca", "opening_hours": "Mo-Fr 07:30-20:00; Sa 08:00-14:00; Su off", "phone": "021 9268", "website": "https://www.reginamaria.ro/clinici/policlinica-floreasca"}}, {"type": "Feature", "geometry": {"type": "Point", "coordinates": [25.5528798, 45.4416061]}, "properties": {"amenity": "hospital", "name": "Dispensar medical", "name:en": "Medical (not permanent)", "name:ro": "Dispensar medical"}}, {"type": "Feature", "geometry": {"type": "Point", "coordinates": [25.8930778, 47.5545715]}, "properties": {"amenity": "clinic", "healthcare": "clinic", "name": "Ecograf Lefter", "name:ro": "Ecograf Lefter"}}, {"type": "Feature", "geometry": {"type": "Point", "coordinates": [23.5872376, 46.7821362]}, "properties": {"addr:city": "Cluj-Napoca", "addr:housenumber": "75", "addr:street": "Strada Horea", "amenity": "clinic", "description": "Salina artificila", "healthcare": "clinic", "name": "Salina Saltera", "operator": "Salina Saltera", "website": "http://www.salinacluj.ro"}}, {"type": "Feature", "geometry": {"type": "Point", "coordinates": [26.1478385, 44.1721146]}, "properties": {"amenity": "clinic", "name": "Dispensar medical Comana"}}, {"type": "Feature", "geometry": {"type": "Point", "coordinates": [28.6411821, 44.1794464]}, "properties": {"amenity": "clinic", "healthcare": "clinic", "name": "Ok Medical", "name:ro": "Ok Medical"}}, {"type": "Feature", "geometry": {"type": "Point", "coordinates": [25.4502875, 44.9312584]}, "properties": {"amenity": "clinic", "name": "Controlmed"}}, {"type": "Feature", "geometry": {"type": "Point", "coordinates": [24.1171251, 45.1721416]}, "properties": {"amenity": "hospital", "name": "Clinica AMAMED pavilion A"}}, {"type": "Feature", "geometry": {"type": "Point", "coordinates": [24.1174161, 45.1716687]}, "properties": {"amenity": "hospital", "healthcare": "hospital", "name": "Clinica AMAMED Pavilion B"}}, {"type": "Feature", "geometry": {"type": "Point", "coordinates": [24.1171043, 45.1720058]}, "properties": {"amenity": "hospital", "name": "Clinica AMAMED Pavilion C"}}, {"type": "Feature", "geometry": {"type": "Point", "coordinates": [24.2722401, 44.9298898]}, "properties": {"amenity": "hospital", "name": "Dispensar"}}, {"type": "Feature", "geometry": {"type": "Point", "coordinates": [23.5285529, 46.7910302]}, "properties": {"amenity": "clinic", "name": "Dispensar"}}, {"type": "Feature", "geometry": {"type": "Point", "coordinates": [27.567604, 47.17108]}, "properties": {"addr:housenumber": "8", "addr:street": "Strada Ci\u0219meaua P\u0103curari", "amenity": "clinic", "healthcare": "clinic", "name": "SonoEcoMed - Dr. Carmina Schaas", "name:ro": "SonoEcoMed - Dr. Carmina Schaas", "phone": "0332108880"}}, {"type": "Feature", "geometry": {"type": "Point", "coordinates": [25.4542734, 44.9340039]}, "properties": {"amenity": "clinic", "name": "Centrul medical Eurotop"}}, {"type": "Feature", "geometry": {"type": "Point", "coordinates": [24.0268099, 46.7959294]}, "properties": {"amenity": "clinic", "healthcare": "clinic", "name": "Clinica Mociu"}}, {"type": "Feature", "geometry": {"type": "Point", "coordinates": [26.1200643, 44.4601918]}, "properties": {"addr:city": "Bucure\u0219ti", "addr:housenumber": "64-70", "addr:postcode": "023701", "addr:street": "Bulevardul Ghica Tei", "amenity": "clinic", "email": "dispecerat@scorsezemedical.ro", "healthcare": "clinic", "internet_access": "wlan", "name": "Scorseze Medical Grup", "name:ro": "Scorseze Medical Grup", "opening_hours": "24/7", "phone": "0219828", "website": "http://scorsezemedical.ro/scorseze/"}}, {"type": "Feature", "geometry": {"type": "Point", "coordinates": [26.0716051, 44.4671912]}, "properties": {"addr:city": "Bucure\u0219ti", "amenity": "clinic", "name": "Centrul Medireflex"}}, {"type": "Feature", "geometry": {"type": "Point", "coordinates": [26.8043961, 45.1464831]}, "properties": {"addr:street": "Bulevardul Mare\u0219al Alexandru Averescu", "amenity": "clinic", "healthcare": "clinic", "name": "CLINICA SF\u00c2NTA MARIA"}}, {"type": "Feature", "geometry": {"type": "Point", "coordinates": [25.0549245, 45.2172474]}, "properties": {"amenity": "clinic", "name": "Dispensar Poienari"}}, {"type": "Feature", "geometry": {"type": "Point", "coordinates": [26.3628283, 47.2081082]}, "properties": {"addr:city": "T\u00e2rgu Neam\u021b", "addr:street": "Marasesti, nr. 58", "amenity": "clinic", "name": "Micomedica", "phone": "0233791333"}}, {"type": "Feature", "geometry": {"type": "Point", "coordinates": [21.2388169, 45.7574872]}, "properties": {"addr:housenumber": "5", "addr:street": "Strada Dimitrie Paciurea", "amenity": "clinic", "healthcare": "clinic", "name": "Medici's", "name:ro": "Medici's", "opening_hours": "Mo-Fr 08:00-20:00"}}, {"type": "Feature", "geometry": {"type": "Point", "coordinates": [28.6376824, 44.1723361]}, "properties": {"amenity": "clinic", "healthcare": "clinic", "name": "Sinevo", "name:ro": "Sinevo"}}, {"type": "Feature", "geometry": {"type": "Point", "coordinates": [25.9416972, 44.1657688]}, "properties": {"amenity": "hospital", "name": "Dispensar"}}, {"type": "Feature", "geometry": {"type": "Point", "coordinates": [23.8435976, 46.3858476]}, "properties": {"amenity": "hospital", "healthcare": "hospital", "name": "Spital Vechi"}}, {"type": "Feature", "geometry": {"type": "Point", "coordinates": [24.7833511, 45.276425]}, "properties": {"amenity": "hospital", "healthcare": "hospital", "name": "Dispensar Br\u0103dule\u021b"}}, {"type": "Feature", "geometry": {"type": "Point", "coordinates": [24.1607665, 45.1220553]}, "properties": {"amenity": "hospital", "name": "Dispensar"}}, {"type": "Feature", "geometry": {"type": "Point", "coordinates": [24.0434312, 44.8787783]}, "properties": {"amenity": "hospital", "name": "Dispensarul L\u0103de\u0219ti"}}, {"type": "Feature", "geometry": {"type": "Point", "coordinates": [26.3096726, 47.1195262]}, "properties": {"addr:city": "B\u0103l\u021b\u0103te\u0219ti", "addr:housenumber": "63", "addr:street": "Strada Florilor", "amenity": "hospital", "emergency": "no", "healthcare": "hospital", "name": "Baza de tratament B\u0103l\u021b\u0103te\u0219ti", "name:it": "ospedale"}}, {"type": "Feature", "geometry": {"type": "Point", "coordinates": [25.3715301, 47.2903079]}, "properties": {"addr:city": "\u0218aru Dornei", "addr:country": "RO", "addr:postcode": "727515", "amenity": "hospital", "name": "Dispensarul Uman Saru Dornei"}}, {"type": "Feature", "geometry": {"type": "Point", "coordinates": [26.885815, 46.7388601]}, "properties": {"addr:housenumber": "189", "amenity": "clinic", "name": "Medical-Xen Asisten\u021ba Medical\u0103"}}, {"type": "Feature", "geometry": {"type": "Point", "coordinates": [23.9917748, 45.1435806]}, "properties": {"addr:city": "Horezu", "amenity": "clinic", "healthcare": "clinic", "name": "Centrul medical Straubing"}}, {"type": "Feature", "geometry": {"type": "Point", "coordinates": [26.034038, 44.4337527]}, "properties": {"addr:city": "Bucure\u0219ti", "addr:housenumber": "51", "addr:postcode": "061077", "addr:street": "Bulevardul Iuliu Maniu", "alt_name": "Regina Maria Lujerului", "amenity": "clinic", "check_date:opening_hours": "2022-05-15", "healthcare": "clinic", "name": "Regina Maria", "opening_hours": "Mo-Fr 07:30-20:00; Sa 08:00-14:00", "source:addr:housenumber": "survey", "source:addr:street": "survey", "wheelchair": "yes"}}, {"type": "Feature", "geometry": {"type": "Point", "coordinates": [26.0344055, 44.4347396]}, "properties": {"addr:city": "Bucure\u0219ti", "addr:housenumber": "1", "addr:postcode": "060781", "addr:street": "\u0218oseaua Virtu\u021bii", "amenity": "clinic", "healthcare": "clinic", "name": "Life Med", "opening_hours": "Mo-Fr 07:00-20:00", "source:addr:housenumber": "survey", "source:addr:street": "survey", "wheelchair": "no"}}, {"type": "Feature", "geometry": {"type": "Point", "coordinates": [24.3875851, 45.0641649]}, "properties": {"amenity": "hospital", "name": "Dispensarul Bude\u0219ti"}}, {"type": "Feature", "geometry": {"type": "Point", "coordinates": [24.2824554, 44.8319445]}, "properties": {"amenity": "hospital", "name": "Spitalul de Psihiatrie Dr\u0103goe\u0219ti"}}, {"type": "Feature", "geometry": {"type": "Point", "coordinates": [23.8552714, 44.7625776]}, "properties": {"amenity": "hospital", "healthcare": "hospital", "name": "Spitalul de \u00cengrijire \u0219i Tratament Z\u0103treni"}}, {"type": "Feature", "geometry": {"type": "Point", "coordinates": [28.0472102, 45.4512681]}, "properties": {"amenity": "clinic", "name": "Centru Medical \"Sanavita\"", "name:en": "Medical Centre \"Sanavita\""}}, {"type": "Feature", "geometry": {"type": "Point", "coordinates": [28.6314537, 44.0692771]}, "properties": {"addr:city": "Eforie Nord", "amenity": "clinic", "healthcare": "clinic", "name": "Centrul medical Nordmed"}}, {"type": "Feature", "geometry": {"type": "Point", "coordinates": [27.5744076, 47.1615786]}, "properties": {"amenity": "clinic", "healthcare": "clinic", "name": "TransmedExpert Medex", "name:en": "TransmedExpert Medex", "name:ro": "TransmedExpert Medex"}}, {"type": "Feature", "geometry": {"type": "Point", "coordinates": [21.2386264, 45.739625]}, "properties": {"amenity": "clinic", "healthcare": "clinic", "name": "NeuroTim Med"}}, {"type": "Feature", "geometry": {"type": "Point", "coordinates": [21.2386615, 45.7400162]}, "properties": {"amenity": "clinic", "healthcare": "clinic", "name": "Socrates Clinic"}}, {"type": "Feature", "geometry": {"type": "Point", "coordinates": [26.4401106, 47.7707508]}, "properties": {"addr:street": "Strada Nicolae Iorga", "amenity": "hospital", "name": "Spital Or\u0103\u0219\u0103nesc", "name:en": "Hospital"}}, {"type": "Feature", "geometry": {"type": "Point", "coordinates": [21.2121048, 45.7328163]}, "properties": {"amenity": "clinic", "name": "Centru de Dializ\u0103 B. Braun", "opening_hours": "Mo-Sa 06:00-22:00"}}, {"type": "Feature", "geometry": {"type": "Point", "coordinates": [26.079603, 44.4905589]}, "properties": {"addr:city": "Bucure\u0219ti", "addr:housenumber": "10", "addr:street": "\u0218oseaua Bucure\u0219ti-Ploie\u0219ti", "amenity": "clinic", "healthcare": "clinic", "name": "Hyperclinica MedLife"}}, {"type": "Feature", "geometry": {"type": "Point", "coordinates": [26.839672, 46.7647538]}, "properties": {"addr:housenumber": "74", "amenity": "clinic", "name": "PANTARU MARIA CMI", "name:ro": "PANTARU MARIA CMI"}}, {"type": "Feature", "geometry": {"type": "Point", "coordinates": [24.67059, 47.3693599]}, "properties": {"amenity": "clinic", "healthcare": "clinic", "name": "Centru de agrement S\u00e2ngeorz-B\u0103i"}}, {"type": "Feature", "geometry": {"type": "Point", "coordinates": [24.6614544, 47.3765821]}, "properties": {"amenity": "clinic", "healthcare": "clinic", "name": "Complex Sanatorial S\u00e2ngeorz-B\u0103i"}}, {"type": "Feature", "geometry": {"type": "Point", "coordinates": [23.7519888, 46.5405076]}, "properties": {"addr:city": "Mihai Viteazu", "addr:housenumber": "1114", "addr:place": "Mihai Viteazu", "amenity": "clinic", "healthcare": "clinic", "name": "Medcenter"}}, {"type": "Feature", "geometry": {"type": "Point", "coordinates": [26.6593843, 46.6948004]}, "properties": {"amenity": "clinic", "healthcare": "clinic", "name": "DRAGAN SILVIU CMV & NOVAC MARIUS CMI"}}, {"type": "Feature", "geometry": {"type": "Point", "coordinates": [26.0785798, 44.4904843]}, "properties": {"addr:city": "Bucure\u0219ti", "addr:country": "RO", "addr:housenumber": "7A", "addr:postcode": "013682", "addr:street": "\u0218oseaua Bucure\u0219ti-Ploie\u0219ti", "amenity": "clinic", "healthcare": "clinic", "name": "Gral B\u0103neasa", "opening_hours": "Mo-Fr 07:30-19:30", "phone": "+40 737 067 137", "website": "https://www.gralmedical.ro/"}}, {"type": "Feature", "geometry": {"type": "Point", "coordinates": [26.8439025, 46.7410714]}, "properties": {"amenity": "clinic", "name": "CANCEL ANTON CMI"}}, {"type": "Feature", "geometry": {"type": "Point", "coordinates": [26.0796888, 44.4907719]}, "properties": {"addr:street": "\u0218oseaua Bucure\u0219ti-Ploie\u0219ti", "amenity": "clinic", "healthcare": "clinic", "name": "Derma Life"}}, {"type": "Feature", "geometry": {"type": "Point", "coordinates": [26.0682584, 44.4663792]}, "properties": {"addr:city": "Bucure\u0219ti", "amenity": "clinic", "name": "Clinica Dr. Barbu"}}, {"type": "Feature", "geometry": {"type": "Point", "coordinates": [26.0679568, 44.4660582]}, "properties": {"amenity": "clinic", "healthcare": "clinic", "name": "UpMedical", "opening_hours": "Mo-Fr 07:00-21:00"}}, {"type": "Feature", "geometry": {"type": "Point", "coordinates": [26.1046006, 44.3997282]}, "properties": {"amenity": "clinic", "healthcare": "clinic", "name": "Discovery Clinic"}}, {"type": "Feature", "geometry": {"type": "Point", "coordinates": [26.1055933, 44.4567464]}, "properties": {"addr:city": "Bucure\u0219ti", "amenity": "clinic", "healthcare": "clinic", "name": "Clinica Dr. Albu"}}, {"type": "Feature", "geometry": {"type": "Point", "coordinates": [26.1065433, 44.4563657]}, "properties": {"amenity": "clinic", "level": "2", "name": "Cardio Clinic"}}, {"type": "Feature", "geometry": {"type": "Point", "coordinates": [28.6504899, 44.0287435]}, "properties": {"amenity": "clinic", "name": "S.A.J", "name:ro": "S.A.J"}}, {"type": "Feature", "geometry": {"type": "Point", "coordinates": [24.113529, 45.1359945]}, "properties": {"amenity": "hospital", "healthcare": "hospital", "name": "Cabinet medical Bode\u0219ti"}}, {"type": "Feature", "geometry": {"type": "Point", "coordinates": [21.3535964, 46.1681621]}, "properties": {"amenity": "clinic", "name": "Bioclinica", "website": "https://bioclinica.ro/locatii/arad/laborator-central-arad"}}, {"type": "Feature", "geometry": {"type": "Point", "coordinates": [21.3174562, 46.1795171]}, "properties": {"addr:city": "Arad", "amenity": "hospital", "healthcare:speciality": "ophthalmology;otolaryngology", "name": "Spitalul Clinic Jude\u021bean - Sec\u021biile O.R.L. \u0219i Oftalmologie", "operator": "Ministerul S\u0103n\u0103t\u0103\u021bii", "operator:type": "government"}}, {"type": "Feature", "geometry": {"type": "Point", "coordinates": [26.8017399, 45.1502627]}, "properties": {"amenity": "clinic", "name": "Centru Dializ\u0103", "name:ro": "Centru Dializ\u0103"}}, {"type": "Feature", "geometry": {"type": "Point", "coordinates": [26.8120874, 45.1597146]}, "properties": {"amenity": "clinic", "name": "Cabinet obstetric\u0103 ginecologie \u0218uteu", "name:ro": "Cabinet obstetric\u0103 ginecologie \u0218uteu"}}, {"type": "Feature", "geometry": {"type": "Point", "coordinates": [22.4120211, 44.8806904]}, "properties": {"amenity": "hospital", "healthcare": "hospital", "name": "Cabinet urgenta medicala"}}, {"type": "Feature", "geometry": {"type": "Point", "coordinates": [26.2487358, 47.6508987]}, "properties": {"amenity": "clinic", "healthcare": "clinic", "name": "Clinica Sigmed"}}, {"type": "Feature", "geometry": {"type": "Point", "coordinates": [21.3492916, 46.1766604]}, "properties": {"addr:street": "Strada Abrud", "amenity": "clinic", "healthcare": "clinic", "name": "Cabinet Medical"}}, {"type": "Feature", "geometry": {"type": "Point", "coordinates": [28.0502675, 46.6751099]}, "properties": {"amenity": "hospital", "name": "Spitalul Municipal Hu\u0219i"}}, {"type": "Feature", "geometry": {"type": "Point", "coordinates": [21.8927813, 45.2907438]}, "properties": {"amenity": "hospital", "healthcare": "hospital", "name": "Spitalul nr. 3"}}, {"type": "Feature", "geometry": {"type": "Point", "coordinates": [25.4659919, 44.927485]}, "properties": {"addr:city": "T\u00e2rgovi\u0219te", "amenity": "clinic", "name": "Clinica Valeriana"}}, {"type": "Feature", "geometry": {"type": "Point", "coordinates": [25.4663698, 44.9272951]}, "properties": {"addr:city": "T\u00e2rgovi\u0219te", "amenity": "clinic", "name": "Centrul Medical Carol Davila"}}, {"type": "Feature", "geometry": {"type": "Point", "coordinates": [21.8838554, 45.2898704]}, "properties": {"amenity": "clinic", "healthcare": "clinic"}}, {"type": "Feature", "geometry": {"type": "Point", "coordinates": [25.4476011, 44.9259598]}, "properties": {"addr:city": "T\u00e2rgovi\u0219te", "addr:housenumber": "30", "addr:postcode": "307008", "addr:postcode:source": "Date de la Po\u0219ta Rom\u00e2n\u0103, publicate sub Licen\u021ba pentru Guvernare Deschis\u0103 v1.0 la http://date.gov.ro/organization/posta-romana", "addr:street": "Bulevardul Tudor Vladimirescu", "amenity": "clinic", "healthcare": "clinic", "healthcare:speciality": "abortion", "name": "Bio Clinica"}}, {"type": "Feature", "geometry": {"type": "Point", "coordinates": [28.6520648, 44.1887781]}, "properties": {"addr:city": "Constan\u021ba", "addr:country": "RO", "addr:housenumber": "8B", "addr:street": "Prelungirea Bucovinei", "amenity": "clinic", "email": "office@asclepios-medical.ro", "healthcare": "clinic", "name": "Asclepios Medical Center", "website": "https://asclepios-medical.ro/"}}, {"type": "Feature", "geometry": {"type": "Point", "coordinates": [26.0201048, 44.9411852]}, "properties": {"addr:city": "Ploie\u0219ti", "addr:housenumber": "15-17", "addr:postcode": "100009", "addr:street": "Bulevardul Republicii", "amenity": "clinic", "healthcare": "clinic", "name": "Hyperclinica MedLife", "phone": "0244474922", "website": "https://www.medlife.ro/hyperclinica-medlife-ploiesti"}}, {"type": "Feature", "geometry": {"type": "Point", "coordinates": [26.0892275, 44.466981]}, "properties": {"amenity": "clinic", "healthcare": "clinic", "name": "Clinica Elysium"}}, {"type": "Feature", "geometry": {"type": "Point", "coordinates": [26.0242602, 44.9470392]}, "properties": {"addr:city": "Ploie\u0219ti", "addr:housenumber": "59", "addr:postcode": "100154", "addr:street": "Strada Roman\u0103", "amenity": "clinic", "email": "cmidorison@yahoo.com", "healthcare": "clinic", "healthcare:speciality": "general;gynaecology;radiology", "name": "Dorison", "opening_hours": "Mo-Fr 09:00-18:00", "operator": "Ghita Minodora Crisanda", "phone": "+40244543310"}}, {"type": "Feature", "geometry": {"type": "Point", "coordinates": [26.0900324, 44.4778281]}, "properties": {"addr:city": "Bucure\u0219ti", "amenity": "clinic", "name": "Medtelesystems", "phone": "+40212321456"}}, {"type": "Feature", "geometry": {"type": "Point", "coordinates": [28.0190537, 45.4306329]}, "properties": {"addr:city": "Gala\u021bi", "addr:housenumber": "17", "addr:postcode": "800494", "addr:street": "Strada Gheorghe Asachi", "amenity": "clinic", "email": "office@cavxmed.ro", "healthcare": "clinic", "name": "Remenix", "opening_hours": "Mo-Fr 07:30-13:00, 14:00-20:30", "phone": "0336733156", "website": "https://www.remenix.ro/"}}, {"type": "Feature", "geometry": {"type": "Point", "coordinates": [22.6629992, 45.9314159]}, "properties": {"amenity": "hospital", "healthcare": "hospital", "name": "Spitalul Ora\u0219ului Ilia"}}, {"type": "Feature", "geometry": {"type": "Point", "coordinates": [23.217885, 45.3552234]}, "properties": {"amenity": "hospital", "healthcare": "hospital", "name": "Spitalul Lupeni"}}, {"type": "Feature", "geometry": {"type": "Point", "coordinates": [23.4177446, 46.3984567]}, "properties": {"amenity": "hospital", "healthcare": "hospital", "name": "Spitalul Comunal S\u0103lciua de Jos"}}, {"type": "Feature", "geometry": {"type": "Point", "coordinates": [23.0826073, 46.2658698]}, "properties": {"amenity": "hospital", "healthcare": "hospital", "name": "Spitalul Or\u0103\u0219enesc \"Dr. Alexandru Borza\" Abrud"}}, {"type": "Feature", "geometry": {"type": "Point", "coordinates": [22.7720738, 45.9154617]}, "properties": {"amenity": "hospital", "healthcare": "hospital", "name": "Spitalul comunal Br\u0103ni\u0219ca"}}, {"type": "Feature", "geometry": {"type": "Point", "coordinates": [24.519738, 46.3962674]}, "properties": {"amenity": "clinic", "healthcare": "clinic", "name": "Cabinet Medical Suplac", "opening_hours": "Mo-Fr 08:00-15:00"}}, {"type": "Feature", "geometry": {"type": "Point", "coordinates": [24.4806048, 46.3747726]}, "properties": {"amenity": "clinic", "healthcare": "clinic", "name": "Cabinet Medical Bahnea"}}, {"type": "Feature", "geometry": {"type": "Point", "coordinates": [26.110614, 44.4445781]}, "properties": {"addr:city": "Bucure\u0219ti", "addr:district": "2", "addr:housenumber": "5-7", "addr:street": "Strada Ion Movil\u0103", "amenity": "clinic", "description": "Program vizitare pacien\u021bi: Sec\u021bia I \u0219i Comp. Nefrologie (L-V 12:00-17:00, S-D 11:00-17:00); Sec\u021bia II (L-V 14:00-18:00, S-D 11:00-13:00, 14:00-18:00); Comp. Urgen\u021be Metabolice (Zilnic 14:00-16:00).", "fax": "+40 21 210 5146", "healthcare": "clinic", "name": "Institutul Na\u0163ional de Diabet, Nutri\u0163ie \u015fi Boli Metabolice \u201cN.C. Paulescu\u201d", "opening_hours": "24/7", "phone": "+40 21 210 6460", "website": "https://paulescu.ro/", "wheelchair": "yes"}}, {"type": "Feature", "geometry": {"type": "Point", "coordinates": [23.9439338, 44.4854802]}, "properties": {"amenity": "clinic", "emergency": "fire_hydrant", "healthcare": "clinic", "name": "Dispensar"}}, {"type": "Feature", "geometry": {"type": "Point", "coordinates": [23.6190639, 46.7785922]}, "properties": {"addr:city": "Cluj-Napoca", "addr:housenumber": "10", "addr:postcode": "400124", "addr:street": "Strada Aurel Vlaicu", "amenity": "clinic", "check_date:opening_hours": "2025-04-14", "healthcare": "clinic", "name": "Lavitamed", "opening_hours": "Mo-Fr 06:00-22:00", "phone": "0264-410941"}}, {"type": "Feature", "geometry": {"type": "Point", "coordinates": [23.6156715, 46.7787603]}, "properties": {"addr:city": "Cluj-Napoca", "addr:housenumber": "1", "addr:postcode": "400000", "addr:street": "Strada Aurel Vlaicu", "alt_name": "Synevo - Centrul de recoltare M\u0103r\u0103\u0219ti", "amenity": "clinic", "brand": "Synevo", "brand:wikidata": "Q85968400", "healthcare": "laboratory", "name": "Synevo", "opening_hours": "Mo-Fr 07:00-15:30; Sa 08:00-12:00"}}, {"type": "Feature", "geometry": {"type": "Point", "coordinates": [25.5848518, 45.6381442]}, "properties": {"amenity": "hospital", "healthcare": "hospital", "healthcare:speciality": "neurology;psychiatry", "name": "Spitalul Clinic de Psihiatrie si Neurologie Brasov"}}, {"type": "Feature", "geometry": {"type": "Point", "coordinates": [25.6481657, 45.7220405]}, "properties": {"addr:city": "S\u00e2npetru", "addr:housenumber": "443A", "addr:postcode": "507190", "addr:street": "Strada Meschendorfer", "amenity": "hospital", "emergency": "no", "healthcare": "hospital", "healthcare:speciality": "Pneumology", "name": "Unitatea de Asisten\u021b\u0103 Medico-Social\u0103 de Pneumoftiziologie S\u00e2npetru"}}, {"type": "Feature", "geometry": {"type": "Point", "coordinates": [24.3607622, 44.4281541]}, "properties": {"addr:city": "Slatina", "addr:housenumber": "21", "addr:postcode": "230115", "addr:street": "Strada Vintil\u0103 Vod\u0103", "amenity": "clinic", "healthcare": "clinic", "name": "Policlinica Promed", "website": "https://policlinicapromed.ro/"}}, {"type": "Feature", "geometry": {"type": "Point", "coordinates": [26.0079458, 44.497337]}, "properties": {"addr:housenumber": "2", "addr:street": "Strada Aeroportului", "amenity": "clinic", "healthcare": "clinic", "name": "Medcenter Head Offices"}}, {"type": "Feature", "geometry": {"type": "Point", "coordinates": [24.3619517, 44.4257464]}, "properties": {"addr:city": "Slatina", "addr:housenumber": "16A", "addr:street": "Strada Basarabilor", "amenity": "clinic", "healthcare": "clinic", "name": "Centrul Medical Unimed", "website": "http://www.unimedclinic.ro/"}}, {"type": "Feature", "geometry": {"type": "Point", "coordinates": [26.1212958, 44.4510011]}, "properties": {"amenity": "clinic", "name": "Clinica Gral", "opening_hours": "Mo-Fr 07:30-20:00", "wheelchair": "limited"}}, {"type": "Feature", "geometry": {"type": "Point", "coordinates": [24.3722807, 44.4239818]}, "properties": {"addr:city": "Slatina", "addr:housenumber": "5", "addr:street": "Strada M\u00e2n\u0103stirii", "amenity": "clinic", "healthcare": "clinic", "name": "Clinica Hellios"}}, {"type": "Feature", "geometry": {"type": "Point", "coordinates": [26.1173381, 44.3950483]}, "properties": {"amenity": "clinic", "healthcare": "clinic", "name": "Clarfon proteze auditive"}}, {"type": "Feature", "geometry": {"type": "Point", "coordinates": [26.3631427, 47.2046108]}, "properties": {"addr:street": "Strada Cuza Vod\u0103", "amenity": "clinic", "name": "Cabinet medical"}}, {"type": "Feature", "geometry": {"type": "Point", "coordinates": [23.7836697, 46.5676872]}, "properties": {"amenity": "clinic", "healthcare": "clinic", "healthcare:speciality": "ophthalmology", "name": "Opticline"}}, {"type": "Feature", "geometry": {"type": "Point", "coordinates": [26.1509478, 44.3668135]}, "properties": {"addr:city": "Pope\u0219ti-Leordeni", "addr:housenumber": "101", "addr:street": "Drumul Fermei", "amenity": "clinic", "healthcare": "clinic", "name": "Apollo Med Center", "opening_hours": "Mo-Su 09:00-19:00"}}, {"type": "Feature", "geometry": {"type": "Point", "coordinates": [26.0676462, 44.4516715]}, "properties": {"addr:city": "Bucure\u0219ti", "addr:housenumber": "168", "addr:street": "Calea Grivi\u021bei", "amenity": "clinic", "name": "Clarfon", "opening_hours": "Mo-Fr 08:00-17:30; Sa 09:00-14:00", "phone": "+40212224674"}}, {"type": "Feature", "geometry": {"type": "Point", "coordinates": [26.0541426, 44.4652048]}, "properties": {"addr:city": "Bucure\u0219ti", "addr:housenumber": "365", "addr:postcode": "010719", "addr:street": "Calea Grivi\u021bei", "amenity": "hospital", "check_date": "2024-04-21", "healthcare": "hospital", "name": "Life Memorial Hospital"}}, {"type": "Feature", "geometry": {"type": "Point", "coordinates": [26.1060105, 44.4215979]}, "properties": {"addr:city": "Bucure\u0219ti", "addr:housenumber": "74", "addr:street": "Bulevardul M\u0103r\u0103\u0219e\u0219ti", "amenity": "clinic", "check_date": "2022-09-04", "healthcare": "clinic", "name": "Clinica Urechii - Audiologie", "phone": "+40725221541"}}, {"type": "Feature", "geometry": {"type": "Point", "coordinates": [26.075231, 44.4487629]}, "properties": {"addr:city": "Bucure\u0219ti", "addr:housenumber": "9", "addr:street": "Strada Pandele \u021a\u0103ru\u0219anu", "amenity": "clinic", "name": "Clinica Urechii - Chirurgie", "phone": "+40725221534"}}, {"type": "Feature", "geometry": {"type": "Point", "coordinates": [26.1063806, 44.4222003]}, "properties": {"amenity": "clinic", "healthcare": "clinic", "name": "Clinica Polisano"}}, {"type": "Feature", "geometry": {"type": "Point", "coordinates": [26.1077061, 44.4221578]}, "properties": {"amenity": "clinic", "healthcare": "clinic", "name": "Centrul Medical Sphera"}}, {"type": "Feature", "geometry": {"type": "Point", "coordinates": [26.1045268, 44.4191975]}, "properties": {"amenity": "clinic", "check_date": "2022-09-04", "healthcare": "clinic", "name": "Laser Esthetic Concept"}}, {"type": "Feature", "geometry": {"type": "Point", "coordinates": [26.0804531, 44.5157938]}, "properties": {"addr:city": "Bucure\u0219ti", "addr:housenumber": "44", "addr:postcode": "013696", "addr:street": "\u0218oseaua Bucure\u0219ti-Ploie\u0219ti", "alt_name": "Sanador Baneasa", "amenity": "clinic", "healthcare": "clinic", "name": "Sanador"}}, {"type": "Feature", "geometry": {"type": "Point", "coordinates": [26.6498124, 44.8734291]}, "properties": {"addr:city": "Glodeanu S\u0103rat", "amenity": "clinic", "name": "Dispensar Medical Glodeanu S\u0103rat"}}, {"type": "Feature", "geometry": {"type": "Point", "coordinates": [23.8145905, 46.557097]}, "properties": {"addr:city": "Turda", "addr:housenumber": "13", "addr:postcode": "401047", "addr:postcode:source": "Date de la Po\u0219ta Rom\u00e2n\u0103, publicate sub Licen\u021ba pentru Guvernare Deschis\u0103 v1.0 la http://date.gov.ro/organization/posta-romana", "addr:street": "Strada Lianelor", "amenity": "clinic", "healthcare": "clinic", "healthcare:speciality": "general;cardiology;neurology;gynaecology", "level": "0;1", "name": "Clinic Med Diagnosis", "opening_hours": "Mo-Fr 08:00-20:00; Sa 08:00-14:00; Su off", "operator:type": "private", "website": "https://diagnosisturda.ro/", "wheelchair": "yes"}}, {"type": "Feature", "geometry": {"type": "Point", "coordinates": [26.1332351, 44.4227252]}, "properties": {"addr:city": "Bucure\u0219ti", "addr:housenumber": "79-91", "addr:street": "Strada Traian Popovici", "alt_name": "Bio Ortoclinic", "amenity": "clinic", "contact:phone": "+40 21 323 0000", "contact:website": "https://www.gralmedical.ro", "healthcare": "hospital", "name": "Gral Medical", "opening_hours": "Mo-Fr 07:30-20:00; Sa 08:00-12:00", "wheelchair": "limited"}}, {"type": "Feature", "geometry": {"type": "Point", "coordinates": [28.6493271, 44.180392]}, "properties": {"addr:city": "Constan\u021ba", "addr:country": "RO", "addr:housenumber": "97", "addr:street": "Bulevardul Tomis", "amenity": "clinic", "healthcare": "clinic", "name": "Bio Ortoclinic", "phone": "+40774627424"}}, {"type": "Feature", "geometry": {"type": "Point", "coordinates": [26.0363622, 44.5050823]}, "properties": {"addr:city": "Bucure\u0219ti", "amenity": "clinic", "name": "Bio Ortoclinic"}}, {"type": "Feature", "geometry": {"type": "Point", "coordinates": [25.7386756, 45.1200317]}, "properties": {"addr:city": "C\u00e2mpina", "addr:housenumber": "3A", "addr:postcode": "105600", "addr:street": "Bulevardul Carol I", "amenity": "hospital", "emergency": "no", "name": "Mediurg"}}, {"type": "Feature", "geometry": {"type": "Point", "coordinates": [26.1312576, 44.3878805]}, "properties": {"addr:city": "Bucure\u0219ti", "addr:housenumber": "6", "addr:street": "Strada Tulnici", "addr:street:source": "survey", "amenity": "clinic", "name": "Alfa medical - recuperare medical\u0103", "phone": "+40216342341", "source:addr:housenumber": "survey"}}, {"type": "Feature", "geometry": {"type": "Point", "coordinates": [26.093138, 44.3870921]}, "properties": {"addr:city": "Bucure\u0219ti", "addr:housenumber": "8", "addr:street": "Strada B\u0103ile\u0219ti", "amenity": "clinic", "name": "Alfa medical - recuperare medical\u0103", "phone": "+40214511314"}}, {"type": "Feature", "geometry": {"type": "Point", "coordinates": [26.1042907, 44.4389836]}, "properties": {"addr:city": "Bucure\u0219ti", "addr:housenumber": "1-5", "addr:street": "Strada General David Praporgescu", "amenity": "clinic", "healthcare": "clinic", "name": "Centrul Medical Promemoria", "phone": "+40735537507"}}, {"type": "Feature", "geometry": {"type": "Point", "coordinates": [26.1367934, 44.4433288]}, "properties": {"addr:city": "Bucure\u0219ti", "addr:housenumber": "75", "addr:street": "Strada M\u0103gura Vulturului", "amenity": "clinic", "contact:email": "programari@fortiusmedical.ro", "contact:website": "https://www.fortiusmedical.ro/", "healthcare": "clinic", "name": "Fortus Medical", "opening_hours": "Mo-Fr 08:00-20:00", "opening_hours:signed": "no", "phone": "+40374988838", "wheelchair": "yes"}}, {"type": "Feature", "geometry": {"type": "Point", "coordinates": [23.5636769, 46.7719457]}, "properties": {"amenity": "clinic", "healthcare": "clinic", "internet_access": "wlan", "name": "NM Integrative Therapy", "opening_hours": "Mo-Fr 09:00-19:00"}}, {"type": "Feature", "geometry": {"type": "Point", "coordinates": [23.8859922, 46.5467549]}, "properties": {"amenity": "clinic", "healthcare": "clinic", "name": "Dr. Creteanu Razvan"}}, {"type": "Feature", "geometry": {"type": "Point", "coordinates": [23.8847606, 46.5466113]}, "properties": {"amenity": "clinic", "healthcare": "clinic", "name": "Surgent Medical Center", "name:it": "Surgent"}}, {"type": "Feature", "geometry": {"type": "Point", "coordinates": [26.0744648, 44.4661722]}, "properties": {"addr:city": "Bucure\u0219ti", "addr:housenumber": "17", "addr:postcode": "011461", "addr:street": "Bulevardul M\u0103r\u0103\u0219ti", "amenity": "clinic", "contact:email": "bucuresti.elias@afffidea.com", "contact:phone": "+40 21 93 38", "contact:website": "https://affidea.ro/centre-medicale/affidea-hiperdia-bucuresti-elias", "healthcare": "clinic", "healthcare:speciality": "radiology", "name": "Affidea", "opening_hours": "Mo-Fr 08:00-20:00", "operator": "Affidea Romania"}}, {"type": "Feature", "geometry": {"type": "Point", "coordinates": [26.1094588, 44.3959786]}, "properties": {"amenity": "clinic", "healthcare": "clinic", "name": "Kinetomedica", "phone": "+40766735404", "website": "www.kinetomedica.ro"}}, {"type": "Feature", "geometry": {"type": "Point", "coordinates": [26.1095655, 44.3930097]}, "properties": {"amenity": "clinic", "check_date": "2025-04-22", "check_date:opening_hours": "2025-04-22", "name": "Regina Maria - analize de laborator", "opening_hours": "Mo-Fr 07:00-14:30; Sa 08:00-12:30; Su 08:00-11:30"}}, {"type": "Feature", "geometry": {"type": "Point", "coordinates": [22.9127732, 47.2084919]}, "properties": {"addr:city": "V\u00e2r\u0219ol\u021b", "addr:postcode": "457355", "amenity": "hospital", "healthcare": "hospital", "name": "Dispensar"}}, {"type": "Feature", "geometry": {"type": "Point", "coordinates": [27.5857285, 47.1616972]}, "properties": {"addr:housenumber": "15A", "addr:street": "Strada Agatha B\u00e2rsescu", "amenity": "clinic", "email": "office@clinicapalade.ro", "healthcare": "clinic", "internet_access": "wlan", "phone": "+40332800081", "website": "http://www.clinicapalade.ro"}}, {"type": "Feature", "geometry": {"type": "Point", "coordinates": [26.8822403, 47.4559039]}, "properties": {"addr:city": "Deleni", "amenity": "hospital", "healthcare": "hospital", "healthcare:speciality": "general", "name": "Dispensar Deleni"}}, {"type": "Feature", "geometry": {"type": "Point", "coordinates": [26.0922735, 44.4801576]}, "properties": {"addr:city": "Bucure\u0219ti", "addr:housenumber": "51", "addr:street": "Strada Nicolae G. Caramfil", "amenity": "clinic", "healthcare": "clinic", "name": "Laurus Medical", "opening_hours": "Mo-Fr 08:00-21:00; Sa 08:00-14:00", "source:addr:housenumber": "survey"}}, {"type": "Feature", "geometry": {"type": "Point", "coordinates": [21.2243989, 45.7645745]}, "properties": {"amenity": "clinic", "check_date:opening_hours": "2025-10-04", "healthcare": "clinic", "name": "Bioclinica", "opening_hours": "Mo-Fr 07:30-15:00; Sa 08:00-11:00"}}, {"type": "Feature", "geometry": {"type": "Point", "coordinates": [24.8691018, 44.8616238]}, "properties": {"addr:city": "Pite\u0219ti", "addr:housenumber": "63", "addr:postcode": "110121", "addr:street": "Bulevardul I. C. Br\u0103tianu", "amenity": "clinic", "healthcare": "clinic", "healthcare:speciality": "gynaecology;ophthalmology;internal;paediatrics;orthopaedics;psychiatry;dermatology;urology;neurology", "name": "Centrul de Diagnostic \u0219i Tratament Br\u0103tianu"}}, {"type": "Feature", "geometry": {"type": "Point", "coordinates": [21.2301724, 45.7662089]}, "properties": {"amenity": "clinic", "healthcare": "clinic", "name": "Regina Maria", "opening_hours": "Mo-Su 10:00-22:00"}}, {"type": "Feature", "geometry": {"type": "Point", "coordinates": [23.4852016, 46.7443755]}, "properties": {"amenity": "clinic", "healthcare": "clinic", "name": "Centrul Medical Flore\u0219ti", "opening_hours": "Mo-Fr 08:00-21:00"}}, {"type": "Feature", "geometry": {"type": "Point", "coordinates": [23.7987461, 46.5578051]}, "properties": {"amenity": "clinic", "healthcare": "clinic", "healthcare:speciality": "cardiology;internal", "name": "Endocard", "opening_hours": "Mo 09:00-18:00; Tu-We 09:00-20:00; Th 09:00-18:00; Fr 09:00-15:00; Sa-Su off"}}, {"type": "Feature", "geometry": {"type": "Point", "coordinates": [26.4421096, 46.2126299]}, "properties": {"amenity": "clinic", "healthcare": "clinic", "name": "DISPENSAR"}}, {"type": "Feature", "geometry": {"type": "Point", "coordinates": [28.5761764, 43.8138072]}, "properties": {"addr:city": "Mangalia", "addr:postcode": "905500", "addr:street": "Strada Mihai Viteazul", "amenity": "hospital", "healthcare": "hospital", "healthcare:speciality": "general;paediatrics;community", "name": "Dispennsarul 2"}}, {"type": "Feature", "geometry": {"type": "Point", "coordinates": [26.0498859, 44.4157806]}, "properties": {"amenity": "clinic", "name": "Synevo recoltare analize medicale"}}, {"type": "Feature", "geometry": {"type": "Point", "coordinates": [28.6387899, 44.1941716]}, "properties": {"addr:city": "Constan\u021ba", "addr:housenumber": "2", "addr:street": "Strada Prim\u0103verii", "amenity": "clinic", "healthcare": "clinic", "name": "Centrul Medical Provita 2000", "name:en": "Provita 2000 Medical Center", "opening_hours": "Mo-Su 07:30-19:00"}}, {"type": "Feature", "geometry": {"type": "Point", "coordinates": [24.1694316, 45.7855841]}, "properties": {"addr:city": "Sibiu", "addr:housenumber": "20", "addr:street": "Strada Vasile Aaron", "amenity": "hospital", "emergency": "no", "healthcare": "hospital", "healthcare:speciality": "community;general", "name": "Dispensar Medical Vasile Aaron"}}, {"type": "Feature", "geometry": {"type": "Point", "coordinates": [24.1487355, 45.7892257]}, "properties": {"addr:city": "Sibiu", "addr:street": "Strada Some\u0219ului", "amenity": "clinic", "healthcare": "clinic", "healthcare:speciality": "gynaecology", "name": "Clinica Medicala Gineko Pro Medical Sibiu"}}, {"type": "Feature", "geometry": {"type": "Point", "coordinates": [21.931685, 45.6428201]}, "properties": {"amenity": "hospital", "name": "sepsiszentgyorgy"}}, {"type": "Feature", "geometry": {"type": "Point", "coordinates": [28.630244, 44.2014485]}, "properties": {"addr:city": "Constan\u021ba", "addr:housenumber": "4", "addr:postcode": "900419", "addr:street": "Strada Zbur\u0103torului", "amenity": "clinic", "brand": "Clinica Sante", "brand:wikidata": "Q121080834", "healthcare": "sample_collection", "name": "Clinica Sante", "opening_hours": "Mo-Fr 07:00-15:30; Sa 08:00-12:00"}}, {"type": "Feature", "geometry": {"type": "Point", "coordinates": [28.6496284, 44.180196]}, "properties": {"addr:city": "Constan\u021ba", "addr:housenumber": "79-81", "addr:street": "Bulevardul Tomis", "amenity": "clinic", "check_date": "2025-01-13", "healthcare": "clinic", "name": "Hyperclinica MedLife", "operator": "Sistemul Medical MedLife", "wheelchair": "yes"}}, {"type": "Feature", "geometry": {"type": "Point", "coordinates": [22.9081048, 45.8638733]}, "properties": {"amenity": "clinic"}}, {"type": "Feature", "geometry": {"type": "Point", "coordinates": [22.896728, 45.8803245]}, "properties": {"amenity": "clinic"}}, {"type": "Feature", "geometry": {"type": "Point", "coordinates": [22.9033227, 45.8799143]}, "properties": {"amenity": "clinic"}}, {"type": "Feature", "geometry": {"type": "Point", "coordinates": [21.2185843, 45.7594604]}, "properties": {"amenity": "clinic", "healthcare": "clinic", "name": "Medici's Academica"}}, {"type": "Feature", "geometry": {"type": "Point", "coordinates": [21.2992888, 46.1692871]}, "properties": {"addr:housenumber": "160", "addr:street": "Strada Oituz", "amenity": "clinic", "name": "Ayedent"}}, {"type": "Feature", "geometry": {"type": "Point", "coordinates": [24.2237306, 47.8244139]}, "properties": {"amenity": "hospital", "healthcare": "hospital", "name": "Clinic\u0103"}}, {"type": "Feature", "geometry": {"type": "Point", "coordinates": [24.2238242, 47.8232107]}, "properties": {"amenity": "hospital", "healthcare": "hospital", "name": "Clinic\u0103"}}, {"type": "Feature", "geometry": {"type": "Point", "coordinates": [24.3675472, 45.1077073]}, "properties": {"amenity": "clinic", "check_date": "2026-01-28", "healthcare": "clinic", "name": "Centru de S\u0103n\u0103tate Mintal\u0103", "name:en": "Mental Health Centre", "name:ro": "Centru de S\u0103n\u0103tate Mintal\u0103"}}, {"type": "Feature", "geometry": {"type": "Point", "coordinates": [27.2157008, 47.5188981]}, "properties": {"amenity": "hospital", "emergency": "no", "healthcare": "hospital", "healthcare:speciality": "psychiatry", "name": "Sec\u021bia exterioar\u0103 psihiatrie \u0218ipote", "operator": "Institutul de psihiatrie Socola Ia\u0219i"}}, {"type": "Feature", "geometry": {"type": "Point", "coordinates": [26.0718335, 44.4317583]}, "properties": {"addr:city": "Bucure\u0219ti", "addr:housenumber": "47-49", "addr:postcode": "050524", "addr:street": "Strada Sf\u00e2ntul Elefterie", "amenity": "clinic", "healthcare": "clinic", "name": "MediClass", "source:addr:housenumber": "survey", "source:addr:street": "survey"}}, {"type": "Feature", "geometry": {"type": "Point", "coordinates": [26.0977516, 44.3817172]}, "properties": {"addr:street": "Strada Moldoveni", "amenity": "clinic", "name": "centrul medical axa provita"}}, {"type": "Feature", "geometry": {"type": "Point", "coordinates": [26.0811024, 44.4294704]}, "properties": {"addr:city": "Bucure\u0219ti", "addr:postcode": "050564", "addr:street": "Strada Izvor", "amenity": "clinic", "check_date": "2024-10-01", "healthcare": "clinic", "name": "MedicalES"}}, {"type": "Feature", "geometry": {"type": "Point", "coordinates": [26.071018, 44.4323606]}, "properties": {"addr:city": "Bucure\u0219ti", "addr:housenumber": "53", "addr:street": "Strada Doctor Panait Iatropol", "amenity": "clinic", "healthcare": "clinic", "name": "Prof Medica", "source:addr:housenumber": "survey", "source:addr:street": "survey"}}, {"type": "Feature", "geometry": {"type": "Point", "coordinates": [26.1148614, 44.382553]}, "properties": {"addr:street": "Bulevardul Alexandru Obregia", "amenity": "clinic", "name": "Medicor Centru Medical"}}, {"type": "Feature", "geometry": {"type": "Point", "coordinates": [24.8802367, 44.6697892]}, "properties": {"addr:city": "Coste\u0219ti", "addr:street": "Strada Victoriei", "amenity": "clinic", "healthcare": "clinic", "name": "Solomed Costesti"}}, {"type": "Feature", "geometry": {"type": "Point", "coordinates": [26.067766, 44.4374097]}, "properties": {"addr:city": "Bucure\u0219ti", "addr:housenumber": "22", "addr:postcode": "060114", "addr:street": "\u0218oseaua Cotroceni", "amenity": "clinic", "healthcare": "clinic", "name": "Regina Maria", "source:addr:housenumber": "survey", "source:addr:street": "survey"}}, {"type": "Feature", "geometry": {"type": "Point", "coordinates": [21.2404408, 45.7452362]}, "properties": {"addr:city": "Timi\u0219oara", "addr:housenumber": "12", "addr:postcode": "300575", "addr:street": "Aleea F.C. Ripensia", "amenity": "clinic", "healthcare": "clinic", "name": "Reha Clinic", "website": "https://www.reha.ro"}}, {"type": "Feature", "geometry": {"type": "Point", "coordinates": [24.182595, 45.0803716]}, "properties": {"addr:city": "B\u0103ile Govora", "addr:housenumber": "152-154", "addr:postcode": "245200", "addr:street": "Strada Tudor Vladimirescu", "amenity": "clinic", "healthcare": "clinic", "name": "Centrul Medical Rec Med", "opening_hours": "Mo-Su 10:00-22:00"}}, {"type": "Feature", "geometry": {"type": "Point", "coordinates": [26.2059733, 44.4512444]}, "properties": {"addr:street": "Strada Miori\u021bei", "amenity": "clinic"}}, {"type": "Feature", "geometry": {"type": "Point", "coordinates": [26.1971073, 44.5376208]}, "properties": {"addr:street": "Strada Spicului", "amenity": "clinic", "healthcare": "clinic", "name": "Liberty"}}, {"type": "Feature", "geometry": {"type": "Point", "coordinates": [24.309386, 45.4938556]}, "properties": {"addr:city": "C\u00e2inenii Mici", "addr:postcode": "247087", "amenity": "hospital", "healthcare": "clinic", "name": "Dispensar C\u00e2ineni"}}, {"type": "Feature", "geometry": {"type": "Point", "coordinates": [26.1143544, 44.4447887]}, "properties": {"addr:street": "Strada Toamnei", "amenity": "clinic", "check_date:opening_hours": "2025-04-05", "healthcare": "clinic", "name": "Nicomed", "opening_hours:signed": "no"}}, {"type": "Feature", "geometry": {"type": "Point", "coordinates": [23.7506001, 44.5040186]}, "properties": {"amenity": "hospital", "emergency": "fire_hydrant", "healthcare": "doctor", "name": "Dispensar"}}, {"type": "Feature", "geometry": {"type": "Point", "coordinates": [26.6556756, 47.7458979]}, "properties": {"addr:city": "Boto\u0219ani", "addr:street": "Strada Octav Onicescu", "amenity": "clinic", "healthcare": "clinic", "name": "Est Clinic - Consultatii \u0219i analize"}}, {"type": "Feature", "geometry": {"type": "Point", "coordinates": [26.4713927, 46.854189]}, "properties": {"amenity": "clinic", "healthcare": "clinic"}}, {"type": "Feature", "geometry": {"type": "Point", "coordinates": [21.246616, 45.7343622]}, "properties": {"amenity": "clinic", "healthcare": "clinic", "name": "Bioclinica"}}, {"type": "Feature", "geometry": {"type": "Point", "coordinates": [22.9406766, 43.9948272]}, "properties": {"addr:city": "Calafat", "addr:postcode": "205200", "addr:street": "Strada Traian", "amenity": "hospital", "emergency": "no", "healthcare": "hospital", "name": "Direc\u021bia de S\u0103n\u0103tate Public\u0103 Calafat"}}, {"type": "Feature", "geometry": {"type": "Point", "coordinates": [26.1621133, 44.4245138]}, "properties": {"amenity": "clinic", "healthcare": "clinic", "name": "Hyperclinica MedLife Titan", "opening_hours": "Mo-Fr 07:00-21:00; Sa 07:00-14:00", "wheelchair": "yes"}}, {"type": "Feature", "geometry": {"type": "Point", "coordinates": [21.2210213, 45.7551674]}, "properties": {"amenity": "clinic", "healthcare": "clinic", "name": "Neurorad"}}, {"type": "Feature", "geometry": {"type": "Point", "coordinates": [23.1912564, 44.622091]}, "properties": {"addr:city": "Strehaia", "addr:housenumber": "159", "addr:postcode": "225300", "addr:street": "Bulevardul Republicii", "amenity": "hospital", "healthcare": "hospital", "name": "Spitalul Or\u0103\u0219enesc Strehaia"}}, {"type": "Feature", "geometry": {"type": "Point", "coordinates": [22.0539667, 46.4775708]}, "properties": {"addr:city": "Archi\u0219", "addr:postcode": "317015", "addr:street": "Strada 1", "amenity": "hospital", "healthcare": "hospital", "name": "Dispensarul uman Archi\u0219"}}, {"type": "Feature", "geometry": {"type": "Point", "coordinates": [22.9613765, 46.4505639]}, "properties": {"addr:city": "Albac", "addr:postcode": "517005", "addr:street": "Strada Cri\u0219an", "amenity": "hospital", "healthcare": "hospital", "name": "Dispensarul uman Albac"}}, {"type": "Feature", "geometry": {"type": "Point", "coordinates": [26.1189829, 44.4823027]}, "properties": {"addr:city": "Bucure\u0219ti", "addr:housenumber": "9-9A", "addr:street": "Bulevardul Dimitrie Pompeiu", "amenity": "clinic", "healthcare": "clinic", "name": "Regina Maria", "operator": "Regina Maria"}}, {"type": "Feature", "geometry": {"type": "Point", "coordinates": [23.6114853, 46.7762225]}, "properties": {"amenity": "clinic", "healthcare": "clinic", "healthcare:speciality": "paediatrics", "name": "Centrul de Pediatrie"}}, {"type": "Feature", "geometry": {"type": "Point", "coordinates": [21.2047774, 45.7410154]}, "properties": {"amenity": "clinic", "healthcare": "clinic", "name": "Medic 1"}}, {"type": "Feature", "geometry": {"type": "Point", "coordinates": [27.1247702, 45.7253265]}, "properties": {"addr:city": "C\u00e2mpineanca", "addr:housenumber": "408", "addr:postcode": "627055", "addr:street": "Calea Odobe\u0219ti", "amenity": "hospital", "description": "Centru modern de fizioterapie, kinetoterapie \u0219i recuperare medicala.", "email": "office@fiziolife-recuperare.ro", "healthcare": "hospital", "healthcare:speciality": "physiotherapy;kinesitherapy;orthopaedics", "name": "FizioLife - Recuperare", "operator": "COMANDOR IMPEX SRL", "phone": "+40-337-401405", "website": "https://www.fiziolife-recuperare.ro"}}, {"type": "Feature", "geometry": {"type": "Point", "coordinates": [28.0250807, 45.4333349]}, "properties": {"addr:housenumber": "19-23", "amenity": "clinic", "name": "Audionova"}}, {"type": "Feature", "geometry": {"type": "Point", "coordinates": [28.0190859, 45.4306199]}, "properties": {"addr:housenumber": "17", "addr:street": "Strada Gheorghe Asachi", "amenity": "clinic", "name": "Chiriac S.R.L.", "opening_hours": "Mo-Fr 09:00-18:00"}}, {"type": "Feature", "geometry": {"type": "Point", "coordinates": [28.0236998, 45.4453704]}, "properties": {"amenity": "clinic", "name": "Romar Medical"}}, {"type": "Feature", "geometry": {"type": "Point", "coordinates": [23.2522905, 47.2590218]}, "properties": {"addr:city": "Jibou", "amenity": "hospital", "healthcare": "hospital", "name": "Spital Jibou", "name:ro": "Spital Jibou"}}, {"type": "Feature", "geometry": {"type": "Point", "coordinates": [24.8480053, 44.7809431]}, "properties": {"amenity": "clinic", "healthcare": "clinic", "name": "Cabinet Medical"}}, {"type": "Feature", "geometry": {"type": "Point", "coordinates": [23.8842355, 47.9256821]}, "properties": {"addr:city": "Sighetu Marma\u021biei", "addr:housenumber": "44", "addr:postcode": "435500", "addr:street": "Strada \u0218tefan cel Mare", "amenity": "clinic", "description": "Laborator medical \u00een contract cu CAS Maramures, acreditat ISO, locul I \u00een Topul Firmelor din Maramures pe domeniul medical; Cabinete medicale: Medicin\u0103 Intern\u0103, Pediatrie, Gastroenterologie, Medicina Muncii, Cardiologie, Endocrinologie, Obstetric\u0103 etc.", "email": "office@laboratorsantavita.ro", "healthcare": "clinic", "healthcare:speciality": "general;internal;paediatrics;gynaecology;psychiatry;cardiology;endocrinology;obstetrics;gastroenterology", "name": "Centrul De Diagnostic Santa Vita", "opening_hours": "Mo-Fr 08:00-20:00 Sa 08:00-14:00", "phone": "+40 262 319 252", "website": "https://laboratorsantavita.ro/"}}, {"type": "Feature", "geometry": {"type": "Point", "coordinates": [20.7155477, 45.7823797]}, "properties": {"amenity": "hospital", "hospital_type": "spital orasenesc", "name": "Spitalul Dr. Karl Diel Jimbolia", "name:ro": "Spitalul Dr. Karl Diel Jimbolia", "reviewed": "no"}}, {"type": "Feature", "geometry": {"type": "Point", "coordinates": [25.4471683, 45.7026941]}, "properties": {"amenity": "hospital", "check_date": "2025-10-30", "healthcare": "hospital", "hospital_type": "spital municipal", "name": "Spitalul Municipal Codlea", "name:ro": "Spitalul Municipal Codlea", "reviewed": "no"}}, {"type": "Feature", "geometry": {"type": "Point", "coordinates": [20.6361536, 46.0681538]}, "properties": {"amenity": "hospital", "hospital_type": "spital orasenesc", "name": "Spitalul Orasenesc Sannicolau Mare", "name:ro": "Spitalul Orasenesc Sannicolau Mare", "reviewed": "no"}}, {"type": "Feature", "geometry": {"type": "Point", "coordinates": [24.2457898, 45.3423993]}, "properties": {"amenity": "hospital", "healthcare": "hospital", "hospital_type": "spital orasenesc", "name": "Spitalul Orasenesc Brezoi", "name:ro": "Spitalul Orasenesc Brezoi", "reviewed": "no"}}, {"type": "Feature", "geometry": {"type": "Point", "coordinates": [22.3677075, 45.5258536]}, "properties": {"amenity": "hospital", "hospital_type": "spital orasenesc", "name": "Spitalul Orasenesc Otelu Rosu Otelu Rosu", "name:ro": "Spitalul Orasenesc Otelu Rosu Otelu Rosu", "reviewed": "no"}}, {"type": "Feature", "geometry": {"type": "Point", "coordinates": [26.0904168, 44.4060819]}, "properties": {"amenity": "hospital", "hospital_type": "institut", "name": "Institutul de Pneumoftiziologie Marius Nasta", "name:ro": "Institutul de Pneumoftiziologie Marius Nasta", "reviewed": "no"}}, {"type": "Feature", "geometry": {"type": "Point", "coordinates": [21.6905884, 46.0910724]}, "properties": {"amenity": "hospital", "hospital_type": "spital orasenesc", "name": "Spitalul Orasenesc Lipova", "name:ro": "Spitalul Orasenesc Lipova", "reviewed": "no"}}, {"type": "Feature", "geometry": {"type": "Point", "coordinates": [25.5049648, 46.7014098]}, "properties": {"addr:city": "Joseni", "addr:housenumber": "1276", "addr:postcode": "537130", "addr:street": "Strada Gheorgheni", "amenity": "clinic", "healthcare": "clinic", "healthcare:speciality": "general;stomatology", "name": "Orvosi rendel\u0151", "opening_hours": "Mo-Fr 07:00-19:00"}}, {"type": "Feature", "geometry": {"type": "Point", "coordinates": [25.6206979, 45.6458714]}, "properties": {"addr:city": "Bra\u0219ov", "addr:housenumber": "30", "addr:postcode": "500365", "addr:street": "Calea Bucure\u0219ti", "amenity": "clinic", "check_date": "2024-07-21", "healthcare": "clinic", "name": "Medivers"}}, {"type": "Feature", "geometry": {"type": "Point", "coordinates": [28.6428736, 44.1944678]}, "properties": {"amenity": "clinic", "email": "prosana_medicalcenter@yahoo.com", "healthcare": "clinic", "healthcare:speciality": "obstetrics;gynaecology;dermatology;surgery;psychotherapy", "name": "Prosana Medical Center", "opening_hours": "Mo-Fr 08:00-20:30", "operator": "Prosana Medical Center SRL", "operator:type": "private", "phone": "+40 241 580 370"}}, {"type": "Feature", "geometry": {"type": "Point", "coordinates": [26.0488793, 44.4424564]}, "properties": {"amenity": "clinic", "healthcare": "dialysis", "healthcare:speciality": "nephrology", "name": "Centru de Dializ\u0103", "operator": "Diaverum"}}, {"type": "Feature", "geometry": {"type": "Point", "coordinates": [26.1160213, 44.4520205]}, "properties": {"addr:city": "Bucure\u0219ti", "addr:housenumber": "13", "addr:postcode": "020657", "addr:street": "Strada Cosminului", "amenity": "clinic", "description": "Astfel, in cadrul Ambulatoriului, acestia pot beneficia de consultatie de specialitate, examen EKG, test de efort, montare holter EKG si TA, ecografie cardiaca 3D, ecografie transesofagiana, ecografie de stres, ecografie carotide si artere periferice, etc", "email": "office@angiomedica.ro", "healthcare": "clinic", "healthcare:speciality": "cardiology", "name": "Spitalul de Boli Cardiovasculare \"Angiomedica\"", "opening_hours": "Mo-Fr 08:00-20:00", "phone": "+40 31 10 90 131", "website": "www.angiomedica.ro"}}, {"type": "Feature", "geometry": {"type": "Point", "coordinates": [25.585949, 46.7215932]}, "properties": {"addr:city": "Gheorgheni", "addr:housenumber": "26", "addr:postcode": "535500", "addr:street": "Bulevardul Fr\u0103\u021biei", "amenity": "clinic", "healthcare": "centre", "healthcare:speciality": "dentist;paediatrics;cardiology;urology;gynaecology;internal;orthopaedics;neurology;general;dermatology", "name": "Clinica Borosnyay", "name:hu": "Borosnyay Klinika", "phone": "+40741947445", "website": "https://www.borosnyay.ro/"}}, {"type": "Feature", "geometry": {"type": "Point", "coordinates": [23.173384, 45.7294991]}, "properties": {"amenity": "hospital", "name": "Dispensar"}}, {"type": "Feature", "geometry": {"type": "Point", "coordinates": [21.2230071, 45.7581537]}, "properties": {"amenity": "clinic", "healthcare": "clinic", "name": "Centrul Medical Mariam"}}, {"type": "Feature", "geometry": {"type": "Point", "coordinates": [23.5952594, 46.7555329]}, "properties": {"addr:housenumber": "1-3", "addr:street": "Strada Observatorului", "amenity": "clinic", "healthcare": "clinic", "name": "Regina Maria Policlinica Observatorului", "opening_hours": "Mo-Fr 08:00-20:00; Sa 08:00-12:00", "operator": "Regina Maria", "operator:type": "private", "website": "https://www.reginamaria.ro/clinici/policlinica-observatorului", "wheelchair": "yes"}}, {"type": "Feature", "geometry": {"type": "Point", "coordinates": [23.5926513, 46.7589267]}, "properties": {"amenity": "clinic", "healthcare": "clinic", "healthcare:speciality": "plastic_surgery", "name": "Clinica Artis 3", "website": "https://www.artis3.ro/"}}, {"type": "Feature", "geometry": {"type": "Point", "coordinates": [23.5876864, 46.7642818]}, "properties": {"amenity": "clinic", "healthcare": "clinic", "name": "Cardiomed"}}, {"type": "Feature", "geometry": {"type": "Point", "coordinates": [26.4838987, 46.467211]}, "properties": {"addr:city": "Moine\u0219ti", "addr:postcode": "605400", "amenity": "hospital", "healthcare": "hospital", "name": "Cabinet Medical"}}, {"type": "Feature", "geometry": {"type": "Point", "coordinates": [26.3717547, 47.217693]}, "properties": {"amenity": "hospital", "healthcare": "hospital", "name": "Centrul Medical \u201ePalimed\u201d"}}, {"type": "Feature", "geometry": {"type": "Point", "coordinates": [26.0413007, 44.4245602]}, "properties": {"addr:city": "Bucure;ti", "amenity": "clinic", "name": "Policlinica Dr Taberei", "name:en": "Polyclinic Dr Taberei"}}, {"type": "Feature", "geometry": {"type": "Point", "coordinates": [26.0415766, 44.4248057]}, "properties": {"amenity": "clinic", "name": "Stomatologie"}}, {"type": "Feature", "geometry": {"type": "Point", "coordinates": [24.1640653, 46.7553581]}, "properties": {"addr:street": "Strada Republicii", "amenity": "hospital", "emergency": "yes", "healthcare": "hospital", "name": "Spitalul Orasesc"}}, {"type": "Feature", "geometry": {"type": "Point", "coordinates": [27.5864139, 47.155192]}, "properties": {"amenity": "clinic", "brand": "Synlab", "brand:wikidata": "Q2376015", "healthcare": "laboratory", "healthcare:speciality": "biology", "name": "Synlab"}}, {"type": "Feature", "geometry": {"type": "Point", "coordinates": [23.8113285, 44.3168253]}, "properties": {"addr:city": "Craiova", "addr:street": "Strada \u00cenfr\u0103\u021birii", "amenity": "clinic", "healthcare": "clinic", "name": "MedLife Sama"}}, {"type": "Feature", "geometry": {"type": "Point", "coordinates": [22.5396834, 44.8049437]}, "properties": {"addr:city": "Bunoaica", "amenity": "clinic", "healthcare": "clinic", "healthcare:speciality": "neurology", "name": "Centrul de \u00cengrijire \u0219i Asisten\u021b\u0103 pentru Persoanele cu Alzheimer"}}, {"type": "Feature", "geometry": {"type": "Point", "coordinates": [26.0738015, 44.4967457]}, "properties": {"addr:city": "Bucure\u0219ti", "addr:housenumber": "3", "addr:street": "Strada Brodina", "alt_name": "Spital de Fertilitate \u0219i Medicin\u0103 Materno-Fetal\u0103", "amenity": "clinic", "healthcare": "clinic", "name": "WellBorn", "phone": "+40319105"}}, {"type": "Feature", "geometry": {"type": "Point", "coordinates": [26.1326795, 44.434934]}, "properties": {"addr:city": "Bucure\u0219ti", "addr:housenumber": "82", "addr:street": "Strada Agricultori", "amenity": "clinic", "internet_access": "wlan", "name": "Provita"}}, {"type": "Feature", "geometry": {"type": "Point", "coordinates": [26.1326958, 44.4348779]}, "properties": {"amenity": "clinic", "name": "Provita"}}, {"type": "Feature", "geometry": {"type": "Point", "coordinates": [26.0593121, 44.4449489]}, "properties": {"addr:city": "Bucure\u0219ti", "addr:country": "RO", "addr:housenumber": "1A", "addr:postcode": "060201", "addr:street": "Strada Sergent Constantin Ghercu", "amenity": "clinic", "branch": "The Bridge", "brand": "Medicover", "brand:wikidata": "Q18541785", "healthcare": "clinic", "name": "Medicover", "opening_hours": "Mo-Fr 07:30-20:30", "phone": "021 9896", "source:addr:housenumber": "survey", "source:addr:street": "survey", "website": "https://www.medicover.ro/"}}, {"type": "Feature", "geometry": {"type": "Point", "coordinates": [26.136603, 44.4248863]}, "properties": {"alt_name": "Policlinica Social\u0103 Baba Novac - Regina Maria", "amenity": "clinic", "healthcare": "clinic", "name": "Policlinica Social\u0103 Baba Novac", "opening_hours": "Mo 08:00-18:00; Tu-Fr 08:00-16:00", "wheelchair": "limited"}}, {"type": "Feature", "geometry": {"type": "Point", "coordinates": [26.0042417, 44.4334744]}, "properties": {"addr:city": "Bucure\u0219ti", "addr:country": "RO", "addr:housenumber": "101", "addr:postcode": "061094", "addr:street": "Bulevardul Iuliu Maniu", "amenity": "clinic", "healthcare": "clinic", "name": "Sanador", "source:addr:housenumber": "survey", "source:addr:street": "survey"}}, {"type": "Feature", "geometry": {"type": "Point", "coordinates": [26.1294821, 44.4218887]}, "properties": {"addr:city": "Bucure\u0219ti", "addr:housenumber": "46", "addr:postcode": "031308", "addr:postcode:source": "Date de la Po\u0219ta Rom\u00e2n\u0103, publicate sub Licen\u021ba pentru Guvernare Deschis\u0103 v1.0 la http://date.gov.ro/organization/posta-romana", "addr:street": "Strada Vlad Jude\u021bul", "amenity": "clinic", "healthcare": "clinic", "name": "Symetrique Medical"}}, {"type": "Feature", "geometry": {"type": "Point", "coordinates": [23.5763419, 47.6531542]}, "properties": {"amenity": "hospital", "healthcare": "hospital", "name": "medic de familie", "name:it": "Medico di Famiglia"}}, {"type": "Feature", "geometry": {"type": "Point", "coordinates": [23.5900893, 46.7621819]}, "properties": {"addr:city": "Cluj-Napoca", "addr:country": "RO", "addr:housenumber": "47", "addr:postcode": "400489", "addr:street": "Strada Republicii", "amenity": "clinic", "healthcare": "clinic", "name": "LaurusMedical"}}, {"type": "Feature", "geometry": {"type": "Point", "coordinates": [21.2382747, 45.7369003]}, "properties": {"amenity": "clinic", "brand": "Synevo", "brand:wikidata": "Q85968400", "healthcare": "laboratory", "name": "Synevo"}}, {"type": "Feature", "geometry": {"type": "Point", "coordinates": [26.1299708, 44.4264431]}, "properties": {"addr:city": "Bucure\u0219ti", "addr:housenumber": "2", "addr:street": "Pia\u021ba Alba Iulia", "amenity": "clinic", "check_date:opening_hours": "2025-12-13", "name": "Skinmed", "opening_hours": "Mo-Fr 09:00-20:00; Sa 09:00-15:00", "phone": "+4 0213 136 433", "website": "https://www.skin-med.ro/", "wheelchair": "no"}}, {"type": "Feature", "geometry": {"type": "Point", "coordinates": [26.1006611, 44.4603705]}, "properties": {"amenity": "clinic", "healthcare": "clinic", "name": "Medissima"}}, {"type": "Feature", "geometry": {"type": "Point", "coordinates": [24.1104331, 44.7472573]}, "properties": {"addr:city": "Gusoianca", "addr:street": "Gu\u0219oieni-Gu\u0219oianca", "amenity": "hospital", "healthcare": "hospital", "healthcare:speciality": "general", "name": "Dispensar Gu\u0219oianca"}}, {"type": "Feature", "geometry": {"type": "Point", "coordinates": [26.0847053, 44.44244]}, "properties": {"addr:city": "Bucure\u0219ti", "addr:country": "RO", "addr:housenumber": "28", "addr:postcode": "010798", "addr:street": "Strada Transilvaniei", "amenity": "clinic", "name": "Rytmomed"}}, {"type": "Feature", "geometry": {"type": "Point", "coordinates": [26.070739, 44.4412795]}, "properties": {"addr:city": "Bucure\u0219ti", "addr:housenumber": "9B", "addr:postcode": "020609", "addr:postcode:source": "Date de la Po\u0219ta Rom\u00e2n\u0103, publicate sub Licen\u021ba pentru Guvernare Deschis\u0103 v1.0 la http://date.gov.ro/organization/posta-romana", "addr:street": "Strada Berzei", "alt_name": "Romgermed Plevnei", "amenity": "clinic", "healthcare": "clinic", "name": "Romgermed", "source:addr:housenumber": "survey", "source:addr:street": "survey"}}, {"type": "Feature", "geometry": {"type": "Point", "coordinates": [26.0892712, 44.4349274]}, "properties": {"addr:city": "Bucure\u0219ti", "addr:housenumber": "7", "addr:postcode": "010181", "addr:street": "Bulevardul Schitu M\u0103gureanu", "amenity": "clinic", "healthcare": "clinic", "healthcare:speciality": "ophthalmology", "name": "Optissima"}}, {"type": "Feature", "geometry": {"type": "Point", "coordinates": [26.0909143, 44.4344632]}, "properties": {"addr:city": "Bucure\u0219ti", "addr:housenumber": "57", "addr:postcode": "050062", "addr:street": "Bulevardul Regina Elisabeta", "amenity": "clinic", "healthcare": "clinic", "name": "Medas"}}, {"type": "Feature", "geometry": {"type": "Point", "coordinates": [21.2146611, 45.7617429]}, "properties": {"amenity": "clinic", "healthcare": "clinic", "name": "Centul Medical Dr. Stan", "opening_hours": "Mo-Th 08:00-20:00; Fr 08:00-18:00"}}, {"type": "Feature", "geometry": {"type": "Point", "coordinates": [21.2387283, 45.7402212]}, "properties": {"amenity": "clinic", "healthcare": "clinic"}}, {"type": "Feature", "geometry": {"type": "Point", "coordinates": [28.0257396, 45.4502571]}, "properties": {"addr:city": "Gala\u021bi", "addr:housenumber": "3", "addr:postcode": "800675", "addr:street": "Bulevardul Milcov", "amenity": "clinic", "description": "Cabinet de pneumologie in contract cu Casa de Asigurari de Sanatate. Consultatiile legate de medicina somnului (somnologie) nu sunt decontate deocamdata de CAS, ceea ce presupune ca pacientul va plati in intregime costul serviciilor.", "email": "anamaria.necula@pneumolog-galati.eu", "emergency": "yes", "healthcare": "hospital", "healthcare:speciality": "pulmonology;sleeping_medicine", "name": "Pneumologie si Medicina somnului - Dr. Anamaria Necula", "operator": "Pneumologie si Medicina somnului - Dr. Anamaria Necula", "operator:type": "private_for_profit", "phone": "0743 662 589", "website": "https://pneumolog-galati.eu"}}, {"type": "Feature", "geometry": {"type": "Point", "coordinates": [24.3638045, 44.4293953]}, "properties": {"addr:city": "Slatina", "addr:street": "Aleea Independen\u021bei", "amenity": "clinic", "healthcare": "clinic", "name": "Synevo Slatina", "opening_hours": "Mo-Fr 07:00-15:30", "operator": "Synevo", "operator:type": "private_for_profit"}}, {"type": "Feature", "geometry": {"type": "Point", "coordinates": [26.0757242, 44.4641369]}, "properties": {"addr:city": "Bucure\u0219ti", "addr:housenumber": "10", "addr:street": "Strada Stolnicului", "amenity": "clinic", "name": "Dr. Antohi", "phone": "0212227359", "website": "http://www.antohi-medicalcenter.com"}}, {"type": "Feature", "geometry": {"type": "Point", "coordinates": [26.102782, 44.4668164]}, "properties": {"amenity": "clinic", "healthcare": "clinic", "name": "Centrul de Diabet, Nutritie si Metabolism", "opening_hours": "Mo-Fr 12:00-20:00"}}, {"type": "Feature", "geometry": {"type": "Point", "coordinates": [21.2374456, 45.7434005]}, "properties": {"addr:city": "Timi\u0219oara", "addr:housenumber": "3", "addr:street": "Strada Arie\u0219", "amenity": "clinic", "healthcare": "clinic", "healthcare:speciality": "radiology", "name": "Regina Maria", "operator": "Regina Maria", "operator:type": "private"}}, {"type": "Feature", "geometry": {"type": "Point", "coordinates": [21.2213479, 45.7575731]}, "properties": {"addr:city": "Timi\u0219oara", "addr:housenumber": "10C", "addr:street": "Strada Coriolan Brediceanu", "amenity": "clinic", "healthcare": "clinic", "name": "Regina Maria", "operator": "Regina Maria", "operator:type": "private"}}, {"type": "Feature", "geometry": {"type": "Point", "coordinates": [21.238635, 45.7397206]}, "properties": {"addr:city": "Timi\u0219oara", "addr:housenumber": "1-3-5", "addr:street": "Calea Martirilor 1989", "alt_name": "Policlinica Banat", "amenity": "clinic", "healthcare": "clinic", "name": "Regina Maria", "operator": "Regina Maria", "website": "https://www.reginamaria.ro/"}}, {"type": "Feature", "geometry": {"type": "Point", "coordinates": [21.2386452, 45.7398347]}, "properties": {"amenity": "clinic", "healthcare": "clinic", "name": "Profilaxis"}}, {"type": "Feature", "geometry": {"type": "Point", "coordinates": [27.1877328, 45.6919894]}, "properties": {"addr:city": "Foc\u0219ani", "addr:flats": "83", "addr:housename": "8", "addr:postcode": "620117", "addr:street": "Strada Bucegi", "air_conditioning": "yes", "amenity": "clinic", "healthcare": "clinic", "healthcare:speciality": "neurology", "name": "Cabinet Medical Neurologie - dr. Buleu Mariana", "opening_hours": "Mo-Fr 16:00-19:30, Sa 10:00-13:00", "operator": "Neurologica SRL", "operator:type": "private"}}, {"type": "Feature", "geometry": {"type": "Point", "coordinates": [21.2161784, 45.7678137]}, "properties": {"addr:city": "Timi\u0219oara", "addr:housenumber": "77", "addr:street": "Bulevardul Cet\u0103\u021bii", "amenity": "clinic", "brand": "Synevo", "brand:wikidata": "Q85968400", "healthcare": "laboratory", "name": "Synevo", "opening_hours": "Mo-Fr 07:00-15:00"}}, {"type": "Feature", "geometry": {"type": "Point", "coordinates": [26.3668411, 46.9326653]}, "properties": {"amenity": "clinic", "healthcare": "clinic", "name": "Clinica Antares"}}, {"type": "Feature", "geometry": {"type": "Point", "coordinates": [28.0447884, 45.4308919]}, "properties": {"addr:city": "Gala\u021bi", "addr:housenumber": "82", "addr:postcode": "800098", "addr:street": "Strada Br\u0103ilei", "amenity": "hospital", "email": "office@prieteniicublanita.ro", "emergency": "yes", "healthcare": "hospital", "healthcare:speciality": "veterinary;pets;pet_food;veterinary_pharmacy", "name": "Cabinet veterinar dr. Silvia Tiolan", "operator": "Prietenii cu Blanita SRL", "operator:type": "private", "phone": "+40752111929", "website": "https://prieteniicublanita.ro"}}, {"type": "Feature", "geometry": {"type": "Point", "coordinates": [26.5913284, 48.1840497]}, "properties": {"amenity": "hospital", "healthcare": "hospital", "name": "Spitalul Orasenesc Darabani"}}, {"type": "Feature", "geometry": {"type": "Point", "coordinates": [26.3728262, 46.9239746]}, "properties": {"addr:city": "Piatra Neam\u021b", "addr:housenumber": "31", "addr:street": "Strada Ozana", "amenity": "clinic", "healthcare": "clinic", "name": "Clinica Pediatric\u0103 Anastasia"}}, {"type": "Feature", "geometry": {"type": "Point", "coordinates": [23.7929466, 44.3060717]}, "properties": {"amenity": "hospital", "healthcare": "hospital", "name": "Unitatea de Primiri Urgen\u021be"}}, {"type": "Feature", "geometry": {"type": "Point", "coordinates": [26.3745897, 46.9239415]}, "properties": {"amenity": "clinic", "healthcare": "clinic", "name": "Dispensarul Nr. 3 Piatra Neam\u021b"}}, {"type": "Feature", "geometry": {"type": "Point", "coordinates": [26.380556, 46.9212769]}, "properties": {"addr:city": "Piatra Neam\u021b", "addr:housenumber": "22", "addr:street": "Strada L\u0103m\u00e2i\u021bei", "amenity": "clinic", "healthcare": "clinic", "healthcare:speciality": "urology", "name": "Clinica On"}}, {"type": "Feature", "geometry": {"type": "Point", "coordinates": [24.5727861, 46.5485682]}, "properties": {"addr:city": "T\u00e2rgu Mure\u0219", "addr:housenumber": "42", "addr:street": "Strada Mihai Viteazul", "amenity": "clinic", "healthcare": "clinic", "name": "Policlina Carit-San Medical", "name:en": "Carti-San Hospital", "name:ro": "Policlina Carit-San Medical", "opening_hours": "Mo-Fr 07:00-20:00", "phone": "0265269172", "website": "https://www.caritsanmed.ro/"}}, {"type": "Feature", "geometry": {"type": "Point", "coordinates": [26.0327753, 44.4178508]}, "properties": {"addr:city": "Bucure\u0219ti", "addr:housenumber": "136", "addr:postcode": "061415", "addr:street": "Drumul Taberei", "amenity": "clinic", "healthcare": "clinic", "healthcare:speciality": "blood_test", "name": "Veridia", "phone": "0219666", "source:addr:housenumber": "survey", "source:addr:street": "survey", "website": "https://synevo.ro/"}}, {"type": "Feature", "geometry": {"type": "Point", "coordinates": [26.10107, 44.4314124]}, "properties": {"addr:city": "Bucure\u0219ti", "addr:housenumber": "2", "addr:postcode": "030088", "addr:postcode:source": "Date de la Po\u0219ta Rom\u00e2n\u0103, publicate sub Licen\u021ba pentru Guvernare Deschis\u0103 v1.0 la http://date.gov.ro/organization/posta-romana", "addr:street": "Strada Gabroveni", "amenity": "clinic", "healthcare": "clinic", "name": "Medicare", "source:addr:street": "survey"}}, {"type": "Feature", "geometry": {"type": "Point", "coordinates": [21.3193157, 46.1785945]}, "properties": {"addr:street": "Strada Cri\u0219an", "amenity": "hospital", "emergency": "yes", "healthcare": "hospital", "healthcare:speciality": "stomatology", "name": "Spitalul pentru Urgente Stomatologice"}}, {"type": "Feature", "geometry": {"type": "Point", "coordinates": [26.8134646, 47.0942734]}, "properties": {"addr:city": "H\u0103l\u0103uce\u0219ti", "addr:postcode": "707240", "addr:street": "Principal\u0103", "amenity": "hospital", "email": "fiziomedexpert@gmail.com", "healthcare": "physiotherapist", "healthcare:speciality": "physiotherapy", "name": "FizioMed Expert", "source": "local knowledge"}}, {"type": "Feature", "geometry": {"type": "Point", "coordinates": [26.138865, 44.4486591]}, "properties": {"addr:city": "Bucure\u0219ti", "addr:housenumber": "141", "addr:postcode": "021753", "addr:street": "Bulevardul Ferdinand I", "amenity": "clinic", "healthcare": "clinic", "name": "Centrul Medical Focus", "opening_hours": "Mo-Fr 08:00-20:00", "wheelchair": "yes"}}, {"type": "Feature", "geometry": {"type": "Point", "coordinates": [23.8100349, 44.3210016]}, "properties": {"addr:city": "Craiova", "addr:country": "RO", "addr:housenumber": "74", "addr:postcode": "200463", "addr:street": "Strada Vasile Alecsandri", "alt_name": "iCare", "amenity": "clinic", "contact:website": "https://psihologie-craiova.ro", "email": "psihoterapiecraiova@yahoo.com", "healthcare": "clinic", "healthcare:counselling": "psychiatry", "healthcare:speciality": "psychology;psychotherapy", "name": "Cabinet psiholog Daniela Iano\u0219", "operator": "iCare", "operator:type": "private", "payment:cards": "yes", "payment:cash": "yes", "payment:paypal": "yes", "payment:revolut": "yes", "phone": "+40721151222"}}, {"type": "Feature", "geometry": {"type": "Point", "coordinates": [24.5683519, 46.5388354]}, "properties": {"addr:city": "T\u00e2rgu Mure\u0219", "addr:housenumber": "91", "addr:postcode": "540445", "addr:street": "Bulevardul 1 Decembrie 1918", "amenity": "clinic", "healthcare": "clinic", "name": "Clinica SANTE", "opening_hours": "Mo-Fr 07:00-18:00; Sa 08:00-14:00", "phone": "0265220998", "website": "https://clinica-sante.ro/"}}, {"type": "Feature", "geometry": {"type": "Point", "coordinates": [24.5671899, 46.539691]}, "properties": {"addr:city": "T\u00e2rgu Mure\u0219", "addr:housenumber": "29", "addr:street": "Strada \u0218tefan cel Mare", "amenity": "clinic", "healthcare": "clinic", "name": "Centrul Med. Neuron", "name:ro": "Centrul Med. Neuron", "opening_hours": "Mo-Fr 09:00-17:00", "phone": "0265250199", "website": "https://www.centrulneuron.ro/"}}, {"type": "Feature", "geometry": {"type": "Point", "coordinates": [24.5781146, 46.558209]}, "properties": {"addr:city": "T\u00e2rgu Mure\u0219", "addr:housenumber": "60", "addr:postcode": "540136", "addr:street": "Strada Gheorghe Marinescu", "amenity": "clinic", "healthcare": "clinic", "name": "Clinica SANTE", "opening_hours": "Mo-Fr 07:00-15:30; Sa 08:00-14:00", "phone": "0784271650", "website": "https://clinica-sante.ro/"}}, {"type": "Feature", "geometry": {"type": "Point", "coordinates": [28.6167003, 44.1796211]}, "properties": {"addr:city": "Constan\u021ba", "addr:housenumber": "90G", "addr:postcode": "900234", "addr:postcode:source": "Date de la Po\u0219ta Rom\u00e2n\u0103, publicate sub Licen\u021ba pentru Guvernare Deschis\u0103 v1.0 la http://date.gov.ro/organization/posta-romana", "addr:street": "Strada Dezrobirii", "amenity": "clinic", "healthcare": "clinic", "name": "Med Center", "website": "https://medcenter.ro/"}}, {"type": "Feature", "geometry": {"type": "Point", "coordinates": [22.6404649, 44.6245832]}, "properties": {"addr:city": "Drobeta-Turnu Severin", "addr:street": "Strada Serpentina Ro\u0219iori", "amenity": "hospital", "emergency": "yes", "healthcare": "hospital", "name": "Spital TBC"}}, {"type": "Feature", "geometry": {"type": "Point", "coordinates": [28.6378333, 44.1796799]}, "properties": {"addr:city": "Constan\u021ba", "addr:housenumber": "69", "addr:street": "Strada Avram Iancu", "amenity": "clinic", "email": "info@cermed.ro", "healthcare": "clinic", "healthcare:speciality": "general;psychiatry;dentistry;ophthalmology;gynaecology;cardiology;dermatology;radiology;biology;internal", "internet_access": "wlan", "name": "Centrul Medical Cermed", "opening_hours": "Mo-Fr 07:30-17:00; Sa 07:30-12:00", "phone": "+40 241 663 332", "source": "survey, Bing, local info", "website": "https://cermed.ro/"}}, {"type": "Feature", "geometry": {"type": "Point", "coordinates": [26.4040035, 47.9462032]}, "properties": {"addr:city": "Dorohoi", "addr:housenumber": "75", "addr:postcode": "715200", "addr:street": "Bulevardul Victoriei", "amenity": "hospital", "healthcare": "hospital", "name": "Spitalul Municipal Dorohoi", "website": "https://spitaldorohoi.ro/index.html"}}, {"type": "Feature", "geometry": {"type": "Point", "coordinates": [26.6359148, 47.7526053]}, "properties": {"amenity": "hospital", "healthcare": "hospital", "name": "Spitalul de boli cronice \u0219i \u00eengrijiri paliative"}}, {"type": "Feature", "geometry": {"type": "Point", "coordinates": [28.6445015, 44.2108916]}, "properties": {"addr:housenumber": "284", "addr:street": "Bulevardul Mamaia", "amenity": "clinic", "healthcare": "clinic", "name": "Poliana", "website": "https://www.poliana.ro"}}, {"type": "Feature", "geometry": {"type": "Point", "coordinates": [26.0126403, 44.4250785]}, "properties": {"addr:city": "Bucure\u0219ti", "addr:country": "RO", "addr:housenumber": "60D", "addr:postcode": "061334", "addr:street": "Bulevardul Timi\u0219oara", "amenity": "clinic", "healthcare": "clinic", "level": "0", "name": "Rinmed", "source:addr:housenumber": "survey", "source:addr:street": "survey"}}, {"type": "Feature", "geometry": {"type": "Point", "coordinates": [26.0269777, 44.9307703]}, "properties": {"amenity": "clinic", "healthcare": "clinic", "name": "Clinica Medicover Ploie\u0219ti"}}, {"type": "Feature", "geometry": {"type": "Point", "coordinates": [26.0919471, 44.4513731]}, "properties": {"addr:city": "Bucure\u0219ti", "addr:housenumber": "33", "addr:street": "Strada Grigore Alexandrescu", "amenity": "hospital", "emergency": "no", "healthcare": "hospital", "name": "Centrul Medical Recumed", "name:en": "\"Recumed\" Medical Center"}}, {"type": "Feature", "geometry": {"type": "Point", "coordinates": [23.6102657, 46.7626443]}, "properties": {"amenity": "clinic", "healthcare": "clinic", "healthcare:speciality": "cardiology;internal;neurology", "name": "Asteco", "opening_hours": "Mo-Fr 07:00-20:00", "phone": "+40334260034", "website": "https://astecomedical.ro/"}}, {"type": "Feature", "geometry": {"type": "Point", "coordinates": [25.9571133, 43.8943236]}, "properties": {"addr:city": "Giurgiu", "addr:street": "\u0218oseaua Alexandriei", "amenity": "clinic", "healthcare": "clinic", "name": "Policlinic\u0103", "name:en": "Polyclinc"}}, {"type": "Feature", "geometry": {"type": "Point", "coordinates": [23.9629062, 44.4390898]}, "properties": {"amenity": "clinic", "healthcare": "clinic", "name": "Dispensar"}}, {"type": "Feature", "geometry": {"type": "Point", "coordinates": [28.6349014, 44.2022109]}, "properties": {"amenity": "clinic", "email": "fenescu@axismed.ro", "fax": "+40 241 559 969", "healthcare": "clinic", "healthcare:speciality": "physiotherapy;massage_therapy;kinesitherapy;nutrition", "name": "Axis", "phone": "+40 241 559 969", "website": "https://axismed.ro/"}}, {"type": "Feature", "geometry": {"type": "Point", "coordinates": [23.2780695, 45.0336375]}, "properties": {"amenity": "clinic", "healthcare": "clinic", "healthcare:speciality": "ophthalmology;orthopaedics;plastic_surgery", "level": "0", "name": "MBN Clinic"}}, {"type": "Feature", "geometry": {"type": "Point", "coordinates": [23.2704296, 45.0328359]}, "properties": {"amenity": "clinic", "healthcare": "clinic", "healthcare:speciality": "neurology;allergology;orthopaedics;psychiatry", "name": "MedoClinic"}}, {"type": "Feature", "geometry": {"type": "Point", "coordinates": [21.3123892, 46.1771665]}, "properties": {"amenity": "hospital", "healthcare": "hospital", "healthcare:speciality": "oncology", "name": "Oncologie Spitalul Clinic Jude\u021bean de Urgen\u021b\u0103 Arad", "name:en": "Oncology Arad County Emergency Clinical Hospital", "name:ro": "Oncologie Spitalul Clinic Jude\u021bean de Urgen\u021b\u0103 Arad"}}, {"type": "Feature", "geometry": {"type": "Point", "coordinates": [23.5887782, 46.7519694]}, "properties": {"addr:city": "Cluj-Napoca", "addr:housenumber": "37", "addr:street": "Strada Mircea Eliade", "amenity": "clinic", "contact:facebook": "https://www.facebook.com/RoNeuroCluj/", "email": "receptie@roneuro.ro", "healthcare": "clinic", "healthcare:speciality": "neurology;cardiology;endocrinology;internal;psychology;psychiatry", "name": "Institutul roNEURO", "opening_hours": "Mo-Fr 09:00-17:00", "phone": "0374 46 22 22", "website": "https://www.roneuro.ro/"}}, {"type": "Feature", "geometry": {"type": "Point", "coordinates": [23.4284725, 47.8722173]}, "properties": {"addr:city": "Negre\u0219ti-Oa\u0219", "amenity": "hospital", "emergency": "yes", "healthcare": "hospital", "name": "Unitatea Primire Urgen\u021be UPU"}}, {"type": "Feature", "geometry": {"type": "Point", "coordinates": [23.8144178, 44.3175745]}, "properties": {"addr:city": "Craiova", "addr:country": "RO", "addr:housename": "Bloc A11", "addr:housenumber": "95", "addr:postcode": "200473", "addr:street": "Calea Bucure\u0219ti", "amenity": "clinic", "brand": "Synevo", "brand:wikidata": "Q85968400", "healthcare": "laboratory", "name": "Synevo"}}, {"type": "Feature", "geometry": {"type": "Point", "coordinates": [27.5840722, 47.1460452]}, "properties": {"amenity": "clinic", "healthcare": "clinic", "name": "Clinica Zenmed", "website": "https://www.zenmedical.ro/"}}, {"type": "Feature", "geometry": {"type": "Point", "coordinates": [28.6443657, 44.1854754]}, "properties": {"addr:housenumber": "143A", "addr:street": "Bulevardul Tomis", "amenity": "clinic", "healthcare": "clinic", "name": "Policlinica Gastromond", "operator": "Regina Marai", "operator:type": "private"}}, {"type": "Feature", "geometry": {"type": "Point", "coordinates": [25.7173654, 45.6108675]}, "properties": {"addr:housenumber": "54", "addr:postcode": "505600", "addr:street": "Strada Oituz", "amenity": "hospital", "name": "Spitalul Municipal S\u0103cele", "name:en": "S\u0103cele County Hospital", "opening_hours": "24/7", "website": "https://www.spitalulmunicipalsacele.ro/"}}, {"type": "Feature", "geometry": {"type": "Point", "coordinates": [26.075064, 44.4509896]}, "properties": {"addr:city": "Bucure\u0219ti", "addr:floor": "1", "addr:housenumber": "81", "addr:postcode": "011053", "addr:street": "Bulevardul Alexandru Ioan Cuza", "amenity": "clinic", "healthcare": "clinic", "name": "Ioana Medical Center", "opening_hours": "Mo-Fr 08:30-20:30", "phone": "+40212233810", "website": "https://ioanamed.ro/"}}, {"type": "Feature", "geometry": {"type": "Point", "coordinates": [27.5799433, 47.1495483]}, "properties": {"amenity": "clinic", "healthcare": "clinic", "name": "Cabinete medicina de familie"}}, {"type": "Feature", "geometry": {"type": "Point", "coordinates": [26.3686779, 46.9247884]}, "properties": {"amenity": "clinic", "healthcare": "clinic", "name": "Clinica ASCLEPION"}}, {"type": "Feature", "geometry": {"type": "Point", "coordinates": [26.0259665, 44.935227]}, "properties": {"addr:city": "Ploie\u0219ti", "addr:housenumber": "18", "addr:street": "Bulevardul Independen\u021bei", "alt_name": "Centru 3 Spitalul de Pediatrie Ploie\u0219ti", "amenity": "clinic", "building": "yes", "healthcare": "clinic", "name": "Policlinica De Copii Ploie\u0219ti", "operator": "Spitalul de Pediatrie Ploie\u0219ti", "operator:type": "public"}}, {"type": "Feature", "geometry": {"type": "Point", "coordinates": [26.0270932, 44.9340152]}, "properties": {"addr:city": "Ploie\u0219ti", "addr:housenumber": "27", "addr:street": "Bulevardul Independen\u021bei", "amenity": "clinic", "healthcare": "clinic", "name": "MediUrg", "website": "https://www.mediurg.ro/"}}, {"type": "Feature", "geometry": {"type": "Point", "coordinates": [26.0484079, 44.4717127]}, "properties": {"addr:city": "Bucure\u0219ti", "addr:housenumber": "79-81", "addr:postcode": "012292", "addr:street": "Strada Dornei", "air_conditioning": "yes", "amenity": "clinic", "healthcare": "clinic", "healthcare:speciality": "general;gynaecology;osteopathy", "name": "LOTUS-MED", "phone": "+40219989", "wheelchair": "yes"}}, {"type": "Feature", "geometry": {"type": "Point", "coordinates": [24.5901771, 46.5371078]}, "properties": {"amenity": "clinic", "healthcare": "clinic", "name": "Centrul Medical Cutezan\u021bei", "name:ro": "Centrul Medical Cutezan\u021bei"}}, {"type": "Feature", "geometry": {"type": "Point", "coordinates": [25.9969326, 44.9374507]}, "properties": {"amenity": "clinic", "healthcare": "clinic", "name": "Iris Medical"}}, {"type": "Feature", "geometry": {"type": "Point", "coordinates": [21.301998, 46.1954415]}, "properties": {"addr:street": "Strada Fulgerului", "amenity": "clinic", "healthcare": "clinic", "name": "Bioclinica analize medicale"}}, {"type": "Feature", "geometry": {"type": "Point", "coordinates": [21.2991897, 46.1961876]}, "properties": {"addr:street": "Calea Aurel Vlaicu", "amenity": "clinic", "healthcare": "clinic", "name": "Synevo"}}, {"type": "Feature", "geometry": {"type": "Point", "coordinates": [26.3935671, 46.9378767]}, "properties": {"amenity": "clinic", "healthcare": "clinic", "name": "Clinica Medical\u0103 Sf. Andrei - Piatra Neam\u021b"}}, {"type": "Feature", "geometry": {"type": "Point", "coordinates": [26.2104992, 47.6505866]}, "properties": {"addr:city": "\u0218cheia", "addr:housenumber": "105", "addr:street": "Strada Humorului", "amenity": "clinic", "name": "Avize Medicale Suceava - Clinica Expert Medical"}}, {"type": "Feature", "geometry": {"type": "Point", "coordinates": [24.3637161, 45.1168446]}, "properties": {"addr:city": "R\u00e2mnicu V\u00e2lcea", "addr:street": "Calea lui Traian", "amenity": "clinic", "healthcare": "clinic", "name": "Clinica Rapitest"}}, {"type": "Feature", "geometry": {"type": "Point", "coordinates": [24.3621347, 45.0997307]}, "properties": {"addr:city": "R\u00e2mnicu V\u00e2lcea", "addr:street": "Calea lui Traian", "amenity": "clinic", "healthcare": "clinic", "name": "Medvil"}}, {"type": "Feature", "geometry": {"type": "Point", "coordinates": [24.2479884, 45.1980033]}, "properties": {"addr:city": "B\u0103ile Ol\u0103ne\u0219ti", "addr:street": "Strada Salc\u00e2milor", "amenity": "hospital", "healthcare": "hospital", "name": "Sanatoriul 1 Mai", "operator": "Spitalul Universitar Elias"}}, {"type": "Feature", "geometry": {"type": "Point", "coordinates": [26.5321175, 46.5515466]}, "properties": {"addr:housenumber": "1", "addr:street": "Strada Po\u015ftei", "amenity": "hospital", "healthcare": "doctor"}}, {"type": "Feature", "geometry": {"type": "Point", "coordinates": [26.3136796, 46.9419172]}, "properties": {"amenity": "clinic", "healthcare": "clinic", "name": "Centrul Medical Buna Vestire"}}, {"type": "Feature", "geometry": {"type": "Point", "coordinates": [27.1825962, 45.6961611]}, "properties": {"addr:city": "Foc\u0219ani", "addr:housenumber": "1", "addr:postcode": "630076", "addr:street": "Strada Popa Sapca", "amenity": "hospital", "check_date": "2025-06-19", "healthcare": "hospital", "healthcare:speciality": "psychiatry", "name": "Cabinet medical Psihomedicus Clinic"}}, {"type": "Feature", "geometry": {"type": "Point", "coordinates": [27.4315976, 45.8432289]}, "properties": {"addr:city": "Tecuci", "addr:housenumber": "4", "addr:street": "Strada Ion Petrovici", "amenity": "clinic", "brand": "Clinica Sante", "brand:wikidata": "Q121080834", "healthcare": "sample_collection", "name": "Clinica Sante", "opening_hours": "Mo-Fr 07:00-11:00; Sa 08:00-11:00", "website": "https://www.clinica-sante.ro/clinica-sante-tecuci-centru/"}}, {"type": "Feature", "geometry": {"type": "Point", "coordinates": [26.0502313, 45.2221011]}, "properties": {"addr:city": "Drajna de Jos", "addr:housenumber": "1", "addr:street": "Strada Castelului", "amenity": "hospital", "healthcare": "hospital", "name": "Spitalul de pneumoftiziologie Drajna"}}, {"type": "Feature", "geometry": {"type": "Point", "coordinates": [24.7972821, 46.2196952]}, "properties": {"addr:city": "Sighi\u0219oara", "addr:housenumber": "36", "addr:street": "Strada 1 Decembrie 1918", "amenity": "clinic", "brand": "Clinica Sante", "brand:wikidata": "Q121080834", "healthcare": "sample_collection", "name": "Clinica Sante", "opening_hours": "Mo-Fr 07:00-11:00", "website": "https://www.clinica-sante.ro/clinica-sante-sighisoara/"}}, {"type": "Feature", "geometry": {"type": "Point", "coordinates": [24.7911587, 46.2160776]}, "properties": {"amenity": "clinic", "healthcare": "clinic", "name": "Centrul de medicin\u0103 naturist\u0103"}}, {"type": "Feature", "geometry": {"type": "Point", "coordinates": [24.7914889, 46.2217808]}, "properties": {"amenity": "clinic", "healthcare": "clinic", "name": "Centrul medical Topmed"}}, {"type": "Feature", "geometry": {"type": "Point", "coordinates": [26.1081401, 44.4825045]}, "properties": {"addr:city": "Bucure\u0219ti", "addr:housenumber": "46F", "addr:street": "\u0218oseaua Pipera", "amenity": "clinic", "healthcare": "clinic", "name": "General Med", "phone": "+40737888666"}}, {"type": "Feature", "geometry": {"type": "Point", "coordinates": [26.109004, 44.3879015]}, "properties": {"addr:city": "Bucure\u0219ti", "addr:housenumber": "12", "addr:street": "Strada Izvorul Rece", "addr:street:source": "survey", "amenity": "clinic", "healthcare": "clinic", "name": "Policlinica NovaLife", "phone": "+40319470", "source:addr:housenumber": "survey", "website": "https://novalife.ro/clinica-bucuresti/"}}, {"type": "Feature", "geometry": {"type": "Point", "coordinates": [26.1262887, 44.3889023]}, "properties": {"amenity": "clinic", "branch": "analize de laborator", "brand": "Synevo", "brand:wikidata": "Q85968400", "healthcare": "laboratory", "name": "Synevo"}}, {"type": "Feature", "geometry": {"type": "Point", "coordinates": [26.1261377, 44.3890755]}, "properties": {"amenity": "clinic", "healthcare": "clinic", "name": "Regina Maria analize de laborator"}}, {"type": "Feature", "geometry": {"type": "Point", "coordinates": [26.1144775, 44.3903051]}, "properties": {"addr:city": "Bucure\u0219ti", "addr:housenumber": "26", "addr:street": "Aleea Cricovul Dulce", "addr:street:source": "survey", "amenity": "clinic", "healthcare": "laboratory", "name": "Medilab laborator de analize", "source:addr:housenumber": "survey"}}, {"type": "Feature", "geometry": {"type": "Point", "coordinates": [27.9661763, 45.2614035]}, "properties": {"amenity": "clinic", "name": "Cabinet Medicale"}}, {"type": "Feature", "geometry": {"type": "Point", "coordinates": [27.96422, 45.2713405]}, "properties": {"amenity": "clinic", "name": "West Clinique"}}, {"type": "Feature", "geometry": {"type": "Point", "coordinates": [26.1135689, 44.4266938]}, "properties": {"addr:city": "Bucure\u0219ti", "addr:housenumber": "45", "addr:street": "Bulevardul Unirii", "amenity": "clinic", "email": "office@avanta.ro", "name": "Avanta", "name:en": "Avanta Medical & Health", "phone": "0219098", "website": "https://avanta.ro/"}}, {"type": "Feature", "geometry": {"type": "Point", "coordinates": [27.5860393, 47.1517655]}, "properties": {"addr:housenumber": "55", "addr:street": "\u0218oseaua Na\u021bional\u0103", "alt_name": "Synevo - Centrul de recoltare Podu Ro\u0219", "amenity": "clinic", "brand": "Synevo", "brand:wikidata": "Q85968400", "health_facility:type": "office", "healthcare": "laboratory", "name": "Synevo"}}, {"type": "Feature", "geometry": {"type": "Point", "coordinates": [27.9739909, 45.2732827]}, "properties": {"amenity": "clinic", "name": "Sf\u00e2nta Maria Analize Medicale"}}, {"type": "Feature", "geometry": {"type": "Point", "coordinates": [23.4835841, 46.7362336]}, "properties": {"amenity": "clinic", "healthcare": "clinic", "name": "Cabinet de pediatrie"}}, {"type": "Feature", "geometry": {"type": "Point", "coordinates": [23.4842223, 46.7364194]}, "properties": {"amenity": "clinic", "healthcare": "clinic", "name": "Regina Maria"}}, {"type": "Feature", "geometry": {"type": "Point", "coordinates": [23.4842939, 46.7390504]}, "properties": {"amenity": "clinic", "brand": "Synevo", "brand:wikidata": "Q85968400", "healthcare": "laboratory", "name": "Synevo"}}, {"type": "Feature", "geometry": {"type": "Point", "coordinates": [23.4842236, 46.7393936]}, "properties": {"amenity": "clinic", "healthcare": "clinic", "name": "IQ-Med"}}, {"type": "Feature", "geometry": {"type": "Point", "coordinates": [23.4898773, 46.7390201]}, "properties": {"addr:city": "Flore\u0219ti", "addr:housenumber": "192D", "addr:postcode": "407280", "addr:street": "Strada Florilor", "amenity": "clinic", "healthcare": "clinic", "healthcare:speciality": "general", "name": "Centrul Medical Mimed", "phone": "0264 483 289"}}, {"type": "Feature", "geometry": {"type": "Point", "coordinates": [23.6307308, 46.7681919]}, "properties": {"addr:city": "Cluj-Napoca", "amenity": "clinic", "healthcare": "clinic", "name": "Ortho Implant"}}, {"type": "Feature", "geometry": {"type": "Point", "coordinates": [24.3415799, 44.1135014]}, "properties": {"addr:city": "Caracal", "addr:housenumber": "1", "addr:postcode": "235200", "addr:street": "Aleea Bibian", "amenity": "clinic", "healthcare": "clinic", "healthcare:speciality": "vaccination", "name": "CENTRUL DE VACCINARE", "opening_hours": "Mo-Su 08:00-20:00"}}, {"type": "Feature", "geometry": {"type": "Point", "coordinates": [26.3966359, 46.917791]}, "properties": {"amenity": "clinic", "healthcare": "clinic", "name": "DISPENSAR MEDICAL"}}, {"type": "Feature", "geometry": {"type": "Point", "coordinates": [24.3493494, 44.113296]}, "properties": {"addr:city": "Caracal", "addr:housenumber": "2", "addr:postcode": "235200", "addr:street": "Strada Mihai Eminescu", "amenity": "clinic", "healthcare": "clinic", "name": "Centrul Medical Coram"}}, {"type": "Feature", "geometry": {"type": "Point", "coordinates": [25.34638, 46.9244142]}, "properties": {"addr:city": "Topli\u021ba", "addr:housenumber": "12A", "addr:street": "Strada B\u0103ii", "amenity": "clinic", "email": "clinicalobmed@yahoo.com", "healthcare": "clinic", "name": "LobMed", "phone": "+4 0785 717 171"}}, {"type": "Feature", "geometry": {"type": "Point", "coordinates": [26.3675203, 46.9308239]}, "properties": {"amenity": "clinic", "healthcare": "clinic", "name": "Dispensar Medical Urban Nr. 1"}}, {"type": "Feature", "geometry": {"type": "Point", "coordinates": [27.5941184, 47.1619333]}, "properties": {"addr:city": "Ia\u0219i", "addr:housenumber": "26", "addr:postcode": "700020", "addr:street": "Strada Anastasie Panu", "amenity": "clinic", "healthcare": "clinic", "name": "Centrul Medical Sf Gheorghe", "operator": "Centrul Medical Sf Gheorghe"}}, {"type": "Feature", "geometry": {"type": "Point", "coordinates": [28.6441208, 44.1864728]}, "properties": {"addr:city": "Constan\u021ba", "addr:street": "Bulevardul Tomis", "amenity": "clinic", "healthcare": "clinic", "name": "Aqua Clinic"}}, {"type": "Feature", "geometry": {"type": "Point", "coordinates": [21.2499558, 45.7580619]}, "properties": {"amenity": "clinic", "healthcare": "clinic", "name": "Bioclinica"}}, {"type": "Feature", "geometry": {"type": "Point", "coordinates": [23.4855742, 46.7443924]}, "properties": {"amenity": "clinic", "healthcare": "clinic", "name": "Giro"}}, {"type": "Feature", "geometry": {"type": "Point", "coordinates": [26.109691, 44.385523]}, "properties": {"addr:city": "Bucure\u0219ti", "addr:street": "Bulevardul Constantin Br\u00e2ncoveanu", "amenity": "clinic", "branch": "analize medicale", "brand": "Synevo", "brand:wikidata": "Q85968400", "healthcare": "laboratory", "name": "Synevo", "opening_hours": "Mo-Fr 07:00-14:00"}}, {"type": "Feature", "geometry": {"type": "Point", "coordinates": [26.0878463, 44.4659639]}, "properties": {"addr:city": "Bucure\u0219ti", "addr:housenumber": "4-6", "addr:street": "Pia\u021ba Charles de Gaulle", "amenity": "clinic", "healthcare": "clinic", "healthcare:speciality": "general;internal;ophthalmology;radiology;cardiology", "name": "Regina Maria - Policlinica Prim\u0103verii", "opening_hours": "Mo-Fr 07:30-20:00; Sa 08:00-14:00", "operator": "Regina Maria", "operator:type": "private"}}, {"type": "Feature", "geometry": {"type": "Point", "coordinates": [26.1089168, 44.3875234]}, "properties": {"addr:city": "Bucure\u0219ti", "addr:street": "Strada Izvorul Rece", "amenity": "clinic", "branch": "analize medicale", "brand": "Clinica Sante", "brand:wikidata": "Q121080834", "healthcare": "sample_collection", "name": "Clinica Sante"}}, {"type": "Feature", "geometry": {"type": "Point", "coordinates": [26.364415, 46.9327052]}, "properties": {"amenity": "clinic", "healthcare": "clinic", "healthcare:speciality": "radiology", "name": "Radiologie Dentar\u0103 Wittenberger"}}, {"type": "Feature", "geometry": {"type": "Point", "coordinates": [25.5994999, 45.6694541]}, "properties": {"addr:city": "Bra\u0219ov", "addr:housenumber": "26A", "addr:postcode": "500152", "addr:street": "Strada 1 Decembrie 1918", "amenity": "clinic", "healthcare": "clinic", "name": "ORTOKINETIC"}}, {"type": "Feature", "geometry": {"type": "Point", "coordinates": [28.6462838, 44.2018215]}, "properties": {"addr:city": "Constan\u021ba", "addr:housenumber": "208", "addr:postcode": "900540", "addr:postcode:source": "Date de la Po\u0219ta Rom\u00e2n\u0103, publicate sub Licen\u021ba pentru Guvernare Deschis\u0103 v1.0 la http://date.gov.ro/organization/posta-romana", "addr:street": "Bulevardul Mamaia", "amenity": "clinic", "check_date": "2025-01-23", "healthcare": "clinic", "name": "Regina Maria - Policlinica Delfinariu", "opening_hours": "24/7", "operator": "Regina Maria", "operator:type": "private", "website": "https://www.reginamaria.ro/policlinici-si-imagistica/policlinica-pentru-copii-delfinariu/descriere"}}, {"type": "Feature", "geometry": {"type": "Point", "coordinates": [24.5919969, 46.5322186]}, "properties": {"addr:city": "T\u00e2rgu Mure\u0219", "addr:housenumber": "271", "addr:postcode": "540510", "addr:street": "Bulevardul 1 Decembrie 1918", "amenity": "clinic", "healthcare": "clinic", "healthcare:speciality": "dermatology", "name": "Skinderma", "opening_hours": "Mo-Fr 14:00-20:00", "phone": "+40770150897"}}, {"type": "Feature", "geometry": {"type": "Point", "coordinates": [24.5820038, 46.5363871]}, "properties": {"addr:city": "T\u00e2rgu Mure\u0219", "addr:housenumber": "209/1", "addr:postcode": "540541", "addr:street": "Bulevardul 1 Decembrie 1918", "amenity": "clinic", "healthcare": "clinic", "healthcare:speciality": "general", "name": "Centrul Medical Provisan", "opening_hours": "Mo-Th 07:00-20:00; Fr 07:00-18:00", "phone": "+40265257735", "website": "https://www.provisan.ro/"}}, {"type": "Feature", "geometry": {"type": "Point", "coordinates": [24.5696419, 46.539459]}, "properties": {"addr:city": "T\u00e2rgu Mure\u0219", "addr:housenumber": "93", "addr:postcode": "540445", "addr:street": "Bulevardul 1 Decembrie 1918", "air_conditioning": "yes", "amenity": "clinic", "healthcare": "clinic", "healthcare:speciality": "general;biochemistry;biology", "name": "MedLife", "opening_hours": "Mo-Fr 08:00-16:00", "payment:cash": "yes", "payment:credit_cards": "yes", "payment:debit_cards": "yes", "phone": "+40733008394", "website": "https://www.medlife.ro"}}, {"type": "Feature", "geometry": {"type": "Point", "coordinates": [26.1066922, 44.3990688]}, "properties": {"addr:city": "Bucure\u0219ti", "addr:street": "\u0218oseaua Olteni\u021bei", "amenity": "clinic", "brand": "Synlab", "brand:wikidata": "Q2376015", "brand:wikipedia": "en:Synlab Group", "healthcare": "laboratory", "healthcare:speciality": "biology", "name": "Synlab"}}, {"type": "Feature", "geometry": {"type": "Point", "coordinates": [26.3619991, 46.9268722]}, "properties": {"amenity": "clinic", "healthcare": "clinic"}}, {"type": "Feature", "geometry": {"type": "Point", "coordinates": [24.5653853, 46.5484934]}, "properties": {"addr:city": "T\u00e2rgu Mure\u0219", "addr:housenumber": "5", "addr:postcode": "540089", "addr:street": "Strada Avram Iancu", "amenity": "clinic", "healthcare": "clinic", "healthcare:speciality": "general;cardiology;vascular_surgery;endocrinology;allergology;neurology;pediatric;psychiatry;psychology", "name": "Omniprax", "opening_hours": "Mo-Th 08:00-20:30; Fr 08:00-17:00", "payment:cash": "yes", "payment:credit_cards": "yes", "payment:debit_cards": "yes", "phone": "+40265217135", "website": "http://omniprax.ro/"}}, {"type": "Feature", "geometry": {"type": "Point", "coordinates": [26.3625327, 46.9270774]}, "properties": {"amenity": "clinic", "healthcare": "clinic", "healthcare:speciality": "gynaecology", "name": "Cabinet Ginecologic Dr. Rugin\u0103"}}, {"type": "Feature", "geometry": {"type": "Point", "coordinates": [26.1014649, 44.4652637]}, "properties": {"addr:city": "Bucure\u0219ti", "addr:housenumber": "165", "addr:street": "Calea Floreasca", "amenity": "clinic", "healthcare": "clinic", "name": "Clinica Sanador Floreasca", "opening_hours": "Mo-Fr 08:00-21:00; Sa 08:00-14:00", "website": "https://www.sanador.ro/clinica-sanador-floreasca"}}, {"type": "Feature", "geometry": {"type": "Point", "coordinates": [26.1180357, 44.3828011]}, "properties": {"amenity": "clinic", "healthcare": "laboratory", "name": "Clinica sante - analize medicale", "sample_collection": "covid19", "sample_collection:test_type": "antigen"}}, {"type": "Feature", "geometry": {"type": "Point", "coordinates": [23.5556476, 46.7603074]}, "properties": {"amenity": "clinic", "healthcare": "clinic", "name": "Physio Medica"}}, {"type": "Feature", "geometry": {"type": "Point", "coordinates": [23.7944514, 44.3049118]}, "properties": {"addr:city": "Craiova", "addr:housenumber": "66", "addr:postcode": "200638", "addr:street": "Bulevardul 1 Mai", "amenity": "hospital", "email": "imagistica@umfcv.ro", "healthcare": "hospital", "healthcare:speciality": "radiology", "name": "UMF - Centrul de Imagistic\u0103", "phone": "+40770245996", "website": "https://www.umfcv.ro/imagistica"}}, {"type": "Feature", "geometry": {"type": "Point", "coordinates": [23.5912925, 46.7744806]}, "properties": {"amenity": "clinic", "healthcare": "clinic", "name": "Clinica Napoca", "opening_hours": "Mo-Fr 08:00-20:00; Sa 09:00-14:00"}}, {"type": "Feature", "geometry": {"type": "Point", "coordinates": [26.8210249, 45.1518754]}, "properties": {"amenity": "clinic", "healthcare": "clinic", "healthcare:speciality": "stomatology", "name": "Siro Dent"}}, {"type": "Feature", "geometry": {"type": "Point", "coordinates": [26.3577502, 46.9314454]}, "properties": {"amenity": "clinic", "healthcare": "clinic", "name": "Centru de permanen\u0163\u0103 Precista", "phone": "+40233213070"}}, {"type": "Feature", "geometry": {"type": "Point", "coordinates": [21.8648658, 45.2029053]}, "properties": {"amenity": "hospital", "healthcare": "hospital", "name": "Dispensar Comunal Carasova"}}, {"type": "Feature", "geometry": {"type": "Point", "coordinates": [21.4034563, 46.1640918]}, "properties": {"amenity": "clinic", "check_date": "2024-09-25", "emergency": "yes", "healthcare": "clinic", "name": "Urgente Vladimirescu", "wheelchair": "yes"}}, {"type": "Feature", "geometry": {"type": "Point", "coordinates": [23.1150684, 43.9111019]}, "properties": {"amenity": "clinic", "healthcare": "clinic", "name": "Dispensar Tunarii Vechi"}}, {"type": "Feature", "geometry": {"type": "Point", "coordinates": [26.142126, 44.432227]}, "properties": {"amenity": "clinic", "description": "terapie integrare senzoriala", "healthcare": "clinic", "name": "SenzoAutism"}}, {"type": "Feature", "geometry": {"type": "Point", "coordinates": [26.3610084, 46.9332186]}, "properties": {"amenity": "clinic", "healthcare": "clinic", "healthcare:speciality": "paediatrics", "name": "Clinica Anastasia"}}, {"type": "Feature", "geometry": {"type": "Point", "coordinates": [25.4641245, 45.5923385]}, "properties": {"amenity": "clinic", "healthcare": "clinic", "name": "Cabinet Medical"}}, {"type": "Feature", "geometry": {"type": "Point", "coordinates": [23.6478724, 46.7843439]}, "properties": {"amenity": "clinic", "healthcare": "clinic", "healthcare:speciality": "obstetrics", "name": "Biogyn"}}, {"type": "Feature", "geometry": {"type": "Point", "coordinates": [23.5805677, 46.7672718]}, "properties": {"addr:housenumber": "3", "addr:street": "Strada Mihai Eminescu", "amenity": "clinic", "description": "Skin care clinic", "healthcare": "clinic", "name": "Derma Elite", "opening_hours": "Mo-Fr 08:00-20:30; Sa 08:00-14:00", "phone": "0264705757", "website": "https://dermaelite.ro/"}}, {"type": "Feature", "geometry": {"type": "Point", "coordinates": [26.8607234, 44.9966222]}, "properties": {"amenity": "hospital", "healthcare": "hospital", "name": "Spitalul de Boli Cronice Smeeni"}}, {"type": "Feature", "geometry": {"type": "Point", "coordinates": [23.0530599, 47.1863299]}, "properties": {"addr:city": "Zal\u0103u", "addr:housenumber": "48", "addr:postcode": "450053", "addr:street": "Strada Clo\u0219ca", "amenity": "clinic", "healthcare": "clinic", "name": "Clinica O.R.L. dr. Matioc", "name:ro": "Clinica O.R.L. dr. Matioc", "phone": "0741194243", "website": "https://clinicaorldrmatioc.business.site/?utm_source=gmb&utm_medium=referral"}}, {"type": "Feature", "geometry": {"type": "Point", "coordinates": [26.1580287, 44.3763837]}, "properties": {"addr:city": "Pope\u0219ti-Leordeni", "addr:street": "Strada Alexandru Conduratu", "amenity": "clinic", "healthcare": "clinic", "name": "Eucriss Sano Med"}}, {"type": "Feature", "geometry": {"type": "Point", "coordinates": [26.0655254, 44.4456017]}, "properties": {"addr:city": "Bucure\u0219ti", "amenity": "clinic", "healthcare": "clinic", "name": "Regina Maria", "source": "survey", "website": "https://www.reginamaria.ro/"}}, {"type": "Feature", "geometry": {"type": "Point", "coordinates": [23.6141863, 46.7804024]}, "properties": {"amenity": "clinic", "brand": "Synlab", "brand:wikidata": "Q2376015", "healthcare": "laboratory", "healthcare:speciality": "biology", "name": "Synlab"}}, {"type": "Feature", "geometry": {"type": "Point", "coordinates": [26.0836097, 44.450554]}, "properties": {"addr:city": "Bucure\u0219ti", "addr:country": "RO", "addr:housenumber": "75-77", "addr:postcode": "011013", "addr:street": "Strada Buze\u0219ti", "amenity": "clinic", "branch": "Buze\u0219ti", "brand": "Regina Maria", "brand:wikidata": "Q18549687", "healthcare": "clinic", "level": "3", "name": "Regina Maria", "opening_hours": "Mo-Fr 07:30-20:00; Sa 08:00-14:00", "operator": "Centrul Medica Unirea SRL", "operator:type": "private", "website": "https://www.reginamaria.ro/"}}, {"type": "Feature", "geometry": {"type": "Point", "coordinates": [26.0764652, 44.4962756]}, "properties": {"addr:city": "Bucure\u0219ti", "addr:housenumber": "5B", "addr:street": "Bulevardul Ion Ionescu de la Brad", "amenity": "clinic", "healthcare": "clinic", "name": "Banca Central\u0103 de Celule Stem Regina Maria", "operator": "Regina Maria", "operator:type": "private"}}, {"type": "Feature", "geometry": {"type": "Point", "coordinates": [21.9404042, 47.0563209]}, "properties": {"amenity": "clinic", "healthcare": "clinic", "name": "Lavinia Davidescu"}}, {"type": "Feature", "geometry": {"type": "Point", "coordinates": [25.4618455, 45.593067]}, "properties": {"amenity": "clinic", "healthcare": "clinic", "name": "Policlinica Poli ana"}}, {"type": "Feature", "geometry": {"type": "Point", "coordinates": [25.4661136, 45.5911582]}, "properties": {"amenity": "clinic", "healthcare": "clinic", "name": "Clinica Sante - analize medicale"}}, {"type": "Feature", "geometry": {"type": "Point", "coordinates": [21.2421429, 45.7602153]}, "properties": {"amenity": "clinic", "healthcare": "clinic", "name": "Regina Maria"}}, {"type": "Feature", "geometry": {"type": "Point", "coordinates": [24.2539393, 45.0386697]}, "properties": {"addr:city": "Buleta", "addr:postcode": "247378", "addr:street": "Strada Prim\u0103riei", "amenity": "hospital", "healthcare": "clinic", "name": "Dispensar Buleta"}}, {"type": "Feature", "geometry": {"type": "Point", "coordinates": [22.9228256, 47.7780454]}, "properties": {"addr:housenumber": "109", "addr:street": "Strada Principala", "amenity": "clinic", "name": "Clinica Primamedica", "name:en": "Primamedica Clinic"}}, {"type": "Feature", "geometry": {"type": "Point", "coordinates": [26.0967745, 44.4427646]}, "properties": {"addr:city": "Bucure\u0219ti", "addr:housenumber": "10-12", "addr:street": "Strada George Enescu", "amenity": "clinic", "name": "Regina Maria", "opening_hours": "Mo-Fr 07:00-20:00; Sa 08:00-14:00", "website": "http://reginamaria.ro"}}, {"type": "Feature", "geometry": {"type": "Point", "coordinates": [21.8868673, 45.286443]}, "properties": {"addr:city": "Re\u0219i\u021ba", "addr:housenumber": "22", "addr:postcode": "320068", "addr:street": "Strada Ion Luca Caragiale", "amenity": "clinic", "healthcare": "clinic", "name": "Vestmed", "website": "https://www.vestmed.ro/"}}, {"type": "Feature", "geometry": {"type": "Point", "coordinates": [21.3167983, 46.1682041]}, "properties": {"addr:city": "Arad", "addr:housenumber": "3", "addr:street": "Strada Cozia", "amenity": "clinic", "healthcare": "clinic", "healthcare:speciality": "urology;gynaecology;general", "name": "Clinica City Med", "opening_hours": "Mo-Fr 08:00-20:00", "phone": "0743993322", "website": "https://www.romedic.ro/citymed"}}, {"type": "Feature", "geometry": {"type": "Point", "coordinates": [23.3702138, 44.681059]}, "properties": {"addr:city": "Turceni", "addr:housenumber": "1", "addr:postcode": "210126", "addr:street": "Strada S\u0103n\u0103t\u0103\u021bii", "amenity": "hospital", "healthcare": "hospital", "name": "Spitalul Or\u0103\u0219enesc Turceni", "phone": "0253 335 035", "website": "http://www.spitalturceni.ro/"}}, {"type": "Feature", "geometry": {"type": "Point", "coordinates": [23.6283127, 46.7745634]}, "properties": {"amenity": "clinic", "healthcare": "clinic", "name": "Ares Cardiomed"}}, {"type": "Feature", "geometry": {"type": "Point", "coordinates": [23.3799206, 44.6886544]}, "properties": {"addr:city": "Jil\u021bu", "addr:street": "Strada 13 Septembrie", "amenity": "hospital", "healthcare": "hospital", "name": "Spital Psihiatrie Turceni", "phone": "0253.335.037"}}, {"type": "Feature", "geometry": {"type": "Point", "coordinates": [22.8658444, 47.790204]}, "properties": {"addr:housenumber": "21", "addr:postcode": "440116", "addr:street": "Strada Alexiu Berinde", "amenity": "clinic", "email": "cabinetdrfarcas@gmail.com", "name": "CMI Dr.F\u0103rca\u0219 Bogdan \u0219i Diana", "opening_hours": "Mo, Th 15:00-19:00", "phone": "0746024024"}}, {"type": "Feature", "geometry": {"type": "Point", "coordinates": [23.2886719, 47.4098785]}, "properties": {"addr:housenumber": "59", "amenity": "hospital", "healthcare": "hospital"}}, {"type": "Feature", "geometry": {"type": "Point", "coordinates": [25.623714, 45.653786]}, "properties": {"addr:housenumber": "72", "addr:street": "Strada Br\u00e2ndu\u0219elor", "amenity": "clinic", "check_date": "2025-10-18", "email": "office@mwc.ro", "healthcare": "clinic", "name": "Medical Work Center", "phone": "+40 368 460 109;+40 753 339 035;+40 722 506 752", "website": "http://www.mwc.ro/"}}, {"type": "Feature", "geometry": {"type": "Point", "coordinates": [22.1330836, 47.5200534]}, "properties": {"amenity": "hospital", "healthcare": "hospital", "name": "Sec\u021bie Exterioar\u0103 Spitalul Municipal Dr. Pop Mircea Marghita"}}, {"type": "Feature", "geometry": {"type": "Point", "coordinates": [27.5307277, 47.1796885]}, "properties": {"amenity": "clinic", "healthcare": "clinic", "name": "Clinica Almedra"}}, {"type": "Feature", "geometry": {"type": "Point", "coordinates": [23.5948873, 46.7878664]}, "properties": {"addr:city": "Cluj-Napoca", "addr:country": "RO", "addr:housenumber": "21", "addr:postcode": "400267", "addr:street": "Strada G\u0103rii", "alt_name": "Clinica Cluj Liberty Medicover", "amenity": "clinic", "healthcare": "clinic", "name": "Medicover"}}, {"type": "Feature", "geometry": {"type": "Point", "coordinates": [25.6279921, 45.642836]}, "properties": {"addr:city": "Bra\u0219ov", "addr:housenumber": "8", "addr:postcode": "500331", "addr:street": "Strada Hermann Oberth", "amenity": "clinic", "email": "ambulator@rmn-diagnostica.ro", "healthcare": "clinic", "name": "RMN Diagnostica", "phone": "+40 368 990", "website": "https://www.rmn-diagnostica.ro/policlinica-brasov/"}}, {"type": "Feature", "geometry": {"type": "Point", "coordinates": [23.7982643, 44.3124538]}, "properties": {"addr:city": "Craiova", "addr:housenumber": "7", "addr:street": "Strada Bujorului", "amenity": "clinic", "name": "Oncolab"}}, {"type": "Feature", "geometry": {"type": "Point", "coordinates": [27.1266025, 45.71269]}, "properties": {"amenity": "hospital", "healthcare": "hospital", "name": "Cabinet Medical"}}, {"type": "Feature", "geometry": {"type": "Point", "coordinates": [21.2367104, 45.7685408]}, "properties": {"amenity": "clinic", "name": "Medozon"}}, {"type": "Feature", "geometry": {"type": "Point", "coordinates": [23.989916, 45.1443597]}, "properties": {"addr:city": "Horezu", "addr:street": "Strada Tudor Vladimirescu", "amenity": "clinic", "healthcare": "clinic", "name": "RAPITEST Clinic\u0103 medical\u0103"}}, {"type": "Feature", "geometry": {"type": "Point", "coordinates": [24.7011939, 46.7792205]}, "properties": {"addr:city": "Reghin", "addr:housenumber": "2", "addr:postcode": "545300", "addr:street": "Strada Republicii", "amenity": "clinic", "brand": "Clinica Sante", "brand:wikidata": "Q121080834", "healthcare": "sample_collection", "name": "Clinica Sante", "opening_hours": "Mo-Fr 07:00-15:00; Sa 08:00-12:00; PH off"}}, {"type": "Feature", "geometry": {"type": "Point", "coordinates": [23.3750213, 45.4090994]}, "properties": {"amenity": "clinic", "healthcare": "clinic", "name": "Alma Med"}}, {"type": "Feature", "geometry": {"type": "Point", "coordinates": [26.1688193, 44.3790148]}, "properties": {"addr:city": "Pope\u0219ti-Leordeni", "addr:street": "Strada \u0218colii", "amenity": "clinic", "healthcare": "clinic", "name": "Clinica Viva"}}, {"type": "Feature", "geometry": {"type": "Point", "coordinates": [26.8159525, 45.1534908]}, "properties": {"addr:city": "Buz\u0103u", "addr:housenumber": "18", "addr:street": "Strada Miori\u021bei", "amenity": "clinic", "healthcare": "clinic", "healthcare:speciality": "dental;oral_&_maxillofacial_surgery", "name": "Clinica Medical\u0103 Razedent", "operator": "Razedent", "operator:type": "private"}}, {"type": "Feature", "geometry": {"type": "Point", "coordinates": [28.462148, 44.3643368]}, "properties": {"addr:postcode": "907195", "addr:street": "Tudor Vladimirescu", "amenity": "hospital", "internet_access": "wlan", "name": "Dispensar", "name:en": "Hospital", "opening_hours": "24/7"}}, {"type": "Feature", "geometry": {"type": "Point", "coordinates": [24.5655419, 46.5389345]}, "properties": {"addr:city": "T\u00e2rgu Mure\u0219", "addr:housenumber": "69", "addr:postcode": "540003", "addr:street": "Bulevardul 1 Decembrie 1918", "air_conditioning": "yes", "amenity": "clinic", "healthcare": "clinic", "healthcare:speciality": "cardiology", "name": "Anima Cord", "wheelchair": "yes"}}, {"type": "Feature", "geometry": {"type": "Point", "coordinates": [24.561277, 46.5392001]}, "properties": {"addr:city": "T\u00e2rgu Mure\u0219", "addr:postcode": "540011", "addr:street": "Bulevardul 1 Decembrie 1918", "amenity": "hospital", "emergency": "no", "healthcare": "hospital", "healthcare:speciality": "general", "name": "Policlinica 2", "opening_hours": "Mo-Fr 06:30-21:00", "phone": "0365882556"}}, {"type": "Feature", "geometry": {"type": "Point", "coordinates": [24.5596175, 46.5347791]}, "properties": {"addr:city": "T\u00e2rgu Mure\u0219", "addr:housenumber": "14", "addr:postcode": "540429", "addr:street": "Strada Par\u00e2ngului", "amenity": "clinic", "healthcare": "clinic", "healthcare:speciality": "stomatology;internal;cardiology;endocrinology;psychology;urology", "name": "Algocalm II", "opening_hours": "Mo-Fr 08:00-20:00", "phone": "0265265490", "website": "https://algocalm.ro/"}}, {"type": "Feature", "geometry": {"type": "Point", "coordinates": [24.5805214, 46.5394801]}, "properties": {"addr:city": "T\u00e2rgu Mure\u0219", "addr:housenumber": "25", "addr:postcode": "540528", "addr:street": "Strada Lalelelor", "amenity": "clinic", "healthcare": "clinic", "healthcare:speciality": "general", "name": "MCA Health Care", "opening_hours": "Mo-Th 07:00-19:00", "phone": "0365882747"}}, {"type": "Feature", "geometry": {"type": "Point", "coordinates": [24.5638074, 46.5484878]}, "properties": {"addr:city": "T\u00e2rgu Mure\u0219", "addr:housenumber": "3", "addr:postcode": "540043", "addr:street": "Strada Mihai Eminescu", "amenity": "clinic", "healthcare": "clinic", "healthcare:speciality": "cardiology;general", "name": "Procardia", "opening_hours": "Mo-Th 07:30-19:00; Fr 07:30-16:00", "phone": "0265210087", "website": "https://www.procardia.org/"}}, {"type": "Feature", "geometry": {"type": "Point", "coordinates": [24.5680066, 46.545523]}, "properties": {"addr:city": "T\u00e2rgu Mure\u0219", "addr:housenumber": "4", "addr:postcode": "540073", "addr:street": "Strada Liceului", "amenity": "clinic", "healthcare": "clinic", "healthcare:speciality": "angiology", "name": "Angio Center", "opening_hours": "Mo-Fr 08:00-20:00", "phone": "+40265233233", "website": "https://angiocenter.ro"}}, {"type": "Feature", "geometry": {"type": "Point", "coordinates": [24.5526983, 46.536405]}, "properties": {"addr:city": "T\u00e2rgu Mure\u0219", "addr:housenumber": "1", "addr:postcode": "540023", "addr:street": "Strada Doroban\u021bilor", "air_conditioning": "yes", "amenity": "clinic", "check_date:opening_hours": "2025-04-23", "healthcare": "clinic", "healthcare:speciality": "general;dermatology;physiotherapy;diagnostic_radiology;covid19", "name": "Centrul medical Topmed", "opening_hours": "Mo-Fr 07:00-21:00; Sa 08:00-13:00", "phone": "+40265225002", "website": "https://www.topmed.ro/", "wheelchair": "yes"}}, {"type": "Feature", "geometry": {"type": "Point", "coordinates": [26.1036935, 44.4155584]}, "properties": {"addr:city": "Bucure\u0219ti", "addr:housenumber": "90", "addr:postcode": "040327", "addr:street": "Strada L\u00e2n\u0103riei", "amenity": "clinic", "healthcare": "clinic", "name": "Clinica RMN Tineretului", "opening_hours": "Mo-Fr 08:00-20:00", "phone": "+40319475", "website": "https://rmntineretului.ro/"}}, {"type": "Feature", "geometry": {"type": "Point", "coordinates": [24.3702203, 44.432523]}, "properties": {"addr:city": "Slatina", "amenity": "clinic", "healthcare": "clinic", "name": "Regina Maria Cri\u0219an Slatina"}}, {"type": "Feature", "geometry": {"type": "Point", "coordinates": [26.2068587, 44.4051309]}, "properties": {"addr:city": "Bucure\u0219ti", "addr:street": "Bulevardul Theodor Pallady", "amenity": "clinic", "healthcare": "clinic", "name": "Medikali"}}, {"type": "Feature", "geometry": {"type": "Point", "coordinates": [23.5913714, 46.7753027]}, "properties": {"alt_name": "Regina Maria Punct de recoltare Cluj-Napoca Mihai Viteazu", "amenity": "clinic", "healthcare": "clinic", "name": "Regina Maria"}}, {"type": "Feature", "geometry": {"type": "Point", "coordinates": [23.6120336, 46.7862801]}, "properties": {"amenity": "clinic", "healthcare": "clinic", "name": "Cuore"}}, {"type": "Feature", "geometry": {"type": "Point", "coordinates": [27.0863085, 45.9092775]}, "properties": {"amenity": "hospital", "healthcare": "hospital", "name": "Spitalul Orasenesc Panciu"}}, {"type": "Feature", "geometry": {"type": "Point", "coordinates": [24.5795058, 46.5531158]}, "properties": {"addr:city": "T\u00e2rgu Mure\u0219", "addr:housenumber": "58", "addr:postcode": "540142", "addr:street": "Strada General Ion Dumitrache", "amenity": "clinic", "healthcare": "clinic", "healthcare:speciality": "gynaecology", "name": "NB Med", "phone": "+40735527606", "website": "https://www.nbmed.ro/"}}, {"type": "Feature", "geometry": {"type": "Point", "coordinates": [23.565901, 45.9511927]}, "properties": {"addr:city": "Sebe\u0219", "addr:housenumber": "53", "addr:postcode": "515800", "addr:street": "Strada Dorin Pavel", "amenity": "clinic", "email": "clinimar@yahoo.com", "healthcare": "clinic", "healthcare:speciality": "internal;psychiatry;neuropsychiatry", "name": "Clinimar", "opening_hours": "Mo-Fr 09:00-18:00", "phone": "0746 124 440", "website": "https://clinimar.ro/"}}, {"type": "Feature", "geometry": {"type": "Point", "coordinates": [26.013754, 44.4161919]}, "properties": {"addr:city": "Bucure\u0219ti", "addr:housenumber": "77-79", "addr:postcode": "061973", "addr:street": "Strada Valea Oltului", "amenity": "clinic", "healthcare": "clinic", "name": "Rosana Medical", "opening_hours": "Mo-Fr 08:00-20:00", "phone": "+40 372 734 499", "source:addr:housenumber": "survey", "source:addr:street": "survey", "website": "https://rosanamedical.ro/"}}, {"type": "Feature", "geometry": {"type": "Point", "coordinates": [23.6094583, 46.7837131]}, "properties": {"amenity": "clinic", "healthcare": "clinic", "name": "Telus Care"}}, {"type": "Feature", "geometry": {"type": "Point", "coordinates": [23.6090018, 46.7834719]}, "properties": {"amenity": "clinic", "healthcare": "clinic", "healthcare:speciality": "urology", "name": "UroPoint"}}, {"type": "Feature", "geometry": {"type": "Point", "coordinates": [26.9134943, 46.5616045]}, "properties": {"addr:city": "Bac\u0103u", "addr:street": "Strada 9 Mai", "amenity": "clinic", "healthcare": "clinic", "name": "Clinica Luxor"}}, {"type": "Feature", "geometry": {"type": "Point", "coordinates": [26.9138622, 46.5619919]}, "properties": {"addr:city": "Bac\u0103u", "addr:street": "Strada 9 Mai", "amenity": "clinic", "healthcare": "clinic", "name": "Audionova"}}, {"type": "Feature", "geometry": {"type": "Point", "coordinates": [27.7286478, 46.6328063]}, "properties": {"addr:city": "Vaslui", "addr:street": "Strada Traian", "amenity": "clinic", "healthcare": "clinic", "name": "Recumed Clinic"}}, {"type": "Feature", "geometry": {"type": "Point", "coordinates": [27.7347522, 46.6421515]}, "properties": {"addr:city": "Vaslui", "addr:street": "Strada \u0218tefan cel Mare", "amenity": "clinic", "healthcare": "clinic", "name": "Mediclinic"}}, {"type": "Feature", "geometry": {"type": "Point", "coordinates": [24.573424, 46.2253921]}, "properties": {"addr:city": "Dumbr\u0103veni", "addr:housenumber": "13", "addr:street": "Bulevardul M.Eminescu", "amenity": "clinic", "healthcare": "clinic", "name": "Dispensar Urban Dumbr\u0103veni"}}, {"type": "Feature", "geometry": {"type": "Point", "coordinates": [24.8703466, 44.8591519]}, "properties": {"addr:city": "Pite\u0219ti", "amenity": "clinic", "healthcare": "clinic", "name": "Dr. Nata\u0219a Neni\u021boiu Clinic\u0103 Ginecologic\u0103"}}, {"type": "Feature", "geometry": {"type": "Point", "coordinates": [28.6396277, 44.1808172]}, "properties": {"addr:housenumber": "24", "addr:postcode": "900189", "addr:street": "Strada \u021aepe\u0219 Vod\u0103", "amenity": "clinic", "healthcare": "clinic", "name": "Clinic Doctor 3D", "name:en": "Clinic Doctor 3D", "opening_hours": "Mo-Fr 08:00-17:00", "phone": "+40 772 166 088", "website": "http://doctor3d.ro"}}, {"type": "Feature", "geometry": {"type": "Point", "coordinates": [23.5685168, 45.9569853]}, "properties": {"addr:city": "Sebe\u0219", "addr:housenumber": "32", "addr:postcode": "515800", "addr:street": "Bulevardul Lucian Blaga", "amenity": "clinic", "brand": "Clinica Sante", "brand:wikidata": "Q121080834", "healthcare": "sample_collection", "name": "Clinica Sante", "opening_hours": "Mo-Fr 07:00-11:00", "website": "https://www.clinica-sante.ro/clinica-sante-sebes/"}}, {"type": "Feature", "geometry": {"type": "Point", "coordinates": [26.0813851, 44.4546238]}, "properties": {"addr:city": "Bucure\u0219ti", "addr:housenumber": "15-17", "addr:street": "Bulevardul Ion Mihalache", "amenity": "clinic", "check_date": "2023-02-04", "healthcare": "clinic", "name": "Medlife", "operator:type": "private", "payment:mastercard": "yes", "payment:visa": "yes", "website": "https://medlife.ro"}}, {"type": "Feature", "geometry": {"type": "Point", "coordinates": [26.9191318, 46.5344972]}, "properties": {"addr:city": "Bac\u0103u", "addr:street": "Calea Republicii", "amenity": "clinic", "healthcare": "clinic", "healthcare:speciality": "dentist;radiology", "name": "Clinic\u0103 stomatologica - radiologie dentar\u0103"}}, {"type": "Feature", "geometry": {"type": "Point", "coordinates": [26.9198131, 46.5323631]}, "properties": {"addr:city": "Bac\u0103u", "addr:street": "Calea Republicii", "amenity": "clinic", "healthcare": "clinic", "name": "Clinica OncoFort"}}, {"type": "Feature", "geometry": {"type": "Point", "coordinates": [26.1116523, 44.398831]}, "properties": {"amenity": "clinic", "healthcare": "clinic", "name": "Clinica Hope", "phone": "+40374554321"}}, {"type": "Feature", "geometry": {"type": "Point", "coordinates": [27.5909919, 47.165616]}, "properties": {"addr:housenumber": "2", "addr:street": "Strada Ba\u0219ot\u0103", "amenity": "clinic", "healthcare": "clinic", "name": "Clinica Hope", "phone": "+40374554321"}}, {"type": "Feature", "geometry": {"type": "Point", "coordinates": [25.5987648, 45.6567159]}, "properties": {"amenity": "clinic", "healthcare": "laboratory", "name": "Gral Medical", "opening_hours": "Mo-Su 07:00-15:00", "phone": "+40 21 323 0000", "website": "https://www.gralmedical.ro"}}, {"type": "Feature", "geometry": {"type": "Point", "coordinates": [25.6127287, 45.641291]}, "properties": {"addr:city": "Bra\u0219ov", "addr:housenumber": "20", "addr:postcode": "500281", "addr:street": "Bulevardul Muncii", "amenity": "clinic", "check_date:opening_hours": "2025-09-25", "email": "office@kamivamed.ro", "healthcare": "clinic", "healthcare:speciality": "occupational", "name": "Kamiva Med", "opening_hours": "Mo-Fr 08:00-17:00", "phone": "+40 268 330 439;+40 747 13 13 00", "website": "https://www.kamivamed.ro/"}}, {"type": "Feature", "geometry": {"type": "Point", "coordinates": [24.2427689, 45.0079225]}, "properties": {"amenity": "clinic", "healthcare": "clinic", "name": "Dispensar M\u0103gura"}}, {"type": "Feature", "geometry": {"type": "Point", "coordinates": [26.1976154, 44.410856]}, "properties": {"addr:city": "Bucure\u0219ti", "addr:street": "Strada Victor Brauner", "amenity": "clinic", "healthcare": "clinic", "name": "Clinica Pallady"}}, {"type": "Feature", "geometry": {"type": "Point", "coordinates": [26.3605257, 45.3185738]}, "properties": {"addr:city": "P\u0103t\u00e2rlagele", "addr:street": "Strada Nicolae B\u0103lcescu", "amenity": "hospital", "healthcare": "hospital", "name": "Spitalul Sf. Sava - Buz\u0103u"}}, {"type": "Feature", "geometry": {"type": "Point", "coordinates": [26.3604371, 45.3185305]}, "properties": {"addr:city": "P\u0103t\u00e2rlagele", "addr:street": "Strada Nicolae B\u0103lcescu", "amenity": "clinic", "healthcare": "clinic", "name": "Medcenter"}}, {"type": "Feature", "geometry": {"type": "Point", "coordinates": [26.0991531, 44.459722]}, "properties": {"addr:city": "Bucure\u0219ti", "addr:housenumber": "58", "addr:postcode": "011658", "addr:street": "Intrarea Tudor \u0218tefan", "amenity": "clinic", "email": "luxuryaesthetics@gmail.com", "name": "Luxury Aesthetics", "phone": "0040723171316"}}, {"type": "Feature", "geometry": {"type": "Point", "coordinates": [28.224054, 44.0686287]}, "properties": {"amenity": "clinic", "name": "policlinica Cobadin", "opening_hours": "Su-Th 07:30-15:30"}}, {"type": "Feature", "geometry": {"type": "Point", "coordinates": [26.0866952, 44.4401136]}, "properties": {"addr:city": "Bucure\u0219ti", "addr:housenumber": "86", "addr:postcode": "010805", "addr:street": "Strada \u0218tirbei Vod\u0103", "amenity": "clinic", "healthcare": "clinic", "name": "Clinica ORL Dr. Mocanu"}}, {"type": "Feature", "geometry": {"type": "Point", "coordinates": [26.0898792, 44.4399876]}, "properties": {"addr:city": "Bucure\u0219ti", "addr:housenumber": "46", "addr:street": "Strada \u0218tirbei Vod\u0103", "amenity": "clinic", "healthcare": "clinic", "name": "Top-Derm Clinics"}}, {"type": "Feature", "geometry": {"type": "Point", "coordinates": [23.5767447, 45.9561023]}, "properties": {"addr:city": "Sebe\u0219", "addr:street": "Bulevardul Lucian Blaga", "amenity": "clinic", "healthcare": "clinic", "name": "MedLife"}}, {"type": "Feature", "geometry": {"type": "Point", "coordinates": [23.6022969, 46.7642582]}, "properties": {"amenity": "clinic", "healthcare": "clinic", "name": "Clinica Duman"}}, {"type": "Feature", "geometry": {"type": "Point", "coordinates": [27.5803878, 44.1222405]}, "properties": {"amenity": "clinic", "name": "jvr"}}, {"type": "Feature", "geometry": {"type": "Point", "coordinates": [23.5585031, 46.7550831]}, "properties": {"amenity": "clinic", "healthcare": "clinic", "name": "Union Medical"}}, {"type": "Feature", "geometry": {"type": "Point", "coordinates": [26.1249109, 44.4206877]}, "properties": {"addr:city": "Bucure\u0219ti", "amenity": "clinic", "brand": "Clinica Sante", "brand:wikidata": "Q121080834", "healthcare": "sample_collection", "name": "Clinica Sante"}}, {"type": "Feature", "geometry": {"type": "Point", "coordinates": [25.5379261, 45.3949262]}, "properties": {"addr:city": "Bu\u0219teni", "addr:street": "Bulevardul Independen\u021bei", "amenity": "clinic", "healthcare": "clinic", "name": "Diaverum - Centrul medical de nefrologie \u0219i dializ\u0103"}}, {"type": "Feature", "geometry": {"type": "Point", "coordinates": [23.5580353, 46.7559049]}, "properties": {"amenity": "clinic", "healthcare": "clinic", "name": "Rheumed Clinic"}}, {"type": "Feature", "geometry": {"type": "Point", "coordinates": [21.2340617, 45.7714557]}, "properties": {"amenity": "clinic", "healthcare": "clinic", "name": "Pedihelp"}}, {"type": "Feature", "geometry": {"type": "Point", "coordinates": [24.5639397, 46.5468022]}, "properties": {"addr:city": "T\u00e2rgu Mure\u0219", "addr:housenumber": "2", "addr:postcode": "540043", "addr:street": "Strada Revolu\u021biei", "amenity": "clinic", "healthcare": "clinic", "healthcare:speciality": "urology;cardiology;surgery", "name": "ZonaMed", "opening_hours": "Mo-Fr 07:00-19:00", "phone": "+40756204632", "website": "https://zonamed.ro"}}, {"type": "Feature", "geometry": {"type": "Point", "coordinates": [24.2750948, 47.7840339]}, "properties": {"amenity": "hospital", "healthcare": "hospital", "name": "Spitalul De Urgen\u021b\u0103"}}, {"type": "Feature", "geometry": {"type": "Point", "coordinates": [24.4271503, 47.8251265]}, "properties": {"amenity": "hospital", "healthcare": "hospital", "name": "Dispensar"}}, {"type": "Feature", "geometry": {"type": "Point", "coordinates": [26.0839211, 44.45008]}, "properties": {"addr:housenumber": "74", "addr:street": "Strada Buze\u0219ti", "amenity": "clinic", "check_date": "2023-09-21", "healthcare": "clinic", "name": "Clinica Sanador Buze\u0219ti", "operator": "Sadanor", "operator:type": "private", "payment:mastercard": "yes", "payment:visa": "yes", "wheelchair": "yes"}}, {"type": "Feature", "geometry": {"type": "Point", "coordinates": [23.5849043, 46.754104]}, "properties": {"amenity": "clinic", "healthcare": "clinic", "name": "Regina Maria"}}, {"type": "Feature", "geometry": {"type": "Point", "coordinates": [25.6282436, 45.6426303]}, "properties": {"amenity": "clinic", "brand": "Synevo", "brand:wikidata": "Q85968400", "healthcare": "laboratory", "name": "Synevo", "phone": "0748137007"}}, {"type": "Feature", "geometry": {"type": "Point", "coordinates": [26.8156809, 45.1625145]}, "properties": {"amenity": "clinic", "healthcare": "clinic", "healthcare:speciality": "paediatrics", "name": "Fizio clinic"}}, {"type": "Feature", "geometry": {"type": "Point", "coordinates": [26.8171716, 45.165098]}, "properties": {"amenity": "clinic", "healthcare": "clinic", "healthcare:speciality": "paediatrics", "name": "Clinica de pediatrie IVY Kids"}}, {"type": "Feature", "geometry": {"type": "Point", "coordinates": [26.8176045, 45.1660331]}, "properties": {"amenity": "clinic", "healthcare": "clinic", "healthcare:speciality": "gynaecology", "name": "Cabinet Obstetric\u0103 \u0219i Ginecologie"}}, {"type": "Feature", "geometry": {"type": "Point", "coordinates": [27.5751417, 47.1719221]}, "properties": {"addr:housenumber": "4", "addr:postcode": "700505", "addr:street": "Bulevardul Carol I", "amenity": "clinic", "healthcare": "clinic", "name": "Psihoterapeut Gianina Georgeta Lupu", "name:en": "Psychotherapist Gianina Georgeta Lupu", "opening_hours": "Mo-Sa 14:00-22:00", "phone": "0744751527"}}, {"type": "Feature", "geometry": {"type": "Point", "coordinates": [24.8742189, 44.6647229]}, "properties": {"amenity": "hospital", "emergency": "yes", "healthcare": "hospital", "name": "Spitalul Orasenesc \"Regele Carol I\" Costesti", "operator": "Ministerul Sanatatii", "operator:type": "public"}}, {"type": "Feature", "geometry": {"type": "Point", "coordinates": [27.5730417, 47.1715898]}, "properties": {"addr:city": "Ia\u0219i", "addr:housenumber": "4B", "addr:street": "Strada Garabet Ibr\u0103ileanu", "amenity": "clinic", "healthcare": "clinic", "name": "GastroMedica", "phone": "0232230774", "website": "https://www.paginiaurii.ro/companii/IA%C5%9EI/L4337097/GASTROMEDICA+SRL/"}}, {"type": "Feature", "geometry": {"type": "Point", "coordinates": [27.5806555, 47.1722778]}, "properties": {"addr:city": "Ia\u0219i", "addr:housenumber": "8", "addr:postcode": "700454", "addr:street": "Strada Mihail Kog\u0103lniceanu", "amenity": "clinic", "healthcare": "laboratory", "name": "Lumisan", "opening_hours": "Mo-Fr 07:30-18:30; Sa 08:00-17:00"}}, {"type": "Feature", "geometry": {"type": "Point", "coordinates": [21.4595378, 46.2075314]}, "properties": {"amenity": "hospital", "check_date": "2023-05-01", "healthcare": "hospital", "name": "Policlinica AS"}}, {"type": "Feature", "geometry": {"type": "Point", "coordinates": [26.1253709, 44.4399941]}, "properties": {"addr:city": "Bucure\u0219ti", "addr:housenumber": "69", "addr:postcode": "021407", "addr:street": "Bulevardul Pache Protopopescu", "amenity": "hospital", "healthcare": "hospital", "healthcare:speciality": "dentist;dental_oral_maxillo_facial_surgery;dentistry", "name": "Maison Des Dents", "website": "https://www.maisondesdents.ro"}}, {"type": "Feature", "geometry": {"type": "Point", "coordinates": [26.0816677, 44.4477744]}, "properties": {"amenity": "clinic", "healthcare": "clinic", "name": "Embryos Fertility Clinic"}}, {"type": "Feature", "geometry": {"type": "Point", "coordinates": [24.4256023, 45.2607019]}, "properties": {"addr:city": "Stoene\u0219ti", "addr:postcode": "247047", "addr:street": "Strada Principal\u0103", "amenity": "hospital", "healthcare": "hospital", "name": "Dispensarul Uman Berisl\u0103ve\u0219ti"}}, {"type": "Feature", "geometry": {"type": "Point", "coordinates": [28.6413448, 44.173413]}, "properties": {"amenity": "clinic", "healthcare": "clinic"}}, {"type": "Feature", "geometry": {"type": "Point", "coordinates": [26.1025628, 44.4132457]}, "properties": {"amenity": "clinic", "healthcare": "clinic", "name": "Neuroaxis", "wheelchair": "yes"}}, {"type": "Feature", "geometry": {"type": "Point", "coordinates": [26.0921273, 44.4812619]}, "properties": {"amenity": "clinic", "name": "aBeauty", "name:ro": "aBeauty clinique", "opening_hours": "Mo-Fr 09:00-20:00; Sa 09:00-14:00", "phone": "+40747034850", "website": "https://www.abeauty.ro/clinici/clinica-estetica-bucuresti-nord-caramfil/"}}, {"type": "Feature", "geometry": {"type": "Point", "coordinates": [24.1346701, 45.786376]}, "properties": {"amenity": "hospital", "healthcare": "hospital", "name": "Dispensar medical", "operator": "Direc\u021bia Sanitar\u0103 Spitalul Jude\u021bean Sibiu"}}, {"type": "Feature", "geometry": {"type": "Point", "coordinates": [26.1006233, 44.4601217]}, "properties": {"addr:city": "Bucure\u0219ti", "addr:housenumber": "111-113", "addr:street": "Calea Floreasca", "amenity": "clinic", "healthcare": "clinic", "level": "1", "name": "Medlife", "opening_hours": "Mo-Fr 07:00-21:00; Sa 08:00-14:00", "phone": "0219646;+40214084000"}}, {"type": "Feature", "geometry": {"type": "Point", "coordinates": [25.6260982, 45.6463921]}, "properties": {"addr:city": "Bra\u0219ov", "addr:housenumber": "82", "addr:street": "Strada Decebal", "amenity": "clinic", "healthcare": "clinic", "name": "Vivamed"}}, {"type": "Feature", "geometry": {"type": "Point", "coordinates": [27.5821526, 47.1570591]}, "properties": {"amenity": "clinic", "healthcare": "clinic", "level": "0", "name": "Athena"}}, {"type": "Feature", "geometry": {"type": "Point", "coordinates": [27.5808317, 47.1570161]}, "properties": {"amenity": "clinic", "healthcare": "clinic", "name": "Emerald"}}, {"type": "Feature", "geometry": {"type": "Point", "coordinates": [28.1912147, 45.3302695]}, "properties": {"addr:housenumber": "113", "addr:street": "Strada Principal\u0103", "amenity": "clinic", "healthcare": "clinic", "healthcare:speciality": "general", "name": "Centru Comunitar Sanitar V\u0103c\u0103reni", "opening_hours": "Mo-Fr 08:00-16:00"}}, {"type": "Feature", "geometry": {"type": "Point", "coordinates": [26.4388514, 46.2063077]}, "properties": {"addr:city": "Sl\u0103nic-Moldova", "addr:postcode": "605500", "amenity": "clinic", "healthcare": "clinic", "name": "Complex Balnear Racovi\u021b\u0103 (inchis)"}}, {"type": "Feature", "geometry": {"type": "Point", "coordinates": [23.6109821, 43.9379659]}, "properties": {"amenity": "clinic", "healthcare": "clinic", "name": "Centrul de Permanen\u0163\u0103 Goicea"}}, {"type": "Feature", "geometry": {"type": "Point", "coordinates": [26.4369715, 46.2075181]}, "properties": {"addr:city": "Sl\u0103nic-Moldova", "addr:postcode": "605500", "amenity": "clinic", "healthcare": "clinic", "name": "Eurosan Clinic"}}, {"type": "Feature", "geometry": {"type": "Point", "coordinates": [26.439355, 46.2072989]}, "properties": {"addr:city": "Sl\u0103nic-Moldova", "addr:postcode": "605500", "amenity": "clinic", "healthcare": "clinic", "name": "Sanatoriu Balnear Sl\u0103nic Moldova"}}, {"type": "Feature", "geometry": {"type": "Point", "coordinates": [24.1661649, 45.7784545]}, "properties": {"amenity": "clinic", "healthcare": "clinic", "name": "ReliveMed"}}, {"type": "Feature", "geometry": {"type": "Point", "coordinates": [26.832621, 45.1854208]}, "properties": {"addr:city": "M\u0103r\u0103cineni", "amenity": "hospital", "check_date": "2025-09-02", "healthcare": "hospital", "name": "Medinvest Spital"}}, {"type": "Feature", "geometry": {"type": "Point", "coordinates": [28.6288059, 44.2156767]}, "properties": {"addr:housenumber": "197", "addr:street": "Bulevardul Alexandru L\u0103pu\u0219neanu", "amenity": "clinic", "branch": "Dobrogea", "healthcare": "clinic", "healthcare:speciality": "physiatry;hydrotherapy;diabetology;acupuncture", "name": "Visa Med", "website": "https://visa-med.ro/"}}, {"type": "Feature", "geometry": {"type": "Point", "coordinates": [28.6458185, 44.2057623]}, "properties": {"addr:city": "Constan\u021ba", "addr:housenumber": "57", "addr:postcode": "900553", "addr:postcode:source": "Date de la Po\u0219ta Rom\u00e2n\u0103, publicate sub Licen\u021ba pentru Guvernare Deschis\u0103 v1.0 la http://date.gov.ro/organization/posta-romana", "addr:street": "Strada C\u0103iu\u021bi", "amenity": "clinic", "branch": "Delfinariu", "healthcare": "clinic", "healthcare:speciality": "physiatry;hydrotherapy;diabetology;acupuncture", "name": "Visa Med", "website": "https://visa-med.ro/"}}, {"type": "Feature", "geometry": {"type": "Point", "coordinates": [28.6376783, 44.2180578]}, "properties": {"amenity": "clinic", "branch": "Mamaia", "healthcare": "clinic", "healthcare:speciality": "physiatry;hydrotherapy;diabetology;acupuncture", "name": "Visa Med", "website": "https://visa-med.ro/"}}, {"type": "Feature", "geometry": {"type": "Point", "coordinates": [25.6279128, 45.6451144]}, "properties": {"addr:city": "Bra\u0219ov", "addr:housenumber": "7", "addr:postcode": "500331", "addr:street": "Strada Aurora", "amenity": "hospital", "emergency": "yes", "healthcare": "hospital", "healthcare:speciality": "general", "name": "Centrul de Permanen\u021b\u0103 MEDFAM Astra", "phone": "+40734749553"}}, {"type": "Feature", "geometry": {"type": "Point", "coordinates": [26.3019591, 45.416742]}, "properties": {"amenity": "clinic", "brand": "Clinica Sante", "brand:wikidata": "Q121080834", "healthcare": "sample_collection", "name": "Clinica Sante"}}, {"type": "Feature", "geometry": {"type": "Point", "coordinates": [26.1081721, 44.3881104]}, "properties": {"amenity": "clinic", "name": "ALFA Polyclinics"}}, {"type": "Feature", "geometry": {"type": "Point", "coordinates": [26.06233, 44.4940519]}, "properties": {"amenity": "clinic", "check_date:opening_hours": "2026-04-24", "healthcare": "clinic", "healthcare:speciality": "gynaecology;urology;orthopaedics;plastic_surgery", "name": "Clinica Doctor MiT", "opening_hours": "Mo-Fr 10:00-20:00", "website": "https://clinicadoctormit.ro/"}}, {"type": "Feature", "geometry": {"type": "Point", "coordinates": [23.5778193, 46.7557639]}, "properties": {"addr:housenumber": "44", "addr:street": "Strada Zorilor", "amenity": "clinic", "healthcare": "clinic", "name": "MEDSTAR Policlinica Zorilor", "phone": "0264917", "website": "https://medstar.ro/"}}, {"type": "Feature", "geometry": {"type": "Point", "coordinates": [26.1155957, 44.4138508]}, "properties": {"addr:city": "Bucure\u0219ti", "addr:housenumber": "189", "addr:street": "Calea Vacaresti", "amenity": "clinic", "healthcare": "clinic", "name": "Regina Maria - Policlinica Titu Maiorescu", "operator": "Regina Maria", "operator:type": "private", "wheelchair": "yes"}}, {"type": "Feature", "geometry": {"type": "Point", "coordinates": [21.2505316, 45.8025903]}, "properties": {"amenity": "clinic", "healthcare": "clinic", "name": "Medici's"}}, {"type": "Feature", "geometry": {"type": "Point", "coordinates": [26.2389043, 46.9582431]}, "properties": {"amenity": "hospital", "healthcare": "hospital", "healthcare:speciality": "pulmonology", "name": "Spitalul de Pneumoftiziologie Bisericani", "website": "https://www.spitalulbisericani.ro/"}}, {"type": "Feature", "geometry": {"type": "Point", "coordinates": [26.1325608, 44.4152563]}, "properties": {"addr:city": "Bucure\u0219ti", "addr:housenumber": "137-139", "addr:street": "Calea Vitan", "amenity": "clinic", "healthcare": "clinic", "healthcare:speciality": "ophthalmology", "name": "Westeye Hospital", "website": "https://westeyehospital.ro/"}}, {"type": "Feature", "geometry": {"type": "Point", "coordinates": [26.0436219, 44.443723]}, "properties": {"amenity": "clinic", "contact:email": "sema@affidea.com", "contact:phone": "+40 21 9338", "contact:website": "https://affidea.ro/centre-medicale/affidea-sema-consultatii-ct-rmn-ecografie-si-analize-021-9338", "name": "Affidea Sema", "opening_hours": "Mo-Fr 08:00-20:00"}}, {"type": "Feature", "geometry": {"type": "Point", "coordinates": [26.1553359, 44.4634588]}, "properties": {"amenity": "clinic", "contact:email": "fundeni@affidea.com", "contact:phone": "+40 21 9338;+40 724 214 519", "contact:website": "https://affidea.ro/centre-medicale/affidea-fundeni", "healthcare": "clinic", "name": "Affidea Fundeni", "opening_hours": "Mo-Fr 08:00-20:00"}}, {"type": "Feature", "geometry": {"type": "Point", "coordinates": [26.3744455, 46.9267438]}, "properties": {"amenity": "clinic", "contact:email": "piatra.neamt@affidea.com", "contact:phone": "+40 333 401 045;+40 734 141 745", "contact:website": "https://affidea.ro/centre-medicale/affidea-piatra-neamt", "name": "Affidea", "opening_hours": "Mo-Fr 08:00-20:00"}}, {"type": "Feature", "geometry": {"type": "Point", "coordinates": [25.5332458, 44.2768518]}, "properties": {"amenity": "clinic", "contact:email": "office@exmed.ro", "contact:phone": "+40 232 347 914", "contact:website": "https://affidea.ro/centre-medicale/exmed-videle", "name": "Affidea", "opening_hours": "Mo-Fr 08:00-20:00"}}, {"type": "Feature", "geometry": {"type": "Point", "coordinates": [25.3377288, 43.9736268]}, "properties": {"amenity": "clinic", "contact:email": "office@exmed.ro", "contact:phone": "+40 232 347 912", "contact:website": "https://affidea.ro/centre-medicale/exmed-alexandria-ghica", "name": "Affidea", "opening_hours": "Mo-Fr 08:00-20:00"}}, {"type": "Feature", "geometry": {"type": "Point", "coordinates": [23.5680959, 46.0808238]}, "properties": {"amenity": "clinic", "contact:email": "alba@affidea.com", "contact:phone": "+40 799 744 833", "contact:website": "https://affidea.ro/centre-medicale/phoenix-alba-iulia", "healthcare": "clinic", "name": "Affidea", "opening_hours": "Mo-Fr 08:00-20:00"}}, {"type": "Feature", "geometry": {"type": "Point", "coordinates": [24.4865085, 47.1327628]}, "properties": {"amenity": "clinic", "contact:email": "bistrita@affidea.com", "contact:phone": "+40 263 237 680", "contact:website": "https://affidea.ro/centre-medicale/affidea-hiperdia-bistrita", "name": "Affidea", "opening_hours": "Mo-Fr 08:00-16:00"}}, {"type": "Feature", "geometry": {"type": "Point", "coordinates": [25.6079773, 45.6480984]}, "properties": {"amenity": "clinic", "contact:email": "brasov.scintigrafie@affidea.com", "contact:phone": "+40 21 9338", "contact:website": "https://affidea.ro/centre-medicale/hiperdia-brasov-carpatex-2", "name": "Affidea", "opening_hours": "Mo-Fr 07:30-20:00; Sa 08:00-12:00"}}, {"type": "Feature", "geometry": {"type": "Point", "coordinates": [23.5918414, 46.7606442]}, "properties": {"amenity": "clinic", "contact:email": "ct-clinic@affidea.com", "contact:phone": "+40 364 401 706;+40 364 435 545;+40 773 798 287", "contact:website": "https://affidea.ro/centre-medicale/affidea-ct-clinic", "name": "Affidea", "opening_hours": "Mo-Fr 08:00-20:00"}}, {"type": "Feature", "geometry": {"type": "Point", "coordinates": [27.1834963, 45.7108056]}, "properties": {"amenity": "clinic", "contact:email": "focsani@affidea.com", "contact:phone": "+40 21 9338", "contact:website": "https://affidea.ro/centre-medicale/affidea-focsani", "name": "Affidea", "opening_hours": "Mo-Fr 08:00-20:00"}}, {"type": "Feature", "geometry": {"type": "Point", "coordinates": [22.9059738, 45.8780847]}, "properties": {"amenity": "clinic", "contact:email": "deva@affidea.com", "contact:phone": "+40 354 802 070;+40 738 470 002", "contact:website": "https://affidea.ro/centre-medicale/phoenix-deva", "name": "Affidea", "opening_hours": "Mo-Fr 08:00-20:00"}}, {"type": "Feature", "geometry": {"type": "Point", "coordinates": [27.5772688, 47.1742769]}, "properties": {"amenity": "clinic", "contact:email": "iasi@affidea.com", "contact:phone": "+40 21 9338", "contact:website": "https://affidea.ro/centre-medicale/affidea-iasi", "healthcare": "clinic", "name": "Affidea", "opening_hours": "Mo-Fr 08:00-20:00"}}, {"type": "Feature", "geometry": {"type": "Point", "coordinates": [28.5850739, 43.8174072]}, "properties": {"amenity": "clinic", "contact:email": "mangalia@affidea.com", "contact:phone": "+40 21 9338", "contact:website": "https://affidea.ro/centre-medicale/affidea-mangalia", "name": "Affidea", "opening_hours": "Mo-Fr 08:00-16:00"}}, {"type": "Feature", "geometry": {"type": "Point", "coordinates": [25.80887, 46.348368]}, "properties": {"amenity": "clinic", "contact:email": "miercurea.ciuc@affidea.com", "contact:phone": "+40 266 316 500", "contact:website": "https://affidea.ro/centre-medicale/affidea-hiperdia-miercurea-ciuc", "healthcare": "clinic", "name": "Affidea", "opening_hours": "Mo-Fr 08:00-20:00"}}, {"type": "Feature", "geometry": {"type": "Point", "coordinates": [21.9385546, 47.0598868]}, "properties": {"amenity": "clinic", "contact:email": "oradea@affidea.com", "contact:phone": "+40 259 268 720", "contact:website": "https://affidea.ro/centre-medicale/affidea-hiperdia-oradea", "name": "Affidea", "opening_hours": "Mo-Fr 08:00-20:00"}}, {"type": "Feature", "geometry": {"type": "Point", "coordinates": [25.9908226, 44.9281478]}, "properties": {"amenity": "clinic", "contact:email": "ploiesti@affidea.com", "contact:phone": "+40 21 9338", "contact:website": "https://affidea.ro/centre-medicale/affidea-hiperdia-ploiesti-vest", "name": "Affidea", "opening_hours": "Mo-Fr 08:00-20:00"}}, {"type": "Feature", "geometry": {"type": "Point", "coordinates": [21.2129635, 45.7509806]}, "properties": {"amenity": "clinic", "healthcare": "clinic", "name": "Hyperdia"}}, {"type": "Feature", "geometry": {"type": "Point", "coordinates": [24.3681747, 44.4345191]}, "properties": {"amenity": "clinic", "contact:email": "slatina@affidea.com", "contact:phone": "+40 21 9338", "contact:website": "https://affidea.ro/centre-medicale/centrul-de-imagistica-sanmed-slatina", "name": "Affidea", "opening_hours": "Mo-Fr 08:00-20:00"}}, {"type": "Feature", "geometry": {"type": "Point", "coordinates": [24.3646556, 45.1143879]}, "properties": {"amenity": "clinic", "contact:email": "clinica.valcea@affidea.com", "contact:phone": "+40 21 9338", "contact:website": "https://affidea.ro/centre-medicale/centrul-medical-sanmed-ramnicu-valcea", "name": "Affidea", "opening_hours": "Mo-Fr 07:30-20:00; Sa 08:00-14:00"}}, {"type": "Feature", "geometry": {"type": "Point", "coordinates": [21.2519386, 45.7506811]}, "properties": {"amenity": "clinic", "contact:email": "timisoara@affidea.com", "contact:phone": "+40 356 224 000;+40 356 224 001;+40 356 224 002;+40 356 228 010;+40 728 727 537", "contact:website": "https://affidea.ro/centre-medicale/affidea-timisoara", "healthcare": "clinic", "name": "Affidea", "opening_hours": "Mo-Fr 14:30-20:00"}}, {"type": "Feature", "geometry": {"type": "Point", "coordinates": [26.0972048, 44.4427588]}, "properties": {"amenity": "clinic", "email": "info.ro@acibadem.com.tr", "facebook": "https://www.facebook.com/Spitaleleacibadem", "instagram": "https://instagram.com/acibadem.ro", "name": "Acibadem", "name:en": "Acibadem", "opening_hours": "Mo-Fr 09:00-18:00", "operator": "Ac\u0131badem Sa\u011fl\u0131k Hizmetleri ve Ticaret A.\u015e", "phone": "+40 21 313 9938;+40 730 519 254", "website": "https://acibadem.com.ro/", "wheelchair": "limited"}}, {"type": "Feature", "geometry": {"type": "Point", "coordinates": [22.8039526, 47.2254195]}, "properties": {"addr:city": "\u0218imleu Silvaniei", "amenity": "hospital", "healthcare": "hospital", "name": "Spitalul Or\u0103\u0219enesc Dr. Ioan Pu\u0219ca\u0219", "name:ro": "Spitalul Or\u0103\u0219enesc Dr. Ioan Pu\u0219ca\u0219"}}, {"type": "Feature", "geometry": {"type": "Point", "coordinates": [26.1059896, 44.4564525]}, "properties": {"amenity": "clinic", "healthcare": "clinic", "name": "Medic Line"}}, {"type": "Feature", "geometry": {"type": "Point", "coordinates": [28.6063993, 44.1617066]}, "properties": {"addr:housenumber": "2", "addr:street": "Aleea Egretei", "amenity": "clinic", "healthcare": "clinic", "name": "EURODIALIZA", "website": "https://eurodializa.eu"}}, {"type": "Feature", "geometry": {"type": "Point", "coordinates": [26.094369, 44.4470057]}, "properties": {"addr:city": "Bucure\u0219ti", "addr:housenumber": "19", "addr:street": "Bulevardul Dacia", "amenity": "clinic", "healthcare": "clinic", "healthcare:speciality": "otolaryngology", "name": "Clinica ORL Dr. Daniela Ionescu", "opening_hours": "Mo-Fr 08:00-20:00; Sa 09:00-18:00; Su 09:00-16:00", "website": "https://drionescudaniela.ro/"}}, {"type": "Feature", "geometry": {"type": "Point", "coordinates": [23.5841323, 46.753716]}, "properties": {"amenity": "clinic", "healthcare": "clinic", "name": "Centru Medical Anastasios"}}, {"type": "Feature", "geometry": {"type": "Point", "coordinates": [23.5833076, 46.7547894]}, "properties": {"addr:city": "Cluj-Napoca", "addr:housenumber": "54", "addr:street": "Strada Viilor", "amenity": "clinic", "healthcare": "clinic", "name": "Centrul Artisal"}}, {"type": "Feature", "geometry": {"type": "Point", "coordinates": [23.5560591, 46.7631142]}, "properties": {"amenity": "clinic", "healthcare": "clinic", "healthcare:speciality": "physiatry", "name": "Transilvania Recovery Centre", "opening_hours": "24/7"}}, {"type": "Feature", "geometry": {"type": "Point", "coordinates": [26.0512879, 44.4349621]}, "properties": {"addr:city": "Bucure\u0219ti", "addr:country": "RO", "addr:housenumber": "6R", "addr:postcode": "061103", "addr:street": "Bulevardul Iuliu Maniu", "amenity": "clinic", "healthcare": "clinic", "healthcare:speciality": "physiatry", "name": "Kinetic", "opening_hours": "Mo-Fr 07:00-21:00; Sa 07:00-17:00", "phone": "+40 738 765 457", "source:addr:housenumber": "survey", "source:addr:street": "survey", "website": "https://www.kinetic.ro/"}}, {"type": "Feature", "geometry": {"type": "Point", "coordinates": [26.0511092, 44.4349623]}, "properties": {"addr:city": "Bucure\u0219ti", "addr:country": "RO", "addr:housenumber": "6Q", "addr:postcode": "061103", "addr:street": "Bulevardul Iuliu Maniu", "amenity": "clinic", "healthcare": "clinic", "name": "Regina Maria", "opening_hours": "Mo-Fr 07:30-20:00; Sa 08:00-14:00", "source:addr:housenumber": "survey", "source:addr:street": "survey"}}, {"type": "Feature", "geometry": {"type": "Point", "coordinates": [26.4294477, 46.8883213]}, "properties": {"amenity": "clinic", "healthcare": "clinic", "name": "Salvcenter"}}, {"type": "Feature", "geometry": {"type": "Point", "coordinates": [28.6514007, 44.1799693]}, "properties": {"amenity": "clinic", "healthcare": "clinic", "name": "Dispensar medical nr. 2-4"}}, {"type": "Feature", "geometry": {"type": "Point", "coordinates": [21.9377932, 47.0502079]}, "properties": {"amenity": "clinic", "healthcare": "clinic", "name": "MedLife"}}, {"type": "Feature", "geometry": {"type": "Point", "coordinates": [26.1292935, 44.412413]}, "properties": {"addr:city": "Bucure\u0219ti", "addr:country": "RO", "addr:housenumber": "451-471", "addr:postcode": "030314", "addr:street": "\u0218oseaua Mihai Bravu", "amenity": "clinic", "healthcare": "clinic", "name": "GMH", "opening_hours": "Mo-Fr 09:00-21:00; Sa 09:00-15:00", "phone": "031 9960", "website": "https://gmh.ro/"}}, {"type": "Feature", "geometry": {"type": "Point", "coordinates": [26.8169304, 45.1487619]}, "properties": {"addr:postcode": "120203", "amenity": "clinic", "healthcare": "clinic", "name": "Clinica Medcon", "operator": "Medcon"}}, {"type": "Feature", "geometry": {"type": "Point", "coordinates": [26.821524, 45.1545818]}, "properties": {"amenity": "clinic", "healthcare": "clinic", "name": "Revital Med Buz\u0103u"}}, {"type": "Feature", "geometry": {"type": "Point", "coordinates": [21.9831887, 46.9903961]}, "properties": {"addr:city": "B\u0103ile Felix", "addr:housenumber": "30", "addr:street": "Calea Beiu\u0219ului", "amenity": "hospital", "healthcare": "hospital", "healthcare:speciality": "trauma_recovery", "name": "Spitalul de Recuperare", "operator": "Municipal", "operator:type": "public"}}, {"type": "Feature", "geometry": {"type": "Point", "coordinates": [25.584645, 45.6378991]}, "properties": {"amenity": "clinic", "contact:email": "brasov.imagistica@affidea.com", "contact:phone": "+40 232 219 338", "contact:website": "https://affidea.ro/", "name": "Affidea", "opening_hours": "Mo-Fr 07:30-16:00"}}, {"type": "Feature", "geometry": {"type": "Point", "coordinates": [26.1697313, 44.531189]}, "properties": {"amenity": "clinic", "contact:email": "office@affidea.com", "contact:phone": "+40 21 9338", "contact:website": "https://affidea.ro/", "name": "Affidea", "opening_hours": "Mo-Fr 09:00-18:00"}}, {"type": "Feature", "geometry": {"type": "Point", "coordinates": [26.1121711, 44.4538809]}, "properties": {"amenity": "clinic", "contact:email": "bucuresti.colentina@affidea.com", "contact:phone": "+40 21 9338", "contact:website": "https://affidea.ro/", "name": "Affidea", "opening_hours": "Mo-Fr 08:00-20:00"}}, {"type": "Feature", "geometry": {"type": "Point", "coordinates": [24.3564856, 46.1630949]}, "properties": {"amenity": "clinic", "contact:email": "medias@affidea.com", "contact:phone": "+40 269 838 131;+40 269 838 132;+40 369 425 086", "contact:website": "https://affidea.ro/", "name": "Affidea", "opening_hours": "Mo-Fr 08:00-20:00"}}, {"type": "Feature", "geometry": {"type": "Point", "coordinates": [22.8786528, 47.7919929]}, "properties": {"amenity": "clinic", "contact:email": "satumare@affidea.com", "contact:phone": "+40 261 759 955", "contact:website": "https://affidea.ro/", "healthcare": "clinic", "name": "Affidea", "opening_hours": "Mo-Fr 08:00-20:00"}}, {"type": "Feature", "geometry": {"type": "Point", "coordinates": [24.987427, 44.1144969]}, "properties": {"amenity": "clinic", "contact:email": "office@exmed.ro", "contact:phone": "+40 232 347 913", "contact:website": "https://affidea.ro/", "healthcare": "clinic", "name": "Affidea", "opening_hours": "Mo-Fr 08:00-20:00"}}, {"type": "Feature", "geometry": {"type": "Point", "coordinates": [25.3134175, 43.9801971]}, "properties": {"amenity": "clinic", "contact:email": "office@exmed.ro", "contact:phone": "+40 232 347 911", "contact:website": "https://affidea.ro/", "name": "Affidea", "opening_hours": "Mo-Fr 08:00-20:00; Sa 08:00-14:00"}}, {"type": "Feature", "geometry": {"type": "Point", "coordinates": [22.4652171, 47.6807608]}, "properties": {"amenity": "clinic", "contact:email": "carei@affidea.com", "contact:phone": "+40 261 863 224", "contact:website": "https://affidea.ro/", "name": "Affidea", "opening_hours": "Mo-Fr 08:00-16:00"}}, {"type": "Feature", "geometry": {"type": "Point", "coordinates": [26.0119932, 44.9522675]}, "properties": {"amenity": "clinic", "contact:email": "ploiesti@affidea.com", "contact:phone": "+40 21 9338", "contact:website": "https://affidea.ro/", "name": "Affidea", "opening_hours": "Mo-Fr 08:00-20:00"}}, {"type": "Feature", "geometry": {"type": "Point", "coordinates": [26.1145578, 44.4396683]}, "properties": {"amenity": "clinic", "healthcare": "clinic", "name": "Ecomed"}}, {"type": "Feature", "geometry": {"type": "Point", "coordinates": [25.6160349, 45.6418896]}, "properties": {"amenity": "clinic", "check_date": "2025-08-17", "check_date:opening_hours": "2025-08-17", "healthcare": "clinic", "name": "Neomed", "opening_hours": "Mo-Fr 08:00-20:00"}}, {"type": "Feature", "geometry": {"type": "Point", "coordinates": [26.167936, 44.3796494]}, "properties": {"addr:city": "Pope\u0219ti-Leordeni", "addr:street": "\u0218oseaua Olteni\u021bei", "amenity": "clinic", "healthcare": "clinic", "name": "Clinica Medical\u0103 Biolife"}}, {"type": "Feature", "geometry": {"type": "Point", "coordinates": [23.8287155, 44.3001909]}, "properties": {"addr:city": "Craiova", "addr:housenumber": "109", "addr:street": "Strada Caracal", "amenity": "hospital", "emergency": "no", "healthcare": "hospital", "name": "Centrul de Oncologie \"Sf\u00e2ntul Nectarie\""}}, {"type": "Feature", "geometry": {"type": "Point", "coordinates": [26.0213759, 44.4336711]}, "properties": {"addr:city": "Bucure\u0219ti", "addr:country": "RO", "addr:housenumber": "65", "addr:postcode": "061085", "addr:street": "Bulevardul Iuliu Maniu", "amenity": "clinic", "healthcare": "clinic", "name": "Centrul Medical Gorjului", "opening_hours": "Mo-Su 08:00-20:00", "phone": "+40 21 434 15 57", "source:addr:housenumber": "survey", "source:addr:street": "survey", "website": "https://www.gorjului.ro/"}}, {"type": "Feature", "geometry": {"type": "Point", "coordinates": [22.9133918, 45.8690084]}, "properties": {"addr:city": "Deva", "addr:housenumber": "Bl. 11", "addr:postcode": "330037", "addr:street": "Bulevardul Nicolae B\u0103lcescu", "amenity": "hospital", "description": "Promed Medical Center", "healthcare": "hospital", "healthcare:speciality": "general", "name": "Centrul Medical Promed", "opening_hours": "Mo-Fr 08:00-20:00", "phone": "0254267800", "website": "cmpromed.ro"}}, {"type": "Feature", "geometry": {"type": "Point", "coordinates": [27.5841231, 47.1460717]}, "properties": {"addr:city": "Ia\u0219i", "addr:housenumber": "82", "addr:street": "Aleea Nicolina", "amenity": "clinic", "healthcare": "clinic", "healthcare:speciality": "blood_check;occupational;balneotherapy", "name": "Stefania Medical", "website": "http://www.stefaniamedical.com/"}}, {"type": "Feature", "geometry": {"type": "Point", "coordinates": [21.2081393, 45.7638329]}, "properties": {"amenity": "clinic", "healthcare": "clinic", "name": "Clinica Dr. Stoica"}}, {"type": "Feature", "geometry": {"type": "Point", "coordinates": [23.587542, 46.765881]}, "properties": {"amenity": "clinic", "healthcare": "clinic", "healthcare:speciality": "ophthalmology", "name": "Cabinet Oftalmologie", "phone": "0723242000"}}, {"type": "Feature", "geometry": {"type": "Point", "coordinates": [24.1632705, 45.7785476]}, "properties": {"addr:city": "\u0218elimb\u0103r", "addr:housenumber": "13", "addr:street": "Strada Doamna Stanca", "amenity": "clinic", "contact:facebook": "https://www.facebook.com/MedicaFamilyCenter/", "healthcare": "clinic", "healthcare:speciality": "general;paediatrics;internal;gynaecology;endocrinology;blood_check;nuclear", "name": "Policlinica Medica Family Center", "opening_hours": "Mo-Fr 08-00:19-00, Fr 08:00-15:00", "phone": "+40 736 634 130", "ref:vatin": "35218980"}}, {"type": "Feature", "geometry": {"type": "Point", "coordinates": [26.1309298, 44.441917]}, "properties": {"amenity": "clinic", "healthcare": "clinic", "healthcare:speciality": "orthodontics", "name": "Swed Clinic", "opening_hours": "Mo-Fr 10:00-20:00; Sa 10:00-14:00", "website": "https://lumoral.ro"}}, {"type": "Feature", "geometry": {"type": "Point", "coordinates": [23.5630442, 46.7572578]}, "properties": {"amenity": "clinic", "healthcare": "clinic", "name": "Happydent"}}, {"type": "Feature", "geometry": {"type": "Point", "coordinates": [26.1377188, 44.4329566]}, "properties": {"amenity": "clinic", "healthcare": "clinic", "name": "Brotac Medical Center", "website": "https://brotac.ro/"}}, {"type": "Feature", "geometry": {"type": "Point", "coordinates": [26.1630123, 44.4312957]}, "properties": {"amenity": "clinic", "contact:email": "grigorescu@affidea.com", "contact:phone": "+40 21 9338", "contact:website": "https://affidea.ro", "name": "Affidea", "opening_hours": "Mo-Fr 08:00-20:00"}}, {"type": "Feature", "geometry": {"type": "Point", "coordinates": [26.2411076, 47.6383572]}, "properties": {"amenity": "clinic", "contact:email": "rmn@explora.ro", "contact:phone": "+40 21 9338", "contact:website": "https://affidea.ro", "healthcare": "clinic", "name": "Affidea", "opening_hours": "Mo-Fr 08:00-20:00; Sa 08:00-14:00"}}, {"type": "Feature", "geometry": {"type": "Point", "coordinates": [26.2351531, 47.6361812]}, "properties": {"amenity": "clinic", "contact:email": "clinica@explora.ro", "contact:phone": "+40 21 9338", "contact:website": "https://affidea.ro", "healthcare": "clinic", "name": "Affidea", "opening_hours": "Mo-Fr 08:00-20:00"}}, {"type": "Feature", "geometry": {"type": "Point", "coordinates": [26.2316178, 47.6427416]}, "properties": {"amenity": "clinic", "contact:email": "ct@explora.ro", "contact:phone": "+40 21 9338", "contact:website": "https://affidea.ro", "healthcare": "clinic", "name": "Affidea", "opening_hours": "Mo-Fr 08:00-20:00; Sa 08:00-12:00"}}, {"type": "Feature", "geometry": {"type": "Point", "coordinates": [25.5790646, 45.6615688]}, "properties": {"addr:postcode": "500051", "amenity": "clinic", "healthcare": "clinic", "name": "Clinical de Podologie Julia", "name:en": "Julia Podology clinic", "opening_hours": "Mo-Th 09:00-18:00; Fr 09:00-14:00", "operator": "Iulia Catana", "phone": "+40725006007", "website": "https://clinicajulia.ro/"}}, {"type": "Feature", "geometry": {"type": "Point", "coordinates": [25.6228178, 45.6393682]}, "properties": {"amenity": "clinic", "check_date": "2024-05-19", "healthcare": "clinic", "name": "Poliana"}}, {"type": "Feature", "geometry": {"type": "Point", "coordinates": [25.6283801, 45.642232]}, "properties": {"addr:city": "Bra\u0219ov", "addr:street": "Strada Uranus", "amenity": "clinic", "healthcare": "laboratory", "name": "Bioclinica"}}, {"type": "Feature", "geometry": {"type": "Point", "coordinates": [25.6269072, 45.6419618]}, "properties": {"addr:city": "Bra\u0219ov", "addr:housenumber": "3", "addr:street": "Strada Uranus", "amenity": "clinic", "brand": "Clinica Sante", "brand:wikidata": "Q121080834", "email": "office@clinica-sante.ro", "healthcare": "sample_collection", "name": "Clinica Sante", "phone": "0268 586 042", "website": "https://www.clinica-sante.ro/sante-brasov-uranus/"}}, {"type": "Feature", "geometry": {"type": "Point", "coordinates": [25.6058794, 45.651216]}, "properties": {"amenity": "clinic", "email": "office@drgabriellostun.ro", "name": "Cabinet ORL", "phone": "0771.002.334", "website": "https://www.drgabriellostun.ro/"}}, {"type": "Feature", "geometry": {"type": "Point", "coordinates": [25.5790824, 45.6634892]}, "properties": {"addr:city": "Bra\u0219ov", "addr:housenumber": "2", "addr:street": "Strada Stadionului", "amenity": "clinic", "brand": "Clinica Sante", "brand:wikidata": "Q121080834", "healthcare": "sample_collection", "name": "Clinica Sante", "name:en": "S\u00e2nte clinic", "opening_hours": "Mo-Fr 07:00-18:00; Sa 08:00-14:00"}}, {"type": "Feature", "geometry": {"type": "Point", "coordinates": [26.1003328, 44.461389]}, "properties": {"addr:city": "Bucure\u0219ti", "addr:housenumber": "40-44", "addr:street": "Strada Banul Antonache", "amenity": "hospital", "name": "Clinica Ortopedicum", "name:en": "Ortopedicum clinic", "opening_hours": "Mo-Fr 10:00-20:00; Sa 10:00-14:00", "phone": "0746223500"}}, {"type": "Feature", "geometry": {"type": "Point", "coordinates": [25.9665861, 43.8914797]}, "properties": {"amenity": "clinic", "health_facility:type": "office", "healthcare": "clinic", "name": "Synevo Analize Medicale", "opening_hours": "Mo-Fr 07:00-15:00"}}, {"type": "Feature", "geometry": {"type": "Point", "coordinates": [26.0353801, 44.414826]}, "properties": {"addr:city": "Bucure\u0219ti", "addr:housenumber": "158", "addr:postcode": "061699", "addr:street": "Bulevardul Ghencea", "amenity": "clinic", "healthcare": "clinic", "name": "ASM Smart Clinic", "opening_hours": "Mo-Fr 08:00-16:00", "phone": "+40 771 711 380", "source:addr:housenumber": "survey", "source:addr:street": "survey", "website": "https://asmsmartclinic.ro/"}}, {"type": "Feature", "geometry": {"type": "Point", "coordinates": [26.2534631, 46.9340255]}, "properties": {"addr:city": "Alexandru cel Bun", "addr:housenumber": "1", "addr:postcode": "617505", "addr:street": "Strada \u0218colii", "amenity": "hospital", "healthcare": "hospital", "healthcare:speciality": "general", "name": "Centrul de Permanen\u021b\u0103 Vaduri", "operator": "Clinica Asclepion", "operator:type": "private", "wheelchair": "yes"}}, {"type": "Feature", "geometry": {"type": "Point", "coordinates": [21.2599839, 45.761773]}, "properties": {"amenity": "clinic", "healthcare": "clinic", "name": "Neoclinic"}}, {"type": "Feature", "geometry": {"type": "Point", "coordinates": [27.6096235, 47.155291]}, "properties": {"amenity": "clinic", "healthcare": "clinic", "name": "Cabinete medicale studen\u021be\u0219ti"}}, {"type": "Feature", "geometry": {"type": "Point", "coordinates": [23.6063515, 46.7711107]}, "properties": {"addr:city": "Cluj-Napoca", "addr:housenumber": "62", "addr:postcode": "400132", "addr:street": "Strada General Traian Mo\u0219oiu", "amenity": "clinic", "email": "receptie@gyniaembrio.ro", "healthcare": "clinic", "healthcare:speciality": "fertility", "name": "Gynia Embrio", "opening_hours": "Mo-Fr 08:00-21:15; PH closed", "phone": "+40 371 330 033", "website": "https://gyniaembrio.ro/"}}, {"type": "Feature", "geometry": {"type": "Point", "coordinates": [26.1093065, 44.4451343]}, "properties": {"amenity": "clinic", "contact:phone": "+40 21 323 0000", "contact:website": "https://www.gralmedical.ro/", "healthcare": "clinic", "name": "Gral Medical", "opening_hours": "Mo-Fr 07:30-20:00"}}, {"type": "Feature", "geometry": {"type": "Point", "coordinates": [26.14377, 44.3901033]}, "properties": {"amenity": "clinic", "contact:phone": "+40 21 323 0000", "contact:website": "https://www.gralmedical.ro/", "healthcare": "clinic", "name": "Gral Medical", "opening_hours": "Mo-Fr 07:00-15:00"}}, {"type": "Feature", "geometry": {"type": "Point", "coordinates": [26.1736633, 44.4410459]}, "properties": {"amenity": "clinic", "contact:phone": "+40 21 323 0000", "contact:website": "https://www.gralmedical.ro/", "healthcare": "clinic", "name": "Gral Medical", "opening_hours": "Mo-Fr 08:00-15:00"}}, {"type": "Feature", "geometry": {"type": "Point", "coordinates": [26.1092609, 44.3901378]}, "properties": {"amenity": "clinic", "contact:phone": "+40 21 323 0000", "contact:website": "https://www.gralmedical.ro/", "healthcare": "clinic", "name": "Gral Medical", "opening_hours": "Mo-Fr 08:00-14:00"}}, {"type": "Feature", "geometry": {"type": "Point", "coordinates": [26.1655229, 44.4206493]}, "properties": {"amenity": "clinic", "healthcare": "clinic", "name": "Gral Medical", "opening_hours": "Mo-Fr 07:00-15:00", "phone": "+40 21 323 0000", "website": "https://www.gralmedical.ro"}}, {"type": "Feature", "geometry": {"type": "Point", "coordinates": [23.5593492, 45.9645266]}, "properties": {"amenity": "clinic", "contact:phone": "+40 723 396 832", "contact:website": "https://www.gralmedical.ro/", "healthcare": "clinic", "name": "Gral Medical", "opening_hours": "Mo-Su 07:00-09:30"}}, {"type": "Feature", "geometry": {"type": "Point", "coordinates": [26.1237261, 44.3873432]}, "properties": {"amenity": "clinic", "healthcare": "clinic", "name": "Gral Medical", "opening_hours": "Mo-Fr 08:00-22:00; Sa-Su 09:00-16:00", "phone": "+40 21 323 0000", "website": "https://www.gralmedical.ro"}}, {"type": "Feature", "geometry": {"type": "Point", "coordinates": [26.1260971, 44.4224193]}, "properties": {"amenity": "clinic", "contact:phone": "+40 21 323 0000", "contact:website": "https://www.gralmedical.ro/", "healthcare": "clinic", "name": "Gral Medical", "opening_hours": "Mo-Fr 07:00-15:00"}}, {"type": "Feature", "geometry": {"type": "Point", "coordinates": [26.0770342, 44.4584298]}, "properties": {"amenity": "clinic", "contact:phone": "+40 21 323 0000;+40 730 551 105", "contact:website": "https://www.gralmedical.ro/", "healthcare": "clinic", "name": "Gral Medical", "opening_hours": "Mo-Fr 07:00-15:00"}}, {"type": "Feature", "geometry": {"type": "Point", "coordinates": [26.0361841, 44.4345823]}, "properties": {"amenity": "clinic", "healthcare": "clinic", "name": "Gral Medical", "opening_hours": "Mo-Fr 07:00-15:00", "phone": "+40 21 323 0000", "website": "https://www.gralmedical.ro/"}}, {"type": "Feature", "geometry": {"type": "Point", "coordinates": [24.3340275, 46.1521147]}, "properties": {"amenity": "clinic", "contact:phone": "+40 739 850 049", "contact:website": "https://www.gralmedical.ro/", "healthcare": "clinic", "name": "Gral Medical", "opening_hours": "Mo-Fr 07:30-11:30"}}, {"type": "Feature", "geometry": {"type": "Point", "coordinates": [26.1146924, 44.4375892]}, "properties": {"amenity": "clinic", "healthcare": "clinic", "name": "Gral Medical", "opening_hours": "Mo-Fr 07:00-15:00", "phone": "+40 21 323 0000", "website": "https://www.gralmedical.ro/"}}, {"type": "Feature", "geometry": {"type": "Point", "coordinates": [26.1143142, 44.453115]}, "properties": {"amenity": "clinic", "healthcare": "clinic", "name": "Gral Medical", "opening_hours": "Mo-Fr 07:30-19:00", "phone": "+40 21 323 0000", "website": "https://www.gralmedical.ro"}}, {"type": "Feature", "geometry": {"type": "Point", "coordinates": [24.1521335, 45.8038877]}, "properties": {"amenity": "clinic", "contact:phone": "+40 21 313 4181;+40 723 118 812", "contact:website": "https://www.gralmedical.ro", "healthcare": "clinic", "name": "Gral Medical", "opening_hours": "Mo-Su 08:00-14:00"}}, {"type": "Feature", "geometry": {"type": "Point", "coordinates": [26.0393706, 44.939664]}, "properties": {"amenity": "clinic", "healthcare": "clinic", "name": "Gral Medical", "opening_hours": "Mo-Su 07:00-14:00", "phone": "+40 21 323 0000", "website": "https://www.gralmedical.ro"}}, {"type": "Feature", "geometry": {"type": "Point", "coordinates": [24.1535765, 45.8042729]}, "properties": {"amenity": "clinic", "contact:phone": "+40 728 105 658", "contact:website": "https://www.gralmedical.ro", "healthcare": "clinic", "name": "Gral Medical", "opening_hours": "Mo-Fr 08:00-16:00"}}, {"type": "Feature", "geometry": {"type": "Point", "coordinates": [26.1340016, 44.4224289]}, "properties": {"amenity": "clinic", "contact:phone": "+40 21 323 0000", "contact:website": "https://www.gralmedical.ro", "healthcare": "clinic", "name": "Gral Medical", "opening_hours": "Mo-Fr 07:00-20:00; Sa 08:00-14:00"}}, {"type": "Feature", "geometry": {"type": "Point", "coordinates": [25.457786, 44.9313548]}, "properties": {"amenity": "clinic", "healthcare": "clinic", "name": "Gral Medical", "opening_hours": "Mo-Su 07:30-11:00", "phone": "+40 21 323 0000", "website": "https://www.gralmedical.ro"}}, {"type": "Feature", "geometry": {"type": "Point", "coordinates": [26.0990739, 44.4527436]}, "properties": {"amenity": "clinic", "contact:phone": "+40 21 323 0000", "contact:website": "https://www.gralmedical.ro", "healthcare": "clinic", "name": "Gral Medical", "opening_hours": "Mo-Fr 07:30-15:00", "wheelchair": "limited"}}, {"type": "Feature", "geometry": {"type": "Point", "coordinates": [25.9695132, 43.8938921]}, "properties": {"amenity": "clinic", "name": "Clinica Sante Analize Medicale", "opening_hours": "Mo-Fr 07:00-15:00", "phone": "0246213873", "website": "https://www.clinica-sante.ro/"}}, {"type": "Feature", "geometry": {"type": "Point", "coordinates": [25.9685616, 43.8944182]}, "properties": {"amenity": "clinic", "name": "Centrul Medical Ema"}}, {"type": "Feature", "geometry": {"type": "Point", "coordinates": [24.1267597, 45.7682932]}, "properties": {"addr:city": "Sibiu", "amenity": "clinic", "healthcare": "clinic", "name": "Poliana"}}, {"type": "Feature", "geometry": {"type": "Point", "coordinates": [24.1426093, 45.7762197]}, "properties": {"amenity": "clinic", "name": "Saneos"}}, {"type": "Feature", "geometry": {"type": "Point", "coordinates": [26.104282, 44.400705]}, "properties": {"amenity": "hospital", "healthcare": "hospital", "name": "Spitalul Universitar de Stomatologie"}}, {"type": "Feature", "geometry": {"type": "Point", "coordinates": [26.1472266, 44.4357192]}, "properties": {"amenity": "clinic", "healthcare": "clinic", "name": "Clinica MedSport"}}, {"type": "Feature", "geometry": {"type": "Point", "coordinates": [23.7790374, 44.3266941]}, "properties": {"amenity": "clinic", "healthcare": "clinic", "name": "Centrul medical HyltMED", "website": "https://hyltmed.ro/"}}, {"type": "Feature", "geometry": {"type": "Point", "coordinates": [26.0464005, 44.4248539]}, "properties": {"addr:city": "Bucure\u0219ti", "addr:country": "RO", "addr:housenumber": "24A", "addr:postcode": "061386", "addr:street": "Drumul Taberei", "amenity": "clinic", "branch": "Favorit", "healthcare": "clinic", "name": "Hyperclinica MedLife", "opening_hours": "Mo-Fr 07:00-21:00; Sa 08:00-14:00", "operator": "Med Life", "operator:type": "private", "phone": "021 9646", "source:name": "survey", "website": "https://medlife.ro/"}}, {"type": "Feature", "geometry": {"type": "Point", "coordinates": [26.0369512, 44.4291654]}, "properties": {"addr:city": "Bucure\u0219ti", "addr:country": "RO", "addr:housenumber": "24", "addr:postcode": "061427", "addr:street": "Intrarea Silistraru", "amenity": "clinic", "healthcare": "clinic", "healthcare:speciality": "neonatology;paediatrics", "name": "Adeomed", "opening_hours": "Mo-Fr 09:00-18:00", "phone": "+40 772 020 200", "source:addr:housenumber": "survey", "source:addr:street": "survey", "website": "https://adeomed.ro/"}}, {"type": "Feature", "geometry": {"type": "Point", "coordinates": [26.0537954, 44.4282015]}, "properties": {"addr:city": "Bucure\u0219ti", "addr:country": "RO", "addr:housenumber": "15", "addr:postcode": "061344", "addr:street": "Bulevardul Timi\u0219oara", "amenity": "clinic", "crossing": "traffic_signals", "healthcare": "clinic", "healthcare:speciality": "general", "name": "Policlinica Bujoreni", "opening_hours": "Mo-Fr 08:00-18:00"}}, {"type": "Feature", "geometry": {"type": "Point", "coordinates": [25.9635065, 43.8996652]}, "properties": {"addr:city": "Giurgiu", "addr:country": "RO", "addr:housenumber": "5", "addr:postcode": "080181", "addr:street": "Bulevardul Mihai Viteazul", "amenity": "clinic", "email": "giurgiu@medima.ro", "healthcare": "clinic", "healthcare:speciality": "radiology", "level": "1", "name": "Medima", "opening_hours": "Mo-Fr 08:00-21:00", "operator": "Medima Health SA", "phone": "+40 373 301 134", "website": "https://medima.ro/servicii-si-preturi/giurgiu/medima-giurgiu"}}, {"type": "Feature", "geometry": {"type": "Point", "coordinates": [26.0854214, 44.4356146]}, "properties": {"amenity": "clinic", "name": "Gral Medical", "opening_hours": "Mo-Su 08:00-14:00", "phone": "+40 21 323 0000", "website": "https://www.gralmedical.ro"}}, {"type": "Feature", "geometry": {"type": "Point", "coordinates": [26.9901493, 44.9168041]}, "properties": {"amenity": "clinic", "brand": "Clinica Sante", "brand:wikidata": "Q121080834", "healthcare": "sample_collection", "name": "Clinica Sante", "opening_hours": "Mo-Fr 07:15-10:30", "phone": "0238 708 997"}}, {"type": "Feature", "geometry": {"type": "Point", "coordinates": [26.0771039, 44.4489062]}, "properties": {"addr:city": "Bucure\u0219ti", "addr:country": "RO", "addr:housenumber": "13", "addr:postcode": "011072", "addr:street": "Bulevardul Gheorghe Duca", "amenity": "clinic", "healthcare": "clinic", "name": "Pro In Life", "opening_hours": "Mo-Fr 08:00-20:00; Sa 08:00-14:00", "phone": "+40 31 805 56 50"}}, {"type": "Feature", "geometry": {"type": "Point", "coordinates": [26.1941123, 44.4085254]}, "properties": {"addr:city": "Bucure\u0219ti", "addr:housenumber": "49A", "addr:street": "Bulevardul Theodor Pallady", "amenity": "clinic", "healthcare": "clinic", "name": "Regina Maria", "operator": "Regina Maria", "operator:type": "private", "source": "survey", "website": "https://www.reginamaria.ro/"}}, {"type": "Feature", "geometry": {"type": "Point", "coordinates": [26.1334034, 44.4228442]}, "properties": {"amenity": "clinic", "healthcare": "clinic", "name": "Gral Medical", "opening_hours": "Mo-Sa 06:00-22:00", "phone": "+40 21 323 0000", "website": "https://www.gralmedical.ro"}}, {"type": "Feature", "geometry": {"type": "Point", "coordinates": [26.1341169, 44.4226032]}, "properties": {"amenity": "clinic", "healthcare": "clinic", "name": "Gral Medical", "opening_hours": "Mo-Fr 08:00-20:00", "phone": "+40 21 323 0000", "website": "https://www.gralmedical.ro"}}, {"type": "Feature", "geometry": {"type": "Point", "coordinates": [23.794576, 44.3023981]}, "properties": {"amenity": "clinic", "healthcare": "clinic", "name": "Phoenix Medicover", "website": "https://www.phoenix-hospital.ro/"}}, {"type": "Feature", "geometry": {"type": "Point", "coordinates": [26.1295079, 44.3780712]}, "properties": {"amenity": "clinic", "name": "Clinica Alegria"}}, {"type": "Feature", "geometry": {"type": "Point", "coordinates": [23.9027937, 46.5541607]}, "properties": {"amenity": "clinic", "healthcare": "clinic"}}, {"type": "Feature", "geometry": {"type": "Point", "coordinates": [26.1788154, 46.5199263]}, "properties": {"addr:city": "Brusturoasa", "addr:postcode": "607075", "addr:street": "Strada Inginer Elie Radu", "amenity": "clinic", "healthcare": "clinic", "name": "Dispensarul Brusturoasa"}}, {"type": "Feature", "geometry": {"type": "Point", "coordinates": [26.0768039, 44.4145595]}, "properties": {"addr:city": "Bucure\u0219ti", "addr:housenumber": "251-253", "addr:postcode": "050897", "addr:street": "Calea Rahovei", "amenity": "hospital", "emergency": "yes", "healthcare": "hospital", "healthcare:speciality": "dentist", "name": "Clinica stomatologica non-stop"}}, {"type": "Feature", "geometry": {"type": "Point", "coordinates": [23.5621682, 47.6485548]}, "properties": {"addr:city": "Baia Mare", "addr:housenumber": "9", "addr:postcode": "430202", "addr:street": "Strada Oituz", "amenity": "clinic", "doctor": "cardiologist", "email": "schiopu_m@yahoo.com", "mobile": "+40 732 051 958", "name": "INTERCARDIO - Cabinet Medical Dr. Mihai Schiopu", "operator": "Dr. Mihai Schiopu", "phone": "+040 262 221 438", "speciality": "cardiology"}}, {"type": "Feature", "geometry": {"type": "Point", "coordinates": [23.5613126, 47.6497311]}, "properties": {"addr:city": "Baia Mare", "addr:housenumber": "17", "addr:street": "Bulevardul Republicii", "amenity": "clinic", "healthcare": "laboratory", "name": "Bioclinica", "opening_hours": "Mo-Fr 07:00-14:00", "phone": "0362802173", "website": "https://bioclinica.ro/locatii/maramures/baia-mare/punct-de-recoltare-baia-mare-baia-mare"}}, {"type": "Feature", "geometry": {"type": "Point", "coordinates": [23.594387, 46.7907224]}, "properties": {"addr:city": "Cluj-Napoca", "addr:housenumber": "3", "addr:postcode": "400260", "addr:street": "Strada Dumbrava Ro\u0219ie", "amenity": "clinic", "emergency": "no", "healthcare": "clinic", "healthcare:speciality": "dentist;dentistry;dental_oral_maxillo_facial_surgery", "name": "Zen Dental"}}, {"type": "Feature", "geometry": {"type": "Point", "coordinates": [23.5789228, 46.771994]}, "properties": {"addr:city": "Cluj-Napoca", "addr:housenumber": "12A", "addr:street": "Strada Mamaia", "amenity": "clinic", "healthcare": "clinic", "name": "Integria Medical", "opening_hours": "Mo-Fr 08:00-20:00; PH closed", "website": "https://integriamedical.ro/"}}, {"type": "Feature", "geometry": {"type": "Point", "coordinates": [27.5675245, 47.1809181]}, "properties": {"amenity": "clinic", "healthcare": "clinic", "name": "Neolife", "operator": "Neolife", "operator:type": "private"}}, {"type": "Feature", "geometry": {"type": "Point", "coordinates": [26.811894, 45.1498653]}, "properties": {"addr:city": "Buz\u0103u", "addr:housenumber": "88", "addr:postcode": "120204", "addr:street": "Strada Patriei", "amenity": "clinic", "healthcare": "clinic", "healthcare:speciality": "cardiology;neonatology;paediatrics;ophthalmology;dermatology;internal;psychiatry;blood_check;oncology", "mobile": "+40744344588", "name": "Clinica AngiSan", "opening_hours": "Mo-Fr 08:00-18:00", "operator": "AngiSan", "operator:type": "private", "website": "https://angisan.ro/"}}, {"type": "Feature", "geometry": {"type": "Point", "coordinates": [26.8148632, 45.1501467]}, "properties": {"amenity": "clinic", "healthcare": "clinic", "healthcare:speciality": "dentistry;dentist", "name": "Clinica Stomamed Estet", "operator": "Stomamed Estet", "operator:type": "private"}}, {"type": "Feature", "geometry": {"type": "Point", "coordinates": [26.8134434, 45.1566438]}, "properties": {"addr:city": "Buz\u0103u", "addr:housenumber": "4", "addr:postcode": "120157", "addr:street": "Strada Ion Heliade R\u0103dulescu", "amenity": "clinic", "healthcare": "clinic", "name": "Unic Dent Clinic"}}, {"type": "Feature", "geometry": {"type": "Point", "coordinates": [26.8165951, 45.1497055]}, "properties": {"amenity": "clinic", "healthcare": "clinic", "healthcare:speciality": "general", "name": "Centromedica", "opening_hours": "Mo-Fr 09:00-16:00"}}, {"type": "Feature", "geometry": {"type": "Point", "coordinates": [26.8170598, 45.1501634]}, "properties": {"amenity": "clinic", "healthcare": "clinic", "healthcare:speciality": "general", "name": "Clinica Sciencemed", "opening_hours": "Mo-Fr 09:00-16:00", "operator": "Sciencemed SRL"}}, {"type": "Feature", "geometry": {"type": "Point", "coordinates": [26.8172355, 45.1482553]}, "properties": {"amenity": "clinic", "healthcare": "clinic", "healthcare:speciality": "dentist", "name": "Clinica de Stomatologie - Dent A.S.", "operator": "Dent A.S."}}, {"type": "Feature", "geometry": {"type": "Point", "coordinates": [26.8170972, 45.1486059]}, "properties": {"amenity": "clinic", "healthcare": "clinic", "name": "RMN, Computer Tomograf"}}, {"type": "Feature", "geometry": {"type": "Point", "coordinates": [25.8060647, 46.3629626]}, "properties": {"addr:city": "Miercurea Ciuc", "addr:housenumber": "2", "addr:postcode": "530221", "addr:street": "Strada Kossuth Lajos", "amenity": "clinic", "atm": "yes", "contact:facebook": "https://www.facebook.com/multimedklinika", "email": "receptie@multimed.ro", "healthcare": "clinic", "healthcare:speciality": "neurology;psychiatry;internal;neuropsychiatry;endocrinology;urology;paediatrics;cardiology;surgery;occupational;pulmonology;oncology;diagnostic_radiology", "mobile": "+4 0746 624 141", "name": "Multimed", "opening_hours": "Mo-Fr 08:00-20:00, Sa 09:00-14:00", "website": "https://multimed.ro/"}}, {"type": "Feature", "geometry": {"type": "Point", "coordinates": [26.8158326, 45.1498893]}, "properties": {"amenity": "clinic", "healthcare": "clinic", "name": "Clinica Biodent", "operator": "Biodent"}}, {"type": "Feature", "geometry": {"type": "Point", "coordinates": [24.7687354, 45.0189937]}, "properties": {"addr:housenumber": "84", "addr:postcode": "117449", "addr:street": "DJ703I", "amenity": "hospital", "email": "ortopediepediatrica1@gmail.com", "emergency": "yes", "healthcare": "hospital", "healthcare:speciality": "orthopedic_pediatric", "mobile": "+40771424424", "name": "Centrul de Ortopedie Pediatric\u0103 BUNe\u0219ti", "operator": "Centrul de Ortopedie Pediatric\u0103 BUNe\u0219ti", "operator:type": "private", "website": "https://www.ortopedpediatru.ro/"}}, {"type": "Feature", "geometry": {"type": "Point", "coordinates": [22.6461335, 44.6309055]}, "properties": {"amenity": "clinic", "healthcare": "clinic", "name": "Hospimed"}}, {"type": "Feature", "geometry": {"type": "Point", "coordinates": [26.8180027, 45.1521914]}, "properties": {"amenity": "clinic", "healthcare": "clinic", "healthcare:speciality": "dentist", "name": "Clinica Stomatologic\u0103 Dr. Octavian Honciu"}}, {"type": "Feature", "geometry": {"type": "Point", "coordinates": [26.0578487, 44.4178164]}, "properties": {"amenity": "clinic", "name": "DIGIRX Center"}}, {"type": "Feature", "geometry": {"type": "Point", "coordinates": [26.1341314, 44.4148985]}, "properties": {"addr:city": "Bucure\u0219ti", "addr:housenumber": "6A/22-23", "addr:postcode": "031827", "addr:street": "Strada R\u0103cari", "amenity": "clinic", "facebook": "https://www.facebook.com/profile.php?id=61560271345705", "healthcare": "clinic", "healthcare:speciality": "rmn;diagnostic", "language:en": "yes", "language:ro": "yes", "name": "RMN Bucure\u0219ti", "note": "key payment options: unknown values  card (Q: debit or credt) , Gratuit: RMN cu bilet de trimitere CASMB, Gratuit cu bilet de trimitere Monitor", "opening_hours": "Mo-Fr 08:00-24:00, Sat-Sun 09:00 - 20:00", "payment:cash": "yes", "website": "https://www.rmn-bucuresti.ro/"}}, {"type": "Feature", "geometry": {"type": "Point", "coordinates": [21.2296711, 45.7651526]}, "properties": {"amenity": "clinic", "healthcare": "clinic", "name": "MedLife", "opening_hours": "Mo-Fr 08:00-20:00"}}, {"type": "Feature", "geometry": {"type": "Point", "coordinates": [21.2033239, 45.758459]}, "properties": {"amenity": "clinic", "healthcare": "clinic", "name": "ArTerra", "opening_hours": "Mo-Fr 09:00-21:00"}}, {"type": "Feature", "geometry": {"type": "Point", "coordinates": [26.8095424, 45.1516461]}, "properties": {"amenity": "clinic", "healthcare": "clinic", "healthcare:speciality": "cardiology", "name": "Clinica Matcord", "operator": "Matcord", "operator:type": "private", "website": "https://www.matcord.ro/"}}, {"type": "Feature", "geometry": {"type": "Point", "coordinates": [26.9095444, 46.5677281]}, "properties": {"addr:city": "Bac\u0103u", "addr:housenumber": "5", "addr:street": "Strada R\u0103zboieni", "amenity": "clinic", "healthcare": "clinic", "name": "Policlinica cu plat\u0103 Bac\u0103u", "operator": "Directia de Sanatate publica Bacau", "operator:type": "public"}}, {"type": "Feature", "geometry": {"type": "Point", "coordinates": [26.1194649, 44.3904045]}, "properties": {"addr:city": "Bucure\u0219ti", "addr:housenumber": "9", "addr:street": "Strada Sergent Ni\u021bu Vasile", "amenity": "clinic", "healthcare": "clinic", "name": "Centrokinetik"}}, {"type": "Feature", "geometry": {"type": "Point", "coordinates": [26.1317385, 44.4385841]}, "properties": {"addr:city": "Bucure\u0219ti", "addr:housenumber": "33", "addr:street": "Strada Agricultori", "amenity": "clinic", "healthcare": "clinic", "healthcare:speciality": "radiology;diagnostic_radiology", "name": "Regina Maria - Centrul de Imagistic\u0103 Agricultori", "operator": "Regina Maria", "operator:type": "private"}}, {"type": "Feature", "geometry": {"type": "Point", "coordinates": [26.1310099, 44.4409547]}, "properties": {"amenity": "clinic", "name": "Clinica QI"}}, {"type": "Feature", "geometry": {"type": "Point", "coordinates": [22.8673499, 47.7975555]}, "properties": {"amenity": "clinic", "healthcare": "clinic", "name": "Pfau Med"}}, {"type": "Feature", "geometry": {"type": "Point", "coordinates": [27.365433, 44.5594718]}, "properties": {"addr:city": "Slobozia", "addr:housenumber": "8", "addr:postcode": "920075", "addr:street": "Duzilor", "amenity": "hospital", "contact:facebook": "https://www.facebook.com/AmbulantaPrivataAlmarom2001", "email": "office@almarom2001.ro", "emergency": "yes", "healthcare": "hospital", "healthcare:speciality": "urology;community", "name": "S.C. Almarom 2001 S.R.L.", "operator": "Serviciu privat de ambulan\u021b\u0103", "operator:type": "private"}}, {"type": "Feature", "geometry": {"type": "Point", "coordinates": [23.1541408, 48.0411195]}, "properties": {"addr:city": "batarci", "addr:postcode": "447030", "addr:street": "strada principala", "amenity": "clinic", "healthcare": "clinic", "name": "Doctor familie"}}, {"type": "Feature", "geometry": {"type": "Point", "coordinates": [26.0795859, 44.4585985]}, "properties": {"amenity": "hospital", "emergency": "yes", "healthcare": "hospital", "name": "Spitalul de Urgenta Prof. Dr. Agrippa Ionescu", "phone": "+4 0377.72.0000", "website": "https://spitalulagrippaionescu.ro/", "wikidata": "Q124726644"}}, {"type": "Feature", "geometry": {"type": "Point", "coordinates": [26.1580362, 44.3667777]}, "properties": {"amenity": "clinic", "check_date": "2025-07-06", "healthcare": "clinic", "name": "Marvel Clinic"}}, {"type": "Feature", "geometry": {"type": "Point", "coordinates": [28.6019337, 44.1645748]}, "properties": {"addr:city": "Constan\u021ba", "addr:housenumber": "34A", "addr:street": "Strada Medeea", "amenity": "clinic", "healthcare": "clinic", "healthcare:speciality": "surgery", "name": "ROCOMED - Clinic\u0103 de chirurgie"}}, {"type": "Feature", "geometry": {"type": "Point", "coordinates": [25.5989005, 45.6520547]}, "properties": {"addr:city": "Bra\u0219ov", "addr:housenumber": "23", "addr:street": "Strada Doctor Victor Babe\u0219", "amenity": "clinic", "healthcare": "clinic", "name": "Serviciul Jude\u021bean de Medicin\u0103 Legal\u0103"}}, {"type": "Feature", "geometry": {"type": "Point", "coordinates": [23.0544987, 47.1943004]}, "properties": {"addr:city": "Zal\u0103u", "addr:housenumber": "10A", "addr:street": "Strada Sf\u00e2nta Vineri", "amenity": "clinic", "healthcare": "clinic", "name": "Policlinica Sf\u00e2nta Vineri", "name:ro": "Policlinica Sf\u00e2nta Vineri", "phone": "0260 616 177", "website": "https://clinicamediserv.ro/"}}, {"type": "Feature", "geometry": {"type": "Point", "coordinates": [26.0420729, 44.9396127]}, "properties": {"addr:city": "Ploie\u0219ti", "addr:street": "Strada Mihai Bravu nr. 107A", "amenity": "clinic", "healthcare": "clinic", "healthcare:speciality": "blood_check;general;gynaecology", "mobile": "+40787646024", "name": "ICON LAB", "phone": "+40244700251", "website": "https://iconlab.ro/"}}, {"type": "Feature", "geometry": {"type": "Point", "coordinates": [26.2658247, 47.6611264]}, "properties": {"amenity": "hospital", "healthcare": "hospital", "name": "Policlinica Bethesda"}}, {"type": "Feature", "geometry": {"type": "Point", "coordinates": [26.1635151, 44.3816078]}, "properties": {"addr:city": "Pope\u0219ti-Leordeni", "addr:housenumber": "9", "addr:postcode": "077160", "addr:street": "Strada Livezi", "amenity": "hospital", "emergency": "no", "healthcare": "hospital", "healthcare:speciality": "neurology", "name": "CMI NEUROLOGIE DR. TOMESCU V. ELENA", "operator": "dr. specialist neurologie TOMESCU V. ELENA", "operator:type": "private_individual"}}, {"type": "Feature", "geometry": {"type": "Point", "coordinates": [26.4230895, 47.6601239]}, "properties": {"amenity": "hospital", "healthcare": "hospital", "name": "Policlinica"}}, {"type": "Feature", "geometry": {"type": "Point", "coordinates": [26.4233866, 47.6604799]}, "properties": {"amenity": "hospital", "healthcare": "hospital", "name": "UNITATE DE ASISTEN\u021a\u0102 MEDICO SOCIAL\u0102"}}, {"type": "Feature", "geometry": {"type": "Point", "coordinates": [26.9310269, 46.9278349]}, "properties": {"addr:street": "Strada Tineretului", "amenity": "hospital", "healthcare": "hospital", "name": "Spitalul Municipal de Urgen\u021b\u0103 Roman"}}, {"type": "Feature", "geometry": {"type": "Point", "coordinates": [26.1015992, 44.4508004]}, "properties": {"amenity": "clinic", "description": "clinica de recuperare ", "name": "Physio Medical Center"}}, {"type": "Feature", "geometry": {"type": "Point", "coordinates": [24.3627512, 45.0956186]}, "properties": {"amenity": "clinic", "check_date": "2025-09-16", "healthcare": "clinic", "name": "Centru Medical Ciobimex"}}, {"type": "Feature", "geometry": {"type": "Point", "coordinates": [25.5089907, 43.7665793]}, "properties": {"addr:city": "Bragadiru", "addr:housenumber": "87", "addr:postcode": "147030", "addr:street": "Strada Dun\u0103rii", "amenity": "clinic", "healthcare": "clinic", "healthcare:speciality": "general", "name": "Centrul de Permanen\u021b\u0103 Bragadiru", "start_date": "2022-2-16"}}, {"type": "Feature", "geometry": {"type": "Point", "coordinates": [21.1970581, 45.7663473]}, "properties": {"amenity": "clinic", "healthcare": "clinic", "name": "Medical.33", "opening_hours": "Mo-Fr 08:00-22:00"}}, {"type": "Feature", "geometry": {"type": "Point", "coordinates": [26.4213803, 47.6597731]}, "properties": {"addr:city": "Dumbr\u0103veni", "addr:housenumber": "148", "addr:postcode": "727225", "addr:street": "Strada Calea Na\u021bional\u0103", "amenity": "clinic", "healthcare": "clinic", "opening_hours": "Mo-Sa 08:00-18:00"}}, {"type": "Feature", "geometry": {"type": "Point", "coordinates": [26.0848487, 44.4603961]}, "properties": {"addr:housenumber": "70 (\u00een cadrul Clinicii Prevencia)", "addr:postcode": "011431", "addr:street": "\u0218oseaua Fundeni", "amenity": "clinic", "contact:facebook": "61575972111975", "contact:instagram": "dr_emilia_m", "email": "office@doctormarin.ro", "name": "Medic de familie - Dr. Marin Emilia", "name:en": "General Practitioner - Dr. Marin Emilia", "name:ro": "Medic de familie - Dr. Marin Emilia", "opening_hours": "Mo-We 13:00-18:00; Th, Fr 08:00-13:00", "phone": "+40729215610", "website": "https://doctormarin.ro"}}, {"type": "Feature", "geometry": {"type": "Point", "coordinates": [26.0959988, 44.4607269]}, "properties": {"addr:city": "Bucure\u0219ti", "addr:housenumber": "16", "addr:postcode": "011602", "addr:street": "Strada Pu\u021bul lui Zamfir", "amenity": "clinic", "email": "info@clinicaark.ro", "name": "Clinica Ark", "name:en": "Ark Clinic", "name:ro": "Clinica Ark", "opening_hours": "Mo-Fr 00:00-24:00; Sa-Su 13:00-20:00", "website": "https://www.clinicaark.ro"}}, {"type": "Feature", "geometry": {"type": "Point", "coordinates": [26.1311258, 47.6147806]}, "properties": {"addr:city": "Stroie\u0219ti", "addr:housenumber": "416", "addr:postcode": "727500", "addr:street": "Aleea Teilor", "amenity": "hospital", "emergency": "no", "healthcare": "hospital", "healthcare:speciality": "general", "name": "Dispensarul Stroie\u0219ti", "operator": "Clinica ICD", "operator:type": "private", "website": "https://icd.ro/contact/clinica-icd-stroiesti/"}}, {"type": "Feature", "geometry": {"type": "Point", "coordinates": [26.0586532, 44.4422262]}, "properties": {"addr:housenumber": "9", "addr:postcode": "060758", "addr:street": "Strada Sublocotenent Alexandru Borneanu", "amenity": "clinic", "level": "2", "name": "Kineto Demo Group", "opening_hours": "Mo-Fr 08:00-21:00; Sa 09:00-14:00", "phone": "+40 (722) 839 882", "website": "https://kinetodema.ro/"}}, {"type": "Feature", "geometry": {"type": "Point", "coordinates": [21.206174, 45.7665933]}, "properties": {"amenity": "clinic", "healthcare": "clinic", "name": "Slovenski", "opening_hours": "Mo-Fr 08:00-20:00"}}, {"type": "Feature", "geometry": {"type": "Point", "coordinates": [24.3633198, 45.1094895]}, "properties": {"amenity": "clinic", "check_date": "2025-10-06", "healthcare": "clinic", "healthcare:speciality": "gynaecology;urology;surgery;abortion;neurosurgery;vascular_surgery;ophthalmology;cardiology;oncology;gastroenterology;haematology;endocrinology;dermatology;paediatrics;neonatology;psychiatry;neurology", "name": "Evroclinic", "phone": "+40 755 921 688"}}, {"type": "Feature", "geometry": {"type": "Point", "coordinates": [24.3631403, 45.1113865]}, "properties": {"addr:housenumber": "171", "addr:postcode": "240284", "addr:street": "Calea lui Traian", "amenity": "clinic", "check_date": "2025-10-06", "email": "contact@clinicagyneo.ro", "healthcare": "clinic", "name": "GyNeo", "phone": "+40 768 222 555", "website": "https://clinicagyneo.ro"}}, {"type": "Feature", "geometry": {"type": "Point", "coordinates": [26.1134645, 44.4123409]}, "properties": {"addr:city": "Bucure\u0219ti", "addr:housenumber": "1", "addr:postcode": "040401", "addr:street": "Strada Piscului", "amenity": "clinic", "healthcare": "clinic", "name": "Ozonoterapie Dr. Al Assadi Ali", "opening_hours": "Mo-Fr 10:00-18:00", "phone": "+40729638728", "website": "https://ozonoterapie-bucuresti.ro/"}}, {"type": "Feature", "geometry": {"type": "Point", "coordinates": [26.0932948, 44.450911]}, "properties": {"addr:housenumber": "20", "addr:postcode": "010646", "addr:street": "Strada General Constantin Coand\u0103", "amenity": "clinic", "name": "Adia Kineto", "opening_hours": "Mo-Fr 08:00-20:00", "phone": "+40 771 223 749", "website": "https://adiakineto.ro/"}}, {"type": "Feature", "geometry": {"type": "Point", "coordinates": [26.111199, 44.4372303]}, "properties": {"addr:housenumber": "45", "addr:street": "Bulevardul Carol I", "amenity": "clinic", "name": "StandardMed", "opening_hours": "Mo-Tu, Th 14:15-18:30; We, Fr 09:00-12:30", "website": "https://standardmed.ro"}}, {"type": "Feature", "geometry": {"type": "Point", "coordinates": [23.8989446, 47.0238867]}, "properties": {"addr:city": "Gherla", "addr:street": "Strada Clujului", "amenity": "clinic", "healthcare": "clinic", "name": "Medlife", "name:ro": "Medlife"}}, {"type": "Feature", "geometry": {"type": "Point", "coordinates": [21.2460124, 45.7314137]}, "properties": {"amenity": "clinic", "healthcare": "clinic", "name": "Centrul Medical Dr. Pirjol"}}, {"type": "Feature", "geometry": {"type": "Point", "coordinates": [25.6227588, 45.6472054]}, "properties": {"addr:city": "Bra\u0219ov", "addr:housenumber": "32A", "addr:postcode": "500332", "addr:street": "Strada Traian", "alt_name": "Policlinica Traian Brasov", "amenity": "clinic", "email": "office@reginamaria.ro", "healthcare": "clinic", "name": "Regina Maria", "opening_hours": "Mo-Fr 07:00-21:00; Sa 08:00-12:00", "operator": "Regina Maria", "operator:type": "private", "phone": "+40 21 9268;+40 732 000 006", "website": "https://www.reginamaria.ro/clinici/policlinica-traian-brasov"}}, {"type": "Feature", "geometry": {"type": "Point", "coordinates": [24.3634219, 45.1210533]}, "properties": {"amenity": "clinic", "check_date": "2025-11-12", "healthcare": "clinic", "name": "GeNA Clinique"}}, {"type": "Feature", "geometry": {"type": "Point", "coordinates": [28.5557244, 44.1128389]}, "properties": {"addr:city": "Cump\u0103na", "addr:housenumber": "117", "addr:postcode": "907105", "addr:street": "\u0218oseaua Constan\u021bei", "amenity": "clinic", "healthcare": "clinic", "name": "Centrul Multifunc\u021bional de Asisten\u021b\u0103 Socio-Medical\u0103", "social_services": "social_assistance"}}, {"type": "Feature", "geometry": {"type": "Point", "coordinates": [28.6115501, 44.3203776]}, "properties": {"amenity": "clinic", "healthcare": "clinic", "name": "Centrul de S\u0103n\u0103tate Multifunc\u021bional N\u0103vodari"}}, {"type": "Feature", "geometry": {"type": "Point", "coordinates": [26.0304649, 44.3547048]}, "properties": {"addr:city": "M\u0103gurele", "addr:housenumber": "2", "addr:postcode": "077126", "addr:street": "Strada Panselelor", "air_conditioning": "yes", "amenity": "clinic", "healthcare": "clinic", "healthcare:speciality": "cardiology;general;neurology;psychiatry;rheumatology", "name": "Centrul Medical M\u0103gurele", "phone": "0314053636"}}, {"type": "Feature", "geometry": {"type": "Point", "coordinates": [24.3639049, 45.1304784]}, "properties": {"addr:city": "R\u00e2mnicu V\u00e2lcea", "addr:housenumber": "269", "addr:street": "Calea lui Traian", "amenity": "clinic", "healthcare": "clinic", "healthcare:speciality": "psychiatry", "name": "Medart"}}, {"type": "Feature", "geometry": {"type": "Point", "coordinates": [26.1192077, 44.3901067]}, "properties": {"addr:city": "Bucure\u0219ti", "addr:street": "Strada Sergent Ni\u021bu Vasile", "amenity": "clinic", "healthcare": "clinic", "healthcare:speciality": "general", "name": "MedicalES"}}, {"type": "Feature", "geometry": {"type": "Point", "coordinates": [26.3855712, 44.4611314]}, "properties": {"amenity": "clinic", "healthcare": "clinic", "name": "Dispensar"}}, {"type": "Feature", "geometry": {"type": "Point", "coordinates": [26.0977127, 44.4543435]}, "properties": {"amenity": "clinic", "healthcare": "clinic", "healthcare:speciality": "dentistry", "level": "1", "name": "Dental Sense"}}, {"type": "Feature", "geometry": {"type": "Point", "coordinates": [23.5212617, 44.5540375]}, "properties": {"amenity": "clinic", "brand": "Clinica Sante", "brand:wikidata": "Q121080834", "healthcare": "sample_collection", "name": "Clinica Sante"}}, {"type": "Feature", "geometry": {"type": "Point", "coordinates": [23.2718285, 45.0401564]}, "properties": {"addr:housenumber": "18", "addr:street": "Strada Victoriei", "amenity": "clinic", "name": "Cardiologie Dr Malaescu", "phone": "0253219632"}}, {"type": "Feature", "geometry": {"type": "Point", "coordinates": [28.0543846, 45.4357908]}, "properties": {"amenity": "clinic", "healthcare": "clinic", "name": "Medlife", "opening_hours": "Mo-Fr 07:00-21:00; Sa 09:00-14:00"}}, {"type": "Feature", "geometry": {"type": "Point", "coordinates": [26.1579605, 44.4423967]}, "properties": {"addr:city": "Bucure\u0219ti", "addr:district": "2", "addr:housenumber": "258", "addr:street": "\u0218oseaua Pantelimon", "amenity": "clinic", "email": "pantelimon@medicales.ro", "healthcare": "clinic", "name": "MedicalES Pantelimon"}}, {"type": "Feature", "geometry": {"type": "Point", "coordinates": [21.251369, 45.7637235]}, "properties": {"amenity": "hospital", "healthcare": "hospital", "name": "Clinica Synevo"}}, {"type": "Feature", "geometry": {"type": "Point", "coordinates": [21.2511885, 45.7636697]}, "properties": {"amenity": "hospital", "healthcare": "hospital", "name": "Centrul medical Sfantul Stefan"}}, {"type": "Feature", "geometry": {"type": "Point", "coordinates": [21.2515821, 45.7637591]}, "properties": {"amenity": "hospital", "healthcare": "hospital", "name": "Clinica Helpsan"}}, {"type": "Feature", "geometry": {"type": "Point", "coordinates": [25.6195588, 45.6507632]}, "properties": {"amenity": "clinic", "check_date": "2026-02-28", "healthcare": "clinic", "name": "PoliAna"}}, {"type": "Feature", "geometry": {"type": "Point", "coordinates": [26.7777236, 46.2522619]}, "properties": {"amenity": "clinic", "healthcare": "clinic", "name": "Cabinet medical \u0219colar nr.3", "operator": "Direc\u021bia de Asisten\u021b\u0103 Social\u0103 One\u0219ti"}}, {"type": "Feature", "geometry": {"type": "Point", "coordinates": [26.8264618, 45.1492706]}, "properties": {"addr:city": "Buz\u0103u", "addr:housenumber": "1", "addr:street": "Strada Aurorei", "amenity": "clinic", "healthcare": "clinic", "name": "New Medical", "phone": "0765382199", "website": "https://www.newmedical.ro/"}}, {"type": "Feature", "geometry": {"type": "Point", "coordinates": [23.5621642, 46.7570681]}, "properties": {"amenity": "clinic", "healthcare": "clinic", "healthcare:speciality": "paediatric_surgery;orthopaedics;dentist", "name": "Mediprax"}}, {"type": "Feature", "geometry": {"type": "Point", "coordinates": [25.5487287, 45.3488899]}, "properties": {"amenity": "clinic", "name": "Centrul Medical Carol"}}, {"type": "Feature", "geometry": {"type": "Point", "coordinates": [27.4302514, 45.8435265]}, "properties": {"amenity": "clinic", "healthcare": "clinic", "name": "Medic One - Divizia medical\u0103"}}, {"type": "Feature", "geometry": {"type": "Point", "coordinates": [27.9127914, 45.8711141]}, "properties": {"addr:city": "T\u00e2rgu Bujor", "addr:housenumber": "105", "addr:postcode": "805200", "addr:street": "Strada General Eremia Grigorescu", "amenity": "hospital", "healthcare": "hospital", "name": "Policlinica"}}, {"type": "Feature", "geometry": {"type": "Point", "coordinates": [21.2077928, 45.7317486]}, "properties": {"amenity": "clinic", "name": "Clinica Sante"}}, {"type": "Feature", "geometry": {"type": "Point", "coordinates": [25.3627491, 43.6526112]}, "properties": {"amenity": "clinic", "healthcare": "clinic", "healthcare:speciality": "paediatrics;child_psychiatry", "name": "Centrul de Recuperare \u0219i Consiliere Psihologic\u0103 pentru Copii cu Dizabilit\u0103\u021bi"}}, {"type": "Feature", "geometry": {"type": "Point", "coordinates": [25.6012746, 45.6496001]}, "properties": {"amenity": "clinic", "healthcare": "clinic", "healthcare:speciality": "paediatrics"}}, {"type": "Feature", "geometry": {"type": "Point", "coordinates": [21.2173187, 45.7287796]}, "properties": {"amenity": "clinic", "name": "IliMed Kinetica"}}, {"type": "Feature", "geometry": {"type": "Point", "coordinates": [26.1660213, 44.4491005]}, "properties": {"addr:housenumber": "70", "addr:street": "\u0218oseaua Fundeni", "amenity": "clinic", "name": "Clinica Prevencia", "opening_hours": "Mo-Fr 08:00-18:00", "phone": "+40729215610", "website": "http://prevencia.ro"}}, {"type": "Feature", "geometry": {"type": "Point", "coordinates": [26.0365821, 44.4430847]}, "properties": {"addr:housenumber": "52", "addr:street": "Soseaua Virtu\u021bii", "amenity": "clinic", "name": "Medima", "phone": "+40373301413", "website": "https://medima.ro"}}, {"type": "Feature", "geometry": {"type": "Point", "coordinates": [24.5061082, 47.1390174]}, "properties": {"addr:city": "Bistri\u021ba", "addr:housenumber": "7", "addr:postcode": "420094", "addr:street": "Aleea Greuceanu", "amenity": "hospital", "healthcare": "hospital", "healthcare:speciality": "family_medicine;occupational", "name": "CMI Dr. Ru\u0219ti Anca"}}, {"type": "Feature", "geometry": {"type": "Point", "coordinates": [26.1121513, 44.3970163]}, "properties": {"amenity": "clinic", "name": "Medlife"}}, {"type": "Feature", "geometry": {"type": "Point", "coordinates": [26.1125942, 44.3968678]}, "properties": {"amenity": "clinic", "name": "Bioclinica"}}, {"type": "Feature", "geometry": {"type": "Point", "coordinates": [25.6193174, 45.6381014]}, "properties": {"amenity": "clinic", "check_date": "2026-04-19", "healthcare": "clinic", "name": "CentroKinetic"}}, {"type": "Feature", "geometry": {"type": "Point", "coordinates": [21.3462837, 46.1745149]}, "properties": {"addr:housenumber": "3", "addr:street": "Strada Doctor Cornel Radu", "amenity": "hospital", "check_date": "2026-04-22", "check_date:opening_hours": "2026-04-21", "healthcare": "hospital", "name": "Spitalul MedLife Genesys Arad", "opening_hours": "24/7", "phone": "0257 960", "website": "https://www.medlife.ro/"}}, {"type": "Feature", "geometry": {"type": "Point", "coordinates": [21.3441199, 46.174078]}, "properties": {"addr:housenumber": "Bl. 331A", "addr:postcode": "310329", "addr:street": "Splaiul General Gheorghe Magheru", "amenity": "clinic", "check_date": "2026-04-22", "check_date:opening_hours": "2026-04-21", "healthcare": "clinic", "level": "0", "name": "Centrul de Permanen\u021b\u0103 MedLife Genesys", "opening_hours": "Mo-Th 15:00-08:00; Fr 15:00-00:00; Sa-Su 00:00-24:00", "phone": "0257 960"}}, {"type": "Feature", "geometry": {"type": "Point", "coordinates": [23.5833604, 46.7652448]}, "properties": {"amenity": "clinic", "healthcare": "clinic", "name": "Clinica de medicina muncii"}}, {"type": "Feature", "geometry": {"type": "Point", "coordinates": [26.1154942, 44.4519717]}, "properties": {"addr:city": "Bucure\u0219ti", "addr:housenumber": "42-44", "addr:street": "Strada Despot Vod\u0103", "amenity": "clinic", "healthcare": "clinic", "name": "Poliana"}}, {"type": "Feature", "geometry": {"type": "Point", "coordinates": [21.9191906, 47.06187]}, "properties": {"amenity": "clinic", "healthcare": "clinic", "healthcare:speciality": "radiology;cardiology;neurology;gastroenterology;paediatrics;dermatology", "name": "Raze", "opening_hours": "Mo-Fr 07:00-20:00", "website": "https://www.clinicaraze.ro/clinica-raze-decebal/"}}, {"type": "Feature", "geometry": {"type": "Point", "coordinates": [28.6340446, 44.1912651]}, "properties": {"addr:housenumber": "94A", "addr:postcode": "900607", "addr:street": "Bulevardul Alexandru L\u0103pu\u0219neanu", "amenity": "clinic", "contact:facebook": "Fiziozone", "email": "office@fiziozone.ro", "name": "Clinica Fiziozone", "opening_hours": "Mo-Fr 07:00-21:00; Sa-Su 07:00-13:00", "phone": "+40773820416;0341999", "website": "http://fiziozone.ro"}}, {"type": "Feature", "geometry": {"type": "Point", "coordinates": [24.3587909, 45.1027312]}, "properties": {"amenity": "clinic", "check_date": "2026-05-08", "check_date:opening_hours": "2026-05-08", "healthcare": "clinic", "name": "Clinica Dentar\u0103 Victoria", "opening_hours": "Mo 12:00-20:00; Tu-Th 08:00-20:00; Fr 08:00-16:00; Sa-Su off", "operator:type": "private", "website": "https://policlinicavictoria.ro"}}, {"type": "Feature", "geometry": {"type": "Point", "coordinates": [26.1088346, 44.4526573]}, "properties": {"amenity": "clinic", "brand": "Synevo", "brand:wikidata": "Q85968400", "healthcare": "laboratory", "name": "Synevo"}}, {"type": "Feature", "geometry": {"type": "Point", "coordinates": [26.1127262, 44.4525583]}, "properties": {"addr:city": "Bucure\u0219ti", "addr:street": "\u0218oseaua \u0218tefan cel Mare", "amenity": "clinic", "healthcare": "clinic", "name": "Bioclinica"}}, {"type": "Feature", "geometry": {"type": "Point", "coordinates": [26.113079, 44.4525401]}, "properties": {"amenity": "clinic", "healthcare": "clinic", "name": "Regina Maria"}}, {"type": "Feature", "geometry": {"type": "Point", "coordinates": [27.5598108, 47.1719011]}, "properties": {"addr:housenumber": "43", "addr:postcode": "700520", "addr:street": "\u0218oseaua Moara de Foc", "amenity": "clinic", "name": "Arcadia Moara de Foc", "opening_hours": "Mo-Fr 07:00-19:00", "phone": "0232920", "website": "https://arcadiamedical.ro/"}}, {"type": "Feature", "geometry": {"type": "Point", "coordinates": [27.5740238, 47.1507246]}, "properties": {"amenity": "clinic", "name": "Clinica Delv"}}, {"type": "Feature", "geometry": {"type": "Point", "coordinates": [28.0438127, 45.4301708]}, "properties": {"addr:city": "Galati", "addr:housenumber": "85", "addr:postcode": "800021", "addr:street": "Strada Br\u0103ilei", "amenity": "clinic", "healthcare": "clinic", "healthcare:speciality": "aesthetic_medicine_clinic", "name": "Arestetic", "opening_hours": "09\u201320"}}, {"type": "Feature", "geometry": {"type": "Point", "coordinates": [26.1279633, 44.4125927]}, "properties": {"amenity": "clinic", "healthcare": "clinic", "name": "Kineto Station"}}, {"type": "Feature", "geometry": {"type": "Point", "coordinates": [23.0498257, 47.1932159]}, "properties": {"addr:city": "Zal\u0103u", "amenity": "clinic", "healthcare": "clinic", "name": "Policlinica Salvosan Ciobanca", "name:ro": "Policlinica Salvosan Ciobanca", "ref:vatin": "672664", "website": "https://salvosan.ro/"}}, {"type": "Feature", "geometry": {"type": "Point", "coordinates": [27.5702508, 47.159744]}, "properties": {"amenity": "clinic", "name": "Regina Maria - Punct de recoltare analize"}}, {"type": "Feature", "geometry": {"type": "Point", "coordinates": [23.4015401, 44.8844249]}, "properties": {"amenity": "clinic", "healthcare": "clinic", "name": "Clinica Medcover"}}, {"type": "Feature", "geometry": {"type": "Point", "coordinates": [28.0431102, 45.4496258]}, "properties": {"addr:city": "Gala\u021bi", "addr:housenumber": "199", "addr:postcode": "800150", "addr:postcode:source": "Date de la Po\u0219ta Rom\u00e2n\u0103, publicate sub Licen\u021ba pentru Guvernare Deschis\u0103 v1.0 la http://date.gov.ro/organization/posta-romana", "addr:street": "Strada Traian", "amenity": "hospital", "healthcare": "hospital", "name": "Spitalul Militar de Urgen\u021b\u0103 \"Dr. Aristide Serfioti\""}}, {"type": "Feature", "geometry": {"type": "Point", "coordinates": [28.0396093, 45.459806]}, "properties": {"addr:city": "Gala\u021bi", "addr:housenumber": "290", "addr:postcode": "800179", "addr:postcode:source": "Date de la Po\u0219ta Rom\u00e2n\u0103, publicate sub Licen\u021ba pentru Guvernare Deschis\u0103 v1.0 la http://date.gov.ro/organization/posta-romana", "addr:street": "Strada Traian", "amenity": "hospital", "healthcare": "hospital", "healthcare:speciality": "psychiatry", "is_in:city": "Gala\u021bi", "name": "Spitalul de psihiatrie \"Elisabeta Doamna\""}}, {"type": "Feature", "geometry": {"type": "Point", "coordinates": [26.1248628, 44.3860758]}, "properties": {"addr:city": "Bucure\u0219ti", "amenity": "hospital", "barrier": "fence", "emergency": "yes", "healthcare": "hospital", "name": "Spitalul Clinic de Psihiatrie \u201cProf. Dr. Alexandru Obregia\u201d", "name:en": "\u201cProf. Dr. Alexandru Obregia\u201d Clinical Hospital of Psychiatry", "url": "http://spital-obregia.ro/", "wikidata": "Q30293473", "wikipedia": "ro:Spitalul Clinic de Psihiatrie \u201eProfesor Doctor Alexandru Obregia\u201d"}}, {"type": "Feature", "geometry": {"type": "Point", "coordinates": [26.0749299, 44.4429665]}, "properties": {"addr:city": "Bucure\u0219ti", "addr:housenumber": "134", "addr:postcode": "010905", "addr:street": "Calea Plevnei", "alt_name": "Spitalul Militar Central", "alt_name:en": "Bucharest Central Military Hospital", "amenity": "hospital", "emergency": "yes", "healthcare": "hospital", "heritage": "2", "heritage:operator": "lmi", "name": "Spitalul Universitar de Urgen\u021b\u0103 Militar Central \u201eDr. Carol Davila\u201d", "name:en": "Central Military Universitary Emergency Hospital \"Carol Davila\"", "operator:type": "public", "ref:RO:lmi": "B-II-a-A-19408", "short_name": "SUUMC", "source:addr:housenumber": "survey", "source:addr:street": "survey", "start_date": "1831", "website": "https://www.scumc.ro/", "wikidata": "Q18541888", "wikipedia": "ro:Spitalul Universitar de Urgen\u021b\u0103 Militar Central \u201eDr. Carol Davila\u201d"}}, {"type": "Feature", "geometry": {"type": "Point", "coordinates": [26.0819245, 44.4535043]}, "properties": {"addr:city": "Bucure\u0219ti", "addr:country": "RO", "addr:housenumber": "11-13", "addr:postcode": "011171", "addr:street": "Bulevardul Ion Mihalache", "amenity": "hospital", "emergency": "no", "full_name": "Spitalul Clinic de Obstetric\u0103 \u0219i Ginecologie Filantropia", "healthcare": "hospital", "healthcare:speciality": "gynaecology", "name": "Spitalul Filantropia", "name:en": "Filantropia Hospital", "name:ro": "Spitalul Filantropia", "operator": "Administra\u021bia Spitalelor \u0219i Serviciilor Medicale Bucure\u0219ti", "operator:type": "public", "phone": "+40 21 318 89 30", "start_date": "1813", "website": "https://spitalulfilantropia.ro/", "wikidata": "Q18548047", "wikimedia_commons": "Category:Filantropia Hospital, Bucharest", "wikipedia": "ro:Spitalul Clinic de Obstetric\u0103 \u0219i Ginecologie Filantropia"}}, {"type": "Feature", "geometry": {"type": "Point", "coordinates": [26.0799803, 44.4539658]}, "properties": {"amenity": "hospital", "is_in:city": "Bucure\u0219ti", "name": "INHT C.T Nicolau"}}, {"type": "Feature", "geometry": {"type": "Point", "coordinates": [26.0918832, 44.4518507]}, "properties": {"addr:city": "Bucure\u0219ti", "addr:housenumber": "30", "addr:postcode": "010623", "addr:street": "Bulevardul Iancu de Hunedoara", "amenity": "hospital", "emergency": "yes", "healthcare": "hospital", "healthcare:speciality": "paediatrics", "is_in:city": "Bucure\u0219ti", "name": "Spitalul Clinic de Urgen\u021b\u0103 pentru Copii \u201eGrigore Alexandrescu\u201d", "name:en": "Grigore Alexandrescu Children's Emergency Clinical Hospital"}}, {"type": "Feature", "geometry": {"type": "Point", "coordinates": [26.0905305, 44.4060346]}, "properties": {"amenity": "hospital", "barrier": "fence", "healthcare": "hospital", "is_in:city": "Bucure\u0219ti", "name": "Spitalul de Pneumoftiziologie Marius Nasta"}}, {"type": "Feature", "geometry": {"type": "Point", "coordinates": [26.1551711, 44.4647593]}, "properties": {"amenity": "hospital", "emergency": "yes", "healthcare": "hospital", "is_in:city": "Bucure\u0219ti", "name": "Spitalul Fundeni", "name:en": "Fundeni Hospital", "website": "https://www.icfundeni.ro/", "wikidata": "Q12730478", "wikipedia": "ro:Institutul Clinic Fundeni"}}, {"type": "Feature", "geometry": {"type": "Point", "coordinates": [26.1440203, 44.3907064]}, "properties": {"addr:city": "Bucure\u0219ti", "addr:housenumber": "13", "addr:street": "\u0218oseaua Vitan-B\u00e2rze\u0219ti", "addr:street:source": "survey", "amenity": "hospital", "emergency": "yes", "healthcare": "hospital", "name": "Spitalul Clinic de Urgen\u021b\u0103 Sf\u00e2ntul Ioan", "phone": "+40213345075", "source:addr:housenumber": "survey", "wikidata": "Q30280902"}}, {"type": "Feature", "geometry": {"type": "Point", "coordinates": [26.0603749, 44.4498751]}, "properties": {"addr:city": "Bucure\u0219ti", "addr:housenumber": "5", "addr:postcode": "060251", "addr:street": "Calea Giule\u0219ti", "amenity": "hospital", "building": "yes", "healthcare": "hospital", "is_in:city": "Bucure\u0219ti", "name": "Spitalul Dr. Panait S\u00eerbu - Maternitatea Giule\u0219ti"}}, {"type": "Feature", "geometry": {"type": "Point", "coordinates": [24.4246538, 47.7086958]}, "properties": {"amenity": "hospital", "healthcare": "hospital", "name": "Spitalul Vi\u0219eu"}}, {"type": "Feature", "geometry": {"type": "Point", "coordinates": [21.2420539, 45.7367673]}, "properties": {"addr:city": "Timi\u0219oara", "addr:housenumber": "156", "addr:postcode": "300723", "addr:street": "Bulevardul Dr. Iosif Bulbuc\u0103 (Liviu Rebreanu)", "amenity": "hospital", "emergency": "yes", "healthcare": "hospital", "name": "Spitalul Clinic Jude\u021bean de Urgen\u021b\u0103 Pius Br\u00eenzeu", "operator": "Spitalul Clinic Jude\u021bean de Urgen\u021b\u0103 Pius Br\u00eenzeu", "website": "https://www.hosptm.ro/", "wikidata": "Q59536357"}}, {"type": "Feature", "geometry": {"type": "Point", "coordinates": [26.022465, 44.4200323]}, "properties": {"addr:city": "Bucure\u0219ti", "addr:postcode": "062079", "addr:street": "Strada Cetatea Histria", "amenity": "clinic", "building": "no", "healthcare": "clinic", "name": "Policlinica Cetatea Histria"}}, {"type": "Feature", "geometry": {"type": "Point", "coordinates": [26.072121, 44.4427886]}, "properties": {"addr:city": "Bucure\u0219ti", "addr:housenumber": "162-164", "addr:postcode": "010243", "addr:street": "Calea Plevnei", "amenity": "hospital", "building": "yes", "building:levels": "5", "emergency": "yes", "healthcare": "hospital", "name": "Spitalul Clinic nr.1 C.F. Witing", "source:addr:housenumber": "survey", "source:addr:street": "survey"}}, {"type": "Feature", "geometry": {"type": "Point", "coordinates": [26.1201508, 44.6460682]}, "properties": {"addr:city": "Balote\u0219ti", "addr:housenumber": "149", "addr:postcode": "077015", "addr:street": "Strada Ion Constantin Br\u0103tianu", "amenity": "hospital", "building": "hospital", "emergency": "yes", "healthcare": "hospital", "internet_access": "wlan", "name": "Spitalul Clinic de Urgen\u021b\u0103 Prof. Dr. Agrippa Ionescu", "operator": "Serviciul Rom\u00e2n de Informa\u021bii", "website": "https://www.spitalulagrippaionescu.ro/"}}, {"type": "Feature", "geometry": {"type": "Point", "coordinates": [26.1134227, 44.4554422]}, "properties": {"amenity": "hospital", "healthcare": "hospital", "name": "Institutul Na\u021bional de Boli Infec\u021bioase \"Profesor Doctor Matei Bal\u0219\""}}, {"type": "Feature", "geometry": {"type": "Point", "coordinates": [26.1149445, 44.4545681]}, "properties": {"amenity": "clinic", "building": "yes", "healthcare": "clinic", "name": "Pavilion D - Policlinica Grozovici"}}, {"type": "Feature", "geometry": {"type": "Point", "coordinates": [26.1229627, 44.4626643]}, "properties": {"amenity": "hospital", "name": "Institutul Na\u021bional pentru S\u0103n\u0103tatea Mamei \u0219i Copilului \u201eAlessandrescu-Rusescu\u201d"}}, {"type": "Feature", "geometry": {"type": "Point", "coordinates": [26.1525595, 44.4287741]}, "properties": {"amenity": "clinic", "building": "yes", "name": "Policlinica Globului"}}, {"type": "Feature", "geometry": {"type": "Point", "coordinates": [26.1625501, 44.4325535]}, "properties": {"addr:street": "Intrarea Horbotei", "amenity": "clinic", "building": "yes", "name": "Dispensar"}}, {"type": "Feature", "geometry": {"type": "Point", "coordinates": [26.0874915, 44.4603487]}, "properties": {"addr:street": "Bulevardul Aviatorilor", "amenity": "hospital", "barrier": "wall", "healthcare": "hospital", "healthcare:speciality": "endocrinology", "name": "Institutul de Endocrinologie \"C I Parhon\"", "website": "https://parhon.ro/"}}, {"type": "Feature", "geometry": {"type": "Point", "coordinates": [24.5613052, 46.5391729]}, "properties": {"amenity": "hospital", "building": "yes", "building:levels": "3", "healthcare": "hospital", "name": "Clinica de Chirurgie oro-maxilo-facial\u0103"}}, {"type": "Feature", "geometry": {"type": "Point", "coordinates": [24.5555668, 46.5423476]}, "properties": {"amenity": "clinic", "building": "yes", "building:levels": "1", "healthcare": "clinic", "name": "Hipocrate 2000"}}, {"type": "Feature", "geometry": {"type": "Point", "coordinates": [26.2497434, 47.6409957]}, "properties": {"addr:city": "Suceava", "addr:street": "Strada \u0218tefan cel Mare", "amenity": "clinic", "building": "yes", "healthcare": "clinic", "height": "20", "id": "4787", "name": "Policlinica Suceava"}}, {"type": "Feature", "geometry": {"type": "Point", "coordinates": [26.2826188, 47.6733151]}, "properties": {"amenity": "hospital", "building": "yes", "height": "20", "name": "Spitalul Bethesda", "name:en": "Bethesda Hospital"}}, {"type": "Feature", "geometry": {"type": "Point", "coordinates": [26.1394851, 44.4267514]}, "properties": {"addr:city": "Bucure\u0219ti", "addr:housenumber": "281", "addr:postcode": "030303", "addr:street": "\u0218oseaua Mihai Bravu", "alt_name": "Spitalul Victor Babe\u0219;Fundatia \"Dr. Victor Babes\"", "alt_name:en": "Victor Babes Hospital", "amenity": "hospital", "barrier": "fence", "emergency": "yes", "healthcare": "hospital", "is_in:city": "Bucure\u0219ti", "name": "Spitalul Clinic de Boli Infec\u021bioase \u0219i Tropicale \u201cDr. Victor Babe\u0219\u201d", "name:en": "Clinical Hospital of Infectious and Tropical Diseases \u201cDr. Victor Babes\u201d"}}, {"type": "Feature", "geometry": {"type": "Point", "coordinates": [29.6639731, 45.155224]}, "properties": {"amenity": "hospital", "building": "yes", "ele": "6", "healthcare": "hospital", "heritage": "2", "heritage:operator": "lmi", "name:ro": "B", "ref:RO:lmi": "TL-II-m-A-06036", "start_date": "1864"}}, {"type": "Feature", "geometry": {"type": "Point", "coordinates": [23.5870763, 46.7632921]}, "properties": {"addr:city": "Cluj-Napoca", "addr:country": "RO", "addr:street": "Strada Ion Creang\u0103", "amenity": "hospital", "healthcare": "hospital", "name": "Institutul Oncologic Prof. Dr. Ion Chiricu\u021b\u0103", "wikidata": "Q97284995"}}, {"type": "Feature", "geometry": {"type": "Point", "coordinates": [22.9036757, 45.7490818]}, "properties": {"addr:city": "Hunedoara", "addr:street": "Strada \u0218tefan cel Mare", "amenity": "hospital", "building": "yes", "building:levels": "5", "healthcare": "hospital", "height": "18", "name": "Sec\u021bia de boli cronice", "source": "Hunedoara Town Hall map"}}, {"type": "Feature", "geometry": {"type": "Point", "coordinates": [25.450142, 44.9229072]}, "properties": {"amenity": "hospital", "healthcare": "hospital", "is_in:city": "T\u00e2rgovi\u0219te", "name": "Spitalul Jude\u021bean D\u00e2mbovi\u021ba"}}, {"type": "Feature", "geometry": {"type": "Point", "coordinates": [26.0858887, 44.4929783]}, "properties": {"addr:city": "Bucure\u0219ti", "addr:housenumber": "40", "addr:street": "Bulevardul Ficusului", "alt_name": "Clinica Neolife", "amenity": "clinic", "building": "hospital", "building:levels": "4", "healthcare": "clinic", "name": "Neolife Medical Center", "website": "https://www.neolife.ro/"}}, {"type": "Feature", "geometry": {"type": "Point", "coordinates": [26.0855238, 44.4382763]}, "properties": {"addr:city": "Bucure\u0219ti", "addr:country": "RO", "addr:housenumber": "24-28", "addr:postcode": "010195", "addr:postcode:source": "Date de la Po\u0219ta Rom\u00e2n\u0103, publicate sub Licen\u021ba pentru Guvernare Deschis\u0103 v1.0 la http://date.gov.ro/organization/posta-romana", "addr:street": "Strada Grigore Cob\u0103lcescu", "alt_name": "Centrul Medical de Diagnostic \u0219i Tratament Ambulatoriu Academician Stefan Milcu", "amenity": "clinic", "building": "yes", "healthcare": "clinic", "name": "Policlinica MAPN"}}, {"type": "Feature", "geometry": {"type": "Point", "coordinates": [26.037359, 44.9163626]}, "properties": {"addr:city": "Ploie\u0219ti", "alt_name": "Policlinia M.A.I.", "amenity": "clinic", "building": "hospital", "healthcare": "clinic", "name": "Centrul Medical de Diagnostic si Tratament Ambulatoriu Ploie\u0219ti", "operator": "Direc\u021bia Medical\u0103 a Ministerului Afacerilor Interne"}}, {"type": "Feature", "geometry": {"type": "Point", "coordinates": [27.0520207, 45.3785941]}, "properties": {"addr:city": "R\u00e2mnicu S\u0103rat", "addr:housenumber": "2", "addr:postcode": "125300", "addr:postcode:source": "Date de la Po\u0219ta Rom\u00e2n\u0103, publicate sub Licen\u021ba pentru Guvernare Deschis\u0103 v1.0 la http://date.gov.ro/organization/posta-romana", "addr:street": "Strada Nicolae B\u0103lcescu", "amenity": "hospital", "healthcare": "hospital", "name": "Spitalul Municipal"}}, {"type": "Feature", "geometry": {"type": "Point", "coordinates": [25.45101, 44.9219203]}, "properties": {"amenity": "hospital", "building": "yes", "healthcare": "hospital", "name": "Policlinica T\u00e2rgovi\u0219te"}}, {"type": "Feature", "geometry": {"type": "Point", "coordinates": [25.4574517, 44.9193267]}, "properties": {"addr:city": "T\u00e2rgovi\u0219te", "addr:street": "Bulevardul Ion C. Br\u0103tianu", "amenity": "hospital", "healthcare": "hospital", "is_in:city": "T\u00e2rgovi\u0219te", "name": "Spitalul Municipal T\u00e2rgovi\u0219te"}}, {"type": "Feature", "geometry": {"type": "Point", "coordinates": [28.0342265, 45.4651502]}, "properties": {"amenity": "hospital", "building": "yes", "name": "Spitalul de Boli Infec\u021bioase"}}, {"type": "Feature", "geometry": {"type": "Point", "coordinates": [28.0340469, 45.4654633]}, "properties": {"amenity": "hospital", "is_in:city": "Gala\u021bi", "name": "Spitalul de Boli Infec\u021bioase"}}, {"type": "Feature", "geometry": {"type": "Point", "coordinates": [25.4511604, 44.922293]}, "properties": {"addr:city": "T\u00e2rgovi\u0219te", "addr:housenumber": "4", "amenity": "hospital", "building": "yes", "emergency": "yes", "healthcare": "hospital", "name": "UPU"}}, {"type": "Feature", "geometry": {"type": "Point", "coordinates": [25.4506793, 44.9236087]}, "properties": {"amenity": "hospital", "building": "yes", "healthcare": "hospital"}}, {"type": "Feature", "geometry": {"type": "Point", "coordinates": [25.4502796, 44.9239761]}, "properties": {"amenity": "hospital", "building": "yes", "healthcare": "hospital", "name": "Recuperari"}}, {"type": "Feature", "geometry": {"type": "Point", "coordinates": [25.449306, 44.9233154]}, "properties": {"amenity": "hospital", "healthcare": "hospital", "name": "Institutiu de Patologie"}}, {"type": "Feature", "geometry": {"type": "Point", "coordinates": [25.4501984, 44.923271]}, "properties": {"amenity": "hospital", "building": "yes", "healthcare": "hospital", "name": "Directia"}}, {"type": "Feature", "geometry": {"type": "Point", "coordinates": [25.4500795, 44.9223913]}, "properties": {"amenity": "hospital", "building": "yes", "healthcare": "hospital", "name": "Centrala Termica"}}, {"type": "Feature", "geometry": {"type": "Point", "coordinates": [25.4576078, 44.9193697]}, "properties": {"amenity": "hospital", "building": "yes", "healthcare": "hospital", "name": "Spitalul Municipal", "operator": "Health Ministery", "operator:type": "public"}}, {"type": "Feature", "geometry": {"type": "Point", "coordinates": [25.4570408, 44.9189063]}, "properties": {"amenity": "hospital", "building": "yes", "healthcare": "hospital", "name": "Centrul de Transfuzie Sanguin\u0103", "operator": "Health Ministery", "operator:type": "public", "phone": "+40245210913"}}, {"type": "Feature", "geometry": {"type": "Point", "coordinates": [27.6115308, 47.1599571]}, "properties": {"addr:housenumber": "78", "addr:street": "Strada Vasile Lupu", "addr:suburb": "T\u0103t\u0103ra\u0219i Sud", "amenity": "clinic", "building": "yes", "healthcare": "clinic", "name": "Hyperclinica MedLife"}}, {"type": "Feature", "geometry": {"type": "Point", "coordinates": [27.6073911, 47.1592638]}, "properties": {"addr:city": "Ia\u0219i", "addr:housenumber": "62", "addr:postcode": "700309", "addr:street": "Strada Vasile Lupu", "amenity": "hospital", "email": "spitalcopii@sfmaria-iasi.ro", "emergency": "yes", "healthcare": "hospital", "healthcare:speciality": "paediatrics;paediatric_surgery", "name": "Spitalul clinic de urgen\u021b\u0103 pentru copii \u201eSf\u00e2nta Maria\u201d", "operator": "Consiliul Judetean Iasi", "operator:type": "council", "phone": "+40372309695", "website": "https://www.sfmaria-iasi.ro/"}}, {"type": "Feature", "geometry": {"type": "Point", "coordinates": [27.6042312, 47.1580144]}, "properties": {"addr:city": "Ia\u0219i", "addr:country": "RO", "addr:housenumber": "30", "addr:postcode": "700313", "addr:street": "Strada Ciurchi", "amenity": "clinic", "building": "construction", "construction": "healthcare", "healthcare": "clinic", "name": "Policlinica Veronica", "toilets:wheelchair": "no"}}, {"type": "Feature", "geometry": {"type": "Point", "coordinates": [26.1281937, 44.4429037]}, "properties": {"addr:city": "Bucure\u0219ti", "addr:housenumber": "98-100", "addr:postcode": "021394", "addr:postcode:source": "Date de la Po\u0219ta Rom\u00e2n\u0103, publicate sub Licen\u021ba pentru Guvernare Deschis\u0103 v1.0 la http://date.gov.ro/organization/posta-romana", "addr:street": "Bulevardul Ferdinand I", "amenity": "hospital", "building": "yes", "building:levels": "4", "healthcare": "hospital", "healthcare:speciality": "orthopaedics;surgery", "name": "Spitalul de Ortopedie MedLife", "operator": "MedLife", "operator:type": "private", "source": "survey", "wheelchair": "yes"}}, {"type": "Feature", "geometry": {"type": "Point", "coordinates": [26.1652748, 44.4206291]}, "properties": {"amenity": "clinic", "building": "policlinic", "building:levels": "3", "healthcare": "clinic", "name": "Policlinica Titan", "opening_hours": "Mo-Fr 07:00-21:00"}}, {"type": "Feature", "geometry": {"type": "Point", "coordinates": [28.0431854, 45.4444185]}, "properties": {"amenity": "hospital", "healthcare": "hospital", "healthcare:speciality": "gynaecology", "is_in:city": "Gala\u021bi", "name": "Spitalul \"Buna Vestire\" obstretic\u0103-ginecologie"}}, {"type": "Feature", "geometry": {"type": "Point", "coordinates": [21.8893188, 45.6915144]}, "properties": {"addr:city": "Lugoj", "addr:housenumber": "36", "addr:postcode": "305500", "addr:street": "Strada Gheorghe Doja", "amenity": "hospital", "healthcare": "hospital", "is_in:city": "Lugoj", "name": "Spitalul Municipal \"Dr. Teodor Andrei\""}}, {"type": "Feature", "geometry": {"type": "Point", "coordinates": [21.8878888, 45.6897445]}, "properties": {"amenity": "hospital", "healthcare": "hospital", "is_in:city": "Lugoj", "name": "Spitalul de Boli Infec\u021bioase"}}, {"type": "Feature", "geometry": {"type": "Point", "coordinates": [27.5695587, 47.1255285]}, "properties": {"addr:city": "Ia\u0219i", "addr:housenumber": "115", "addr:street": "\u0218oseaua Nicolina", "amenity": "hospital", "building": "yes", "check_date": "2026-04-16", "emergency": "no", "floors": "4", "healthcare": "hospital", "name": "Spitalul Providen\u021ba", "website": "https://providentamedical.ro/"}}, {"type": "Feature", "geometry": {"type": "Point", "coordinates": [23.7235522, 46.3075891]}, "properties": {"addr:city": "Aiud", "addr:postcode": "515200", "amenity": "hospital", "healthcare": "hospital", "healthcare:speciality": "surgery;psychiatry;internal;cardiology", "name": "Policlinica Aiud"}}, {"type": "Feature", "geometry": {"type": "Point", "coordinates": [23.7229969, 46.3080964]}, "properties": {"amenity": "hospital", "emergency": "yes", "healthcare": "hospital", "name": "Spitalul Municipal Aiud"}}, {"type": "Feature", "geometry": {"type": "Point", "coordinates": [26.1590282, 44.4097858]}, "properties": {"amenity": "hospital", "healthcare": "hospital", "is_in:city": "Bucure\u0219ti"}}, {"type": "Feature", "geometry": {"type": "Point", "coordinates": [26.1571821, 44.4348371]}, "properties": {"amenity": "hospital", "healthcare": "hospital", "name": "Spitalul Clinic Jude\u021bean de Urgen\u021b\u0103 Ilfov"}}, {"type": "Feature", "geometry": {"type": "Point", "coordinates": [27.6165598, 47.1574937]}, "properties": {"amenity": "hospital", "healthcare": "hospital", "is_in:city": "Ia\u0219i", "name": "Clinica Dermatologic\u0103"}}, {"type": "Feature", "geometry": {"type": "Point", "coordinates": [21.6700258, 46.8050818]}, "properties": {"amenity": "hospital", "maxspeed": "RO:urban", "name": "Spitalul Municipal Salonta"}}, {"type": "Feature", "geometry": {"type": "Point", "coordinates": [27.570971, 47.1733359]}, "properties": {"amenity": "clinic", "building": "yes", "description": "Cabinete medicale", "emergency": "no", "healthcare": "clinic", "name": "Centrul Medical Copou"}}, {"type": "Feature", "geometry": {"type": "Point", "coordinates": [26.12619, 44.4227155]}, "properties": {"addr:city": "Bucure\u0219ti", "addr:housenumber": "104-108", "addr:postcode": "031087", "addr:postcode:source": "Date de la Po\u0219ta Rom\u00e2n\u0103, publicate sub Licen\u021ba pentru Guvernare Deschis\u0103 v1.0 la http://date.gov.ro/organization/posta-romana", "addr:street": "Calea Dude\u0219ti", "amenity": "clinic", "building": "yes", "building:levels": "6", "healthcare": "clinic", "name": "Policlinica Vitan"}}, {"type": "Feature", "geometry": {"type": "Point", "coordinates": [27.6063691, 47.1611903]}, "properties": {"addr:city": "Ia\u0219i", "addr:housenumber": "2", "addr:postcode": "700309", "addr:street": "Strada Ateneului", "alt_name": "Spitalul Clinic Nr. 3", "amenity": "hospital", "email": "neuroiasi@neuroiasi.ro", "emergency": "yes", "healthcare": "hospital", "healthcare:speciality": "emergency;neurosurgery;neurology", "name": "Spitalul Clinic de Urgen\u021b\u0103 \"Prof. Dr. Nicolae Oblu\"", "phone": "+40232264271;+40232477450;+40232472086;+40232402636;+40232402638;+40232765131", "website": "https://neuroiasi.ro/", "wikidata": "Q97101279"}}, {"type": "Feature", "geometry": {"type": "Point", "coordinates": [26.1083473, 44.4218017]}, "properties": {"amenity": "hospital", "building": "yes", "building:levels": "4", "healthcare": "hospital", "name": "Maternitatea Bucur"}}, {"type": "Feature", "geometry": {"type": "Point", "coordinates": [24.5837043, 46.5598179]}, "properties": {"amenity": "hospital", "building": "yes", "emergency": "yes", "healthcare": "hospital", "name": "Serviciul de urgen\u021b\u0103 SMURD", "roof:colour": "blue", "roof:orientation": "along", "roof:shape": "gabled"}}, {"type": "Feature", "geometry": {"type": "Point", "coordinates": [24.5832778, 46.5605886]}, "properties": {"addr:city": "T\u00e2rgu Mure\u0219", "addr:housenumber": "2", "addr:street": "Strada Molter K\u00e1roly", "amenity": "hospital", "building": "yes", "building:levels": "3", "healthcare": "hospital", "name": "Centrul Regional de Transfuzie Sanguin\u0103 Tg-Mure\u0219", "roof:orientation": "along", "roof:shape": "gabled"}}, {"type": "Feature", "geometry": {"type": "Point", "coordinates": [27.9525937, 45.2583862]}, "properties": {"addr:city": "Braila", "addr:housenumber": "2-5", "addr:street": "Strada Piet\u0103\u021bii", "amenity": "hospital", "building": "yes", "building:levels": "3", "emergency": "yes", "healthcare": "hospital", "healthcare:speciality": "general", "heritage": "2", "heritage:operator": "lmi", "name": "Spitalul Clinic Jude\u021bean de Urgen\u021b\u0103 Br\u0103ila - Corp B", "ref:RO:lmi": "BR-II-m-B-02118", "roof:shape": "flat", "start_date": "1927"}}, {"type": "Feature", "geometry": {"type": "Point", "coordinates": [27.3518561, 44.1938354]}, "properties": {"amenity": "hospital", "building": "yes", "healthcare": "hospital", "healthcare:speciality": "pulmonology", "is_in:city": "C\u0103l\u0103ra\u0219i", "name": "Spitalul de pneumoftiziologie C\u0103l\u0103ra\u0219i", "source": "extrapolation"}}, {"type": "Feature", "geometry": {"type": "Point", "coordinates": [26.0093939, 44.9627262]}, "properties": {"addr:housenumber": "100", "addr:street": "Strada G\u0103geni", "amenity": "hospital", "emergency": "yes", "healthcare": "hospital", "name": "Spitalul Jude\u021bean de Urgen\u021b\u0103 Ploie\u0219ti", "name:en": "County Emergency Hospital Ploiesti", "operator": "Consiliul Jude\u021bean Prahova", "operator:type": "government", "website": "https://www.sjup.ro/"}}, {"type": "Feature", "geometry": {"type": "Point", "coordinates": [26.1132647, 44.4280142]}, "properties": {"addr:city": "Bucure\u0219ti", "addr:housenumber": "49", "addr:postcode": "030803", "addr:postcode:source": "Date de la Po\u0219ta Rom\u00e2n\u0103, publicate sub Licen\u021ba pentru Guvernare Deschis\u0103 v1.0 la http://date.gov.ro/organization/posta-romana", "addr:street": "Aleea C\u0103uza\u0219i", "amenity": "hospital", "healthcare": "hospital", "is_in:city": "Bucure\u0219ti", "name": "Spitalul Prof. Dr. Constantin Angelescu"}}, {"type": "Feature", "geometry": {"type": "Point", "coordinates": [27.9531314, 45.2599286]}, "properties": {"addr:city": "Braila", "addr:street": "Aleea Policlinicii", "amenity": "hospital", "building": "yes", "building:levels": "2", "name": "Policlinica Hipodrom"}}, {"type": "Feature", "geometry": {"type": "Point", "coordinates": [26.1235511, 44.4406093]}, "properties": {"addr:city": "Bucure\u0219ti", "addr:housenumber": "29-31", "addr:street": "Strada Vasile Vasilievici Stroescu", "amenity": "hospital", "contact:email": "spital.gerota@mai.gov.ro", "contact:phone": "+40 21 303 7080;+40 21 252 3334;+40 21 252 3110", "fax": "+40 21 252 2829", "healthcare": "hospital", "name": "Spitalul de Urgen\u021b\u0103 \"Prof. Dr. Dimitrie Gerota\""}}, {"type": "Feature", "geometry": {"type": "Point", "coordinates": [26.1097721, 44.4445815]}, "properties": {"addr:city": "Bucure\u0219ti", "addr:housenumber": "5-7", "addr:postcode": "020475", "addr:street": "Strada Ion Movil\u0103", "amenity": "hospital", "emergency": "yes", "healthcare": "hospital", "is_in:city": "Bucure\u0219ti", "name": "Spitalul Clinic \"Doctor Ioan Cantacuzino\"", "operator": "Ministerul S\u0103n\u0103t\u0103\u021bii", "phone": "+40212107100", "website": "https://www.spitalul-cantacuzino.ro/", "wheelchair": "yes"}}, {"type": "Feature", "geometry": {"type": "Point", "coordinates": [22.9047525, 45.8762338]}, "properties": {"addr:city": "Deva", "amenity": "hospital", "emergency": "yes", "healthcare": "hospital", "name": "Spitalul Clinic Jude\u021bean de Urgen\u021b\u0103"}}, {"type": "Feature", "geometry": {"type": "Point", "coordinates": [24.5840581, 46.5560682]}, "properties": {"amenity": "hospital", "building": "yes", "building:levels": "3", "healthcare": "hospital", "name": "Clinica de Psihiatrie", "name:hu": "Pszihi\u00e1triai klinika", "website": "https://www.spitaljudeteanmures.ro/"}}, {"type": "Feature", "geometry": {"type": "Point", "coordinates": [24.5828244, 46.5552051]}, "properties": {"amenity": "hospital", "building": "yes", "building:levels": "2", "healthcare": "hospital", "name": "Clinica de Pediatrie", "name:hu": "Gyerekgy\u00f3gy\u00e1szat", "website": "https://www.spitaljudeteanmures.ro/"}}, {"type": "Feature", "geometry": {"type": "Point", "coordinates": [24.5738944, 46.5517045]}, "properties": {"amenity": "hospital", "building": "yes", "healthcare": "hospital", "name": "Clinica de Ortopedie-Traumatologie", "phone": "+40-265-213720", "website": "https://www.spitaljudeteanmures.ro/"}}, {"type": "Feature", "geometry": {"type": "Point", "coordinates": [22.9060291, 45.8764685]}, "properties": {"amenity": "hospital", "building": "yes", "building:levels": "3", "healthcare:speciality": "paediatrics", "name": "Sec\u021bia Pediatrie", "source": "Bing"}}, {"type": "Feature", "geometry": {"type": "Point", "coordinates": [27.9700731, 45.2878141]}, "properties": {"amenity": "clinic", "building": "yes", "building:levels": "2", "emergency": "no", "healthcare": "clinic", "name": "Policlinic\u0103 stomatologic\u0103", "name:ro": "Colegiul Medicilor Stomatologi din Rom\u00e2nia"}}, {"type": "Feature", "geometry": {"type": "Point", "coordinates": [22.9060234, 45.8703253]}, "properties": {"amenity": "hospital", "building": "yes", "name": "Serviciul Jude\u021bean de Medicin\u0103 Legal\u0103", "source": "Bing"}}, {"type": "Feature", "geometry": {"type": "Point", "coordinates": [22.9064739, 45.8704414]}, "properties": {"amenity": "hospital", "building": "yes", "name": "Centrul de S\u0103n\u0103tate Mintal\u0103 Copii", "source": "Bing"}}, {"type": "Feature", "geometry": {"type": "Point", "coordinates": [26.0171753, 44.9424951]}, "properties": {"amenity": "clinic", "building": "apartments", "healthcare": "clinic", "healthcare:speciality": "blood_check", "name": "Novus Medical"}}, {"type": "Feature", "geometry": {"type": "Point", "coordinates": [24.5535002, 46.5367188]}, "properties": {"addr:city": "T\u00e2rgu Mure\u0219", "addr:housenumber": "29A", "addr:postcode": "540023", "addr:street": "Strada Liviu Rebreanu", "amenity": "hospital", "building": "yes", "check_date": "2025-04-13", "description": "Spital privat - Maternitate, Chirurgie generala, Chirurgie cardio-vasculara, Chirurgie plastica, Neurochirurgie, Urologie - Litotritie, Cardiologie interventionala, Paliatie, Oncologie, Recuperare medicala, Centru de recuperare fizica si sportiva.", "email": "office@novavitasan.ro", "emergency": "yes", "healthcare": "hospital", "healthcare:speciality": "general;maternity;surgery;emergency;gynaecology;cardiology;oncology", "name": "Nova Vita", "phone": "+40 265 266 112, +40 365 430 330", "source": "owner", "website": "https://nova-vita.ro/"}}, {"type": "Feature", "geometry": {"type": "Point", "coordinates": [24.5500708, 46.5304694]}, "properties": {"addr:city": "T\u00e2rgu Mure\u0219", "addr:housenumber": "89", "addr:street": "Strada Gheorghe Doja", "amenity": "hospital", "healthcare": "hospital", "name": "Clinica de Boli Infec\u021bioase 1", "phone": "+40-265-250533", "website": "https://www.spitaljudeteanmures.ro/"}}, {"type": "Feature", "geometry": {"type": "Point", "coordinates": [24.1555849, 45.7944763]}, "properties": {"addr:city": "Sibiu", "addr:housenumber": "2 - 4", "addr:postcode": "550245", "addr:street": "Bulevardul Corneliu Coposu", "amenity": "hospital", "building": "hospital", "building:levels": "5", "check_date": "2025-08-28", "healthcare": "hospital", "healthcare:speciality": "cardiology;radiology", "is_in:city": "Sibiu", "is_in:country": "Romania", "is_in:country_code": "RO", "is_in:county": "Sibiu", "name": "Bloc materno-infantil, Cardiologie, Radiologie, Laborator analize, Farmacie", "source": "Bing"}}, {"type": "Feature", "geometry": {"type": "Point", "coordinates": [24.5650928, 46.5371793]}, "properties": {"addr:city": "T\u00e2rgu Mure\u0219", "addr:housenumber": "5", "addr:postcode": "540005", "addr:street": "Pasajul Panselu\u021belor", "amenity": "hospital", "healthcare": "hospital", "healthcare:speciality": "psychiatry", "is_in:city": "T\u00e2rgu Mure\u0219", "name": "Clinica de Neuropsihiatrie Infantil\u0103", "phone": "+40-265-264388", "website": "https://www.spitaljudeteanmures.ro/"}}, {"type": "Feature", "geometry": {"type": "Point", "coordinates": [27.9734159, 45.2800761]}, "properties": {"addr:city": "Br\u0103ila", "addr:housenumber": "296", "addr:postcode": "810129", "addr:postcode:source": "Date de la Po\u0219ta Rom\u00e2n\u0103, publicate sub Licen\u021ba pentru Guvernare Deschis\u0103 v1.0 la http://date.gov.ro/organization/posta-romana", "addr:street": "Bulevardul Independen\u021bei", "amenity": "hospital", "name": "Spitalul de Obstetric\u0103 \u0219i Ginecologie"}}, {"type": "Feature", "geometry": {"type": "Point", "coordinates": [27.6128917, 47.1285323]}, "properties": {"addr:city": "Ia\u0219i", "addr:housenumber": "36", "addr:postcode": "700282", "addr:street": "\u0218oseaua Bucium", "amenity": "hospital", "email": "secretariat@socola.eu", "healthcare": "hospital", "healthcare:speciality": "psychiatry;child_psychiatry;neuropsychiatry", "name": "Spitalul Clinic de Psihiatrie Socola", "phone": "+40232224687", "website": "https://socola.eu/", "wikidata": "Q18548046"}}, {"type": "Feature", "geometry": {"type": "Point", "coordinates": [21.6228257, 44.7264056]}, "properties": {"addr:housenumber": "1", "addr:street": "Strada Sf\u00e2nta Varvara", "amenity": "hospital", "building": "yes", "name": "Spitalul Or\u0103\u0219enesc", "source": "Bing"}}, {"type": "Feature", "geometry": {"type": "Point", "coordinates": [27.9663519, 45.2603327]}, "properties": {"amenity": "hospital", "healthcare": "hospital", "is_in:city": "Br\u0103ila", "name": "Spitalul de psihiatrie \"Sf. Pantelimon\""}}, {"type": "Feature", "geometry": {"type": "Point", "coordinates": [26.1340445, 44.4148337]}, "properties": {"amenity": "clinic", "building": "yes", "building:levels": "4", "healthcare": "clinic", "name": "Diaverum", "opening_hours": "Mo-Fr 08:00-20:00; Sa 08:00-14:00", "source": "survey"}}, {"type": "Feature", "geometry": {"type": "Point", "coordinates": [26.0193891, 44.941347]}, "properties": {"addr:city": "Ploie\u0219ti", "addr:housenumber": "6", "addr:postcode": "100010", "addr:postcode:source": "Date de la Po\u0219ta Rom\u00e2n\u0103, publicate sub Licen\u021ba pentru Guvernare Deschis\u0103 v1.0 la http://date.gov.ro/organization/posta-romana", "addr:street": "Strada Cuza Vod\u0103", "amenity": "clinic", "building": "yes", "contact:phone": "+40 21 323 0000", "contact:website": "https://www.gralmedical.ro", "healthcare": "clinic", "name": "Gral Medical", "opening_hours": "Mo-Fr 07:00-19:00; Sa 09:00-14:00"}}, {"type": "Feature", "geometry": {"type": "Point", "coordinates": [24.1394337, 45.7907515]}, "properties": {"amenity": "hospital", "building": "yes", "is_in:city": "Sibiu", "is_in:country": "Romania", "is_in:country_code": "RO", "is_in:county": "Sibiu", "name": "Spitalul de Boli infec\u021bioase (copii)"}}, {"type": "Feature", "geometry": {"type": "Point", "coordinates": [24.1420598, 45.7936461]}, "properties": {"addr:city": "Sibiu", "addr:street": "Strada Morilor", "amenity": "hospital", "building": "yes", "healthcare": "hospital", "is_in:city": "Sibiu", "is_in:country": "Romania", "is_in:country_code": "RO", "is_in:county": "Sibiu"}}, {"type": "Feature", "geometry": {"type": "Point", "coordinates": [24.1575539, 45.7952566]}, "properties": {"amenity": "hospital", "building": "hospital", "healthcare": "hospital", "healthcare:speciality": "endocrinology", "name": "Endocrinologie"}}, {"type": "Feature", "geometry": {"type": "Point", "coordinates": [24.1574193, 45.792201]}, "properties": {"amenity": "hospital", "building": "yes", "healthcare": "hospital", "is_in:city": "Sibiu", "is_in:country": "Romania", "is_in:country_code": "RO", "is_in:county": "Sibiu", "name": "Policlinica CFR"}}, {"type": "Feature", "geometry": {"type": "Point", "coordinates": [24.1476706, 45.7928466]}, "properties": {"addr:city": "Sibiu", "addr:street": "Strada Gheorghe Bari\u021biu", "amenity": "hospital", "building": "yes", "healthcare": "hospital", "int_name": "LUTHER", "is_in:city": "Sibiu", "is_in:country": "Romania", "is_in:country_code": "RO", "is_in:county": "Sibiu", "name": "Spitalul de Pediatrie \"Luther\"", "name:de": "Pediatrisches Krankenhaus \u201eLuther\u201c", "name:en": "Pediatric Hospital \u201cLuther\u201d"}}, {"type": "Feature", "geometry": {"type": "Point", "coordinates": [21.2184869, 45.7636962]}, "properties": {"amenity": "clinic", "building": "yes", "building:levels": "3", "healthcare": "clinic", "name": "Policlinica Circumvala\u021biunii", "opening_hours": "Mo-Fr 07:00-21:00", "roof:colour": "#96989e"}}, {"type": "Feature", "geometry": {"type": "Point", "coordinates": [26.018287, 44.9455496]}, "properties": {"addr:housename": "Centru de recoltare Synevo", "amenity": "clinic", "building": "yes", "contact:phone": "0244 545 384", "contact:website": "http://www.synevo.ro/", "healthcare": "clinic", "name": "Centru de recoltare Synevo", "opening_hours": "Mo-Fr 07:00 - 18:00"}}, {"type": "Feature", "geometry": {"type": "Point", "coordinates": [21.2077272, 45.7671901]}, "properties": {"amenity": "clinic", "building": "yes", "name": "Medicover"}}, {"type": "Feature", "geometry": {"type": "Point", "coordinates": [28.6569786, 44.1715666]}, "properties": {"alt_name": "Policlinica port", "amenity": "hospital", "building": "yes", "building:levels": "3", "healthcare": "hospital", "name": "Cabinet Medico-Sanitar de Frontiera Port Constan\u021ba"}}, {"type": "Feature", "geometry": {"type": "Point", "coordinates": [24.5607944, 46.5389249]}, "properties": {"addr:city": "T\u00e2rgu Mure\u0219", "addr:housenumber": "28", "addr:street": "Bulevardul 1 Decembrie 1918", "amenity": "hospital", "building": "yes", "building:levels": "3", "healthcare": "hospital", "name": "Policlinica nr. 2", "phone": "+40-265-263585", "website": "https://www.spitaljudeteanmures.ro/"}}, {"type": "Feature", "geometry": {"type": "Point", "coordinates": [24.1430846, 45.7797821]}, "properties": {"addr:city": "Sibiu", "addr:country": "RO", "addr:housenumber": "1", "addr:postcode": "550371", "addr:street": "Strada Grigore Alexandrescu", "amenity": "clinic", "building": "yes", "contact:email": "office@policlinicaastra.ro", "contact:fax": "0269 206203", "contact:phone": "0269 233016", "contact:website": "http://www.policlinica-astra.ro/", "is_in:city": "Sibiu", "is_in:country": "Romania", "is_in:country_code": "RO", "is_in:county": "Sibiu", "name": "Policlinica Astra"}}, {"type": "Feature", "geometry": {"type": "Point", "coordinates": [24.1562506, 45.7852862]}, "properties": {"addr:city": "Sibiu", "addr:housenumber": "23", "addr:street": "Strada C\u0103lug\u0103reni", "amenity": "clinic", "building": "yes", "contact:fax": "0269 244999", "contact:phone": "0269 244999", "contact:website": "http://www.sanostar.ro", "is_in:city": "Sibiu", "is_in:country": "Romania", "is_in:country_code": "RO", "is_in:county": "Sibiu", "name": "SanoStar"}}, {"type": "Feature", "geometry": {"type": "Point", "coordinates": [28.6078247, 44.2310366]}, "properties": {"addr:city": "Palazu Mare", "addr:housenumber": "40", "addr:street": "Strada Sentinelei", "amenity": "hospital", "healthcare": "hospital", "healthcare:speciality": "pulmonology", "name": "Spitalul Clinic de Pneumoftiziologie Constan\u021ba", "operator": "Consiliul Jude\u021bean Constan\u021ba", "operator:type": "public"}}, {"type": "Feature", "geometry": {"type": "Point", "coordinates": [28.600245, 44.2330245]}, "properties": {"addr:city": "Palazu Mare", "addr:housenumber": "27-29", "addr:street": "Strada Santinelei", "amenity": "hospital", "healthcare": "hospital", "name": "Spitalul de Psihiatrie Palazu Mare", "operator": "Spitalul Clinic Jude\u021bean de Urgen\u021b\u0103 Constan\u021ba"}}, {"type": "Feature", "geometry": {"type": "Point", "coordinates": [23.5847593, 46.7631852]}, "properties": {"ENCLOSED_AREA": "0.000626 sq km", "PERIMETER": "112.49 m", "addr:city": "Cluj-Napoca", "addr:country": "RO", "addr:housenumber": "43", "addr:postcode": "400337", "addr:postcode:source": "Date de la Po\u0219ta Rom\u00e2n\u0103, publicate sub Licen\u021ba pentru Guvernare Deschis\u0103 v1.0 la http://date.gov.ro/organization/posta-romana", "addr:street": "Strada Victor Babe\u0219", "alt_name": "Spitalul de Neurologie, Psihiatrie \u0219i Neurochirurgie", "amenity": "clinic", "building": "yes", "emergency": "yes", "healthcare": "clinic", "name": "Clinica de Neurologie, Psihiatrie \u0219i Neurochirurgie"}}, {"type": "Feature", "geometry": {"type": "Point", "coordinates": [24.1574101, 45.7946696]}, "properties": {"amenity": "hospital", "healthcare": "hospital", "name": "Spitalul Clinic Jude\u021bean de Urgent\u0103", "wikidata": "Q50036410"}}, {"type": "Feature", "geometry": {"type": "Point", "coordinates": [22.9439848, 43.9941324]}, "properties": {"addr:city": "Calafat", "addr:housenumber": "5", "addr:postcode": "205200", "addr:street": "Strada Traian", "amenity": "hospital", "email": "spitalcalafat@gmail.com", "emergency": "yes", "healthcare": "hospital", "healthcare:speciality": "general", "internet_access": "yes", "name": "Spitalul Municipal Calafat", "operator": "Ministerul S\u00e2n\u00e2t\u00e2\u021bii", "operator:type": "public", "phone": "0251230606", "website": "https://spitalcalafat.ro/"}}, {"type": "Feature", "geometry": {"type": "Point", "coordinates": [23.5867745, 46.7667651]}, "properties": {"addr:city": "Cluj-Napoca", "addr:country": "RO", "addr:housenumber": "8", "addr:street": "Strada Republicii", "amenity": "hospital", "building": "yes", "check_date": "2024-07-05", "healthcare": "hospital", "name": "Spitalul Ares"}}, {"type": "Feature", "geometry": {"type": "Point", "coordinates": [22.3507754, 46.6629863]}, "properties": {"amenity": "hospital", "building": "yes", "name": "Maternitatea"}}, {"type": "Feature", "geometry": {"type": "Point", "coordinates": [22.349849, 46.6693631]}, "properties": {"amenity": "hospital", "building": "yes", "name": "Spitalul Municipal"}}, {"type": "Feature", "geometry": {"type": "Point", "coordinates": [24.5736242, 46.5517519]}, "properties": {"addr:city": "T\u00e2rgu Mure\u0219", "addr:housenumber": "31", "addr:street": "Strada Mihai Viteazul", "amenity": "hospital", "barrier": "fence", "healthcare": "hospital", "phone": "+40-265-215000", "website": "https://www.galenus.ro/"}}, {"type": "Feature", "geometry": {"type": "Point", "coordinates": [24.5578109, 46.5329993]}, "properties": {"addr:city": "T\u00e2rgu Mure\u0219", "addr:housenumber": "24", "addr:street": "Bulevardul 1848", "amenity": "hospital", "healthcare": "hospital", "name": "Clinica de Neonatologie-Prematuri", "phone": "+40-265-237019", "website": "https://www.spitaljudeteanmures.ro/"}}, {"type": "Feature", "geometry": {"type": "Point", "coordinates": [24.5464715, 46.5283185]}, "properties": {"addr:city": "T\u00e2rgu Mure\u0219", "addr:housenumber": "127", "addr:street": "Strada Gheorghe Doja", "amenity": "hospital", "healthcare": "hospital", "name": "Clinica de Boli Infec\u021bioase 2", "name:ro": "Clinica de Boli Infec\u021bioase 2", "phone": "+40-365-882605", "website": "https://www.spitaljudeteanmures.ro/"}}, {"type": "Feature", "geometry": {"type": "Point", "coordinates": [24.5576662, 46.5385541]}, "properties": {"addr:city": "T\u00e2rgu Mure\u0219", "addr:housenumber": "12", "addr:street": "Strada Gheorghe Doja", "amenity": "hospital", "healthcare": "hospital", "name": "Clinica de Dermato-Venerologie", "phone": "+40-365-882534", "website": "https://www.spitaljudeteanmures.ro/"}}, {"type": "Feature", "geometry": {"type": "Point", "coordinates": [24.1598764, 45.7811714]}, "properties": {"addr:city": "Sibiu", "addr:housenumber": "21", "addr:postcode": "550330", "addr:street": "Strada Luptei", "amenity": "hospital", "building": "yes", "healthcare": "hospital", "is_in:city": "Sibiu", "is_in:country": "Romania", "is_in:country_code": "RO", "is_in:county": "Sibiu", "name": "Policlinica \"Paltinul\"", "website": "https://www.clinicapaltinul.ro/"}}, {"type": "Feature", "geometry": {"type": "Point", "coordinates": [26.2314932, 44.9953889]}, "properties": {"amenity": "hospital", "building": "yes", "healthcare": "hospital", "name": "Policlinica - Ambulatoriu Integrat - Spitalul Or\u0103\u0219enesc Urla\u021bi"}}, {"type": "Feature", "geometry": {"type": "Point", "coordinates": [26.0220992, 44.9390576]}, "properties": {"addr:city": "Ploie\u0219ti", "addr:housenumber": "20", "addr:street": "Strada M\u0103r\u0103\u0219e\u0219ti", "amenity": "clinic", "building": "yes", "healthcare": "clinic"}}, {"type": "Feature", "geometry": {"type": "Point", "coordinates": [21.2083854, 45.7328301]}, "properties": {"addr:city": "Timi\u0219oara", "addr:housenumber": "20", "addr:street": "Calea \u0218agului", "amenity": "clinic", "building": "yes", "building:levels": "3", "healthcare": "clinic", "name": "Policlinica Dr. Grigora\u0219", "operator": "Regina Maria", "operator:type": "private"}}, {"type": "Feature", "geometry": {"type": "Point", "coordinates": [26.020256, 44.9313506]}, "properties": {"addr:city": "Ploie\u0219ti", "addr:housenumber": "59", "addr:street": "Strada Ana Ip\u0103tescu", "amenity": "hospital", "healthcare": "hospital", "name": "Spitalul Municipal Ploie\u0219ti (Schuller)", "operator": "Consiliul Local al Municipiului Ploie\u015fti", "operator:type": "government", "website": "https://spitalulmunicipalploiesti.ro/"}}, {"type": "Feature", "geometry": {"type": "Point", "coordinates": [26.0247518, 44.9498034]}, "properties": {"addr:city": "Ploie\u0219ti", "addr:housenumber": "3", "addr:street": "Strada Boldescu", "amenity": "hospital", "healthcare": "hospital", "name": "Spitalul Boldescu", "operator": "Spitalul Jude\u021bean de Urgen\u021b\u0103 Ploie\u0219ti", "operator:type": "government", "website": "https://www.sjup.ro/contact/"}}, {"type": "Feature", "geometry": {"type": "Point", "coordinates": [26.0117211, 44.9521898]}, "properties": {"addr:city": "Ploie\u0219ti", "addr:housenumber": "56", "addr:street": "Strada Andrei Mure\u0219anu", "amenity": "hospital", "barrier": "fence", "healthcare": "hospital", "name": "Policlinica CINA"}}, {"type": "Feature", "geometry": {"type": "Point", "coordinates": [27.6160231, 47.1613177]}, "properties": {"amenity": "clinic", "building": "yes", "healthcare": "clinic", "name": "Cabinete medicale individuale"}}, {"type": "Feature", "geometry": {"type": "Point", "coordinates": [21.2157599, 45.741662]}, "properties": {"addr:city": "Timi\u0219oara", "addr:housenumber": "62", "addr:street": "Strada Romulus", "amenity": "clinic", "building": "yes", "healthcare": "clinic", "name": "Centrul Medical Sf\u00e2nta Maria"}}, {"type": "Feature", "geometry": {"type": "Point", "coordinates": [27.59664, 47.1502539]}, "properties": {"addr:city": "Ia\u0219i", "addr:country": "RO", "addr:housenumber": "4", "addr:postcode": "700173", "addr:street": "Bulevardul Prim\u0103verii", "alt_name": "Policlinica Nr.2 Petru \u015fi Pavel Ia\u015fi", "amenity": "clinic", "building": "yes", "healthcare": "clinic", "name": "Cabinete medicale de specialitate", "phone": "+40 232310001"}}, {"type": "Feature", "geometry": {"type": "Point", "coordinates": [27.6144431, 47.1630291]}, "properties": {"addr:city": "Ia\u0219i", "addr:postcode": "700259", "addr:street": "Stradela F\u00e2nt\u00e2nilor", "amenity": "clinic", "building": "yes", "contact:facebook": "https://www.facebook.com/EmpatioKinetoKids", "email": "clinica@empatio.ro", "healthcare": "clinic", "name": "Clinica Empatio", "opening_hours": "Mo-Fr 07:30-20:30; Sa 08:00-16:00", "phone": "+40 752 835 437"}}, {"type": "Feature", "geometry": {"type": "Point", "coordinates": [24.6225777, 45.9791302]}, "properties": {"addr:housenumber": "4", "addr:street": "Strada Spitalului", "amenity": "hospital", "building": "hospital", "name": "Spitalul Agnita", "source": "Bing"}}, {"type": "Feature", "geometry": {"type": "Point", "coordinates": [24.3572684, 46.16321]}, "properties": {"amenity": "hospital", "name": "Spitalul Municipal"}}, {"type": "Feature", "geometry": {"type": "Point", "coordinates": [27.5716157, 47.1517836]}, "properties": {"addr:city": "Ia\u0219i", "addr:housenumber": "2", "addr:street": "Strada Hatman \u0218endrea", "alt_name": "Arhimed Radiologie \u0219i Imagistic\u0103", "amenity": "clinic", "building": "yes", "healthcare": "clinic", "name": "Centrul de Diagnosticare Radiologic\u0103 \u0219i Imagistic\u0103 Nicolina", "phone": "+40 232227445", "website": "https://arhimed.ro/"}}, {"type": "Feature", "geometry": {"type": "Point", "coordinates": [28.6248831, 44.2007022]}, "properties": {"addr:city": "Constan\u021ba", "addr:housenumber": "2", "addr:street": "Aleea Zmeurei", "amenity": "clinic", "building": "yes", "healthcare": "clinic", "name": "Serviciul Clinic Jude\u021bean de Medicin\u0103 Legal\u0103", "operator": "Spitalul Clinic Jude\u021bean de Urgen\u021b\u0103 Constan\u021ba", "operator:type": "public"}}, {"type": "Feature", "geometry": {"type": "Point", "coordinates": [28.6091998, 44.1704889]}, "properties": {"addr:city": "Constan\u021ba", "addr:housenumber": "47", "addr:street": "Bulevardul I. C. Br\u0103tianu", "amenity": "clinic", "building": "yes", "healthcare": "clinic", "name": "Dispensarele nr 16, 17, 18, 28"}}, {"type": "Feature", "geometry": {"type": "Point", "coordinates": [28.630142, 44.201175]}, "properties": {"addr:city": "Constan\u021ba", "addr:country": "RO", "addr:housenumber": "167", "addr:postcode": "900412", "addr:postcode:source": "Date de la Po\u0219ta Rom\u00e2n\u0103, publicate sub Licen\u021ba pentru Guvernare Deschis\u0103 v1.0 la http://date.gov.ro/organization/posta-romana", "addr:street": "Bulevardul Alexandru L\u0103pu\u0219neanu", "amenity": "hospital", "building": "yes", "healthcare": "hospital", "name": "Dispensar TBC", "operator": "Spitalul Clinic de Pneumoftiziologie Constan\u021ba", "operator:type": "public"}}, {"type": "Feature", "geometry": {"type": "Point", "coordinates": [28.6251299, 44.2077538]}, "properties": {"addr:housenumber": "2", "addr:street": "Aleea Dealului", "amenity": "clinic", "building": "yes", "healthcare": "clinic", "healthcare:speciality": "dentistry", "name": "Clinica Stomatologie nr. 2", "old_name": "Clinica Protec\u021bie Dentar\u0103"}}, {"type": "Feature", "geometry": {"type": "Point", "coordinates": [28.625109, 44.2080892]}, "properties": {"addr:city": "Constan\u021ba", "addr:housenumber": "3", "addr:street": "Aleea Nuf\u0103rului", "amenity": "clinic", "building": "yes", "building:levels": "2", "healthcare": "clinic", "healthcare:speciality": "dentistry", "name": "Policinica Stomatologic\u0103 nr. 2"}}, {"type": "Feature", "geometry": {"type": "Point", "coordinates": [28.6384888, 44.172081]}, "properties": {"amenity": "clinic", "building": "yes", "healthcare": "clinic", "name": "Sec\u021bia boli interne \u0219i diabet"}}, {"type": "Feature", "geometry": {"type": "Point", "coordinates": [28.6435437, 44.1857961]}, "properties": {"addr:city": "Constan\u021ba", "addr:housenumber": "141A", "addr:postcode": "900591", "addr:street": "Bulevardul Tomis", "amenity": "clinic", "building": "yes", "building:levels": "1", "contact:email": "constanta@affidea.com", "contact:phone": "+40 21 9338", "contact:website": "https://affidea.ro/centre-medicale/affidea-constanta", "healthcare": "clinic", "name": "Affidea", "opening_hours": "Mo-Fr 08:00-20:00"}}, {"type": "Feature", "geometry": {"type": "Point", "coordinates": [28.6307399, 44.161388]}, "properties": {"addr:city": "Constan\u021ba", "addr:country": "RO", "addr:housenumber": "6", "addr:postcode": "900125", "addr:postcode:source": "Date de la Po\u0219ta Rom\u00e2n\u0103, publicate sub Licen\u021ba pentru Guvernare Deschis\u0103 v1.0 la http://date.gov.ro/organization/posta-romana", "addr:street": "Aleea Portului Nou", "amenity": "clinic", "building": "yes", "healthcare": "clinic", "healthcare:speciality": "dermatology", "name": "Sec\u021bia Clinic\u0103 de Dermatovenerologie", "old_name": "Clinica nr. 14", "operator": "Spitalul Jude\u021bean Constan\u021ba", "operator:type": "public", "website": "https://www.spitalulconstanta.ro/sectia-clinica-dermatovenerologie-sectie-exterioara/"}}, {"type": "Feature", "geometry": {"type": "Point", "coordinates": [28.6183727, 44.2034095]}, "properties": {"addr:housenumber": "6", "addr:street": "Strada Badea C\u00e2r\u021ban", "amenity": "clinic", "building": "yes", "healthcare": "clinic", "name": "Dispensar medical nr. 27-30"}}, {"type": "Feature", "geometry": {"type": "Point", "coordinates": [28.6138357, 44.2012127]}, "properties": {"addr:city": "Constan\u021ba", "addr:housenumber": "32", "addr:postcode": "900402", "addr:postcode:source": "Date de la Po\u0219ta Rom\u00e2n\u0103, publicate sub Licen\u021ba pentru Guvernare Deschis\u0103 v1.0 la http://date.gov.ro/organization/posta-romana", "addr:street": "Strada \u0218tef\u0103ni\u021b\u0103 Vod\u0103", "amenity": "hospital", "healthcare": "hospital", "healthcare:speciality": "gynaecology;maternity", "name": "Euromaterna", "operator": "Euromaterna", "wheelchair": "yes"}}, {"type": "Feature", "geometry": {"type": "Point", "coordinates": [24.8644153, 44.8502125]}, "properties": {"addr:city": "Pite\u0219ti", "amenity": "clinic", "building": "yes", "building:levels": "3", "healthcare": "clinic", "name": "Centrul Medical \u201eDoctor Luca\u201d"}}, {"type": "Feature", "geometry": {"type": "Point", "coordinates": [24.8652897, 44.8507763]}, "properties": {"addr:city": "Pite\u0219ti", "addr:housenumber": "1", "addr:street": "Bulevardul Eroilor", "amenity": "hospital", "building": "yes", "building:levels": "10", "check_date": "2025-04-03", "emergency": "yes", "healthcare": "hospital", "healthcare:speciality": "paediatrics", "name": "Spitalul de Pediatrie Pite\u0219ti"}}, {"type": "Feature", "geometry": {"type": "Point", "coordinates": [24.8613209, 44.8645707]}, "properties": {"addr:city": "Pite\u0219ti", "addr:housenumber": "47", "addr:street": "Strada Negru Vod\u0103", "amenity": "hospital", "emergency": "yes", "healthcare": "hospital", "name": "Spitalul Militar de Urgen\u021b\u0103 \u201eDr. Ion Jianu\u201d"}}, {"type": "Feature", "geometry": {"type": "Point", "coordinates": [24.8598246, 44.8661029]}, "properties": {"addr:city": "Pite\u0219ti", "addr:housenumber": "53", "addr:postcode": "110069", "addr:street": "Strada Negru Vod\u0103", "amenity": "hospital", "emergency": "yes", "healthcare": "hospital", "healthcare:speciality": "ophthalmology;pneumology;psychiatry", "name": "Spitalul Jude\u021bean de Urgen\u021b\u0103 Pite\u0219ti, Sec\u021biile Oftalmologie, Psihiatrie \u0219i Pneumologie", "operator": "Ministerul S\u0103n\u0103t\u0103\u021bii", "operator:type": "public"}}, {"type": "Feature", "geometry": {"type": "Point", "coordinates": [25.5351948, 45.4161313]}, "properties": {"amenity": "clinic", "building": "yes", "name": "Sanatoriul balneoclimateric pentru copii Bu\u0219teni"}}, {"type": "Feature", "geometry": {"type": "Point", "coordinates": [21.2591531, 45.7655395]}, "properties": {"amenity": "clinic", "building": "yes", "healthcare": "clinic", "name": "Explomed"}}, {"type": "Feature", "geometry": {"type": "Point", "coordinates": [25.784383, 45.8637497]}, "properties": {"amenity": "hospital", "building": "yes", "healthcare": "hospital"}}, {"type": "Feature", "geometry": {"type": "Point", "coordinates": [26.0710617, 44.4092557]}, "properties": {"addr:city": "Bucure\u0219ti", "addr:housenumber": "4", "addr:street": "Strada Malcoci", "amenity": "clinic", "building": "yes", "building:levels": "3", "contact:phone": "+40 21 323 0000", "contact:website": "https://www.gralmedical.ro", "healthcare": "clinic", "name": "Gral Medical", "opening_hours": "Mo-Fr 07:00-15:00", "source:addr:housenumber": "survey", "source:addr:street": "survey"}}, {"type": "Feature", "geometry": {"type": "Point", "coordinates": [26.0854739, 44.4355968]}, "properties": {"addr:city": "Bucure\u0219ti", "addr:country": "RO", "addr:housenumber": "17-21", "addr:postcode": "010221", "addr:street": "Calea Plevnei", "amenity": "hospital", "building": "yes", "building:levels": "4", "healthcare": "hospital", "healthcare:speciality": "dental_oral_maxillo_facial_surgery", "name": "Spitalul Clinic de Chirurgie Oro-Maxilo-Facial\u0103 \"Prof. Dr. Dan Theodorescu\"", "phone": "+021 315 5217", "website": "https://spitalomf.ro/"}}, {"type": "Feature", "geometry": {"type": "Point", "coordinates": [26.0569312, 44.4021006]}, "properties": {"addr:city": "Bucure\u0219ti", "addr:housenumber": "3", "addr:postcode": "051396", "addr:street": "Strada Teiu\u0219", "amenity": "clinic", "building": "yes", "building:levels": "2", "healthcare": "clinic", "name": "Policlinica Teiu\u0219", "source:addr:housenumber": "survey", "source:addr:street": "survey"}}, {"type": "Feature", "geometry": {"type": "Point", "coordinates": [23.5833249, 46.7659406]}, "properties": {"addr:city": "Cluj-Napoca", "addr:country": "RO", "amenity": "hospital", "emergency": "yes", "healthcare": "hospital", "name": "Spitalul Clinic Jude\u021bean de Urgen\u021b\u0103 Cluj", "url": "http://www.scju-cluj.ro", "wheelchair": "yes"}}, {"type": "Feature", "geometry": {"type": "Point", "coordinates": [26.0288344, 44.4385135]}, "properties": {"amenity": "clinic", "building": "yes", "emergency": "no", "healthcare": "clinic", "name": "Centrul Multifunc\u021bional de S\u0103n\u0103tate ''Sf\u00e2ntul Nectarie''"}}, {"type": "Feature", "geometry": {"type": "Point", "coordinates": [26.0151873, 44.4380178]}, "properties": {"addr:city": "Bucure\u0219ti", "addr:housenumber": "63", "addr:postcode": "062282", "addr:street": "Strada Apusului", "alt_name": "Policlinica Apusului", "amenity": "clinic", "building": "yes", "building:levels": "2", "healthcare": "clinic", "healthcare:speciality": "paediatrics", "name": "Dispensarul Apusului", "source:addr:housenumber": "survey", "source:addr:street": "survey"}}, {"type": "Feature", "geometry": {"type": "Point", "coordinates": [26.0262179, 44.4350206]}, "properties": {"addr:city": "Bucure\u0219ti", "addr:postcode": "060951", "addr:street": "Strada Drept\u0103\u021bii", "amenity": "clinic", "building": "yes", "building:levels": "3", "healthcare": "clinic", "name": "Policlinica Dreptatii"}}, {"type": "Feature", "geometry": {"type": "Point", "coordinates": [21.207001, 45.7501682]}, "properties": {"addr:city": "Timi\u0219oara", "addr:housenumber": "1", "addr:street": "Strada G\u0103rii", "amenity": "hospital", "building": "yes", "healthcare": "hospital", "name": "Policlinica C.F.R."}}, {"type": "Feature", "geometry": {"type": "Point", "coordinates": [21.2467274, 45.7486806]}, "properties": {"addr:city": "Timi\u0219oara", "addr:housenumber": "28", "addr:street": "Bulevardul Eroilor de la Tisa", "amenity": "clinic", "building": "yes", "healthcare": "clinic", "name": "MedLife"}}, {"type": "Feature", "geometry": {"type": "Point", "coordinates": [26.0563829, 44.4640424]}, "properties": {"amenity": "hospital", "building": "yes", "check_date": "2026-05-16", "name": "Spitalul Clinic de Urgen\u021b\u0103 Chirurgie Plastic\u0103, Reparatorie \u0219i Arsuri", "source": "survey"}}, {"type": "Feature", "geometry": {"type": "Point", "coordinates": [25.9229526, 45.0837371]}, "properties": {"amenity": "hospital"}}, {"type": "Feature", "geometry": {"type": "Point", "coordinates": [26.0547351, 44.449129]}, "properties": {"addr:city": "Bucure\u0219ti", "addr:housenumber": "25", "addr:postcode": "060221", "addr:street": "Strada Pascal Cristian, Inginer", "amenity": "clinic", "building": "yes", "building:levels": "5", "healthcare": "clinic", "healthcare:speciality": "rehabilitation", "name": "Spitalul Sf. Stelian"}}, {"type": "Feature", "geometry": {"type": "Point", "coordinates": [26.1252785, 44.3870551]}, "properties": {"addr:city": "Bucure\u0219ti", "addr:housenumber": "10-12", "addr:postcode": "041914", "addr:street": "\u0218oseaua Berceni", "addr:street:source": "survey", "amenity": "clinic", "building": "hospital", "description": "Investigatii imagistice prin Tomografie computerizata (CT) si rezonanta magnetica (IRM/RMN).", "email": "programari@medinst.ro", "healthcare": "clinic", "name": "Medinst", "opening_hours": "24/7", "phone": "+40 21 334 7194, +40 722 395 696", "source:addr:housenumber": "survey", "website": "https://medinst.ro/"}}, {"type": "Feature", "geometry": {"type": "Point", "coordinates": [26.1003956, 44.4486592]}, "properties": {"addr:city": "Bucure\u0219ti", "addr:country": "RO", "addr:housenumber": "32A", "addr:postcode": "010573", "addr:street": "Calea Doroban\u021bilor", "amenity": "hospital", "building": "clinic", "building:levels": "4", "name": "Centrul de diagnostic \u0219i tratament Doroban\u021bi"}}, {"type": "Feature", "geometry": {"type": "Point", "coordinates": [26.0897742, 44.4445389]}, "properties": {"addr:housename": "Corp C", "addr:housenumber": "4", "addr:street": "Calea Grivi\u021bei", "amenity": "hospital", "building": "yes", "building:levels": "4", "check_date": "2026-03-31", "healthcare": "hospital", "name": "Spitalul Clinic de Nefrologie Dr. Carol Davila", "wikidata": "Q30269491"}}, {"type": "Feature", "geometry": {"type": "Point", "coordinates": [28.6513384, 44.1738023]}, "properties": {"amenity": "hospital", "healthcare": "hospital", "name": "Spitalul Clinic C.F. Constan\u021ba", "operator": "Ministerul Transporturilor"}}, {"type": "Feature", "geometry": {"type": "Point", "coordinates": [26.0545662, 44.4846827]}, "properties": {"addr:city": "Bucure\u0219ti", "addr:housenumber": "140", "addr:postcode": "013221", "addr:postcode:source": "Date de la Po\u0219ta Rom\u00e2n\u0103, publicate sub Licen\u021ba pentru Guvernare Deschis\u0103 v1.0 la http://date.gov.ro/organization/posta-romana", "addr:street": "Strada Jiului", "amenity": "clinic", "building": "yes", "building:levels": "4", "emergency": "no", "healthcare": "clinic", "name": "Centrul de Dializa dr.Carol Davila"}}, {"type": "Feature", "geometry": {"type": "Point", "coordinates": [26.0535559, 44.4832792]}, "properties": {"addr:city": "Bucure\u0219ti", "addr:housenumber": "15", "addr:postcode": "013185", "addr:street": "Strada Pajurei", "amenity": "clinic", "building": "yes", "building:levels": "2", "emergency": "no", "healthcare": "clinic", "name": "Policlinica Pajura"}}, {"type": "Feature", "geometry": {"type": "Point", "coordinates": [26.1587302, 44.4303515]}, "properties": {"amenity": "clinic", "building": "yes", "name": "Dispensar"}}, {"type": "Feature", "geometry": {"type": "Point", "coordinates": [26.1053454, 44.441039]}, "properties": {"addr:city": "Bucure\u0219ti", "addr:housenumber": "5", "addr:street": "Strada Thomas Masaryk", "amenity": "clinic", "building": "apartments", "healthcare": "clinic", "name": "Centrul Clinic de Boli Reumatismale \"Dr. Ion Stoia\"", "website": "https://reumatologiedrstoia.ro/"}}, {"type": "Feature", "geometry": {"type": "Point", "coordinates": [26.0228719, 44.4381818]}, "properties": {"addr:city": "Bucure\u0219ti", "addr:housenumber": "27-29", "addr:postcode": "061013", "addr:street": "Strada Dezrobirii", "amenity": "hospital", "building": "yes", "building:levels": "4", "email": "office@wellborn.ro", "healthcare": "hospital", "healthcare:speciality": "gynaecology;ophthalmology;orthopaedics;biology;radiology;urology;surgery;cardiology;covid19", "name": "Spitalul Wellborn", "operator": "Promed System", "operator:type": "private", "phone": "031.9105", "source:addr:housenumber": "survey", "source:addr:street": "survey", "website": "https://www.wellborn.ro/", "wheelchair": "yes"}}, {"type": "Feature", "geometry": {"type": "Point", "coordinates": [24.1570485, 45.7983035]}, "properties": {"amenity": "hospital", "building": "yes", "contact:website": "http://polisano.ro/", "healthcare": "hospital", "name": "Polisano"}}, {"type": "Feature", "geometry": {"type": "Point", "coordinates": [21.2227353, 45.3903851]}, "properties": {"amenity": "hospital", "building": "hospital", "healthcare": "hospital", "name": "Spitalul Or\u0103\u0219enesc Deta", "phone": "0256391260", "website": "https://www.spitaldeta.ro/"}}, {"type": "Feature", "geometry": {"type": "Point", "coordinates": [25.6771372, 45.1791291]}, "properties": {"amenity": "hospital", "emergency": "no", "name": "Spitalul Boli Pulmonare "}}, {"type": "Feature", "geometry": {"type": "Point", "coordinates": [26.0886463, 44.4339895]}, "properties": {"addr:city": "Bucure\u0219ti", "addr:housenumber": "3", "addr:street": "Calea Plevnei", "amenity": "clinic", "building": "yes", "healthcare": "clinic", "name": "Centrul Medical Memormed", "source": "Bing", "website": "https://memormed.ro"}}, {"type": "Feature", "geometry": {"type": "Point", "coordinates": [26.1338869, 44.4554125]}, "properties": {"addr:city": "Bucure\u0219ti", "addr:housenumber": "3", "addr:postcode": "023471", "addr:street": "Strada Teofil", "amenity": "clinic", "building": "yes", "healthcare": "clinic", "name": "Centrul Medical \u201eSf. Andrei\u201d"}}, {"type": "Feature", "geometry": {"type": "Point", "coordinates": [26.0684224, 44.4398345]}, "properties": {"addr:city": "Bucure\u0219ti", "addr:housenumber": "200", "addr:postcode": "060057", "addr:street": "Splaiul Independen\u021bei", "amenity": "clinic", "building": "yes", "building:levels": "3", "healthcare": "clinic", "healthcare:speciality": "paediatrics", "name": "Ambulatoriul de specialitate pentru copii si tineri - Spitalul Universitar", "source": "survey", "source:addr:housenumber": "survey", "source:addr:street": "survey"}}, {"type": "Feature", "geometry": {"type": "Point", "coordinates": [26.0687439, 44.4396498]}, "properties": {"addr:city": "Bucure\u0219ti", "addr:housenumber": "200A", "addr:postcode": "060057", "addr:street": "Splaiul Independen\u021bei", "amenity": "clinic", "building": "yes", "building:levels": "3", "healthcare": "clinic", "name": "Theranova", "source": "survey", "source:addr:housenumber": "survey", "source:addr:street": "survey"}}, {"type": "Feature", "geometry": {"type": "Point", "coordinates": [21.3858867, 46.1667081]}, "properties": {"amenity": "hospital", "building": "hospital", "emergency": "yes", "healthcare": "hospital", "healthcare:speciality": "elderly_people;emergency", "name": "Laser System Hospital"}}, {"type": "Feature", "geometry": {"type": "Point", "coordinates": [25.3013522, 46.3076478]}, "properties": {"addr:city": "Odorheiu Secuiesc", "addr:postcode": "535600", "amenity": "hospital", "emergency": "yes", "healthcare": "hospital", "name": "Spitalul Municipal Odorheiu Secuiesc", "name:hu": "Sz\u00e9kelyudvarhelyi V\u00e1rosi K\u00f3rh\u00e1z", "name:ro": "Spitalul Municipal Odorheiu Secuiesc", "website": "http://hospital-odorhei.ro/"}}, {"type": "Feature", "geometry": {"type": "Point", "coordinates": [26.9169356, 46.5556891]}, "properties": {"addr:city": "Bac\u0103u", "addr:housenumber": "29", "addr:postcode": "600112", "addr:street": "Strada Erou Ciprian Pintea", "amenity": "hospital", "building": "yes", "building:levels": "2", "email": "office@centralplaza.eu", "healthcare": "hospital", "name": "Central Plaza", "operator": "Central Plaza", "operator:type": "private", "phone": "+40757051531", "website": "https://www.centralplaza.eu/"}}, {"type": "Feature", "geometry": {"type": "Point", "coordinates": [26.0354046, 45.1759952]}, "properties": {"addr:city": "V\u0103lenii de Munte", "addr:housenumber": "10", "addr:street": "Bulevardul Nicolae Iorga", "amenity": "hospital", "barrier": "fence", "emergency": "yes", "healthcare": "hospital", "name": "Spitalul Or\u0103\u0219enesc V\u0103lenii de Munte", "operator:type": "public", "phone": "+70244282525", "website": "https://www.spitalulvaleni.ro/"}}, {"type": "Feature", "geometry": {"type": "Point", "coordinates": [26.1655231, 44.4205262]}, "properties": {"amenity": "clinic", "healthcare": "clinic", "name": "Policlinica Titan"}}, {"type": "Feature", "geometry": {"type": "Point", "coordinates": [26.9098779, 46.5577713]}, "properties": {"amenity": "hospital", "healthcare": "hospital", "name": "Spitalului Jude\u021bean de Urgen\u021b\u0103 Bac\u0103u", "name:en": "Bac\u0103u County Emergency Hospital"}}, {"type": "Feature", "geometry": {"type": "Point", "coordinates": [27.5751403, 47.007219]}, "properties": {"alt_name": "Spitalul de psihiatrie B\u00e2rnova", "amenity": "hospital", "barrier": "fence", "emergency": "no", "healthcare": "hospital", "healthcare:speciality": "psychiatry", "name": "Sec\u021bia exterioar\u0103 B\u00e2rnova", "operator": "Institutul de psihiatrie Socola", "operator:type": "public"}}, {"type": "Feature", "geometry": {"type": "Point", "coordinates": [24.5814289, 46.5447868]}, "properties": {"amenity": "clinic", "building": "yes", "healthcare": "clinic", "healthcare:speciality": "cardiology;recovery;orthopaedics", "name": "Clinica de Recuperare RegenMed", "opening_hours": "Mo-Fr 08:00-20:00; Sa 08:00-14:00"}}, {"type": "Feature", "geometry": {"type": "Point", "coordinates": [24.5818353, 46.5450691]}, "properties": {"addr:city": "T\u00e2rgu Mure\u0219", "addr:housenumber": "46", "addr:postcode": "540083", "addr:street": "Strada Verii", "amenity": "clinic", "building": "yes", "healthcare": "clinic", "healthcare:speciality": "gastroenterology;cardiology;internal;dermatology;radiology;endocrinology", "name": "Centrul medical LOTUS Life", "opening_hours": "Mo-Fr 08:00-20:00; ", "phone": "+40721232232"}}, {"type": "Feature", "geometry": {"type": "Point", "coordinates": [26.3009736, 45.4201001]}, "properties": {"amenity": "hospital", "emergency": "yes", "healthcare": "hospital", "name": "Spitalul Or\u0103\u0219enesc Nehoiu", "website": "https://spitalnehoiu.com/"}}, {"type": "Feature", "geometry": {"type": "Point", "coordinates": [26.1215463, 44.4406791]}, "properties": {"amenity": "hospital", "building": "yes", "check_date": "2025-11-02", "healthcare": "hospital", "name": "Spitalul Clinic de Ortopedie \"Foi\u0219or\" - Ambulator", "source": "survey"}}, {"type": "Feature", "geometry": {"type": "Point", "coordinates": [26.1064344, 44.450445]}, "properties": {"addr:city": "Bucure\u0219ti", "addr:housenumber": "44", "addr:postcode": "020528", "addr:street": "Strada Tunari", "amenity": "hospital", "building": "office", "email": "contact@lotus-med.ro", "emergency": "no", "healthcare": "hospital", "healthcare:speciality": "general;ophthalmology;biology", "name": "Clinica Medicala - Lotus Med", "operator": "Lotus Med", "operator:type": "private", "phone": "0219989", "source": "survey;local knowledge"}}, {"type": "Feature", "geometry": {"type": "Point", "coordinates": [25.4473833, 45.7026775]}, "properties": {"addr:city": "Codlea", "amenity": "hospital", "healthcare": "hospital"}}, {"type": "Feature", "geometry": {"type": "Point", "coordinates": [25.4472643, 45.7026216]}, "properties": {"addr:city": "Codlea", "amenity": "hospital", "building": "yes", "check_date": "2025-10-30", "healthcare": "hospital", "name": "Spitalul Municipal Codlea"}}, {"type": "Feature", "geometry": {"type": "Point", "coordinates": [26.1010701, 44.4424558]}, "properties": {"addr:city": "Bucure\u0219ti", "addr:housenumber": "12", "addr:street": "Strada Pitar Mo\u0219", "amenity": "clinic", "building": "yes", "building:levels": "2", "healthcare": "clinic", "healthcare:speciality": "gynaecology", "name": "Nativia", "opening_hours": "Mo-Fr 08:30-21:00; Sa 09:00-14:00", "roof:levels": "1", "roof:shape": "quadruple_saltbox", "wheelchair": "limited"}}, {"type": "Feature", "geometry": {"type": "Point", "coordinates": [26.0817363, 44.450043]}, "properties": {"addr:city": "Bucure\u0219ti", "addr:street": "Strada Doctor Iacob Felix", "amenity": "clinic", "building": "yes", "building:levels": "5", "healthcare": "clinic", "name": "Clinica SANADOR Victoriei Corp B - Clinic\u0103", "phone": "\u202d+40 21 969 96 9\u202c", "roof:levels": "1", "source": "survey", "website": "https://www.sanador.ro/"}}, {"type": "Feature", "geometry": {"type": "Point", "coordinates": [26.0817137, 44.4502255]}, "properties": {"amenity": "clinic", "building": "yes", "healthcare": "clinic"}}, {"type": "Feature", "geometry": {"type": "Point", "coordinates": [26.0949417, 44.4232178]}, "properties": {"addr:city": "Bucure\u0219ti", "addr:housenumber": "4", "addr:postcode": "040116", "addr:street": "Strada Poiana Florilor", "amenity": "clinic", "building": "yes", "building:levels": "3", "healthcare": "clinic", "healthcare:speciality": "community", "name": "Policlinica 11 iunie", "source:addr:street": "survey"}}, {"type": "Feature", "geometry": {"type": "Point", "coordinates": [21.2262509, 45.7519099]}, "properties": {"addr:housenumber": "1", "addr:street": "Bulevardul Mihai Eminescu", "amenity": "clinic", "building": "yes", "check_date:opening_hours": "2025-08-18", "healthcare": "clinic", "name": "Medicover", "opening_hours": "Mo-Fr 08:00-20:00"}}, {"type": "Feature", "geometry": {"type": "Point", "coordinates": [21.2210102, 45.7543981]}, "properties": {"addr:housenumber": "3", "addr:street": "Strada Iosif Nemoianu", "amenity": "clinic", "building": "yes", "healthcare": "clinic", "name": "Policlinica de Copii"}}, {"type": "Feature", "geometry": {"type": "Point", "coordinates": [21.2421599, 45.7517128]}, "properties": {"addr:city": "Timi\u0219oara", "addr:housenumber": "17", "addr:postcode": "300558", "addr:postcode:source": "Date de la Po\u0219ta Rom\u00e2n\u0103, publicate sub Licen\u021ba pentru Guvernare Deschis\u0103 v1.0 la http://date.gov.ro/organization/posta-romana", "addr:street": "Strada Daliei", "amenity": "clinic", "building": "yes", "healthcare": "clinic", "name": "Ambulatoriu Integrat Policlinica 3"}}, {"type": "Feature", "geometry": {"type": "Point", "coordinates": [26.488186, 46.4764821]}, "properties": {"amenity": "hospital", "emergency": "yes", "healthcare": "hospital", "name": "Spitalul Municipal Moine\u0219ti"}}, {"type": "Feature", "geometry": {"type": "Point", "coordinates": [28.5869798, 43.8168341]}, "properties": {"amenity": "hospital", "building": "yes", "emergency": "yes", "healthcare": "hospital", "healthcare:speciality": "paediatrics;gynaecology", "name": "Spital Mangalia"}}, {"type": "Feature", "geometry": {"type": "Point", "coordinates": [26.1103469, 44.3868368]}, "properties": {"addr:city": "Bucure\u0219ti", "addr:housenumber": "2", "addr:postcode": "041553", "addr:street": "Strada Iarba C\u00e2mpului", "addr:street:source": "survey", "amenity": "clinic", "building": "yes", "healthcare": "clinic", "name": "Qmed", "source:addr:housenumber": "survey"}}, {"type": "Feature", "geometry": {"type": "Point", "coordinates": [26.1254541, 44.4542002]}, "properties": {"addr:city": "Bucure\u0219ti", "addr:housenumber": "47", "addr:postcode": "021127", "addr:street": "Strada Ma\u0219ina de P\u00e2ine", "amenity": "clinic", "building": "yes", "healthcare": "clinic", "name": "Policlinica Ma\u0219ina de P\u00e2ine"}}, {"type": "Feature", "geometry": {"type": "Point", "coordinates": [26.1529158, 44.4679753]}, "properties": {"addr:city": "Bucure\u0219ti", "addr:street": "Strada Balotului", "amenity": "clinic", "building": "yes", "healthcare": "hospital", "name": "Centru de recuperare \u0219i reabilitare neuropsihiatric\u0103"}}, {"type": "Feature", "geometry": {"type": "Point", "coordinates": [24.5787365, 46.5539957]}, "properties": {"addr:city": "T\u00e2rgu Mure\u0219", "addr:housenumber": "34", "addr:postcode": "540140", "addr:street": "Strada Gheorghe Marinescu", "amenity": "hospital", "healthcare": "hospital", "name": "Clinica O.R.L."}}, {"type": "Feature", "geometry": {"type": "Point", "coordinates": [24.5744608, 46.5509162]}, "properties": {"amenity": "hospital", "healthcare": "hospital", "name": "Centru Medical"}}, {"type": "Feature", "geometry": {"type": "Point", "coordinates": [24.5769836, 46.5534308]}, "properties": {"amenity": "hospital", "healthcare": "hospital", "name": "Clinica de Oncologie", "wheelchair": "yes"}}, {"type": "Feature", "geometry": {"type": "Point", "coordinates": [24.5760664, 46.5532644]}, "properties": {"amenity": "hospital", "healthcare": "hospital", "name": "Clinica de Chirurgie"}}, {"type": "Feature", "geometry": {"type": "Point", "coordinates": [24.5776592, 46.5542401]}, "properties": {"amenity": "hospital", "healthcare": "hospital", "name": "Clinica de Pneumologie"}}, {"type": "Feature", "geometry": {"type": "Point", "coordinates": [24.5611852, 46.541459]}, "properties": {"amenity": "hospital", "healthcare": "hospital", "name": "Clinica de Oftalmologie"}}, {"type": "Feature", "geometry": {"type": "Point", "coordinates": [24.5608109, 46.5417106]}, "properties": {"amenity": "hospital", "healthcare": "hospital", "name": "Clinica de Obstetric\u0103-Ginecologie"}}, {"type": "Feature", "geometry": {"type": "Point", "coordinates": [22.4560763, 46.5405459]}, "properties": {"addr:city": "\u0218tei", "addr:postcode": "415600", "amenity": "hospital", "building": "yes", "name": "Policlinica \u0218tei"}}, {"type": "Feature", "geometry": {"type": "Point", "coordinates": [22.4587077, 46.535271]}, "properties": {"amenity": "hospital", "building": "yes", "name": "Spitalul Or\u0103\u0219enesc \u0218tei"}}, {"type": "Feature", "geometry": {"type": "Point", "coordinates": [22.4655771, 46.5474777]}, "properties": {"amenity": "hospital", "building": "yes", "name": "Spitalul de Neuropsihiatrie"}}, {"type": "Feature", "geometry": {"type": "Point", "coordinates": [26.0915239, 44.483378]}, "properties": {"addr:city": "Bucure\u0219ti", "addr:housenumber": "85 A", "addr:street": "Strada Nicolae G. Caramfil", "alt_name": "Ponderas Regina Maria", "amenity": "hospital", "building": "hospital", "building:levels": "7", "emergency": "yes", "healthcare": "hospital", "name": "Ponderas Academic Hospital", "name:ro": "Spitalul Academic Ponderas", "operator": "Regina Maria", "operator:type": "private", "source:addr:housenumber": "survey"}}, {"type": "Feature", "geometry": {"type": "Point", "coordinates": [27.3270965, 44.1921297]}, "properties": {"addr:city": "C\u0103l\u0103ra\u0219i", "addr:housenumber": "1-3", "addr:street": "Strada Eroilor Revolutiei din 22 Decembrie 1989", "amenity": "hospital", "building": "yes", "emergency": "no", "healthcare": "hospital", "source": "bing"}}, {"type": "Feature", "geometry": {"type": "Point", "coordinates": [21.2246332, 45.7554495]}, "properties": {"addr:city": "Timi\u0219oara", "addr:street": "Scuarul Martir Radian Belici", "amenity": "hospital", "building": "yes", "building:facade:colour": "#fde2bb", "healthcare": "hospital", "name": "Clinica de oftalmologie", "roof:shape": "hipped", "wikidata": "Q15117097", "wikipedia": "ro:Spitalul Mizericordienilor din Timi\u0219oara"}}, {"type": "Feature", "geometry": {"type": "Point", "coordinates": [21.2221046, 45.7536389]}, "properties": {"amenity": "hospital", "check_date": "2025-11-01", "emergency": "yes", "healthcare": "hospital", "name": "Spitalul Clinic de Urgen\u021b\u0103 pentru Copii Louis \u021aurcanu"}}, {"type": "Feature", "geometry": {"type": "Point", "coordinates": [21.2216312, 45.7543236]}, "properties": {"amenity": "hospital", "building": "yes", "emergency": "yes", "healthcare": "hospital", "name": "Clinica de Chirurgie \u0219i Ortopedie Pediatric\u0103 Dr. Trestianu Viorel"}}, {"type": "Feature", "geometry": {"type": "Point", "coordinates": [25.732746, 45.1277901]}, "properties": {"addr:city": "C\u00e2mpina", "addr:housenumber": "117", "addr:postcode": "105600", "addr:street": "Bulevardul Carol I", "amenity": "clinic", "building": "yes", "emergency": "no", "healthcare": "clinic", "name": "Policlinica C\u00e2mpina"}}, {"type": "Feature", "geometry": {"type": "Point", "coordinates": [21.2265615, 45.7594693]}, "properties": {"amenity": "hospital", "check_date": "2025-05-10", "emergency": "yes", "healthcare": "hospital", "name": "Spitalul Municipal Clinicile Noi"}}, {"type": "Feature", "geometry": {"type": "Point", "coordinates": [21.2366371, 45.7552412]}, "properties": {"addr:housenumber": "12", "addr:street": "Bulevardul Revolu\u021biei din 1989", "amenity": "clinic", "building": "yes", "healthcare": "clinic", "name": "ASCAR"}}, {"type": "Feature", "geometry": {"type": "Point", "coordinates": [21.2357302, 45.7553342]}, "properties": {"addr:housenumber": "6", "addr:street": "Bulevardul Revolu\u021biei din 1989", "alt_name": "Clinica ORL", "amenity": "clinic", "building": "yes", "healthcare": "clinic", "name": "Clinica de Oto-Rino-Laringologie"}}, {"type": "Feature", "geometry": {"type": "Point", "coordinates": [21.2329175, 45.7595967]}, "properties": {"addr:housenumber": "12", "addr:street": "Strada Popa \u0218apc\u0103", "amenity": "clinic", "building": "yes", "healthcare": "clinic", "name": "Medcom CBS Hospital"}}, {"type": "Feature", "geometry": {"type": "Point", "coordinates": [21.2331201, 45.7613688]}, "properties": {"addr:housenumber": "26", "addr:street": "Strada Popa \u0218apc\u0103", "amenity": "clinic", "building": "yes", "healthcare": "clinic", "name": "Clinica First Medical"}}, {"type": "Feature", "geometry": {"type": "Point", "coordinates": [21.2336307, 45.7583637]}, "properties": {"addr:city": "Timi\u0219oara", "addr:housenumber": "3", "addr:postcode": "300062", "addr:postcode:source": "Date de la Po\u0219ta Rom\u00e2n\u0103, publicate sub Licen\u021ba pentru Guvernare Deschis\u0103 v1.0 la http://date.gov.ro/organization/posta-romana", "addr:street": "Bulevardul Take Ionescu", "amenity": "clinic", "building": "yes", "building:levels": "3", "healthcare": "clinic", "name": "Clinica de Chirurgie Oro-Maxilo-Facial\u0103"}}, {"type": "Feature", "geometry": {"type": "Point", "coordinates": [21.917108, 47.0749167]}, "properties": {"amenity": "hospital", "building": "yes", "emergency": "no", "healthcare": "hospital", "name": "Spitalul Clinic Municipal Dr. Gavril Curteanu"}}, {"type": "Feature", "geometry": {"type": "Point", "coordinates": [21.9450195, 47.0638051]}, "properties": {"amenity": "hospital", "building": "yes", "healthcare": "hospital", "name": "Spitalul Clinic de Neurologie \u0219i Psihiatrie"}}, {"type": "Feature", "geometry": {"type": "Point", "coordinates": [24.0939885, 46.4754179]}, "properties": {"amenity": "hospital", "building": "hospital", "name": "Spitalul Or\u0103\u0219enesc dr. Valer Russu"}}, {"type": "Feature", "geometry": {"type": "Point", "coordinates": [22.3996486, 46.5921134]}, "properties": {"amenity": "hospital", "emergency": "no", "name": "Dispensar"}}, {"type": "Feature", "geometry": {"type": "Point", "coordinates": [26.0823719, 44.4502578]}, "properties": {"addr:city": "Bucure\u0219ti", "amenity": "clinic", "building": "hospital", "building:levels": "5", "healthcare": "clinic", "name": "Clinica SANADOR Victoriei Corp A - Clinica pediatrie", "opening_hours": "Mo-Sa 07:30-21:00", "phone": "\u202d+40 21 969 96 9\u202c", "roof:levels": "1", "source": "survey", "website": "https://www.sanador.ro/"}}, {"type": "Feature", "geometry": {"type": "Point", "coordinates": [26.08425, 44.4497991]}, "properties": {"addr:city": "Bucure\u0219ti", "addr:country": "RO", "addr:housenumber": "9", "addr:postcode": "010991", "addr:street": "Strada Sevastopol", "amenity": "hospital", "building": "hospital", "building:levels": "10", "emergency": "yes", "healthcare": "hospital", "height": "34", "name": "Spitalul Clinic Sanador", "name:ro": "Spitalul Clinic Sanador", "operator:type": "private", "source": "survey", "website": "https://www.sanador.ro/spitalulsanador", "wikidata": "Q20432712", "wikipedia": "ro:Sanador"}}, {"type": "Feature", "geometry": {"type": "Point", "coordinates": [26.0397971, 45.6739046]}, "properties": {"amenity": "hospital", "building": "hospital", "emergency": "no", "healthcare": "hospital", "name": "Spitalul \u00centorsura Buz\u0103ului", "name:ro": "Bodzafordul\u00f3i K\u00f3rh\u00e1z"}}, {"type": "Feature", "geometry": {"type": "Point", "coordinates": [23.5878654, 46.7654193]}, "properties": {"addr:city": "Cluj-Napoca", "addr:housenumber": "17", "addr:street": "Strada Republicii", "amenity": "clinic", "building": "yes", "check_date": "2024-05-10", "healthcare": "clinic", "healthcare:speciality": "neurology;gynaecology;paediatrics;cardiology;internal;psychiatry;dermatology", "name": "Cardiomed", "opening_hours": "Mo-Fr 08:00-20:00", "website": "http://wwe.cardiomedcluj.ro", "wheelchair": "no"}}, {"type": "Feature", "geometry": {"type": "Point", "coordinates": [27.5882704, 47.169136]}, "properties": {"addr:housenumber": "38", "addr:postcode": "700116", "addr:street": "Strada S\u0103r\u0103rie", "alt_name": "Centrul Medical Arcadia S\u0103r\u0103rie", "amenity": "clinic", "building": "hospital", "healthcare": "clinic", "name": "Arcadia", "website": "https://www.arcadiamedical.ro"}}, {"type": "Feature", "geometry": {"type": "Point", "coordinates": [26.1144882, 44.39058]}, "properties": {"addr:city": "Bucure\u0219ti", "addr:housenumber": "11", "addr:street": "Aleea Cricovul Dulce", "addr:street:source": "survey", "amenity": "clinic", "building": "yes", "building:levels": "2", "healthcare": "clinic", "name": "Policlinic\u0103", "source:addr:housenumber": "survey"}}, {"type": "Feature", "geometry": {"type": "Point", "coordinates": [26.1225052, 44.3804746]}, "properties": {"addr:city": "Bucure\u0219ti", "addr:housenumber": "2", "addr:street": "Aleea R\u00e2ul Sadului", "amenity": "clinic", "building": "yes", "healthcare": "clinic", "healthcare:speciality": "general", "name": "Dispensarul Berceni"}}, {"type": "Feature", "geometry": {"type": "Point", "coordinates": [26.0884895, 44.4675095]}, "properties": {"addr:city": "Bucure\u0219ti", "addr:housenumber": "9", "addr:postcode": "011971", "addr:street": "Bulevardul Prim\u0103verii", "amenity": "clinic", "building": "yes", "healthcare": "clinic", "name": "Medsana"}}, {"type": "Feature", "geometry": {"type": "Point", "coordinates": [27.5731977, 47.1708745]}, "properties": {"amenity": "clinic", "building": "yes", "building:levels": "4", "healthcare": "clinic"}}, {"type": "Feature", "geometry": {"type": "Point", "coordinates": [27.5765891, 47.1738999]}, "properties": {"addr:city": "Ia\u0219i", "addr:housenumber": "3A", "addr:street": "Strada General Henri Mathias Berthelot", "amenity": "clinic", "building": "yes", "email": "clinica@revial.ro", "healthcare": "clinic", "healthcare:speciality": "oncology;radiotherapy;haematology;cardiology;gynaecology;radiology", "name": "Revial", "opening_hours": "Mo-Fr 08:00-20:00", "phone": "+40332738425", "website": "https://revial.ro/"}}, {"type": "Feature", "geometry": {"type": "Point", "coordinates": [27.5963444, 47.1603907]}, "properties": {"addr:city": "Ia\u0219i", "addr:housenumber": "7", "addr:street": "Strada Grigore Ghica Vod\u0103", "amenity": "clinic", "building": "commercial", "building:levels": "5", "healthcare": "clinic", "name": "Euro Medi Center"}}, {"type": "Feature", "geometry": {"type": "Point", "coordinates": [27.9403321, 45.2528719]}, "properties": {"addr:housenumber": "2", "addr:street": "\u0218oseaua Buz\u0103ului", "amenity": "hospital", "building": "yes", "emergency": "yes", "healthcare": "hospital", "name": "Spitalul Clinic Jude\u021bean de Urgen\u021b\u0103 Br\u0103ila"}}, {"type": "Feature", "geometry": {"type": "Point", "coordinates": [27.9403968, 45.2522283]}, "properties": {"amenity": "hospital", "building": "yes", "healthcare": "hospital", "healthcare:speciality": "dialysis", "name": "Centrul de dializ\u0103"}}, {"type": "Feature", "geometry": {"type": "Point", "coordinates": [27.9513298, 45.2593097]}, "properties": {"amenity": "hospital", "name": "Serviciul Ambulan\u021b\u0103"}}, {"type": "Feature", "geometry": {"type": "Point", "coordinates": [27.6656304, 46.2273991]}, "properties": {"amenity": "clinic", "building": "yes", "healthcare": "clinic", "name": "Policlinica Stomatologic\u0103"}}, {"type": "Feature", "geometry": {"type": "Point", "coordinates": [27.6586086, 46.215777]}, "properties": {"amenity": "hospital", "building": "yes", "healthcare": "hospital", "name": "Centrul de dializ\u0103 B\u00e2rlad"}}, {"type": "Feature", "geometry": {"type": "Point", "coordinates": [27.6703926, 46.2406106]}, "properties": {"amenity": "clinic", "building": "yes", "healthcare": "clinic", "name": "Spitalul de Copii Sf\u00e2ntul Nicolae"}}, {"type": "Feature", "geometry": {"type": "Point", "coordinates": [27.6666654, 46.2319519]}, "properties": {"amenity": "hospital", "building": "yes", "name": "Centrul de Transfuzii B\u00e2rlad"}}, {"type": "Feature", "geometry": {"type": "Point", "coordinates": [24.1439606, 45.7772924]}, "properties": {"addr:city": "Sibiu", "addr:housenumber": "107", "addr:postcode": "550399", "addr:postcode:source": "Date de la Po\u0219ta Rom\u00e2n\u0103, publicate sub Licen\u021ba pentru Guvernare Deschis\u0103 v1.0 la http://date.gov.ro/organization/posta-romana", "addr:street": "Calea Dumbr\u0103vii", "amenity": "clinic", "building": "yes", "contact:email": "programari@policlinicamedica.ro", "contact:fax": "0269 235234", "contact:phone": "0269 212079", "contact:website": "http://www.policlinicamedica.ro/", "is_in:city": "Sibiu", "is_in:country": "Romania", "is_in:country_code": "RO", "is_in:county": "Sibiu", "name": "Medica", "source": "Bing"}}, {"type": "Feature", "geometry": {"type": "Point", "coordinates": [24.1547919, 45.7976743]}, "properties": {"addr:city": "Sibiu", "addr:housenumber": "28", "addr:postcode": "550185", "addr:street": "Strada General Magheru", "amenity": "clinic", "building": "yes", "check_date": "2025-05-10", "contact:email": "office@visamedica.ro", "contact:phone": "0269 210219", "contact:website": "http://www.visamedica.ro", "healthcare": "clinic", "is_in:city": "Sibiu", "is_in:country": "Romania", "is_in:country_code": "RO", "is_in:county": "Sibiu", "name": "VISA Medica"}}, {"type": "Feature", "geometry": {"type": "Point", "coordinates": [27.6720956, 46.2362039]}, "properties": {"addr:city": "B\u00e2rlad", "addr:housenumber": "300", "addr:street": "Bulevardul Republicii", "amenity": "hospital", "healthcare": "hospital", "name": "Spitalul Municipal de Urgen\u021b\u0103 Elena Beldiman"}}, {"type": "Feature", "geometry": {"type": "Point", "coordinates": [27.9796374, 45.269741]}, "properties": {"amenity": "hospital", "healthcare": "hospital", "name": "Centrul Dializ\u0103 IHS"}}, {"type": "Feature", "geometry": {"type": "Point", "coordinates": [26.1021294, 44.4191769]}, "properties": {"addr:city": "Bucure\u0219ti", "addr:housenumber": "95-101", "addr:postcode": "040204", "addr:street": "Calea \u0218erban Vod\u0103", "amenity": "hospital", "building": "yes", "designation": "Spitalul de Ochi", "healthcare": "hospital", "name": "Monza Metropolitan Hospital", "website": "https://monzametropolitan.ro/"}}, {"type": "Feature", "geometry": {"type": "Point", "coordinates": [27.9694856, 45.2695267]}, "properties": {"addr:housenumber": "25", "addr:street": "Strada Radu S.Campiniu", "amenity": "hospital", "building": "yes", "name": "Centrul de Transfuzie Sanguin\u0103"}}, {"type": "Feature", "geometry": {"type": "Point", "coordinates": [27.9704271, 45.2635595]}, "properties": {"amenity": "hospital", "building": "hospital", "healthcare": "hospital", "name": "Promedica"}}, {"type": "Feature", "geometry": {"type": "Point", "coordinates": [27.9778043, 45.2722778]}, "properties": {"addr:city": "Br\u0103ila", "addr:housenumber": "10-12", "addr:street": "Strada Belvedere", "amenity": "clinic", "building": "yes", "building:levels": "3", "healthcare": "clinic", "healthcare:speciality": "surgery;general;dentistry;gynaecology;dermatology;cardiology;oncology", "name": "Policlinica DIACONIA", "operator": "Centrul Medical Diaconia", "operator:type": "private"}}, {"type": "Feature", "geometry": {"type": "Point", "coordinates": [27.9737977, 45.2687019]}, "properties": {"amenity": "hospital", "building": "yes", "heritage": "2", "heritage:operator": "lmi", "name": "Fost spital de copii", "ref:RO:lmi": "BR-II-m-B-02077", "start_date": "1937"}}, {"type": "Feature", "geometry": {"type": "Point", "coordinates": [23.6241779, 46.7662663]}, "properties": {"addr:city": "Cluj-Napoca", "addr:country": "RO", "addr:housenumber": "9", "addr:postcode": "400438", "addr:street": "Aleea B\u0103i\u021ba", "amenity": "clinic", "building": "yes", "emergency": "no", "healthcare": "clinic", "name": "Dispensar Gheorgheni"}}, {"type": "Feature", "geometry": {"type": "Point", "coordinates": [23.0153738, 46.8624617]}, "properties": {"addr:city": "Huedin", "addr:housenumber": "42", "addr:postcode": "405400", "addr:street": "Strada Spitalului", "amenity": "hospital", "building": "yes", "healthcare": "hospital", "name": "Spitalul or\u0103\u0219enesc Huedin"}}, {"type": "Feature", "geometry": {"type": "Point", "coordinates": [27.5867485, 47.1631043]}, "properties": {"addr:city": "Ia\u0219i", "addr:housenumber": "34", "addr:street": "Strada Cuza Vod\u0103", "amenity": "hospital", "email": "contact@spitalcuzavodaiasi.ro", "healthcare": "hospital", "healthcare:speciality": "gynaecology;maternity;neonatology", "name": "Spitalul Clinic de Obstetric\u0103-Ginecologie \u201eCuza Vod\u0103\u201d Ia\u0219i", "phone": "+40232213000", "website": "https://www.spitalcuzavodaiasi.ro/", "wikidata": "Q97101255"}}, {"type": "Feature", "geometry": {"type": "Point", "coordinates": [27.5826783, 47.1687878]}, "properties": {"addr:city": "Ia\u0219i", "addr:country": "RO", "addr:housenumber": "1", "addr:postcode": "700111", "addr:street": "Bulevardul Independen\u021bei", "amenity": "hospital", "check_date": "2024-07-07", "email": "contact@spitalspiridon.ro", "emergency": "yes", "healthcare": "hospital", "healthcare:speciality": "surgery;vascular_surgery;plastic_surgery;trauma;orthopaedics;internal;gastroenterology;cardiology;ophthalmology;endocrinology;diabetology;intensive;haematology;emergency;allergology", "name": "Spitalul Clinic Jude\u021bean de Urgen\u021be \"Sf. Spiridon\"", "phone": "+40232240822", "start_date": "1757", "website": "https://www.spitalspiridon.ro/", "wikidata": "Q50035320"}}, {"type": "Feature", "geometry": {"type": "Point", "coordinates": [27.5846717, 47.1696]}, "properties": {"addr:city": "Ia\u0219i", "addr:housenumber": "30", "addr:postcode": "700115", "addr:street": "Strada Doctor Iacob Cihac", "amenity": "hospital", "email": "secretariat@pneumo-iasi.ro", "healthcare": "hospital", "name": "Spitalul Clinic de Pneumoftiziologie Ia\u0219i", "operator": "Consiliu Judetean Iasi", "operator:type": "public", "phone": "+40232239408", "start_date": "1973", "website": "https://pneumo-iasi.ro/"}}, {"type": "Feature", "geometry": {"type": "Point", "coordinates": [27.5756489, 47.1729166]}, "properties": {"addr:city": "Ia\u0219i", "addr:housenumber": "7-9", "addr:postcode": "700483", "addr:street": "Strada General Henri Mathias Berthelot", "amenity": "hospital", "contact:facebook": "facebook.com/UM02534IS", "email": "spital@smuis.ro", "healthcare": "hospital", "name": "Spitalul Clinic Militar de Urgen\u021b\u0103 \u201eDr. I. Czihac\u201d", "operator": "Ministerul Apararii Nationale", "operator:type": "military", "phone": "+40232266268", "website": "https://www.smuis.ro/"}}, {"type": "Feature", "geometry": {"type": "Point", "coordinates": [27.5686843, 47.1807927]}, "properties": {"amenity": "hospital", "healthcare": "hospital", "name": "Spitalul Clinic Dr CI Parhon", "wikidata": "Q30261317"}}, {"type": "Feature", "geometry": {"type": "Point", "coordinates": [27.5739029, 47.1490388]}, "properties": {"addr:city": "Ia\u0219i", "addr:housenumber": "14", "addr:postcode": "700661", "addr:street": "Strada Pantelimon Halipa", "amenity": "hospital", "email": "secretariat@scr.ro", "healthcare": "hospital", "healthcare:speciality": "physiatry;rheumatology", "name": "Spitalul Clinic de Recuperare Iasi", "phone": "+40232254250;+40232266044;+40332410772", "website": "https://scr.ro/"}}, {"type": "Feature", "geometry": {"type": "Point", "coordinates": [26.7598727, 46.2454252]}, "properties": {"addr:city": "One\u0219ti", "addr:street": "Strada George C\u0103linescu", "amenity": "clinic", "building": "yes"}}, {"type": "Feature", "geometry": {"type": "Point", "coordinates": [26.7767085, 46.2544304]}, "properties": {"addr:city": "One\u0219ti", "addr:housenumber": "10", "addr:postcode": "601119", "addr:street": "Strada Doctor Victor Babe\u0219", "amenity": "clinic", "building": "yes", "building:levels": "5", "healthcare": "clinic", "levels": "2"}}, {"type": "Feature", "geometry": {"type": "Point", "coordinates": [23.3762043, 45.4076282]}, "properties": {"addr:city": "Petro\u0219ani", "addr:housenumber": "137 A", "addr:postcode": "332058", "addr:street": "Strada 1 Decembrie 1918", "amenity": "hospital", "building": "yes", "healthcare": "hospital", "healthcare:speciality": "psychiatry;paediatrics;gynaecology;cardiology;oncology;emergency;surgery;internal;maternity;radiology;orthopaedics;dialysis", "name": "Spitalul de Urgen\u021b\u0103", "operator": "Ministerul Sanatatii", "operator:type": "public"}}, {"type": "Feature", "geometry": {"type": "Point", "coordinates": [27.5760517, 47.1749375]}, "properties": {"amenity": "hospital", "healthcare": "hospital", "healthcare:speciality": "oncology;surgical_oncology", "name": "Institutul Regional de Oncologie"}}, {"type": "Feature", "geometry": {"type": "Point", "coordinates": [27.6028441, 47.1678271]}, "properties": {"amenity": "hospital", "healthcare": "hospital", "name": "Sec\u021bia Clinic\u0103 a II-a de Pneumoftiziologie Pa\u0219canu"}}, {"type": "Feature", "geometry": {"type": "Point", "coordinates": [27.5843863, 47.1703752]}, "properties": {"addr:city": "Ia\u0219i", "addr:housenumber": "2", "addr:postcode": "700116", "addr:street": "Strada Octav Botez", "amenity": "hospital", "email": "secretariat@infectioase.ro", "healthcare": "hospital", "healthcare:speciality": "infectious_diseases", "name": "Spitalul Clinic de Boli Infec\u021bioase \u201cSf\u00e2nta Parascheva\u201d", "old_name": "Spitalul de Boli Infectioase \u2013 Izolarea", "phone": "+40232267719", "start_date": "1911-09-01", "website": "https://www.infectioase.ro/", "wikidata": "Q97100935"}}, {"type": "Feature", "geometry": {"type": "Point", "coordinates": [25.9525851, 45.045554]}, "properties": {"addr:city": "Plopeni", "addr:housenumber": "8-10", "addr:street": "Bulevardul Republicii", "amenity": "hospital", "emergency": "no", "healthcare": "hospital", "name": "DentiRAD"}}, {"type": "Feature", "geometry": {"type": "Point", "coordinates": [23.8763084, 47.1399602]}, "properties": {"addr:city": "Dej", "addr:country": "RO", "addr:housenumber": "9", "addr:postcode": "405200", "addr:street": "Strada Gutuiului", "amenity": "clinic", "building": "yes", "building:levels": "2", "healthcare:speciality": "nephrology", "name": "Clinica Fresenius"}}, {"type": "Feature", "geometry": {"type": "Point", "coordinates": [26.0757176, 44.5528201]}, "properties": {"amenity": "clinic", "building": "yes"}}, {"type": "Feature", "geometry": {"type": "Point", "coordinates": [23.5692587, 46.0693033]}, "properties": {"addr:city": "Alba Iulia", "addr:housenumber": "1-3", "addr:street": "FIXME", "amenity": "hospital", "building": "yes", "healthcare": "hospital", "name": "Spitalul de Neurologie \u0219i Psihiatrie Carol Davila"}}, {"type": "Feature", "geometry": {"type": "Point", "coordinates": [24.9445894, 44.9611985]}, "properties": {"addr:housenumber": "99", "amenity": "hospital", "building": "yes", "healthcare": "hospital", "name": "Spitalul de Urgen\u021b\u0103", "name:en": "Hospital", "name:ro": "Spitalul de Urgen\u021b\u0103"}}, {"type": "Feature", "geometry": {"type": "Point", "coordinates": [23.8754532, 47.9285038]}, "properties": {"addr:postcode": "435500", "amenity": "hospital", "emergency": "yes", "name": "Spitalul Municipal Sighetul Marma\u021biei", "name:en": "Sighet City Hospital", "opening_hours": "24/7"}}, {"type": "Feature", "geometry": {"type": "Point", "coordinates": [22.4723816, 46.4759331]}, "properties": {"addr:city": "Va\u0219c\u0103u", "addr:housenumber": "1", "addr:postcode": "415800", "addr:street": "Magurii", "amenity": "hospital", "emergency": "no", "healthcare": "hospital", "healthcare:speciality": "general;stomatology", "name": "Dispensarul uman Va\u0219c\u0103u", "operator": "Primaria Vascau/Cabinet medical", "operator:type": "public"}}, {"type": "Feature", "geometry": {"type": "Point", "coordinates": [21.2450676, 45.7353686]}, "properties": {"addr:city": "Timi\u0219oara", "addr:street": "Strada Iolanda Bala\u0219", "amenity": "clinic", "building": "yes", "healthcare": "clinic", "healthcare:speciality": "orthopaedics;trauma", "name": "Arthros Center", "website": "https://www.arthrosclinic.ro/"}}, {"type": "Feature", "geometry": {"type": "Point", "coordinates": [21.2385526, 45.7509211]}, "properties": {"addr:city": "Timi\u0219oara", "addr:housenumber": "14", "addr:street": "Bulevardul Corneliu Coposu", "amenity": "clinic", "building": "clinic", "name": "Emerald"}}, {"type": "Feature", "geometry": {"type": "Point", "coordinates": [21.2398261, 45.7495332]}, "properties": {"addr:city": "Timi\u0219oara", "addr:housenumber": "1", "addr:postcode": "300551", "addr:street": "Aleea Studen\u021bilor", "amenity": "clinic", "building": "yes", "healthcare": "clinic", "name": "Policlinica Studen\u021beasc\u0103"}}, {"type": "Feature", "geometry": {"type": "Point", "coordinates": [27.5619353, 47.1580723]}, "properties": {"addr:city": "Ia\u0219i", "addr:housenumber": "2", "addr:postcode": "700620", "addr:street": "Strada Cicoarei", "alt_name": "Arcadia Cicoarei", "amenity": "hospital", "healthcare": "hospital", "name": "Arcadia Hospital", "phone": "+40 232 202002", "website": "https://arcadiamedical.ro/"}}, {"type": "Feature", "geometry": {"type": "Point", "coordinates": [26.0604791, 44.5362152]}, "properties": {"amenity": "clinic", "building": "yes", "healthcare": "clinic", "healthcare:speciality": "radiology;oncology", "name": "Amethyst"}}, {"type": "Feature", "geometry": {"type": "Point", "coordinates": [28.5822753, 43.8089644]}, "properties": {"amenity": "hospital", "building": "yes", "emergency": "no", "name": "Policlinica Mangalia"}}, {"type": "Feature", "geometry": {"type": "Point", "coordinates": [23.3785868, 45.4432917]}, "properties": {"amenity": "hospital", "building": "yes", "name": "Fost\u0103 Policlinic\u0103 Petrila", "source": "survey, Bing , legea544/2001"}}, {"type": "Feature", "geometry": {"type": "Point", "coordinates": [28.5879512, 43.8195891]}, "properties": {"addr:city": "Mangalia", "addr:housenumber": "5", "addr:postcode": "905500", "addr:postcode:source": "Date de la Po\u0219ta Rom\u00e2n\u0103, publicate sub Licen\u021ba pentru Guvernare Deschis\u0103 v1.0 la http://date.gov.ro/organization/posta-romana", "addr:street": "Strada George Emil Palade", "amenity": "hospital", "building": "hospital", "emergency": "yes", "healthcare": "hospital", "name": "Spitalul Municipal"}}, {"type": "Feature", "geometry": {"type": "Point", "coordinates": [23.3783216, 45.1812147]}, "properties": {"amenity": "hospital", "building": "yes", "healthcare": "hospital", "name": "Spitalul Or\u0103\u0219enesc"}}, {"type": "Feature", "geometry": {"type": "Point", "coordinates": [25.6079899, 45.6654548]}, "properties": {"addr:city": "Bra\u0219ov", "addr:housenumber": "2", "addr:postcode": "500152", "addr:street": "Strada Olte\u021b", "amenity": "hospital", "building": "yes", "healthcare": "hospital", "name": "Spitalul Tractorul"}}, {"type": "Feature", "geometry": {"type": "Point", "coordinates": [25.610259, 45.6653011]}, "properties": {"amenity": "clinic", "building": "yes", "healthcare": "clinic", "name": "Policlinica Medlife"}}, {"type": "Feature", "geometry": {"type": "Point", "coordinates": [24.7019989, 46.7829486]}, "properties": {"addr:city": "Reghin", "addr:housenumber": "31", "addr:postcode": "545300", "addr:street": "Pia\u021ba Petru Maior", "amenity": "clinic", "building": "yes", "healthcare": "clinic", "name": "Policlinica Municipal\u0103 Reghin"}}, {"type": "Feature", "geometry": {"type": "Point", "coordinates": [24.7943537, 46.2233219]}, "properties": {"alt_name": "Maternitate", "amenity": "hospital", "building": "yes", "healthcare": "hospital", "historic": "building", "name": "Clinica de obstretic\u0103 ginecologie"}}, {"type": "Feature", "geometry": {"type": "Point", "coordinates": [24.6952494, 46.7831839]}, "properties": {"amenity": "clinic", "building": "public", "healthcare": "clinic", "name": "Policlinica Reghin", "name:ro": "Policlinica Reghin", "roof:colour": "grey", "roof:orientation": "along", "roof:shape": "hipped"}}, {"type": "Feature", "geometry": {"type": "Point", "coordinates": [24.6968528, 46.7839738]}, "properties": {"amenity": "hospital", "healthcare": "hospital", "name": "Ambulan\u021b\u0103 Reghin", "name:ro": "Ambulan\u021b\u0103 Reghin"}}, {"type": "Feature", "geometry": {"type": "Point", "coordinates": [21.881475, 45.3253933]}, "properties": {"amenity": "clinic", "building": "yes", "healthcare": "clinic", "name": "Policlinica"}}, {"type": "Feature", "geometry": {"type": "Point", "coordinates": [21.8819819, 45.3200096]}, "properties": {"amenity": "hospital", "emergency": "no", "healthcare": "hospital"}}, {"type": "Feature", "geometry": {"type": "Point", "coordinates": [27.0353661, 45.2110767]}, "properties": {"amenity": "hospital", "emergency": "yes", "name": "Spitalul din Cochirleanca"}}, {"type": "Feature", "geometry": {"type": "Point", "coordinates": [26.763471, 46.2545798]}, "properties": {"amenity": "hospital", "building": "yes", "name": "Infec\u021bioase"}}, {"type": "Feature", "geometry": {"type": "Point", "coordinates": [24.2609284, 44.6592893]}, "properties": {"amenity": "clinic", "building": "yes", "check_date": "2023-11-04", "emergency": "no", "healthcare": "hospital", "healthcare:speciality": "general", "name": "Policlinic\u0103"}}, {"type": "Feature", "geometry": {"type": "Point", "coordinates": [23.5836046, 46.7546756]}, "properties": {"addr:city": "Cluj-Napoca", "addr:country": "RO", "addr:housenumber": "54", "addr:postcode": "400347", "addr:street": "Strada Viilor", "amenity": "clinic", "building": "yes", "building:levels": "2", "email": "info@cmtransilvania.ro", "healthcare": "clinic", "name": "Centrul Medical Transilvania", "opening_hours": "Mo-Fr 08:00-20:00; Sa 09:00-17:00", "phone": "0364405100", "website": "https://www.cmtransilvania.ro/"}}, {"type": "Feature", "geometry": {"type": "Point", "coordinates": [26.089532, 44.4647494]}, "properties": {"addr:city": "Bucure\u0219ti", "addr:housenumber": "240", "addr:postcode": "010587", "addr:street": "Calea Doroban\u021bilor", "amenity": "clinic", "building": "yes", "building:levels": "3", "healthcare": "clinic", "name": "Regina Maria", "roof:levels": "0"}}, {"type": "Feature", "geometry": {"type": "Point", "coordinates": [27.6631976, 46.2255922]}, "properties": {"amenity": "hospital", "healthcare": "hospital", "name": "Spitalul Municipal de Urgen\u021b\u0103 Elena Beldiman - Pneumologie, TBC, Psihiatrie"}}, {"type": "Feature", "geometry": {"type": "Point", "coordinates": [26.0758017, 44.4467703]}, "properties": {"addr:city": "Bucure\u0219ti", "addr:country": "RO", "addr:housenumber": "3", "addr:street": "Pia\u021ba G\u0103rii de Nord", "amenity": "clinic", "building": "public", "building:levels": "5", "building:levels:underground": "1", "healthcare": "clinic", "height": "20", "name": "Policlinica CF Gara de Nord", "operator": "Spitalul Universitar CF Witting", "operator:type": "public", "source:addr:housenumber": "survey", "source:addr:street": "survey"}}, {"type": "Feature", "geometry": {"type": "Point", "coordinates": [27.5272911, 47.0969759]}, "properties": {"amenity": "clinic", "building": "yes", "healthcare": "clinic", "name": "Cabinet medical"}}, {"type": "Feature", "geometry": {"type": "Point", "coordinates": [27.5269277, 47.1450123]}, "properties": {"amenity": "clinic", "building": "yes", "healthcare": "clinic"}}, {"type": "Feature", "geometry": {"type": "Point", "coordinates": [27.670435, 46.2358031]}, "properties": {"amenity": "hospital", "healthcare": "hospital", "name": "Spitalul de Boli Infec\u021bioase"}}, {"type": "Feature", "geometry": {"type": "Point", "coordinates": [26.111576, 44.4798228]}, "properties": {"addr:street": "Bulevardul Dimitrie Pompeiu", "amenity": "clinic", "building": "yes", "healthcare": "clinic", "name": "Centrul naturist de s\u0103n\u0103tate Santo Raphael", "wheelchair": "limited"}}, {"type": "Feature", "geometry": {"type": "Point", "coordinates": [21.2123742, 45.7563601]}, "properties": {"addr:city": "Timi\u0219oara", "addr:housenumber": "6", "addr:postcode": "300014", "addr:street": "Strada Frany\u00f3 Zolt\u00e1n", "amenity": "clinic", "building": "yes", "building:levels": "5", "emergency": "yes", "healthcare": "clinic", "name": "Clinica de Obstretic\u0103 \u0219i Neonatalogie", "operator": "Spitalul Municipal Timi\u0219oara"}}, {"type": "Feature", "geometry": {"type": "Point", "coordinates": [26.1736239, 44.421909]}, "properties": {"amenity": "clinic", "building": "yes", "healthcare": "clinic", "name": "Titan neuro-clinic"}}, {"type": "Feature", "geometry": {"type": "Point", "coordinates": [26.090745, 44.4552223]}, "properties": {"addr:city": "Bucure\u0219ti", "addr:housenumber": "5", "addr:postcode": "011794", "addr:street": "Strada Washington", "amenity": "clinic", "building": "no", "healthcare": "clinic", "name": "Centrul Medical de Diagnostic, Tratament Ambulator \u0219i Medicin\u0103 Preventiv\u0103"}}, {"type": "Feature", "geometry": {"type": "Point", "coordinates": [25.1919682, 45.848774]}, "properties": {"addr:city": "P\u0103r\u0103u", "addr:postcode": "507155", "addr:street": "Strada Mihai Eminescu", "amenity": "hospital", "building": "yes", "name": "Dispensarul medical P\u0103r\u0103u"}}, {"type": "Feature", "geometry": {"type": "Point", "coordinates": [25.5738039, 45.6430099]}, "properties": {"addr:city": "Bra\u0219ov", "addr:housenumber": "12", "addr:postcode": "500193", "addr:street": "Aleea Dealul Spirii", "amenity": "hospital", "building": "yes", "email": "manager@pneumologie.ro", "name": "Spitalul Clinic de Pneumoftiziologie Bra\u0219ov - Pavilionul I", "opening_hours": "24/7", "phone": "0268477011", "source": "Bing, survey", "website": "https://www.pneumologie.ro/"}}, {"type": "Feature", "geometry": {"type": "Point", "coordinates": [25.5848056, 45.6408175]}, "properties": {"addr:city": "Bra\u0219ov", "addr:housenumber": "36", "addr:street": "Strada George Bari\u021biu", "alt_name": "Maternitatea Bra\u0219ov", "amenity": "hospital", "building": "yes", "name": "Spitalul clinic de ginecologie Dr. Ioan Aurel Sb\u00e2rcea - Bra\u0219ov", "source": "Bing, survey"}}, {"type": "Feature", "geometry": {"type": "Point", "coordinates": [24.9582943, 45.8408117]}, "properties": {"addr:city": "F\u0103g\u0103ra\u0219", "addr:housenumber": "1", "addr:postcode": "505200", "addr:street": "Strada Ghioceilor", "amenity": "hospital", "building": "yes", "emergency": "yes", "healthcare": "hospital", "name": "Spitalul Municipal \"Dr. Aurel Tulbure\" F\u0103g\u0103ra\u0219"}}, {"type": "Feature", "geometry": {"type": "Point", "coordinates": [24.9593128, 45.841799]}, "properties": {"amenity": "hospital", "building": "yes", "healthcare": "hospital", "name": "Maternitate"}}, {"type": "Feature", "geometry": {"type": "Point", "coordinates": [26.0733338, 44.4419335]}, "properties": {"addr:city": "Bucure\u0219ti", "addr:housenumber": "88", "addr:postcode": "010241", "addr:street": "Strada Mircea Vulc\u0103nescu", "amenity": "clinic", "building": "yes", "healthcare": "clinic", "name": "Institutul Na\u021bional de Medicin\u0103 Aeronautic\u0103 \u0219i Spa\u021bial\u0103", "source:addr:housenumber": "survey", "source:addr:street": "survey"}}, {"type": "Feature", "geometry": {"type": "Point", "coordinates": [23.5837426, 46.7607115]}, "properties": {"addr:city": "Cluj-Napoca", "addr:country": "RO", "addr:housenumber": "23", "addr:postcode": "400348", "addr:postcode:source": "Date de la Po\u0219ta Rom\u00e2n\u0103, publicate sub Licen\u021ba pentru Guvernare Deschis\u0103 v1.0 la http://date.gov.ro/organization/posta-romana", "addr:street": "Strada Iuliu Moldovan", "amenity": "hospital", "building": "yes", "healthcare": "hospital", "name": "Spitalul Clinic de Boli Infec\u021bioase", "name:en": "Clinical Hospital of Infectious Diseases", "name:ro": "Spitalul Clinic de Boli Infec\u021bioase"}}, {"type": "Feature", "geometry": {"type": "Point", "coordinates": [27.710789, 47.0520083]}, "properties": {"amenity": "clinic"}}, {"type": "Feature", "geometry": {"type": "Point", "coordinates": [26.0967636, 44.4190819]}, "properties": {"addr:city": "Bucure\u0219ti", "addr:housenumber": "15", "addr:postcode": "040251", "addr:street": "Bulevardul M\u0103r\u0103\u0219e\u0219ti", "amenity": "clinic", "building": "yes", "building:levels": "4", "healthcare": "clinic", "healthcare:speciality": "ophthalmology", "name": "Oftapro"}}, {"type": "Feature", "geometry": {"type": "Point", "coordinates": [26.1788052, 44.4382607]}, "properties": {"addr:city": "Bucure\u0219ti", "addr:housenumber": "12", "addr:postcode": "022448", "addr:postcode:source": "Date de la Po\u0219ta Rom\u00e2n\u0103, publicate sub Licen\u021ba pentru Guvernare Deschis\u0103 v1.0 la http://date.gov.ro/organization/posta-romana", "addr:street": "\u0218oseaua Vergului", "amenity": "hospital", "building": "yes", "healthcare": "hospital", "is_in": "Bucure\u0219ti", "name": "Spitalul Clinic Nicolae Malaxa"}}, {"type": "Feature", "geometry": {"type": "Point", "coordinates": [26.1457419, 44.4693873]}, "properties": {"amenity": "clinic", "building": "yes", "healthcare": "clinic", "name": "Clinica Total Medical Ozon"}}, {"type": "Feature", "geometry": {"type": "Point", "coordinates": [23.6050673, 46.7711044]}, "properties": {"addr:city": "Cluj-Napoca", "addr:country": "RO", "addr:street": "Strada General Traian Mo\u0219oiu", "amenity": "hospital", "building": "yes", "healthcare": "hospital", "name": "Spitalul Clinic de Ortopedie"}}, {"type": "Feature", "geometry": {"type": "Point", "coordinates": [23.5862808, 46.7808088]}, "properties": {"addr:city": "Cluj-Napoca", "addr:country": "RO", "amenity": "clinic", "healthcare": "clinic", "name": "Pediatrie III"}}, {"type": "Feature", "geometry": {"type": "Point", "coordinates": [23.5853924, 46.7803904]}, "properties": {"amenity": "clinic", "healthcare": "clinic", "name": "Policlinica CFR"}}, {"type": "Feature", "geometry": {"type": "Point", "coordinates": [23.5781236, 46.7665576]}, "properties": {"addr:city": "Cluj-Napoca", "addr:country": "RO", "addr:housenumber": "66-68", "addr:street": "Calea Mo\u021bilor", "alt_name": "Unitatea de Primire a Urgen\u021belor Pediatrice;UPU Pediatrie;Clinica Pediatrie 1", "amenity": "hospital", "check_date": "2025-02-06", "healthcare": "hospital", "name": "Spitalul Clinic de Urgen\u021b\u0103 pentru Copii Cluj-Napoca"}}, {"type": "Feature", "geometry": {"type": "Point", "coordinates": [23.6028826, 46.7692441]}, "properties": {"addr:city": "Cluj-Napoca", "addr:country": "RO", "amenity": "hospital", "healthcare": "hospital", "name": "Spitalul Militar"}}, {"type": "Feature", "geometry": {"type": "Point", "coordinates": [26.1135237, 44.4538871]}, "properties": {"addr:city": "Bucure\u0219ti", "addr:housenumber": "19-21", "addr:street": "\u0218oseaua \u0218tefan cel Mare", "amenity": "hospital", "emergency": "no", "healthcare": "hospital", "healthcare:speciality": "general", "name": "Spitalul Clinic Colentina", "name:en": "Colentina Clinical Hospital", "opening_hours": "24/7", "phone": "+4 021 3173245", "start_date": "1858", "website": "http://spitalulcolentina.ro", "wikidata": "Q30280101"}}, {"type": "Feature", "geometry": {"type": "Point", "coordinates": [26.5537686, 45.2635576]}, "properties": {"alt_name": "Fostul schit Nifon", "amenity": "hospital", "barrier": "fence", "healthcare": "hospital", "heritage": "2", "heritage:operator": "lmi", "name": "Spitalul de Psihiatrie Nifon", "ref:RO:lmi": "BZ-II-a-B-02387"}}, {"type": "Feature", "geometry": {"type": "Point", "coordinates": [26.5539453, 45.2639028]}, "properties": {"amenity": "hospital", "building": "yes", "name": "Sec\u021bia Nifon"}}, {"type": "Feature", "geometry": {"type": "Point", "coordinates": [25.5975395, 45.6566636]}, "properties": {"amenity": "hospital", "building": "yes", "healthcare": "hospital", "name": "Spitalul de Boli Infec\u021bioase", "source:geometry": "bing"}}, {"type": "Feature", "geometry": {"type": "Point", "coordinates": [25.6126414, 45.6650403]}, "properties": {"addr:city": "Bra\u0219ov", "addr:housenumber": "5-5A", "addr:street": "Strada Turnului", "alt_name": "Hyperclinica MedLife PDR Turnului Bra\u0219ov", "amenity": "hospital", "building": "yes", "healthcare": "hospital", "name": "Spitalul MedLife Bra\u0219ov"}}, {"type": "Feature", "geometry": {"type": "Point", "coordinates": [23.6105998, 46.7787232]}, "properties": {"addr:city": "Cluj-Napoca", "addr:country": "RO", "amenity": "clinic", "building": "yes", "healthcare": "clinic", "name": "Policlinica Radusan"}}, {"type": "Feature", "geometry": {"type": "Point", "coordinates": [23.818022, 44.301531]}, "properties": {"addr:city": "Craiova", "addr:country": "RO", "addr:housenumber": "150", "addr:postcode": "200746", "addr:street": "Strada Caracal", "amenity": "hospital", "email": "smu_craiova@yahoo.com", "fax": "0251581444", "healthcare": "hospital", "name": "Spitalul Clinic de Urgen\u021b\u0103 Militar \"Dr. \u0218tefan Odobleja\"", "phone": "0251581081", "website": "http://www.smucraiova.ro/"}}, {"type": "Feature", "geometry": {"type": "Point", "coordinates": [23.8246901, 44.3134925]}, "properties": {"addr:city": "Craiova", "addr:housenumber": "126", "addr:street": "Calea Bucure\u0219ti", "alt_name": "Spitalul de Boli Infec\u021bioase", "amenity": "hospital", "barrier": "fence", "emergency": "yes", "healthcare": "hospital", "name": "Spitalul Clinic de Boli Infec\u021bioase \u0219i Pneumoftiziologie Dr. Victor Babe\u0219", "wheelchair": "yes"}}, {"type": "Feature", "geometry": {"type": "Point", "coordinates": [23.7940743, 44.314166]}, "properties": {"addr:city": "Craiova", "addr:housenumber": "6", "addr:street": "Bulevardul \u0218tirbei Vod\u0103", "amenity": "hospital", "healthcare": "hospital", "name": "Spitalul CFR"}}, {"type": "Feature", "geometry": {"type": "Point", "coordinates": [26.0718808, 44.4260454]}, "properties": {"amenity": "hospital", "barrier": "fence", "name": "Institutul Na\u021bional de Expertiz\u0103 Medical\u0103 \u0219i Recuperare a Capacit\u0103\u021bii de Munc\u0103"}}, {"type": "Feature", "geometry": {"type": "Point", "coordinates": [26.0909787, 44.4696516]}, "properties": {"addr:city": "Bucure\u0219ti", "addr:housenumber": "6", "addr:postcode": "011958", "addr:street": "Strada Anton Pavlovici Cehov", "amenity": "clinic", "building": "yes", "building:levels": "4", "healthcare": "clinic", "name": "Centrul Medical Interna\u021bional Bucure\u0219ti - Dr Signature"}}, {"type": "Feature", "geometry": {"type": "Point", "coordinates": [26.1250214, 44.3893717]}, "properties": {"addr:city": "Bucure\u0219ti", "addr:housenumber": "8", "addr:postcode": "041914", "addr:postcode:source": "Date de la Po\u0219ta Rom\u00e2n\u0103, publicate sub Licen\u021ba pentru Guvernare Deschis\u0103 v1.0 la http://date.gov.ro/organization/posta-romana", "addr:street": "\u0218oseaua Berceni", "addr:street:source": "survey", "amenity": "clinic", "building": "yes", "building:levels": "2", "healthcare": "clinic", "name": "Medcenter", "source:addr:housenumber": "survey"}}, {"type": "Feature", "geometry": {"type": "Point", "coordinates": [26.1010831, 44.4545229]}, "properties": {"addr:city": "Bucure\u0219ti", "addr:housenumber": "14 A", "addr:street": "Calea Floreasca", "amenity": "hospital", "building": "hospital", "building:levels": "7", "healthcare": "hospital", "name": "Spitalul Euroclinic - Regina Maria", "operator": "Regina Maria", "operator:type": "private", "roof:levels": "0"}}, {"type": "Feature", "geometry": {"type": "Point", "coordinates": [26.0583485, 44.446774]}, "properties": {"addr:city": "Bucure\u0219ti", "addr:country": "RO", "addr:housenumber": "8", "addr:postcode": "060204", "addr:street": "Bulevardul Regiei", "amenity": "clinic", "building": "hospital", "building:levels": "2", "healthcare": "clinic", "healthcare:speciality": "general", "height": "6", "name": "Policlinica Regie", "opening_hours": "Mo-Fr 24/h", "phone": "+40 21 316 23 76"}}, {"type": "Feature", "geometry": {"type": "Point", "coordinates": [26.0765007, 44.4559101]}, "properties": {"amenity": "hospital", "building": "hospital", "name": "Institutul de diabet Paulescu"}}, {"type": "Feature", "geometry": {"type": "Point", "coordinates": [25.6233758, 45.6410921]}, "properties": {"alt_name": "Hyperclinica MedLife PDR Livada Vulturului Bra\u0219ov", "amenity": "clinic", "building": "yes", "building:levels": "4", "name": "HyperClinica MedLife Vulturului", "opening_hours": "Mo-Fr 07:00-20:00; Sa 08:00-11:00"}}, {"type": "Feature", "geometry": {"type": "Point", "coordinates": [23.3763546, 45.4072554]}, "properties": {"addr:city": "Petro\u0219ani", "addr:housenumber": "137 A", "addr:postcode": "332058", "addr:street": "Strada 1 Decembrie 1918", "amenity": "hospital", "building": "yes", "emergency": "yes", "name": "Spitalul de Urgen\u021b\u0103"}}, {"type": "Feature", "geometry": {"type": "Point", "coordinates": [26.1344148, 44.444576]}, "properties": {"addr:city": "Bucure\u0219ti", "addr:housenumber": "24", "addr:postcode": "021675", "addr:street": "Strada Ritmului", "amenity": "clinic", "building": "yes", "building:levels": "3", "check_date:opening_hours": "2025-03-05", "contact:email": "bucuresti.ritmului@affidea.com", "contact:phone": "+40 21 9338", "contact:website": "https://affidea.ro/centre-medicale/affidea-hiperdia-bucuresti-ritmului", "healthcare": "clinic", "name": "Affidea", "opening_hours": "Mo-Fr 07:30-20:00; Sa 08:00-14:00", "roof:shape": "hipped", "wheelchair": "limited"}}, {"type": "Feature", "geometry": {"type": "Point", "coordinates": [24.1574768, 45.7813047]}, "properties": {"addr:city": "Sibiu", "addr:housenumber": "50", "addr:postcode": "550361", "addr:postcode:source": "Date de la Po\u0219ta Rom\u00e2n\u0103, publicate sub Licen\u021ba pentru Guvernare Deschis\u0103 v1.0 la http://date.gov.ro/organization/posta-romana", "addr:street": "Strada Nicolae Iorga", "amenity": "clinic", "building": "hospital", "is_in:city": "Sibiu", "is_in:country": "Romania", "is_in:country_code": "RO", "is_in:county": "Sibiu", "name": "Dispensar Cedonia", "phone": "0369435101"}}, {"type": "Feature", "geometry": {"type": "Point", "coordinates": [26.1079535, 44.3899751]}, "properties": {"addr:city": "Bucure\u0219ti", "addr:housenumber": "40", "addr:postcode": "041408", "addr:street": "Strada Soldat Minc\u0103 Dumitru", "addr:street:source": "survey", "amenity": "clinic", "building": "hospital", "healthcare": "clinic", "name": "Centrul de Recuperare neuropsihomotorie pentru Copii dr. Nicolae Rob\u0103nescu", "source:addr:housenumber": "survey"}}, {"type": "Feature", "geometry": {"type": "Point", "coordinates": [23.375655, 45.4081226]}, "properties": {"amenity": "clinic", "building": "yes", "contact:email": "petrosani@affidea.com", "contact:phone": "+40 21 9338", "contact:website": "https://affidea.ro/centre-medicale/affidea-petrosani", "healthcare": "hospital", "healthcare:speciality": "dialysis", "name": "Affidea", "opening_hours": "Mo-Fr 08:00-20:00"}}, {"type": "Feature", "geometry": {"type": "Point", "coordinates": [24.1675348, 45.7820397]}, "properties": {"addr:city": "Sibiu", "addr:housenumber": "4", "addr:street": "Strada Semaforului", "amenity": "clinic", "building": "hospital", "email": "dradrianastanila@yahoo.com", "healthcare": "clinic", "name": "Clinica Ofta Total", "phone": "0269 436 480", "website": "http://www.drstanila.ro/"}}, {"type": "Feature", "geometry": {"type": "Point", "coordinates": [27.3610861, 44.5675294]}, "properties": {"amenity": "hospital", "emergency": "yes", "healthcare": "hospital", "name": "Spitalul Jude\u021bean Ialomi\u021ba"}}, {"type": "Feature", "geometry": {"type": "Point", "coordinates": [24.149323, 45.7817786]}, "properties": {"addr:city": "Sibiu", "addr:housenumber": "4A", "addr:postcode": "557260", "addr:street": "Bulevardul Mihai Viteazul", "amenity": "clinic", "building": "office", "healthcare": "clinic", "is_in:city": "Sibiu", "is_in:country": "Romania", "is_in:country_code": "RO", "is_in:county": "Sibiu", "name": "Hyperclinica MedLife Polisano", "opening_hours": "Mo-Fr 08:00-21:00", "operator": "Polisano", "phone": "021 9383", "source": "local knowledge"}}, {"type": "Feature", "geometry": {"type": "Point", "coordinates": [23.8176826, 44.306152]}, "properties": {"amenity": "clinic", "building": "house"}}, {"type": "Feature", "geometry": {"type": "Point", "coordinates": [26.1010116, 44.4433067]}, "properties": {"addr:city": "Bucure\u0219ti", "addr:housenumber": "20", "addr:postcode": "010454", "addr:street": "Strada Pitar Mo\u0219", "amenity": "clinic", "building": "yes", "building:levels": "3", "healthcare": "clinic", "name": "Centrul Medical Academica", "roof:levels": "1", "roof:shape": "mansard"}}, {"type": "Feature", "geometry": {"type": "Point", "coordinates": [22.9087757, 45.7488784]}, "properties": {"addr:city": "Hunedoara", "addr:street": "Chizid", "amenity": "hospital", "building": "yes", "building:levels": "3", "healthcare": "hospital", "height": "14", "name": "Sec\u021bia de boli infec\u021bioase"}}, {"type": "Feature", "geometry": {"type": "Point", "coordinates": [26.6336764, 44.0799089]}, "properties": {"amenity": "hospital", "emergency": "yes", "healthcare": "hospital", "name": "Spitalului Municipal Olteni\u021ba", "website": "https://spitaloltenita.ro/"}}, {"type": "Feature", "geometry": {"type": "Point", "coordinates": [26.8294893, 48.0040066]}, "properties": {"amenity": "hospital", "name": "Sanatoriul de neuropsihiatrie Podriga"}}, {"type": "Feature", "geometry": {"type": "Point", "coordinates": [25.8044905, 46.3550699]}, "properties": {"addr:city": "Miercurea Ciuc", "addr:housenumber": "5", "addr:street": "Strada Sz\u00e1sz Endre", "amenity": "hospital", "building": "hospital", "building:colour": "#bb8e65", "building:levels": "2", "healthcare": "hospital", "healthcare:speciality": "otolaryngology", "height": "12", "name": "Sec\u021bia Oto-Rino-Laringologie, Sec\u021bia Recuperare, Medicin\u0103 Fizic\u0103 \u0219i Balneologie", "name:hu": "F\u00fcl-orr-g\u00e9g\u00e9szeti oszt\u00e1ly, Rehabilit\u00e1ci\u00f3, Fizioter\u00e1pia \u00e9s Balneol\u00f3gia oszt\u00e1ly", "name:short": "SJU M-Ciuc", "operator": "Spitalul Jude\u021bean de Urgen\u021b\u0103 Miercurea Ciuc", "operator:hu": "Cs\u00edkszeredai Megyei S\u00fcrg\u0151ss\u00e9gi K\u00f3rh\u00e1z", "operator:type": "public", "phone": "+40372753 143", "roof:height": "4", "roof:shape": "hipped", "website": "http://www.spitalmciuc.ro/index.php/ro/osztalyaink/ful-orr-gegeszeti-osztaly"}}, {"type": "Feature", "geometry": {"type": "Point", "coordinates": [25.8074261, 46.3503345]}, "properties": {"amenity": "clinic", "building": "yes", "building:levels": "3", "emergency": "no", "healthcare": "clinic", "name": "Policlinica Jude\u021bean\u0103 Harghita", "roof:shape": "flat"}}, {"type": "Feature", "geometry": {"type": "Point", "coordinates": [26.0726538, 44.425253]}, "properties": {"addr:city": "Bucure\u0219ti", "addr:housenumber": "20", "addr:street": "\u0218oseaua Panduri", "amenity": "clinic", "building": "yes", "building:levels": "2", "healthcare": "clinic", "name": "Policlinica Panduri"}}, {"type": "Feature", "geometry": {"type": "Point", "coordinates": [25.9800698, 44.3733488]}, "properties": {"amenity": "clinic", "building": "yes", "name": "Clinica Gimed"}}, {"type": "Feature", "geometry": {"type": "Point", "coordinates": [28.0390468, 46.7059436]}, "properties": {"amenity": "hospital", "emergency": "no", "name": "Dispensar medic de familie"}}, {"type": "Feature", "geometry": {"type": "Point", "coordinates": [20.6231848, 46.0712894]}, "properties": {"amenity": "clinic", "building": "hospital", "name": "Policlinica", "source": "Cerere legea 544/2001"}}, {"type": "Feature", "geometry": {"type": "Point", "coordinates": [27.3279956, 44.1923456]}, "properties": {"addr:city": "C\u0103l\u0103ra\u0219i", "addr:housenumber": "1-3", "addr:street": "Strada Eroilor Revolutiei din 22 Decembrie 1989", "amenity": "hospital", "building": "yes", "healthcare": "hospital"}}, {"type": "Feature", "geometry": {"type": "Point", "coordinates": [23.9033298, 47.0248929]}, "properties": {"addr:city": "Gherla", "amenity": "hospital", "building": "yes", "healthcare": "hospital", "name": "Policlinica", "source": "Bing"}}, {"type": "Feature", "geometry": {"type": "Point", "coordinates": [23.9065699, 47.0284732]}, "properties": {"addr:city": "Gherla", "amenity": "hospital", "building": "yes", "healthcare": "hospital", "name": "Spitalul de copii", "name:ro": "Spitalul de copii", "source": "Bing, survey"}}, {"type": "Feature", "geometry": {"type": "Point", "coordinates": [24.890817, 44.8474207]}, "properties": {"amenity": "hospital", "emergency": "no", "healthcare": "hospital", "healthcare:speciality": "general", "name": "Dispensar \u0219i Cre\u0219a  Tudor Vladimirescu"}}, {"type": "Feature", "geometry": {"type": "Point", "coordinates": [25.6280195, 45.6450576]}, "properties": {"addr:city": "Bra\u0219ov", "addr:housenumber": "7", "addr:postcode": "500331", "addr:street": "Strada Aurora", "amenity": "hospital", "building": "yes", "emergency": "yes", "healthcare": "hospital", "healthcare:speciality": "general", "name": "Centrul de Permanen\u021b\u0103 Medfam Astra Grup Bra\u0219ov"}}, {"type": "Feature", "geometry": {"type": "Point", "coordinates": [25.7803649, 45.8599329]}, "properties": {"amenity": "clinic", "building": "yes", "healthcare": "clinic"}}, {"type": "Feature", "geometry": {"type": "Point", "coordinates": [24.232133, 46.4513974]}, "properties": {"addr:city": "Iernut", "addr:housenumber": "4A", "addr:postcode": "545100", "addr:street": "Strada Avram Iancu", "amenity": "clinic", "building": "yes", "building:levels": "1", "healthcare": "clinic", "healthcare:speciality": "general", "name": "Dispensar", "opening_hours": "Mo-Fr 08:00-17:00", "source": "Bing, survey", "wheelchair": "yes"}}, {"type": "Feature", "geometry": {"type": "Point", "coordinates": [23.8795432, 47.1409749]}, "properties": {"addr:city": "Dej", "addr:country": "RO", "addr:housenumber": "15A", "addr:postcode": "405200", "addr:street": "Strada Regina Maria", "amenity": "clinic", "building": "yes", "healthcare": "clinic", "healthcare:speciality": "cardiology;dermatology;endocrinology;gynaecology;internal;neurology;psychiatry;stomatology;urology", "name": "Centrul Medical San Radex", "source": "Bing"}}, {"type": "Feature", "geometry": {"type": "Point", "coordinates": [24.3673329, 45.0818594]}, "properties": {"addr:city": "R\u00e2mnicu V\u00e2lcea", "addr:postcode": "240425", "addr:street": "Bulevardul Dem R\u0103dulescu", "amenity": "hospital", "building": "hospital", "building:levels": "6", "healthcare": "hospital", "name": "Spitalul BalneoMedCenter"}}, {"type": "Feature", "geometry": {"type": "Point", "coordinates": [23.9047575, 47.0242928]}, "properties": {"addr:city": "Gherla", "amenity": "hospital", "building": "no", "emergency": "yes", "healthcare": "hospital", "name": "Spitalul Municipal Gherla", "name:ro": "Spitalul Municipal Gherla"}}, {"type": "Feature", "geometry": {"type": "Point", "coordinates": [25.4068089, 46.9819537]}, "properties": {"amenity": "hospital", "building": "yes", "emergency": "yes", "healthcare": "hospital", "name": "Salvamont", "source": "www.salvamont.ro"}}, {"type": "Feature", "geometry": {"type": "Point", "coordinates": [21.2514168, 45.7513348]}, "properties": {"addr:city": "Timi\u0219oara", "addr:housenumber": "52", "addr:postcode": "300562", "addr:postcode:source": "Date de la Po\u0219ta Rom\u00e2n\u0103, publicate sub Licen\u021ba pentru Guvernare Deschis\u0103 v1.0 la http://date.gov.ro/organization/posta-romana", "addr:street": "Strada \u0218tefan cel Mare", "amenity": "hospital", "building": "yes", "healthcare": "hospital", "name": "Policlinica S\u0103n\u0103tatea"}}, {"type": "Feature", "geometry": {"type": "Point", "coordinates": [23.5770817, 46.767339]}, "properties": {"addr:city": "Cluj-Napoca", "addr:country": "RO", "addr:housenumber": "57", "addr:postcode": "400029", "addr:postcode:source": "Date de la Po\u0219ta Rom\u00e2n\u0103, publicate sub Licen\u021ba pentru Guvernare Deschis\u0103 v1.0 la http://date.gov.ro/organization/posta-romana", "addr:street": "Strada Cardinal Iuliu Hossu", "amenity": "clinic", "building": "house", "building:levels": "2", "healthcare": "clinic", "name": "Centrul Medical HalmaSan", "roof:levels": "1", "roof:shape": "pyramidal"}}, {"type": "Feature", "geometry": {"type": "Point", "coordinates": [25.620107, 45.6477596]}, "properties": {"amenity": "clinic", "building": "yes", "contact:email": "brasov.judetean@affidea.com", "contact:phone": "+40 21 9338", "contact:website": "https://affidea.ro/centre-medicale/affidea-hiperdia-brasov-calea-bucuresti", "healthcare": "clinic", "name": "Affidea", "opening_hours": "Mo-Fr 07:30-20:00; Sa 08:00-12:00"}}, {"type": "Feature", "geometry": {"type": "Point", "coordinates": [25.60649, 45.6509555]}, "properties": {"addr:city": "Bra\u0219ov", "addr:housenumber": "49", "addr:postcode": "500091", "addr:street": "Strada Iuliu Maniu", "amenity": "hospital", "building": "yes", "building:levels": "5", "healthcare": "hospital", "name": "Spitalul Sf\u00e2ntul Constantin", "name:en": "St. Constantin Hospital", "operator": "Regina Maria", "website": "https://www.spitalulsfconstantin.ro/"}}, {"type": "Feature", "geometry": {"type": "Point", "coordinates": [24.339471, 45.2464966]}, "properties": {"addr:housenumber": "688", "addr:street": "Calea lui Traian", "amenity": "clinic", "building": "yes", "name": "Clinica balneologic\u0103 C\u0103lim\u0103ne\u0219ti"}}, {"type": "Feature", "geometry": {"type": "Point", "coordinates": [20.8735529, 46.0426439]}, "properties": {"amenity": "clinic", "building": "yes", "name": "Centru medical"}}, {"type": "Feature", "geometry": {"type": "Point", "coordinates": [23.8413078, 45.8013757]}, "properties": {"amenity": "hospital", "building": "yes", "name": "Spital"}}, {"type": "Feature", "geometry": {"type": "Point", "coordinates": [24.3303432, 45.2581615]}, "properties": {"addr:city": "C\u0103ciulata", "addr:housenumber": "734", "addr:street": "Calea lui Traian", "amenity": "clinic", "building": "yes", "name": "Clinca P\u0103u\u0219a", "source": "survey"}}, {"type": "Feature", "geometry": {"type": "Point", "coordinates": [25.595888, 45.6600465]}, "properties": {"addr:city": "Bra\u0219ov", "addr:housenumber": "2", "addr:street": "Strada Aurel Vlaicu", "amenity": "clinic", "branch": "Aurel Vlaicu", "brand": "Synevo", "brand:wikidata": "Q85968400", "building": "yes", "healthcare": "laboratory", "name": "Synevo", "opening_hours": "Mo-Fr 07:00-17:00; Sa 08:00-12:00", "phone": "+40 268 424 072;+40 268 424 073", "sample_collection": "yes", "website": "https://www.synevo.ro"}}, {"type": "Feature", "geometry": {"type": "Point", "coordinates": [25.5738498, 45.6444713]}, "properties": {"addr:city": "Bra\u0219ov", "addr:housenumber": "12", "addr:postcode": "500193", "addr:street": "Aleea Dealul Spirii", "amenity": "hospital", "building": "yes", "name": "Pavilionul III", "operator": "Spitalul Clinic de Pneumoftiziologie Bra\u0219ov", "source": "Bing, survey"}}, {"type": "Feature", "geometry": {"type": "Point", "coordinates": [25.5977044, 45.6523576]}, "properties": {"amenity": "hospital", "building": "yes", "healthcare": "hospital", "name": "Spitalul M\u00e2rzescu Sec\u021bia de Oncologie", "source": "http://www.pug-puz.ro/;legea544/5001"}}, {"type": "Feature", "geometry": {"type": "Point", "coordinates": [25.5758716, 45.6443917]}, "properties": {"addr:city": "Bra\u0219ov", "addr:housenumber": "4", "addr:postcode": "500193", "addr:street": "Strada Gusztav Kollar", "amenity": "hospital", "building": "yes", "name": "Pavilionul VI", "operator": "Spitalul Clinic de Pneumoftiziologie Bra\u0219ov", "source": "Bing, survey"}}, {"type": "Feature", "geometry": {"type": "Point", "coordinates": [25.5984743, 45.6522644]}, "properties": {"amenity": "hospital", "building": "yes", "healthcare": "hospital", "name": "Spitalul de Pneumoftiziologie", "source": "http://www.pug-puz.ro/ ; legea544/2001"}}, {"type": "Feature", "geometry": {"type": "Point", "coordinates": [25.5731142, 45.6436414]}, "properties": {"addr:city": "Bra\u0219ov", "addr:housenumber": "12", "addr:postcode": "500193", "addr:street": "Aleea Dealul Spirii", "amenity": "hospital", "building": "yes", "name": "Pavilionul II", "operator": "Spitalul Clinic de Pneumoftiziologie Bra\u0219ov", "source": "Bing, survey"}}, {"type": "Feature", "geometry": {"type": "Point", "coordinates": [25.5966845, 45.6519937]}, "properties": {"amenity": "hospital", "building": "yes", "healthcare": "hospital", "name": "Spitalul M\u00e2rzescu", "source": "http://www.pug-puz.ro/;legea544/2001"}}, {"type": "Feature", "geometry": {"type": "Point", "coordinates": [25.5759996, 45.644676]}, "properties": {"addr:city": "Bra\u0219ov", "addr:housenumber": "4", "addr:postcode": "500193", "addr:street": "Strada Gusztav Kollar", "amenity": "hospital", "building": "yes", "name": "Pavilionul V", "operator": "Spitalul Clinic de Pneumoftiziologie Bra\u0219ov", "source": "Bing, survey"}}, {"type": "Feature", "geometry": {"type": "Point", "coordinates": [25.5803374, 45.6558961]}, "properties": {"addr:city": "Bra\u0219ov", "addr:street": "Strada Memorandului", "amenity": "clinic", "building": "yes", "building:levels": "1", "healthcare": "clinic", "healthcare:speciality": "general;stomatology", "name": "Policlinica Studen\u021beasc\u0103", "source": "http://www.pug-puz.ro/;legea544/2001"}}, {"type": "Feature", "geometry": {"type": "Point", "coordinates": [25.6103556, 45.6479351]}, "properties": {"addr:city": "Bra\u0219ov", "addr:housenumber": "12", "addr:postcode": "500009", "addr:street": "Strada Cezar Bolliac", "amenity": "clinic", "building": "yes", "email": "optica@opticristal.ro;receptie@opticristal.ro;contact@opticristal.ro", "healthcare": "clinic", "healthcare:speciality": "ophthalmology", "name": "Opticristal", "opening_hours": "Mo-Fr 08:00-20:00", "phone": "+40 799 11 33 44;+40 372 770 665;+40 368 008 120;+40 368 008 121;+40 723 22 22 24", "source": "http://www.pug-puz.ro/;legea544/2001", "website": "https://opticristal.ro/"}}, {"type": "Feature", "geometry": {"type": "Point", "coordinates": [25.575738, 45.6560435]}, "properties": {"amenity": "hospital", "building": "yes", "healthcare": "hospital", "healthcare:speciality": "oncology;haematology;radiotherapy;diagnostic_radiology;radiology", "name": "Medlife - OncoCard", "source": "http://www.pug-puz.ro/;legea544/2001"}}, {"type": "Feature", "geometry": {"type": "Point", "coordinates": [25.5871736, 45.6562091]}, "properties": {"addr:city": "Bra\u0219ov", "addr:housenumber": "39", "addr:street": "Strada Nicopole", "amenity": "clinic", "building": "yes", "email": "mykineticbrasov@gmail.com", "healthcare": "physiotherapist", "name": "My Kinetic", "phone": "+40 753 29 29 29", "source": "http://www.pug-puz.ro/ ; legea544/2001", "website": "http://www.mykinetic.ro/"}}, {"type": "Feature", "geometry": {"type": "Point", "coordinates": [25.9764629, 47.1647232]}, "properties": {"amenity": "hospital", "building": "yes", "height": "9", "name": "Spital \u0219i Azil M\u0103n\u0103stirea Paltin", "operator": "Manastirea Paltin-Petru Voda"}}, {"type": "Feature", "geometry": {"type": "Point", "coordinates": [22.6375647, 44.6299683]}, "properties": {"amenity": "hospital", "building": "yes", "building:levels": "3", "healthcare": "hospital", "name": "Policlinica Municipal\u0103"}}, {"type": "Feature", "geometry": {"type": "Point", "coordinates": [23.5840102, 46.766959]}, "properties": {"addr:city": "Cluj-Napoca", "addr:country": "RO", "addr:housenumber": "2-4", "addr:postcode": "400006", "addr:street": "Strada Clinicilor", "alt_name": "Centrul Clinic de Diabet Zaharat, Nutri\u021bie \u0219i Boli metabolice;Centrul de DZNBM", "amenity": "clinic", "building": "yes", "healthcare": "clinic", "name": "Centrul Medical de Diabet", "wheelchair": "yes"}}, {"type": "Feature", "geometry": {"type": "Point", "coordinates": [23.5833115, 46.7698108]}, "properties": {"addr:city": "Cluj-Napoca", "addr:country": "RO", "addr:housenumber": "11", "addr:street": "Strada Cardinal Iuliu Hossu", "amenity": "clinic", "building": "yes", "healthcare": "clinic", "name": "Dermavision", "name:ro": "Dermavision"}}, {"type": "Feature", "geometry": {"type": "Point", "coordinates": [23.5686615, 46.7616882]}, "properties": {"addr:city": "Cluj-Napoca", "addr:country": "RO", "addr:housenumber": "13", "addr:postcode": "400372", "addr:postcode:source": "Date de la Po\u0219ta Rom\u00e2n\u0103, publicate sub Licen\u021ba pentru Guvernare Deschis\u0103 v1.0 la http://date.gov.ro/organization/posta-romana", "addr:street": "Calea M\u0103n\u0103\u0219tur", "amenity": "clinic", "building": "yes", "building:levels": "2", "check_date:opening_hours": "2024-08-05", "healthcare": "clinic", "name": "Clinica Iris", "opening_hours": "Mo-Th 08:00-19:00; Fr 08:00-18:00"}}, {"type": "Feature", "geometry": {"type": "Point", "coordinates": [23.5772653, 46.7652588]}, "properties": {"addr:city": "Cluj-Napoca", "addr:country": "RO", "addr:street": "Calea Mo\u021bilor", "amenity": "clinic", "building": "yes", "healthcare": "clinic", "name": "Centru Medical Interservisan", "opening_hours": "Mo-Fr 08:00-20:00; Sa 08:00-14:00"}}, {"type": "Feature", "geometry": {"type": "Point", "coordinates": [23.5716193, 46.7654613]}, "properties": {"addr:city": "Cluj-Napoca", "addr:country": "RO", "addr:housenumber": "28", "addr:postcode": "400380", "addr:street": "Strada Ilie M\u0103celaru", "amenity": "clinic", "building": "yes", "check_date:opening_hours": "2025-02-10", "contact:email": "medical@medsancluj.ro", "contact:phone": "+40 264 597 603;+40 372 714 685;+40 770 594 756", "contact:website": "https://affidea.ro/centre-medicale/medsan-cluj-consultatii-medicale-de-specialitate-si-analize-de-laborator", "healthcare": "clinic", "name": "Affidea", "opening_hours": "Mo-Fr 08:00-18:00"}}, {"type": "Feature", "geometry": {"type": "Point", "coordinates": [23.5869853, 46.7657708]}, "properties": {"addr:city": "Cluj-Napoca", "addr:country": "RO", "addr:housenumber": "16-20", "addr:street": "Strada Republicii", "alt_name": "Spitalul Clinic C.F. Cluj; Policlinica CFR Cluj", "amenity": "hospital", "building": "yes", "healthcare": "hospital", "name": "Spitalul Clinic C\u0103i Ferate", "operator": "Ministerul S\u0103n\u0103t\u0103\u021bii", "operator:type": "government"}}, {"type": "Feature", "geometry": {"type": "Point", "coordinates": [23.5854184, 46.7613778]}, "properties": {"addr:city": "Cluj-Napoca", "addr:country": "RO", "amenity": "clinic", "building": "yes", "healthcare": "clinic", "healthcare:speciality": "neurology", "name": "Centrul de Patologie Neurovascular\u0103 \u015fi Neurochirurgie, Dr. Florian \u0218tefan"}}, {"type": "Feature", "geometry": {"type": "Point", "coordinates": [26.6610334, 47.7410349]}, "properties": {"addr:city": "Boto\u0219ani", "addr:housenumber": "11", "addr:postcode": "710211", "addr:street": "Strada Arhimandrit Marchian", "amenity": "hospital", "contact:phone": "0231 / 518812", "email": "spital@spitjudbotosani.ro", "emergency": "yes", "fax": "0231 / 517780", "healthcare": "hospital", "internet_access": "yes", "internet_access:fee": "no", "name": "Spitalul Mavromati", "website": "https://www.spitjudbotosani.ro/", "wheelchair": "yes"}}, {"type": "Feature", "geometry": {"type": "Point", "coordinates": [26.6554218, 47.7403781]}, "properties": {"addr:city": "Boto\u0219ani", "addr:housenumber": "6", "addr:street": "Bulevardul George Enescu", "amenity": "hospital", "email": "sog_bt@spitalulmavromati.ro", "emergency": "yes", "healthcare": "hospital", "name": "Spitalul de Obstetric\u0103 \u0219i Ginecologie", "operator": "Spitalul Jude\u021bean de Urgen\u021b\u0103 Mavromati", "phone": "0231 584 017", "website": "https://www.spitalulmavromati.ro/"}}, {"type": "Feature", "geometry": {"type": "Point", "coordinates": [23.5929032, 46.7761186]}, "properties": {"addr:city": "Cluj-Napoca", "addr:country": "RO", "addr:street": "Strada Croitorilor", "amenity": "clinic", "building": "yes", "emergency": "yes", "healthcare": "clinic", "name": "Clinica Medical\u0103 \u0219i Chirurgie 3"}}, {"type": "Feature", "geometry": {"type": "Point", "coordinates": [23.5995826, 46.7744405]}, "properties": {"addr:city": "Cluj-Napoca", "addr:country": "RO", "addr:housenumber": "2", "addr:postcode": "400125", "addr:postcode:source": "Date de la Po\u0219ta Rom\u00e2n\u0103, publicate sub Licen\u021ba pentru Guvernare Deschis\u0103 v1.0 la http://date.gov.ro/organization/posta-romana", "addr:street": "Strada Paris", "amenity": "clinic", "building": "yes", "healthcare": "clinic", "name": "Spitalul Clinic de Adul\u021bi - Sec\u021bia Clinic\u0103 Obstetric\u0103-Ginecologie II Dominic Stanca"}}, {"type": "Feature", "geometry": {"type": "Point", "coordinates": [23.5948627, 46.774679]}, "properties": {"addr:city": "Cluj-Napoca", "addr:country": "RO", "addr:housenumber": "7", "addr:postcode": "400158", "addr:postcode:source": "Date de la Po\u0219ta Rom\u00e2n\u0103, publicate sub Licen\u021ba pentru Guvernare Deschis\u0103 v1.0 la http://date.gov.ro/organization/posta-romana", "addr:street": "Strada Constan\u021ba", "amenity": "clinic", "building": "yes", "healthcare": "clinic", "name": "Radioterapie", "opening_hours": "Mo 8:00-14:00; Tu-Fr 8:00-14:00; We-Th 13:00-19:00"}}, {"type": "Feature", "geometry": {"type": "Point", "coordinates": [23.5941366, 46.75772]}, "properties": {"addr:city": "Cluj-Napoca", "addr:country": "RO", "addr:housenumber": "105A", "addr:postcode": "400489", "addr:province": "Transilvania", "addr:state": "CJ", "addr:street": "Strada Republicii", "alt_name": "Hiperdia Cluj", "amenity": "hospital", "building": "yes", "contact:email": "cluj.republicii@affidea.com", "contact:phone": "+40 21 9338", "contact:website": "https://affidea.ro/centre-medicale/affidea-hiperdia-cluj-republicii", "healthcare": "hospital", "name": "Affidea", "opening_hours": "Mo-Fr 07:30-20:00; Sa 08:00-14:00"}}, {"type": "Feature", "geometry": {"type": "Point", "coordinates": [23.5907717, 46.7567447]}, "properties": {"addr:city": "Cluj-Napoca", "addr:country": "RO", "addr:housenumber": "27", "addr:street": "Strada Rene Descartes", "amenity": "clinic", "building": "yes", "email": "office@clinica-vasculara.ro", "healthcare": "clinic", "healthcare:speciality": "vascular_surgery", "name": "Venart", "opening_hours": "Mo-Fr 08:00-20:00", "phone": "+40 364 140 261", "website": "https://www.clinica-vasculara.ro/"}}, {"type": "Feature", "geometry": {"type": "Point", "coordinates": [23.8603651, 46.3792837]}, "properties": {"amenity": "hospital", "building": "apartments", "healthcare": "hospital", "name": "Spitalul Ocna Mure\u0219"}}, {"type": "Feature", "geometry": {"type": "Point", "coordinates": [25.4316093, 45.2557564]}, "properties": {"amenity": "hospital", "building": "yes", "healthcare": "hospital", "name": "Sanatoriul Moroeni"}}, {"type": "Feature", "geometry": {"type": "Point", "coordinates": [26.0296557, 44.3502408]}, "properties": {"amenity": "hospital", "name": "Dispensar Magurele"}}, {"type": "Feature", "geometry": {"type": "Point", "coordinates": [23.5550781, 46.76989]}, "properties": {"addr:city": "Cluj-Napoca", "addr:country": "RO", "addr:housenumber": "2", "addr:postcode": "400295", "addr:postcode:source": "Date de la Po\u0219ta Rom\u00e2n\u0103, publicate sub Licen\u021ba pentru Guvernare Deschis\u0103 v1.0 la http://date.gov.ro/organization/posta-romana", "addr:street": "Strada Mora \u0218tefan", "amenity": "clinic", "building": "yes", "healthcare": "clinic", "name": "Policlinica Grigorescu", "name:ro": "Policlinica Grigorescu"}}, {"type": "Feature", "geometry": {"type": "Point", "coordinates": [25.5547466, 45.3334286]}, "properties": {"amenity": "hospital", "building": "yes", "healthcare": "hospital", "name": "Spitalul or\u0103\u0219enesc Sinaia", "source": "knowledge"}}, {"type": "Feature", "geometry": {"type": "Point", "coordinates": [26.1001868, 44.4458848]}, "properties": {"addr:city": "Bucure\u0219ti", "addr:housenumber": "1", "addr:street": "Pia\u021ba Lahovari", "amenity": "hospital", "building": "hospital", "building:levels": "7", "emergency": "yes", "healthcare": "hospital", "healthcare:speciality": "ophthalmology", "name": "Spitalul Clinic de Urgen\u021be Oftalmologice", "name:en": "Clinical Hospital for Ophthalmological Emergencies", "operator": "Romanian health system", "roof:shape": "flat", "wheelchair": "limited"}}, {"type": "Feature", "geometry": {"type": "Point", "coordinates": [26.095667, 44.3974659]}, "properties": {"amenity": "clinic", "building": "yes", "healthcare": "clinic", "name": "Clinica Sante"}}, {"type": "Feature", "geometry": {"type": "Point", "coordinates": [24.2453566, 45.3427616]}, "properties": {"addr:city": "Brezoi", "addr:postcode": "245500", "addr:street": "Calea Eroilor", "amenity": "hospital", "building": "yes", "building:levels": "3", "healthcare": "hospital", "name": "Pavilion II", "roof:colour": "red", "roof:levels": "1", "roof:shape": "gabled"}}, {"type": "Feature", "geometry": {"type": "Point", "coordinates": [24.2457821, 45.3423664]}, "properties": {"amenity": "hospital", "building": "hospital", "healthcare": "hospital", "healthcare:speciality": "general;emergency;radiology;clinical_lab", "name": "Pavilion I"}}, {"type": "Feature", "geometry": {"type": "Point", "coordinates": [26.638006, 44.711134]}, "properties": {"addr:city": "Urziceni", "addr:housenumber": "11", "addr:postcode": "925300", "addr:street": "Strada Mihai Eminescu", "amenity": "hospital", "building": "yes", "emergency": "no", "healthcare": "hospital", "name": "ProfDIAGNOSIS", "phone": "0243.257755;0372.920755;0727.711170;0731.315407", "website": "http://www.profdiagnosis.ro"}}, {"type": "Feature", "geometry": {"type": "Point", "coordinates": [26.1129177, 44.3948847]}, "properties": {"addr:street": "Strada P\u0103duroiu", "amenity": "clinic", "building": "yes", "building:levels": "3", "healthcare": "clinic", "name": "Kineto Help - fizioterapie si gimnastica medical\u0103", "phone": "+40760828784", "website": "https://www.kineto-help.ro/"}}, {"type": "Feature", "geometry": {"type": "Point", "coordinates": [22.6547569, 44.6250808]}, "properties": {"amenity": "clinic", "atm": "yes", "building": "yes", "building:levels": "1", "healthcare": "clinic", "name": "Endodiabet DEXA"}}, {"type": "Feature", "geometry": {"type": "Point", "coordinates": [26.0950881, 44.408963]}, "properties": {"addr:city": "Bucure\u0219ti", "addr:housenumber": "7", "addr:postcode": "040571", "addr:street": "Strada Ha\u021begana", "amenity": "hospital", "building": "hospital", "email": "contact@smiledentalspa.ro", "emergency": "yes", "healthcare": "hospital", "healthcare:speciality": "dentistry;dental_oral_maxillo_facial_surgery", "internet_access": "wlan", "mobile": "+40 760 257 337", "name": "Smile Dental Spa", "opening_hours": "Mo-Fr 09:00-20:00", "payment:cash": "yes", "payment:credit_cards": "yes", "payment:debit_cards": "yes", "website": "https://smiledentalspa.ro/", "wheelchair": "yes"}}, {"type": "Feature", "geometry": {"type": "Point", "coordinates": [22.6527155, 44.6434026]}, "properties": {"access": "private", "amenity": "hospital", "barrier": "fence", "healthcare": "hospital", "name": "Spitalul Jude\u021bean de Urgen\u021b\u0103", "phone": "0252/313751", "website": "https://spitjudseverin.ro/"}}, {"type": "Feature", "geometry": {"type": "Point", "coordinates": [26.1087915, 44.3883001]}, "properties": {"addr:city": "Bucure\u0219ti", "addr:housenumber": "1", "addr:street": "Strada Petrolului", "addr:street:source": "survey", "amenity": "clinic", "building": "yes", "healthcare": "clinic", "name": "Policlinica Alfa", "source:addr:housenumber": "survey"}}, {"type": "Feature", "geometry": {"type": "Point", "coordinates": [26.0985937, 44.3952196]}, "properties": {"amenity": "clinic", "building": "yes", "healthcare": "clinic", "name": "Centrul medical Neomed"}}, {"type": "Feature", "geometry": {"type": "Point", "coordinates": [22.6416151, 44.6235487]}, "properties": {"access": "private", "amenity": "hospital", "barrier": "fence", "healthcare": "hospital", "name": "Spitalul C.F.R."}}, {"type": "Feature", "geometry": {"type": "Point", "coordinates": [22.6556598, 44.6389998]}, "properties": {"amenity": "clinic", "barrier": "fence", "healthcare": "clinic", "name": "Policlinica Medchim", "operator:type": "private"}}, {"type": "Feature", "geometry": {"type": "Point", "coordinates": [25.5543775, 45.4265631]}, "properties": {"addr:city": "Azuga", "addr:housenumber": "2", "addr:postcode": "105500", "addr:street": "Strada Victoriei", "amenity": "hospital", "contact:phone": "112", "emergency": "no", "healthcare": "hospital", "name": "Spital de ortopedie si traumatologie Azuga", "phone": "+40244322051", "website": "http://www.ortopedieazuga.ro/"}}, {"type": "Feature", "geometry": {"type": "Point", "coordinates": [25.6015586, 46.7245934]}, "properties": {"amenity": "clinic", "building": "yes", "building:levels": "2", "healthcare": "clinic", "height": "7", "roof:shape": "hipped"}}, {"type": "Feature", "geometry": {"type": "Point", "coordinates": [28.6055006, 44.0493816]}, "properties": {"addr:city": "Techirghiol", "addr:housenumber": "34", "addr:postcode": "906100", "addr:street": "Strada Doctor Victor Climescu", "amenity": "clinic", "building": "yes", "name": "Sanatoriul balnear si de recuperare Techirghiol"}}, {"type": "Feature", "geometry": {"type": "Point", "coordinates": [22.7813956, 47.0768143]}, "properties": {"amenity": "hospital", "healthcare": "hospital", "name": "Cabinet medical"}}, {"type": "Feature", "geometry": {"type": "Point", "coordinates": [22.6632393, 44.6251338]}, "properties": {"access": "private", "amenity": "hospital", "barrier": "fence", "healthcare": "hospital", "name": "Sec\u021bia balneo fizioterapie recuperare medical\u0103 a Spitalului Jude\u021bean"}}, {"type": "Feature", "geometry": {"type": "Point", "coordinates": [22.6613202, 44.624885]}, "properties": {"access": "private", "amenity": "clinic", "barrier": "fence", "healthcare": "clinic", "name": "Centrul de dializ\u0103 Fresenius NephroCare", "website": "https://www.nephrocare.ro/clinic/drobeta-turnu-severin"}}, {"type": "Feature", "geometry": {"type": "Point", "coordinates": [22.6437568, 44.6236009]}, "properties": {"access": "private", "amenity": "hospital", "barrier": "fence", "healthcare": "hospital", "name": "Spitalul Grecescu"}}, {"type": "Feature", "geometry": {"type": "Point", "coordinates": [22.6408285, 44.6248016]}, "properties": {"access": "private", "amenity": "hospital", "barrier": "fence", "healthcare": "hospital", "name": "Sec\u021bia pneumoftiziologie TBC a Spitalului Jude\u021bean"}}, {"type": "Feature", "geometry": {"type": "Point", "coordinates": [22.6571855, 44.6286911]}, "properties": {"amenity": "clinic", "building": "yes", "building:levels": "3", "healthcare": "clinic"}}, {"type": "Feature", "geometry": {"type": "Point", "coordinates": [22.6626594, 44.6244966]}, "properties": {"access": "private", "amenity": "clinic", "barrier": "fence", "healthcare": "clinic", "name": "Centrul de transfuzie sanguin\u0103"}}, {"type": "Feature", "geometry": {"type": "Point", "coordinates": [23.7916386, 44.3052737]}, "properties": {"addr:city": "Craiova", "addr:housenumber": "1", "addr:postcode": "200642", "addr:street": "Strada Tabaci", "amenity": "hospital", "emergency": "yes", "healthcare": "hospital", "name": "Spitalul Clinic Jude\u021bean de Urgen\u021b\u0103", "wheelchair": "yes", "wikidata": "Q30296144"}}, {"type": "Feature", "geometry": {"type": "Point", "coordinates": [23.8163887, 44.3176558]}, "properties": {"addr:city": "Craiova", "addr:country": "RO", "addr:housenumber": "99", "addr:postcode": "200473", "addr:street": "Calea Bucure\u0219ti", "amenity": "hospital", "email": "contact@scnpc.ro", "healthcare": "hospital", "name": "Spitalul Clinic de Neuropsihiatrie", "phone": "0251431189", "website": "https://scnpc.ro/"}}, {"type": "Feature", "geometry": {"type": "Point", "coordinates": [23.791897, 44.3220257]}, "properties": {"addr:city": "Craiova", "addr:housenumber": "1", "addr:postcode": "200143", "addr:postcode:source": "Date de la Po\u0219ta Rom\u00e2n\u0103, publicate sub Licen\u021ba pentru Guvernare Deschis\u0103 v1.0 la http://date.gov.ro/organization/posta-romana", "addr:street": "Strada Filantropiei", "amenity": "hospital", "healthcare": "hospital", "name": "Spitalul Clinic Nr.2 Filantropia"}}, {"type": "Feature", "geometry": {"type": "Point", "coordinates": [23.8013596, 44.302797]}, "properties": {"addr:city": "Craiova", "addr:street": "Strada Corneliu Coposu", "amenity": "hospital", "name": "Clinica de Pediatrie"}}, {"type": "Feature", "geometry": {"type": "Point", "coordinates": [23.8046558, 44.2953362]}, "properties": {"addr:housenumber": "24", "addr:street": "Aleea Potelu", "amenity": "hospital", "healthcare": "hospital", "name": "Clinica de Neuropsihiatrie"}}, {"type": "Feature", "geometry": {"type": "Point", "coordinates": [26.126108, 44.4229017]}, "properties": {"amenity": "clinic", "barrier": "wall", "healthcare": "clinic", "name": "Policlinica Vitan"}}, {"type": "Feature", "geometry": {"type": "Point", "coordinates": [28.1352035, 45.245346]}, "properties": {"addr:housename": "Spitalul Or\u0103\u0219enesc M\u0103cin", "addr:housenumber": "34", "addr:postcode": "825300", "addr:street": "Strada Mircea Vod\u0103", "amenity": "hospital", "building": "yes", "healthcare": "hospital", "name": "Spitalul Or\u0103\u0219enesc M\u0103cin"}}, {"type": "Feature", "geometry": {"type": "Point", "coordinates": [26.1154378, 44.4306671]}, "properties": {"addr:city": "Bucure\u0219ti", "addr:housenumber": "45", "addr:postcode": "030671", "addr:street": "Strada Matei Basarab", "amenity": "clinic", "building": "yes", "building:levels": "6", "healthcare": "clinic", "name": "Veridia"}}, {"type": "Feature", "geometry": {"type": "Point", "coordinates": [23.0511013, 47.1928425]}, "properties": {"addr:city": "Zal\u0103u", "alt_name:hu": "Nagy korh\u00e1z", "amenity": "hospital", "healthcare": "hospital", "name": "Spitalul Jude\u021bean S\u0103laj", "name:hu": "Szil\u00e1gy megyei Korh\u00e1z", "name:ro": "Spitalul Jude\u021bean S\u0103laj"}}, {"type": "Feature", "geometry": {"type": "Point", "coordinates": [28.6512963, 44.1823183]}, "properties": {"addr:city": "Constan\u021ba", "addr:housenumber": "102-102A", "addr:postcode": "900663", "addr:street": "Strada Mircea cel B\u0103tr\u00e2n", "amenity": "hospital", "building": "yes", "building:levels": "4", "email": "office@isis-med.ro", "healthcare": "hospital", "healthcare:speciality": "gynaecology;maternity", "name": "Armonia Hospital", "old_name:2000": "Hotel Astoria", "old_name:2020": "Isis Hospital", "operator:type": "private", "phone": "+40341 46 33 44, +40747 474747", "source": "Owner", "website": "https://armoniahospital.ro/"}}, {"type": "Feature", "geometry": {"type": "Point", "coordinates": [21.3247792, 46.1861048]}, "properties": {"addr:city": "Arad", "addr:housenumber": "10", "addr:postcode": "310144", "addr:postcode:source": "Date de la Po\u0219ta Rom\u00e2n\u0103, publicate sub Licen\u021ba pentru Guvernare Deschis\u0103 v1.0 la http://date.gov.ro/organization/posta-romana", "addr:street": "Bulevardul Revolu\u021biei", "amenity": "clinic", "building": "yes", "name": "MEDIQA Centru Medical", "opening_hours": "Mo-Fr 08:00-20:00; Sa-Su 08:00-14:00"}}, {"type": "Feature", "geometry": {"type": "Point", "coordinates": [21.3217944, 46.1889266]}, "properties": {"addr:city": "Arad", "addr:housenumber": "41-43A", "addr:postcode": "310141", "addr:street": "Calea Aurel Vlaicu", "amenity": "clinic", "building": "yes", "healthcare": "clinic", "name": "B Braun Centru de Dializ\u0103"}}, {"type": "Feature", "geometry": {"type": "Point", "coordinates": [21.3010356, 46.1957689]}, "properties": {"addr:city": "Arad", "addr:housenumber": "138-140", "addr:postcode": "310365", "addr:postcode:source": "Date de la Po\u0219ta Rom\u00e2n\u0103, publicate sub Licen\u021ba pentru Guvernare Deschis\u0103 v1.0 la http://date.gov.ro/organization/posta-romana", "addr:street": "Calea Aurel Vlaicu", "amenity": "clinic", "building": "yes", "healthcare": "clinic", "name": "Infomedica"}}, {"type": "Feature", "geometry": {"type": "Point", "coordinates": [21.3067425, 46.1827711]}, "properties": {"addr:city": "Arad", "addr:housenumber": "2/4", "addr:street": "Strada Andrenyi Karoly", "amenity": "clinic", "building": "yes", "healthcare": "clinic", "name": "Centrul de Transfuzie Sanguin\u0103"}}, {"type": "Feature", "geometry": {"type": "Point", "coordinates": [21.2985679, 46.193139]}, "properties": {"addr:city": "Arad", "addr:housenumber": "42", "addr:postcode": "310389", "addr:postcode:source": "Date de la Po\u0219ta Rom\u00e2n\u0103, publicate sub Licen\u021ba pentru Guvernare Deschis\u0103 v1.0 la http://date.gov.ro/organization/posta-romana", "addr:street": "Strada Constantin Br\u00e2ncu\u0219i", "amenity": "clinic", "building": "yes", "healthcare": "clinic", "name": "Policlinica Vlaicu"}}, {"type": "Feature", "geometry": {"type": "Point", "coordinates": [21.2986653, 46.1979093]}, "properties": {"amenity": "clinic", "building": "yes", "layer": "1"}}, {"type": "Feature", "geometry": {"type": "Point", "coordinates": [21.3214835, 46.1792217]}, "properties": {"addr:city": "Arad", "addr:housenumber": "45", "addr:postcode": "310181", "addr:postcode:source": "Date de la Po\u0219ta Rom\u00e2n\u0103, publicate sub Licen\u021ba pentru Guvernare Deschis\u0103 v1.0 la http://date.gov.ro/organization/posta-romana", "addr:street": "Bulevardul Revolu\u021biei", "amenity": "clinic", "building": "yes", "healthcare": "clinic", "name": "Policlinica Municipal\u0103"}}, {"type": "Feature", "geometry": {"type": "Point", "coordinates": [21.3193694, 46.1819539]}, "properties": {"addr:city": "Arad", "addr:housenumber": "16", "addr:postcode": "310011", "addr:postcode:source": "Date de la Po\u0219ta Rom\u00e2n\u0103, publicate sub Licen\u021ba pentru Guvernare Deschis\u0103 v1.0 la http://date.gov.ro/organization/posta-romana", "addr:street": "Strada Andrei Mure\u0219anu", "amenity": "clinic", "building": "yes", "healthcare": "clinic", "name": "Labormed", "opening_hours": "Mo-Fr 07:30-19:00; Sa 07:30-11:30"}}, {"type": "Feature", "geometry": {"type": "Point", "coordinates": [21.3076115, 46.1725177]}, "properties": {"addr:city": "Arad", "addr:street": "Strada Mihai Eminescu", "amenity": "hospital", "healthcare": "hospital"}}, {"type": "Feature", "geometry": {"type": "Point", "coordinates": [22.791222, 46.1264168]}, "properties": {"addr:city": "Brad", "addr:postcode": "335200", "addr:street": "Strada Spitalului", "amenity": "clinic", "building": "yes", "name": "Policlinica Brad"}}, {"type": "Feature", "geometry": {"type": "Point", "coordinates": [24.1588865, 45.7978267]}, "properties": {"amenity": "hospital", "building": "yes", "healthcare": "hospital", "name": "Serviciul Jude\u021bean de Ambulan\u021b\u0103 Sibiu"}}, {"type": "Feature", "geometry": {"type": "Point", "coordinates": [24.6787793, 45.1490935]}, "properties": {"addr:city": "Curtea de Arge\u0219", "addr:housenumber": "6-8", "addr:postcode": "115300", "addr:street": "Strada Cuza Vod\u0103", "amenity": "hospital", "emergency": "yes", "healthcare": "hospital", "name": "Spitalul Municipal Curtea de Arge\u0219", "website": "https://www.smca.ro/"}}, {"type": "Feature", "geometry": {"type": "Point", "coordinates": [22.7159192, 46.1747244]}, "properties": {"amenity": "hospital", "building": "yes", "emergency": "no", "name": "Dispensar Baia de Cri\u0219"}}, {"type": "Feature", "geometry": {"type": "Point", "coordinates": [21.307281, 46.1832955]}, "properties": {"addr:city": "Arad", "addr:housenumber": "2-4", "addr:street": "Strada Andrenyi Karoly", "amenity": "clinic", "building": "yes", "healthcare": "clinic", "name": "Serviciul Jude\u021bean de Medicin\u0103 Legal\u0103"}}, {"type": "Feature", "geometry": {"type": "Point", "coordinates": [21.3074932, 46.183181]}, "properties": {"addr:city": "Arad", "addr:housenumber": "2-4", "addr:street": "Strada Andrenyi Karoly", "amenity": "clinic", "building": "yes", "healthcare": "clinic", "name": "Policlinica Jude\u021bean\u0103"}}, {"type": "Feature", "geometry": {"type": "Point", "coordinates": [23.0997599, 43.9127153]}, "properties": {"addr:city": "Poiana Mare", "addr:postcode": "207470", "addr:street": "Strada 1 Decembrie 1918", "amenity": "hospital", "healthcare": "hospital", "name": "Spitalul Calafat - Sec\u021bia exterioara TBC Pneumologie", "operator": "Spitalul Municipal Calafat", "operator:type": "public"}}, {"type": "Feature", "geometry": {"type": "Point", "coordinates": [23.5544485, 47.6548519]}, "properties": {"amenity": "hospital", "emergency": "yes", "healthcare": "hospital", "healthcare:speciality": "general", "name": "Spitalul Jude\u021bean de Urgen\u021b\u0103 Dr. Constantin Opri\u0219"}}, {"type": "Feature", "geometry": {"type": "Point", "coordinates": [25.9818468, 44.5087288]}, "properties": {"addr:city": "Chitila", "addr:housenumber": "70", "addr:postcode": "077045", "addr:street": "\u0218oseaua Banatului", "amenity": "clinic", "building": "yes", "building:levels": "1", "building:levels:underground": "1", "emergency": "yes", "healthcare": "clinic", "name": "Dispensar Chitila", "roof:levels": "1", "roof:shape": "hipped"}}, {"type": "Feature", "geometry": {"type": "Point", "coordinates": [21.3146995, 46.179479]}, "properties": {"addr:city": "Arad", "addr:housenumber": "7-8", "addr:postcode": "310017", "addr:street": "Pia\u021ba Mihai Viteazul", "amenity": "hospital", "healthcare": "hospital", "healthcare:speciality": "general;paediatrics;intensive", "name": "Spitalul Clinic Municipal", "operator": "Ministerul S\u0103n\u0103t\u0103\u021bii", "operator:type": "government"}}, {"type": "Feature", "geometry": {"type": "Point", "coordinates": [21.3214919, 46.1828142]}, "properties": {"addr:city": "Arad", "addr:housenumber": "28", "addr:postcode": "310010", "addr:postcode:source": "Date de la Po\u0219ta Rom\u00e2n\u0103, publicate sub Licen\u021ba pentru Guvernare Deschis\u0103 v1.0 la http://date.gov.ro/organization/posta-romana", "addr:street": "Strada Tudor Vladimirescu", "amenity": "clinic", "building": "yes", "healthcare": "clinic", "name": "Centrul Medical Mediar"}}, {"type": "Feature", "geometry": {"type": "Point", "coordinates": [21.3201289, 46.1832825]}, "properties": {"addr:city": "Arad", "addr:housenumber": "39A", "addr:postcode": "310010", "addr:postcode:source": "Date de la Po\u0219ta Rom\u00e2n\u0103, publicate sub Licen\u021ba pentru Guvernare Deschis\u0103 v1.0 la http://date.gov.ro/organization/posta-romana", "addr:street": "Strada Tudor Vladimirescu", "amenity": "clinic", "building": "yes", "healthcare": "clinic", "name": "Medfemme"}}, {"type": "Feature", "geometry": {"type": "Point", "coordinates": [21.319043, 46.1801333]}, "properties": {"addr:city": "Arad", "addr:housenumber": "8-10", "addr:postcode": "310010", "addr:postcode:source": "Date de la Po\u0219ta Rom\u00e2n\u0103, publicate sub Licen\u021ba pentru Guvernare Deschis\u0103 v1.0 la http://date.gov.ro/organization/posta-romana", "addr:street": "Strada Tudor Vladimirescu", "amenity": "clinic", "building": "yes", "healthcare": "clinic", "name": "CRRCH Centru de Recuperare \u0219i Reabilitare pentru Copii cu Handicap"}}, {"type": "Feature", "geometry": {"type": "Point", "coordinates": [23.7429713, 44.0995179]}, "properties": {"addr:city": "Segarcea", "addr:country": "RO", "addr:housenumber": "50", "addr:postcode": "205400", "addr:street": "Strada Unirii", "amenity": "hospital", "healthcare": "hospital", "name": "Spitalul Or\u0103\u0219enesc Segarcea", "operator": "Ministerul Sanatatii", "operator:type": "public"}}, {"type": "Feature", "geometry": {"type": "Point", "coordinates": [23.7443897, 44.0995283]}, "properties": {"addr:city": "Segarcea", "addr:country": "RO", "addr:housenumber": "41", "addr:postcode": "205400", "addr:street": "Strada Unirii", "amenity": "clinic", "building": "yes", "healthcare": "clinic", "healthcare:speciality": "general", "name": "Policlinica Segarcea", "operator": "Ministerul Sanatatii", "operator:type": "public"}}, {"type": "Feature", "geometry": {"type": "Point", "coordinates": [22.6498474, 44.645183]}, "properties": {"amenity": "clinic", "barrier": "fence"}}, {"type": "Feature", "geometry": {"type": "Point", "coordinates": [23.7274542, 45.8087734]}, "properties": {"amenity": "hospital", "building": "yes", "healthcare": "hospital", "name": "Dispensar"}}, {"type": "Feature", "geometry": {"type": "Point", "coordinates": [25.7242579, 45.6155136]}, "properties": {"addr:city": "S\u0103cele", "addr:housenumber": "20", "addr:street": "Aleea Episcop Popeea", "amenity": "clinic", "building": "yes", "name": "Policlinica", "phone": "0268 270 570"}}, {"type": "Feature", "geometry": {"type": "Point", "coordinates": [26.6639843, 47.7344591]}, "properties": {"addr:city": "Boto\u0219ani", "addr:housenumber": "24", "addr:postcode": "710202", "addr:street": "Strada Trandafirilor", "amenity": "hospital", "email": "sesizari@pneumobt.ro", "emergency": "yes", "fax": "0231-584024", "healthcare": "hospital", "healthcare:speciality": "pneumology;intensive;chirurgie;toracica;anatomia_patologic\u0103;cardiologia;boli_interne;cardiology", "internet_access": "yes", "name": "Spitalul de Pneumoftiziologie", "operator": "Spitalul Jude\u021bean de Urgen\u021b\u0103 Mavromati", "operator:type": "public", "phone": "0231-584083", "website": "https://www.pneumobt.ro/"}}, {"type": "Feature", "geometry": {"type": "Point", "coordinates": [26.6907079, 47.7338683]}, "properties": {"addr:city": "Boto\u0219ani", "addr:housenumber": "116", "addr:postcode": "710319", "addr:street": "Strada I.C. Br\u0103tianu", "amenity": "hospital", "emergency": "yes", "healthcare:speciality": "psychiatry", "name": "Spitalul de Psihiatrie", "operator": "Spitalul Jude\u021bean de Urgen\u021b\u0103 Mavromati", "website": "http://www.spitalpsihiatriebotosani.ro"}}, {"type": "Feature", "geometry": {"type": "Point", "coordinates": [26.6363407, 47.7530063]}, "properties": {"addr:city": "Boto\u0219ani", "addr:housenumber": "2", "addr:postcode": "710010", "addr:street": "Calea Na\u021bional\u0103", "amenity": "hospital", "healthcare": "hospital", "name": "Spitalul de Recuperare Sf\u00e2ntul Gheorghe"}}, {"type": "Feature", "geometry": {"type": "Point", "coordinates": [26.1197855, 44.4786643]}, "properties": {"addr:city": "Bucure\u0219ti", "addr:housenumber": "11G", "addr:postcode": "020331", "addr:street": "\u0218oseaua Fabrica de Glucoz\u0103", "amenity": "hospital", "building": "hospital", "building:levels": "10", "healthcare": "hospital", "name": "Medicover Pipera", "operator": "Medicover", "roof:levels": "0"}}, {"type": "Feature", "geometry": {"type": "Point", "coordinates": [26.1308765, 44.3826569]}, "properties": {"addr:city": "Bucure\u0219ti", "addr:housenumber": "14", "addr:postcode": "042144", "addr:street": "\u0218oseaua Berceni", "addr:street:source": "survey", "amenity": "clinic", "building": "hospital", "healthcare": "clinic", "name": "Centrul Medico-Social \"Sf\u00e2ntul Andrei\"", "source:addr:housenumber": "survey", "source:addr:street": "survey"}}, {"type": "Feature", "geometry": {"type": "Point", "coordinates": [27.353655, 44.5620152]}, "properties": {"amenity": "clinic", "building": "yes", "name": "BioMed"}}, {"type": "Feature", "geometry": {"type": "Point", "coordinates": [24.7663984, 46.158507]}, "properties": {"amenity": "clinic", "building": "yes", "name": "Cabinet Medical"}}, {"type": "Feature", "geometry": {"type": "Point", "coordinates": [25.9939253, 44.5007836]}, "properties": {"addr:city": "Chitila", "addr:housenumber": "4", "addr:postcode": "077045", "addr:street": "\u0218oseaua Banatului", "amenity": "clinic", "building": "yes", "building:levels": "2", "healthcare": "clinic", "name": "Centrul Medical Chitila"}}, {"type": "Feature", "geometry": {"type": "Point", "coordinates": [23.8151126, 44.3175595]}, "properties": {"addr:city": "Craiova", "addr:country": "RO", "addr:housenumber": "97", "addr:postcode": "200473", "addr:street": "Calea Bucure\u0219ti", "amenity": "clinic", "building": "yes", "name": "Stomatologie"}}, {"type": "Feature", "geometry": {"type": "Point", "coordinates": [25.9112529, 47.8409429]}, "properties": {"amenity": "hospital"}}, {"type": "Feature", "geometry": {"type": "Point", "coordinates": [24.7057625, 45.7259564]}, "properties": {"amenity": "hospital", "healthcare": "hospital"}}, {"type": "Feature", "geometry": {"type": "Point", "coordinates": [26.0752534, 44.4208802]}, "properties": {"addr:city": "Bucure\u0219ti", "addr:housenumber": "41", "addr:postcode": "050883", "addr:street": "Strada Caius Marcius Coriolan", "amenity": "clinic", "building": "yes", "healthcare": "clinic", "name": "Centrul Medical Apolo", "source:addr:housenumber": "survey", "source:addr:street": "survey"}}, {"type": "Feature", "geometry": {"type": "Point", "coordinates": [22.9735497, 44.8025753]}, "properties": {"amenity": "clinic", "building": "yes", "building:levels": "2", "healthcare": "clinic", "name": "Policlinica Motru"}}, {"type": "Feature", "geometry": {"type": "Point", "coordinates": [24.3709637, 45.0931888]}, "properties": {"addr:city": "R\u00e2mnicu V\u00e2lcea", "amenity": "clinic", "building": "apartments", "healthcare": "clinic", "name": "Clinica Ostroveni"}}, {"type": "Feature", "geometry": {"type": "Point", "coordinates": [22.9856207, 46.8298683]}, "properties": {"amenity": "hospital", "building": "hospital", "name": "Cabinet medical", "name:hu": "Orvosi rendel\u0151"}}, {"type": "Feature", "geometry": {"type": "Point", "coordinates": [28.6129763, 44.1715003]}, "properties": {"addr:city": "Constan\u021ba", "addr:country": "RO", "addr:housenumber": "78", "addr:street": "Bulevardul I. C. Br\u0103tianu", "amenity": "clinic", "building": "yes", "email": "office@clinicaman.ro", "healthcare": "clinic", "healthcare:speciality": "orthopaedics;psychiatry;endocrinology;cardiology;rheumathology", "name": "Clinica MAN", "opening_hours": "Mo-Fr 08:00-21:30", "phone": "+40 241 541 999", "website": "http://www.clinicaman.ro"}}, {"type": "Feature", "geometry": {"type": "Point", "coordinates": [23.7893991, 44.3255062]}, "properties": {"addr:city": "Craiova", "addr:housenumber": "40", "addr:postcode": "200142", "addr:street": "Bulevardul Nicolae Titulescu", "amenity": "hospital", "healthcare": "hospital", "healthcare:speciality": "general", "name": "Policlinica Spitalului Filantropia"}}, {"type": "Feature", "geometry": {"type": "Point", "coordinates": [26.764315, 46.2545083]}, "properties": {"addr:city": "One\u0219ti", "addr:housenumber": "1", "addr:postcode": "601048", "addr:street": "Strada Perchiului", "amenity": "hospital", "healthcare": "hospital", "name": "Spitalul Municipal One\u0219ti Sf\u00e2ntul Ierarh Doctor Luca", "phone": "+40234323111", "website": "https://spitalonesti.ro/"}}, {"type": "Feature", "geometry": {"type": "Point", "coordinates": [26.7767709, 46.2557669]}, "properties": {"addr:city": "One\u0219ti", "addr:housenumber": "1", "addr:postcode": "601140", "addr:street": "Strada Doctor Victor Babe\u0219", "amenity": "clinic", "building": "yes", "levels": "3"}}, {"type": "Feature", "geometry": {"type": "Point", "coordinates": [23.7971961, 44.3001435]}, "properties": {"addr:city": "Craiova", "addr:housenumber": "19A", "addr:street": "Strada Doctor Nicolae Ionescu-Sise\u0219ti", "amenity": "clinic", "building": "yes", "building:levels": "3", "name": "Policlinica M&M"}}, {"type": "Feature", "geometry": {"type": "Point", "coordinates": [23.5466841, 46.7672853]}, "properties": {"addr:city": "Cluj-Napoca", "addr:country": "RO", "addr:housenumber": "172", "addr:postcode": "400331", "addr:postcode:source": "Date de la Po\u0219ta Rom\u00e2n\u0103, publicate sub Licen\u021ba pentru Guvernare Deschis\u0103 v1.0 la http://date.gov.ro/organization/posta-romana", "addr:street": "Strada Donath", "amenity": "clinic", "building": "yes", "healthcare": "clinic", "name": "Spitalul Clinic de Urgen\u021b\u0103 pentru Copii Cluj-Napoca - Neonatologie-Prematuri"}}, {"type": "Feature", "geometry": {"type": "Point", "coordinates": [28.5760476, 43.8093184]}, "properties": {"addr:city": "Mangalia", "addr:housenumber": "1", "addr:postcode": "905500", "addr:street": "Strada Theofil Sauciuc S\u0103veanu", "amenity": "clinic", "building": "yes", "name": "Gama Diamed"}}, {"type": "Feature", "geometry": {"type": "Point", "coordinates": [23.6574571, 46.9331382]}, "properties": {"amenity": "hospital", "name": "Spitalul de Boli Psihice Cronice Bor\u0219a"}}, {"type": "Feature", "geometry": {"type": "Point", "coordinates": [26.8983617, 47.4308733]}, "properties": {"addr:city": "H\u00e2rl\u0103u", "addr:housenumber": "15", "addr:postcode": "705100", "addr:street": "Strada Bogdan Vod\u0103", "amenity": "hospital", "email": "soh@spitaluloraseneschirlau.ro", "fax": "+40232722259", "healthcare": "hospital", "name": "Spitalul Or\u0103\u0219enesc H\u00e2rl\u0103u", "phone": "+40232720300", "website": "https://spitaluloraseneschirlau.ro/"}}, {"type": "Feature", "geometry": {"type": "Point", "coordinates": [25.9398058, 45.2406792]}, "properties": {"addr:city": "Sl\u0103nic", "addr:street": "Aleea Spitalului", "amenity": "hospital", "building": "yes", "name": "Spitalul Or\u0103\u0219enesc Sl\u0103nic"}}, {"type": "Feature", "geometry": {"type": "Point", "coordinates": [25.0712116, 46.5937119]}, "properties": {"addr:city": "Sovata", "addr:street": "Strada Petofi \u0218andor", "amenity": "hospital", "building": "yes", "check_date": "2025-10-29", "healthcare": "hospital", "name": "Spital", "name:ro": "Spital"}}, {"type": "Feature", "geometry": {"type": "Point", "coordinates": [26.3728787, 46.9239828]}, "properties": {"addr:city": "Piatra Neam\u021b", "addr:housenumber": "31", "addr:street": "Strada Ozana", "amenity": "clinic", "building": "yes", "building:levels": "1", "healthcare": "clinic", "healthcare:speciality": "paediatrics"}}, {"type": "Feature", "geometry": {"type": "Point", "coordinates": [26.3626334, 46.9284099]}, "properties": {"amenity": "clinic", "building": "yes", "healthcare": "clinic", "name": "Antares Clinic"}}, {"type": "Feature", "geometry": {"type": "Point", "coordinates": [26.3746424, 46.9239344]}, "properties": {"amenity": "clinic", "building": "yes", "healthcare": "clinic"}}, {"type": "Feature", "geometry": {"type": "Point", "coordinates": [26.3728594, 46.9285515]}, "properties": {"addr:street": "Strada Orhei", "amenity": "clinic", "building": "yes", "building:levels": "2", "healthcare": "clinic", "name": "BIOMEDICA", "name:ro": "BIOMEDICA"}}, {"type": "Feature", "geometry": {"type": "Point", "coordinates": [23.6001058, 46.7745823]}, "properties": {"addr:city": "Cluj-Napoca", "addr:country": "RO", "addr:housenumber": "53-55", "addr:postcode": "400124", "addr:postcode:source": "Date de la Po\u0219ta Rom\u00e2n\u0103, publicate sub Licen\u021ba pentru Guvernare Deschis\u0103 v1.0 la http://date.gov.ro/organization/posta-romana", "addr:street": "Bulevardul 21 Decembrie 1989", "amenity": "clinic", "building": "yes", "healthcare": "clinic", "name": "Spitalul Clinic de Adul\u021bi - Sec\u021bia Clinic\u0103 Obstetric\u0103-Ginecologie II Dominic Stanca"}}, {"type": "Feature", "geometry": {"type": "Point", "coordinates": [26.3669083, 46.9327349]}, "properties": {"amenity": "clinic", "building": "yes", "healthcare": "clinic", "name": "Antares Clinic"}}, {"type": "Feature", "geometry": {"type": "Point", "coordinates": [26.8273187, 45.1487513]}, "properties": {"addr:city": "Buz\u0103u", "addr:housenumber": "18", "addr:postcode": "120209", "addr:street": "Strada Victoriei", "amenity": "clinic", "building": "hospital", "building:levels": "2", "ele": "4", "healthcare": "clinic", "healthcare:speciality": "maternity", "name": "Maternitatea Buz\u0103u", "opening_hours": "24/7", "operator": "SPITALUL JUDE\u021aEAN DE URGEN\u021a\u0102 BUZ\u0102U", "operator:type": "public", "phone": "0238720282", "website": "https://www.spitalulbuzau.ro"}}, {"type": "Feature", "geometry": {"type": "Point", "coordinates": [23.5918087, 46.7762701]}, "properties": {"addr:city": "Cluj-Napoca", "addr:housenumber": "16", "addr:postcode": "400152", "addr:street": "Strada Ia\u0219ilor", "amenity": "clinic", "building": "yes", "healthcare": "clinic", "name": "Clinica Chirurgie III", "website": "https://www.clinicachirurgie3.ro/"}}, {"type": "Feature", "geometry": {"type": "Point", "coordinates": [26.82294, 45.1491315]}, "properties": {"addr:city": "Buz\u0103u", "addr:housenumber": "5", "addr:postcode": "120194", "addr:postcode:source": "Date de la Po\u0219ta Rom\u00e2n\u0103, publicate sub Licen\u021ba pentru Guvernare Deschis\u0103 v1.0 la http://date.gov.ro/organization/posta-romana", "addr:street": "Strada Crizantemelor", "amenity": "hospital", "healthcare": "hospital", "phone": "0238 712 607", "website": "http://www.spitalulsfsava.ro/"}}, {"type": "Feature", "geometry": {"type": "Point", "coordinates": [24.8383815, 46.4322669]}, "properties": {"addr:city": "Erd\u0151szentgy\u00f6rgy", "addr:street": "Strada Trandafirilor", "amenity": "hospital", "building": "hospital", "healthcare": "hospital", "name": "V\u00e1rosi k\u00f3rh\u00e1z", "name:ro": "Spital or\u0103\u0219enesc"}}, {"type": "Feature", "geometry": {"type": "Point", "coordinates": [26.8323727, 45.1515356]}, "properties": {"amenity": "clinic", "building": "yes", "healthcare": "clinic", "name": "Sec\u021bia de Neurologie a Spitalului S\u0103poca"}}, {"type": "Feature", "geometry": {"type": "Point", "coordinates": [28.0111896, 46.5381503]}, "properties": {"addr:city": "Hoceni", "addr:postcode": "737285", "amenity": "hospital", "emergency": "no", "name": "Dispensar Hoceni", "operator": "Hoceni"}}, {"type": "Feature", "geometry": {"type": "Point", "coordinates": [28.0115457, 46.5371009]}, "properties": {"addr:city": "Hoceni", "addr:postcode": "737285", "amenity": "hospital", "emergency": "no", "name": "Farmacia Hoceni", "note": "La acesta farmacie se elibereaza retete compensate", "operator": "Santac"}}, {"type": "Feature", "geometry": {"type": "Point", "coordinates": [28.6432776, 44.182699]}, "properties": {"addr:city": "Constan\u021ba", "addr:housenumber": "16A-16B", "addr:postcode": "900673", "addr:postcode:source": "Date de la Po\u0219ta Rom\u00e2n\u0103, publicate sub Licen\u021ba pentru Guvernare Deschis\u0103 v1.0 la http://date.gov.ro/organization/posta-romana", "addr:street": "Bulevardul Mamaia", "amenity": "clinic", "building": "yes", "contact:phone": "+4021 9268", "healthcare": "clinic", "name": "Policlinica Tomis", "operator": "Regina Maria", "operator:type": "private", "source": "survey, Bing, local info", "website": "https://www.reginamaria.ro/", "wheelchair": "no"}}, {"type": "Feature", "geometry": {"type": "Point", "coordinates": [22.2398796, 47.1576347]}, "properties": {"amenity": "clinic", "building": "yes", "name": "Dispensar Brusturi"}}, {"type": "Feature", "geometry": {"type": "Point", "coordinates": [26.8367182, 45.1436064]}, "properties": {"amenity": "hospital", "building": "yes", "building:levels": "3", "healthcare": "hospital"}}, {"type": "Feature", "geometry": {"type": "Point", "coordinates": [26.0157379, 44.4365396]}, "properties": {"addr:city": "Bucure\u0219ti", "addr:housenumber": "13", "addr:postcode": "062272", "addr:postcode:source": "Date de la Po\u0219ta Rom\u00e2n\u0103, publicate sub Licen\u021ba pentru Guvernare Deschis\u0103 v1.0 la http://date.gov.ro/organization/posta-romana", "addr:street": "Strada Spartachiadei", "amenity": "clinic", "building": "yes", "building:levels": "3", "emergency": "no", "healthcare": "clinic", "name": "Centrul Medical Humanitas", "source:addr:housenumber": "survey", "source:addr:street": "survey"}}, {"type": "Feature", "geometry": {"type": "Point", "coordinates": [28.6457708, 44.2029104]}, "properties": {"addr:housenumber": "222", "addr:street": "Bulevardul Mamaia", "amenity": "clinic", "building": "yes", "healthcare": "clinic", "name": "Medstar 2000", "opening_hours": "Mo-Fr 07:00-19:30; Sa 07:00-14:00", "website": "https://www.medstar2000.ro"}}, {"type": "Feature", "geometry": {"type": "Point", "coordinates": [28.6458365, 44.2026257]}, "properties": {"addr:housenumber": "218", "addr:street": "Bulevardul Mamaia", "amenity": "clinic", "building": "yes", "healthcare": "clinic", "healthcare:speciality": "plastic_surgery", "name": "Diantus Estet", "opening_hours": "Mo-Th 09:00-20:00; Fr 09:00-17:00; Sa 09:00-14:00", "website": "https://diantus.ro"}}, {"type": "Feature", "geometry": {"type": "Point", "coordinates": [24.621366, 45.9753788]}, "properties": {"addr:city": "Agnita", "addr:street": "Strada Mihai Viteazul", "amenity": "clinic", "building": "hospital", "building:levels": "3", "healthcare": "clinic", "name": "Dispensar"}}, {"type": "Feature", "geometry": {"type": "Point", "coordinates": [26.1628153, 45.8438295]}, "properties": {"amenity": "hospital", "emergency": "yes", "healthcare": "hospital", "name": "Spitalul Or\u0103\u0219enesc Covasna"}}, {"type": "Feature", "geometry": {"type": "Point", "coordinates": [26.1490091, 44.4390375]}, "properties": {"addr:city": "Bucure\u0219ti", "addr:housenumber": "27", "addr:postcode": "021967", "addr:street": "Strada Tony Bulandra", "amenity": "hospital", "building": "hospital", "building:levels": "7", "emergency": "no", "healthcare": "hospital", "name": "Spitalul Monza", "roof:levels": "0", "roof:shape": "flat"}}, {"type": "Feature", "geometry": {"type": "Point", "coordinates": [28.6336176, 44.1726241]}, "properties": {"amenity": "clinic", "building": "yes", "healthcare": "centre", "healthcare:speciality": "radiology;dentistry"}}, {"type": "Feature", "geometry": {"type": "Point", "coordinates": [22.5850479, 47.4765343]}, "properties": {"addr:city": "T\u0103\u0219nad", "addr:postcode": "445300", "amenity": "hospital", "healthcare": "hospital"}}, {"type": "Feature", "geometry": {"type": "Point", "coordinates": [22.585201, 47.4745698]}, "properties": {"amenity": "hospital", "healthcare": "hospital"}}, {"type": "Feature", "geometry": {"type": "Point", "coordinates": [22.5854588, 47.474595]}, "properties": {"amenity": "hospital", "healthcare": "hospital"}}, {"type": "Feature", "geometry": {"type": "Point", "coordinates": [22.5876024, 47.4779797]}, "properties": {"amenity": "hospital", "healthcare": "hospital"}}, {"type": "Feature", "geometry": {"type": "Point", "coordinates": [24.5050721, 46.9115271]}, "properties": {"amenity": "hospital", "building": "yes", "healthcare": "hospital", "name": "Spitalul de B\u0103tr\u00e2ni"}}, {"type": "Feature", "geometry": {"type": "Point", "coordinates": [25.0525138, 45.2731381]}, "properties": {"addr:housenumber": "16", "addr:street": "Strada Erou Costel Constantinescu", "amenity": "hospital", "description": "http://www.nephrocare.ro/centre-de-dializa.html Tel.:+40 348 730 162", "name": "Centrul de dializa Fresenius NephrocareCampulung-Muscel", "operator": "Fresenius Nephrocare Romania SRL", "phone": "+40 348 730 162", "website": "https://www.nephrocare.ro/centre-de-dializa.html"}}, {"type": "Feature", "geometry": {"type": "Point", "coordinates": [24.3668949, 44.4326556]}, "properties": {"amenity": "hospital", "emergency": "yes", "healthcare": "hospital", "name": "Spitalul Jude\u021bean de Urgen\u021b\u0103 Slatina"}}, {"type": "Feature", "geometry": {"type": "Point", "coordinates": [22.4650552, 47.6810566]}, "properties": {"addr:city": "Carei", "amenity": "hospital", "building": "yes", "healthcare": "hospital", "name": "Policlinica Carei"}}, {"type": "Feature", "geometry": {"type": "Point", "coordinates": [22.4656404, 47.6809047]}, "properties": {"amenity": "hospital", "building": "yes", "healthcare": "hospital", "name": "Policlinica Carei"}}, {"type": "Feature", "geometry": {"type": "Point", "coordinates": [22.4655652, 47.6812894]}, "properties": {"amenity": "hospital", "building": "yes", "healthcare": "hospital", "name": "Policlinica Carei"}}, {"type": "Feature", "geometry": {"type": "Point", "coordinates": [25.6466609, 44.9776555]}, "properties": {"amenity": "hospital", "building": "yes", "email": "spitalul_municipal_moreni@yahoo.com", "emergency": "yes", "healthcare": "hospital", "healthcare:speciality": "psychiatry;ophthalmology;diabetology;surgery;cardiology;urology;dermatology;internal;gynaecology;physiatry", "name": "Spitalul Municipal Moreni", "website": "https://www.spitalmoreni.ro"}}, {"type": "Feature", "geometry": {"type": "Point", "coordinates": [26.0531462, 44.4849701]}, "properties": {"amenity": "clinic", "building": "yes", "healthcare": "clinic", "name": "ArcaLife"}}, {"type": "Feature", "geometry": {"type": "Point", "coordinates": [26.1086161, 44.3880348]}, "properties": {"addr:city": "Bucure\u0219ti", "addr:housenumber": "18A", "addr:street": "Strada Izvorul Rece", "addr:street:source": "survey", "amenity": "clinic", "building": "yes", "building:levels": "3", "healthcare": "clinic", "name": "Alpha Medical", "phone": "+40214604144", "source:addr:housenumber": "survey", "website": "http://alfamedical.ro/"}}, {"type": "Feature", "geometry": {"type": "Point", "coordinates": [21.2130231, 45.7410837]}, "properties": {"addr:city": "Timi\u0219oara", "addr:housenumber": "43", "addr:postcode": "300218", "addr:street": "Bulevardul 16 Decembrie 1989", "amenity": "clinic", "building": "yes", "description": "Centrul de Diagnostic Imagistic Neuromed - CT si RMN  Serviciul de Ambulanta Neuromed  Sediul central Neuromed", "name": "Neuromed", "opening_hours": "24/7", "website": "https://www.neuromed.ro/"}}, {"type": "Feature", "geometry": {"type": "Point", "coordinates": [21.2332324, 45.7368586]}, "properties": {"addr:city": "Timi\u0219oara", "addr:housenumber": "104", "addr:postcode": "300755", "addr:street": "Bulevardul Liviu Rebreanu", "amenity": "clinic", "building": "yes", "description": "Centrul de Diagnostic Imagistic Neuromed - Radiologie, Mamografie si Ecografie", "name": "Neuromed", "website": "https://www.neuromed.ro/"}}, {"type": "Feature", "geometry": {"type": "Point", "coordinates": [21.2407826, 45.7369465]}, "properties": {"addr:city": "Timi\u0219oara", "addr:housenumber": "10", "addr:postcode": "300736", "addr:street": "Bd. Iosif Bulbuc\u0103", "amenity": "clinic", "building": "yes", "building:levels": "5", "healthcare": "clinic", "name": "Centrul de Terapii Genice \u0219i Celulare \u00een Tratamentul Cancerului (OncoGen)", "website": "http://www.oncogen.ro/"}}, {"type": "Feature", "geometry": {"type": "Point", "coordinates": [24.1386968, 45.7850329]}, "properties": {"addr:city": "Sibiu", "addr:housenumber": "46", "addr:postcode": "550024", "addr:street": "Bulevardul Victoriei", "alt_name": "Spitalul militar", "amenity": "hospital", "healthcare": "hospital", "is_in:city": "Sibiu", "is_in:country": "Romania", "is_in:country_code": "RO", "is_in:county": "Sibiu", "name": "Spitalul Militar de Urgen\u021be \u201cDr. Alexandru Augustin\u201d Sibiu", "website": "https://spitalmilitarsb.ro/"}}, {"type": "Feature", "geometry": {"type": "Point", "coordinates": [21.9541795, 47.0654083]}, "properties": {"addr:city": "Oradea", "addr:housenumber": "64", "addr:street": "Strada Louis Pasteur", "amenity": "clinic", "building": "yes", "healthcare": "doctor", "healthcare:speciality": "physiatry", "name": "Iasmed", "opening_hours": "Mo-Fr 08:00-20:00", "phone": "+40 770 102 887"}}, {"type": "Feature", "geometry": {"type": "Point", "coordinates": [21.9539593, 47.0640899]}, "properties": {"amenity": "hospital", "building": "yes", "healthcare": "hospital", "name": "Spitalul Clinic Judetean"}}, {"type": "Feature", "geometry": {"type": "Point", "coordinates": [26.7455318, 45.238776]}, "properties": {"amenity": "hospital", "barrier": "fence", "healthcare": "hospital", "healthcare:speciality": "psychiatry;physiatry", "name": "Spitalul de Neuropsihiatrie S\u0103poca"}}, {"type": "Feature", "geometry": {"type": "Point", "coordinates": [28.6117777, 44.1735574]}, "properties": {"addr:city": "Constan\u021ba", "addr:housenumber": "11", "addr:street": "Strada Constantin Hurmuzache", "amenity": "clinic", "building": "yes", "healthcare": "clinic", "name": "Cermed", "opening_hours": "Mo-Fr 07:30-20:00, Su off; Sa 08:00-15:00", "website": "https://www.cermed.ro/"}}, {"type": "Feature", "geometry": {"type": "Point", "coordinates": [21.2591209, 45.7680853]}, "properties": {"addr:city": "Timi\u0219oara", "addr:housenumber": "13", "addr:postcode": "300310", "addr:street": "Strada Gheorghe Adam", "amenity": "hospital", "emergency": "yes", "healthcare": "hospital", "name": "Spitalul Clinic de Boli Infec\u021bioase \u0219i Pneumoftiziologie Dr. Victor Babe\u0219", "operator": "Ministerului S\u0103n\u0103t\u0103\u021bii", "website": "http://www.spitalul-vbabes-tm.ro/"}}, {"type": "Feature", "geometry": {"type": "Point", "coordinates": [21.2589768, 45.7691679]}, "properties": {"addr:city": "Timi\u0219oara", "addr:housenumber": "13 A", "addr:postcode": "300310", "addr:street": "Strada Gheorghe Adam", "amenity": "hospital", "emergency": "yes", "healthcare": "hospital", "name": "Institutul de Boli Cardiovasculare", "operator": "Ministerul S\u0103n\u0103t\u0103\u021bii", "website": "https://www.cardiologie.ro/"}}, {"type": "Feature", "geometry": {"type": "Point", "coordinates": [24.1572351, 45.7831096]}, "properties": {"addr:city": "Sibiu", "addr:housenumber": "19", "addr:street": "Strada Hipodromului", "amenity": "clinic", "check_date:opening_hours": "2023-08-24", "name": "Med Clinic", "opening_hours": "Mo-Fr 14:00-18:00", "wheelchair": "no"}}, {"type": "Feature", "geometry": {"type": "Point", "coordinates": [24.1547717, 45.7843838]}, "properties": {"addr:city": "Sibiu", "addr:housenumber": "3B", "addr:street": "Strada Hipodromului", "amenity": "clinic", "building": "yes", "name": "Clinica Misan Med", "opening_hours:url": "http://www.misanmed.ro/program"}}, {"type": "Feature", "geometry": {"type": "Point", "coordinates": [23.4551652, 45.9191458]}, "properties": {"amenity": "clinic", "building": "yes", "email": "office@enla.ro", "healthcare": "clinic", "name": "ENLA - Centru dezalcoolizare \u0219i dezintoxicare, comunitate terapeutic\u0103", "phone": "+40720300100", "website": "https://enla.ro/"}}, {"type": "Feature", "geometry": {"type": "Point", "coordinates": [26.3779587, 47.0283438]}, "properties": {"amenity": "clinic", "building": "yes", "building:levels": "0.0", "name": "Dispensarul Negre\u0219ti"}}, {"type": "Feature", "geometry": {"type": "Point", "coordinates": [26.1279087, 44.3853828]}, "properties": {"addr:city": "Bucure\u0219ti", "addr:housenumber": "12", "addr:postcode": "041915", "addr:street": "\u0218oseaua Berceni", "amenity": "hospital", "barrier": "fence", "emergency": "yes", "healthcare": "hospital", "is_in:city": "Bucure\u0219ti", "name": "Spitalul Clinic de Urgen\u021b\u0103 \"Bagdasar-Arseni\"", "name:en": "Emergency Clinical Hospital Bagdasar-Arseni", "phone": "+4021 334 30 25", "url": "http://www.bagdasar-arseni.ro/", "website": "https://www.bagdasar-arseni.ro/", "wikidata": "Q97061860"}}, {"type": "Feature", "geometry": {"type": "Point", "coordinates": [24.1554348, 45.7953103]}, "properties": {"addr:city": "Sibiu", "addr:housenumber": "2 - 4", "addr:postcode": "550166", "addr:street": "Strada Pompeiu Onofreiu", "amenity": "hospital", "check_date": "2025-05-09", "is_in:city": "Sibiu", "is_in:country": "Rom\u00e2nia", "is_in:country_code": "RO", "is_in:state": "Sibiu", "is_in:state_code": "SB", "name": "Spitalul Clinic Jude\u021bean - Clinica de Pediatrie", "website": "https://www.pediatriesibiu.ro/"}}, {"type": "Feature", "geometry": {"type": "Point", "coordinates": [24.1558637, 45.7921647]}, "properties": {"addr:city": "Sibiu", "amenity": "hospital", "healthcare": "hospital", "operator": "Spitalul General CFR"}}, {"type": "Feature", "geometry": {"type": "Point", "coordinates": [27.3167569, 44.207107]}, "properties": {"amenity": "hospital", "building": "yes", "healthcare": "hospital", "name": "Policlinica 2"}}, {"type": "Feature", "geometry": {"type": "Point", "coordinates": [24.5161282, 46.640191]}, "properties": {"amenity": "hospital", "name": "Spital Ceua\u0219u de C\u00e2mpie"}}, {"type": "Feature", "geometry": {"type": "Point", "coordinates": [21.9162861, 47.0759891]}, "properties": {"addr:city": "Oradea", "addr:housenumber": "2", "addr:postcode": "410354", "addr:street": "Strada Corneliu Coposu", "amenity": "hospital", "building": "yes", "healthcare": "hospital", "name": "Spitalul Pelican", "phone": "+40259444444", "website": "https://www.spitalpelican.ro/"}}, {"type": "Feature", "geometry": {"type": "Point", "coordinates": [26.1653348, 45.8459275]}, "properties": {"amenity": "hospital", "healthcare": "hospital"}}, {"type": "Feature", "geometry": {"type": "Point", "coordinates": [26.1670666, 45.8443928]}, "properties": {"amenity": "hospital", "healthcare": "hospital"}}, {"type": "Feature", "geometry": {"type": "Point", "coordinates": [23.2748787, 45.0428656]}, "properties": {"addr:city": "T\u00e2rgu Jiu", "addr:housenumber": "9", "addr:street": "Strada General Christian Tell", "amenity": "clinic", "building": "yes", "healthcare": "clinic", "healthcare:speciality": "ophthalmology;orthopaedics;cardiology;dermatology", "name": "Life Scan", "phone": "+40353413202", "website": "https://lifescan.ro/"}}, {"type": "Feature", "geometry": {"type": "Point", "coordinates": [26.1179104, 44.4204077]}, "properties": {"addr:city": "Bucure\u0219ti", "addr:housenumber": "68", "addr:postcode": "031204", "addr:street": "Strada Dumitru Papazoglu", "amenity": "hospital", "building": "yes", "building:levels": "4", "emergency": "yes", "healthcare": "hospital", "healthcare:speciality": "veterinarian", "name": "Joyvet - Cabinet Veterinar"}}, {"type": "Feature", "geometry": {"type": "Point", "coordinates": [23.0303208, 46.864035]}, "properties": {"addr:city": "Huedin", "addr:housenumber": "6", "addr:postcode": "405400", "addr:street": "Pia\u021ba Victoriei", "amenity": "clinic", "building": "healthcare", "healthcare": "clinic", "healthcare:speciality": "dentistry", "name": "Policlinica Teritoriala", "opening_hours": "\"differs by practice\""}}, {"type": "Feature", "geometry": {"type": "Point", "coordinates": [26.6708285, 47.7444352]}, "properties": {"addr:city": "Boto\u0219ani", "addr:housenumber": "9", "addr:street": "Strada Po\u0219tei", "amenity": "clinic", "building": "yes", "building:levels": "4", "healthcare": "clinic", "healthcare:speciality": "general;paediatrics;orthopaedics;gynaecology;cardiology;dermatology;radiology;internal", "name": "Centrul de diagnostic Lux-Ro"}}, {"type": "Feature", "geometry": {"type": "Point", "coordinates": [25.7596598, 46.9593912]}, "properties": {"addr:city": "Tulghe\u0219", "addr:housenumber": "342", "addr:postcode": "537330", "amenity": "hospital", "healthcare": "hospital", "healthcare:speciality": "psychiatry", "name": "Spitalul de Psihiatrie Tulghe\u0219", "name:hu": "Gyergy\u00f3t\u00f6lgyesi Pszichi\u00e1triai K\u00f3rh\u00e1z", "name:ro": "Spitalul de Psihiatrie Tulghe\u0219", "operator": "Consiliul Jude\u021bean Harghita", "operator:type": "government", "phone": "+40266.338.188, +40266.338.189", "website": "https://www.psihiatrietulghes.ro/"}}, {"type": "Feature", "geometry": {"type": "Point", "coordinates": [21.6020014, 45.6524515]}, "properties": {"amenity": "clinic", "building": "yes", "healthcare": "clinic", "name": "UPU Buzia\u0219"}}, {"type": "Feature", "geometry": {"type": "Point", "coordinates": [23.3496547, 44.0297696]}, "properties": {"addr:city": "B\u0103ile\u0219ti", "addr:housenumber": "29", "addr:postcode": "205100", "addr:street": "Strada Victoriei", "amenity": "hospital", "healthcare": "hospital", "name": "Spitalul Municipal Profesor Doctor Irinel Popescu"}}, {"type": "Feature", "geometry": {"type": "Point", "coordinates": [25.4565523, 44.9269228]}, "properties": {"amenity": "hospital", "building": "yes", "name": "Policlinica 1"}}, {"type": "Feature", "geometry": {"type": "Point", "coordinates": [28.6476077, 44.1817185]}, "properties": {"amenity": "clinic", "building": "yes", "building:levels": "3", "healthcare": "clinic", "healthcare:speciality": "dentistry", "name": "Policlinica de stomatologie nr. 1"}}, {"type": "Feature", "geometry": {"type": "Point", "coordinates": [23.0701965, 43.9338955]}, "properties": {"addr:city": "Poiana Mare", "addr:housenumber": "40", "addr:street": "Strada G\u0103rii", "amenity": "hospital", "email": "spitpoiana@yahoo.com", "emergency": "yes", "fax": "0251/23.50.63", "healthcare": "hospital", "healthcare:speciality": "psychiatry", "internet_access": "yes", "name": "Spitalul de Psihiatrie Poiana Mare", "operator": "Ministerul S\u0103n\u0103t\u0103\u021bii din Rom\u00e2nia", "operator:type": "government", "phone": "0251/23.52.99", "website": "http://www.spitalpoianamare.ro/", "wheelchair": "yes"}}, {"type": "Feature", "geometry": {"type": "Point", "coordinates": [21.2206282, 45.7407283]}, "properties": {"amenity": "hospital", "name": "Clinica de Psihiatrie \u0219i Neurologie Pediatric\u0103", "operator": "Spitalul Clinic de Urgen\u021b\u0103 pentru Copii Louis \u021aurcanu"}}, {"type": "Feature", "geometry": {"type": "Point", "coordinates": [22.4559309, 46.5409143]}, "properties": {"addr:city": "\u0218tei", "addr:postcode": "415600", "amenity": "hospital", "name": "Cabinete medicale."}}, {"type": "Feature", "geometry": {"type": "Point", "coordinates": [25.4553035, 44.9244604]}, "properties": {"addr:city": "T\u00e2rgovi\u0219te", "addr:street": "Strada Lini\u0219tei", "amenity": "clinic", "building": "yes", "healthcare": "clinic", "healthcare:speciality": "abortion;ophthalmology", "name": "Optic Art"}}, {"type": "Feature", "geometry": {"type": "Point", "coordinates": [23.552112, 47.6626892]}, "properties": {"amenity": "hospital", "name": "Spitalul de Pneumoftiziologie"}}, {"type": "Feature", "geometry": {"type": "Point", "coordinates": [23.5611077, 47.6576768]}, "properties": {"amenity": "clinic", "building": "yes", "healthcare": "clinic", "name": "Centrul de Transfuzii Sanguine"}}, {"type": "Feature", "geometry": {"type": "Point", "coordinates": [21.2184882, 45.7493272]}, "properties": {"addr:city": "Timi\u0219oara", "addr:housenumber": "13-15", "addr:postcode": "300173", "addr:postcode:source": "Date de la Po\u0219ta Rom\u00e2n\u0103, publicate sub Licen\u021ba pentru Guvernare Deschis\u0103 v1.0 la http://date.gov.ro/organization/posta-romana", "addr:street": "Splaiul Tudor Vladimirescu", "alt_name": "Spital CFR Timisoara", "amenity": "hospital", "healthcare": "hospital", "healthcare:speciality": "general;ophthalmology;surgery;internal;emergency;neurology;psychiatry;otolaryngology", "name": "Spitalul Clinic C\u0103i Ferate", "phone": "+40 256 493 088", "website": "https://www.spitalcftm.ro/"}}, {"type": "Feature", "geometry": {"type": "Point", "coordinates": [21.2294817, 45.7439005]}, "properties": {"amenity": "hospital", "name": "Clinica Universitar\u0103 de Obstetric\u0103 Ginecologie Bega"}}, {"type": "Feature", "geometry": {"type": "Point", "coordinates": [21.2319868, 45.7415583]}, "properties": {"amenity": "clinic", "building": "yes", "name": "Policlinica Praxis"}}, {"type": "Feature", "geometry": {"type": "Point", "coordinates": [21.8814018, 45.3248335]}, "properties": {"amenity": "hospital", "healthcare": "hospital", "name": "Spitalul Jude\u021bean de Urgen\u021b\u0103 Re\u0219i\u021ba"}}, {"type": "Feature", "geometry": {"type": "Point", "coordinates": [22.1715224, 45.8450412]}, "properties": {"amenity": "hospital", "healthcare": "hospital", "name": "Spitalul Or\u0103\u0219enesc"}}, {"type": "Feature", "geometry": {"type": "Point", "coordinates": [27.827449, 44.4080185]}, "properties": {"amenity": "hospital", "emergency": "yes", "healthcare": "hospital", "name": "Spitalul Municipal Anghel Saligny"}}, {"type": "Feature", "geometry": {"type": "Point", "coordinates": [22.2290304, 45.4116667]}, "properties": {"amenity": "hospital", "name": "Spitalul Municipal de Urgen\u021b\u0103"}}, {"type": "Feature", "geometry": {"type": "Point", "coordinates": [21.3081299, 46.1830871]}, "properties": {"amenity": "hospital", "emergency": "yes", "healthcare": "hospital", "name": "Spitalul Clinic de Urgen\u021b\u0103 Arad", "website": "https://www.scjarad.ro/", "wikidata": "Q4783606"}}, {"type": "Feature", "geometry": {"type": "Point", "coordinates": [22.9512619, 45.6113754]}, "properties": {"amenity": "hospital", "emergency": "yes", "healthcare": "hospital", "name": "Spitalul Or\u0103\u0219enesc Ha\u021beg", "name:de": "St\u00e4dtisches Krankenhaus Hatzeg", "website": "https://www.spitalhateg.ro/"}}, {"type": "Feature", "geometry": {"type": "Point", "coordinates": [21.2202692, 45.7539629]}, "properties": {"amenity": "hospital", "healthcare": "hospital"}}, {"type": "Feature", "geometry": {"type": "Point", "coordinates": [24.6231456, 46.545121]}, "properties": {"addr:city": "Livezeni", "addr:housenumber": "313", "addr:place": "Livezeni", "amenity": "clinic", "building": "yes", "name": "Clinica de Medicin\u0103 Hiperbar\u0103"}}, {"type": "Feature", "geometry": {"type": "Point", "coordinates": [28.4135074, 44.173088]}, "properties": {"addr:city": "Murfatlar", "addr:housenumber": "44", "addr:postcode": "905100", "addr:postcode:source": "Date de la Po\u0219ta Rom\u00e2n\u0103, publicate sub Licen\u021ba pentru Guvernare Deschis\u0103 v1.0 la http://date.gov.ro/organization/posta-romana", "addr:street": "Strada Dimitrie Cantemir", "amenity": "clinic", "building": "yes", "name": "Neptrun MED"}}, {"type": "Feature", "geometry": {"type": "Point", "coordinates": [21.593851, 46.1575072]}, "properties": {"amenity": "clinic", "building": "yes", "healthcare": "clinic", "name": "Clinic\u0103 Ghioroc"}}, {"type": "Feature", "geometry": {"type": "Point", "coordinates": [22.4018693, 47.0531086]}, "properties": {"amenity": "hospital", "name": "Ambulanta Alesd"}}, {"type": "Feature", "geometry": {"type": "Point", "coordinates": [25.7840493, 44.1894161]}, "properties": {"amenity": "hospital", "healthcare": "hospital", "name": "Spitalul TBC Titu Maiorescu"}}, {"type": "Feature", "geometry": {"type": "Point", "coordinates": [28.6450604, 44.1826212]}, "properties": {"addr:city": "Constan\u021ba", "addr:housenumber": "58", "addr:street": "Strada General Manu", "amenity": "clinic", "building": "yes", "healthcare": "clinic", "name": "Clinica MACTA Medical Analysis", "website": "https://www.medicalanalysis.ro/"}}, {"type": "Feature", "geometry": {"type": "Point", "coordinates": [24.6914076, 45.1867636]}, "properties": {"amenity": "hospital", "building": "yes", "name": "Spitalul TBC Sf Andrei"}}, {"type": "Feature", "geometry": {"type": "Point", "coordinates": [23.7874638, 44.3262384]}, "properties": {"addr:city": "Craiova", "addr:housenumber": "52", "addr:street": "Bulevardul Nicolae Titulescu", "amenity": "clinic", "building": "yes", "building:levels": "2", "healthcare": "clinic", "name": "CM Camen 2"}}, {"type": "Feature", "geometry": {"type": "Point", "coordinates": [24.3769857, 44.4242432]}, "properties": {"addr:city": "Slatina", "addr:housenumber": "1D", "addr:postcode": "230053", "addr:postcode:source": "Date de la Po\u0219ta Rom\u00e2n\u0103, publicate sub Licen\u021ba pentru Guvernare Deschis\u0103 v1.0 la http://date.gov.ro/organization/posta-romana", "addr:street": "Aleea Tineretului", "amenity": "clinic", "amenity_1": "doctors", "building": "yes", "building:levels": "5", "healthcare": "clinic", "name": "LISIMED", "phone": "0249402000"}}, {"type": "Feature", "geometry": {"type": "Point", "coordinates": [24.2993157, 45.6419106]}, "properties": {"addr:city": "Turnu Ro\u0219u", "addr:postcode": "557285", "amenity": "clinic", "building": "yes", "description": "Centru medical cu doua Cabinete a Medicinei Familiei, un Cabinet de Medicina Dentara, Farmacie.", "name": "Centrul Medical Turnu Ro\u0219u"}}, {"type": "Feature", "geometry": {"type": "Point", "coordinates": [23.3638414, 45.8366953]}, "properties": {"amenity": "hospital", "name": "Spitalul Or\u0103\u0219enesc Cugir"}}, {"type": "Feature", "geometry": {"type": "Point", "coordinates": [25.5989303, 46.7264791]}, "properties": {"amenity": "hospital", "healthcare": "hospital"}}, {"type": "Feature", "geometry": {"type": "Point", "coordinates": [25.6024624, 46.7231793]}, "properties": {"amenity": "hospital", "healthcare": "hospital", "name": "Spitalul Municipal"}}, {"type": "Feature", "geometry": {"type": "Point", "coordinates": [25.6015302, 46.7244586]}, "properties": {"amenity": "hospital", "healthcare": "hospital"}}, {"type": "Feature", "geometry": {"type": "Point", "coordinates": [24.295609, 45.2000738]}, "properties": {"addr:city": "Muereasca de Sus", "addr:postcode": "247411", "addr:street": "Strada Principal\u0103", "amenity": "clinic", "building": "yes", "building:levels": "1", "emergency": "no", "healthcare": "clinic", "name": "Dispensar sanitar la Muereasca de Sus", "roof:colour": "red", "roof:shape": "gabled"}}, {"type": "Feature", "geometry": {"type": "Point", "coordinates": [24.1172384, 45.1718944]}, "properties": {"amenity": "hospital", "healthcare": "hospital", "name": "Clinica Amamed B\u0103rb\u0103te\u0219ti"}}, {"type": "Feature", "geometry": {"type": "Point", "coordinates": [24.3683493, 45.1078476]}, "properties": {"amenity": "hospital", "check_date": "2023-07-11", "healthcare": "hospital", "name": "Spitalul 2", "name:ro": "Spitalul Vechi"}}, {"type": "Feature", "geometry": {"type": "Point", "coordinates": [24.3619468, 45.1187887]}, "properties": {"alt_name": "Spitalul Jude\u021bean V\u00e2lcea", "amenity": "hospital", "emergency": "yes", "healthcare": "hospital", "name": "Spitalul Jude\u021bean de Urgen\u021b\u0103 - V\u00e2lcea", "operator:type": "public", "website": "https://www.sjv.ro/"}}, {"type": "Feature", "geometry": {"type": "Point", "coordinates": [27.1036131, 45.9566745]}, "properties": {"addr:city": "Movili\u021ba", "amenity": "hospital", "name": "Dispensarul Comunal"}}, {"type": "Feature", "geometry": {"type": "Point", "coordinates": [23.8148034, 46.5574637]}, "properties": {"addr:city": "Turda", "addr:housenumber": "11", "addr:street": "Strada Lianelor", "amenity": "clinic", "building": "hospital", "healthcare": "clinic", "level": "0;1", "name": "Dispensarul medical urban nr. VI adul\u021bi-copii", "operator": "Direc\u021bia sanitar\u0103 a jude\u021bului Cluj, Spitalul municipal Turda", "operator:type": "public"}}, {"type": "Feature", "geometry": {"type": "Point", "coordinates": [23.8198149, 44.3138873]}, "properties": {"addr:city": "Craiova", "addr:housenumber": "35A", "addr:postcode": "200513", "addr:street": "Strada Spania", "amenity": "clinic", "building": "yes", "name": "CardioMed", "opening_hours": "Mo-Th 07:30-20:00; Fr 07:30-17:00", "phone": "+40 351 414 733", "website": "http://www.cardiom.ro"}}, {"type": "Feature", "geometry": {"type": "Point", "coordinates": [21.2092613, 45.7431065]}, "properties": {"addr:city": "Timi\u0219oara", "addr:housenumber": "21", "addr:street": "Strada Iancu V\u0103c\u0103rescu", "amenity": "clinic", "building": "yes", "name": "Clinica de Psihiatrie Eduard Pamfil"}}, {"type": "Feature", "geometry": {"type": "Point", "coordinates": [26.020871, 44.4356834]}, "properties": {"addr:city": "Bucure\u0219ti", "addr:postcode": "060981", "addr:street": "Strada Dezrobirii", "amenity": "clinic", "building": "yes", "healthcare": "clinic", "name": "Poli-Med Apaca"}}, {"type": "Feature", "geometry": {"type": "Point", "coordinates": [24.3875664, 45.0642506]}, "properties": {"amenity": "hospital", "name": "Spital Bude\u0219ti"}}, {"type": "Feature", "geometry": {"type": "Point", "coordinates": [24.2819807, 44.831818]}, "properties": {"amenity": "hospital"}}, {"type": "Feature", "geometry": {"type": "Point", "coordinates": [23.8555379, 44.7628886]}, "properties": {"amenity": "hospital", "healthcare": "hospital"}}, {"type": "Feature", "geometry": {"type": "Point", "coordinates": [21.1241605, 45.5150747]}, "properties": {"amenity": "hospital", "building": "yes", "name": "Centrul de S\u0103n\u0103tate Ciacova"}}, {"type": "Feature", "geometry": {"type": "Point", "coordinates": [21.1215855, 45.5110806]}, "properties": {"amenity": "hospital", "name": "Centrul pentru Persoane cu Handicap Suferinde de Maladia Alzheimer"}}, {"type": "Feature", "geometry": {"type": "Point", "coordinates": [23.7769408, 46.5789227]}, "properties": {"amenity": "hospital", "emergency": "yes", "healthcare": "hospital", "name": "Spitalul Municipal Turda", "website": "https://spitalturda.ro/"}}, {"type": "Feature", "geometry": {"type": "Point", "coordinates": [26.0542075, 44.4650562]}, "properties": {"addr:street": "Calea Grivi\u021bei", "alt_name": "Hyperclinica MedLife Grivi\u021ba", "amenity": "hospital", "building": "hospital", "building:levels": "2", "healthcare": "hospital", "name": "Medlife"}}, {"type": "Feature", "geometry": {"type": "Point", "coordinates": [21.2082419, 45.7488448]}, "properties": {"addr:city": "Timi\u0219oara", "addr:housenumber": "37A", "addr:street": "Bulevardul General Ion Dragalina", "amenity": "clinic", "building": "yes", "healthcare": "clinic", "healthcare:speciality": "general;otolaryngology;orthopaedics;psychiatry", "name": "MedLife", "opening_hours": "Mo-Fr 08:00-16:00", "website": "https://www.medlife.ro"}}, {"type": "Feature", "geometry": {"type": "Point", "coordinates": [22.8856204, 47.794697]}, "properties": {"amenity": "hospital", "building": "hospital", "emergency": "no", "healthcare": "hospital", "name": "Spitalul Boli Infec\u021bioase"}}, {"type": "Feature", "geometry": {"type": "Point", "coordinates": [22.8746758, 47.7975021]}, "properties": {"amenity": "clinic", "building": "yes", "healthcare": "clinic", "name": "Centrul Medical Ham Janos"}}, {"type": "Feature", "geometry": {"type": "Point", "coordinates": [26.1263011, 44.435603]}, "properties": {"addr:city": "Bucure\u0219ti", "addr:housenumber": "53", "addr:street": "Strada \u021aepe\u0219 Vod\u0103", "amenity": "clinic", "building": "yes", "healthcare": "clinic", "name": "Columna Medical Center", "opening_hours": "Mo-Fr 07:00-20:00; Sa 08:00-14:00; PH closed"}}, {"type": "Feature", "geometry": {"type": "Point", "coordinates": [26.0916851, 44.423491]}, "properties": {"addr:city": "Bucure\u0219ti", "addr:housenumber": "54", "addr:street": "Strada George Georgescu", "amenity": "clinic", "building": "yes", "healthcare": "clinic", "name": "Centrul Medical MEMORMED", "source:addr:street": "survey", "website": "https://memormed.ro"}}, {"type": "Feature", "geometry": {"type": "Point", "coordinates": [21.2118628, 45.7373941]}, "properties": {"addr:city": "Timi\u0219oara", "addr:housenumber": "111", "addr:postcode": "300489", "addr:street": "Strada Ciprian Porumbescu", "amenity": "clinic", "building": "house", "building:levels": "1", "healthcare:speciality": "urology"}}, {"type": "Feature", "geometry": {"type": "Point", "coordinates": [26.0551155, 44.4639778]}, "properties": {"amenity": "clinic", "building:levels": "3", "healthcare": "clinic", "name": "Hyperclinica Medlife Corp C"}}, {"type": "Feature", "geometry": {"type": "Point", "coordinates": [26.0029475, 44.4178753]}, "properties": {"addr:city": "Bucure\u0219ti", "addr:country": "RO", "addr:housenumber": "113", "addr:postcode": "061981", "addr:street": "Drumul Valea Doftanei", "amenity": "clinic", "building": "clinic", "building:levels": "5", "building:levels:underground": "1", "healthcare": "clinic", "height": "18", "name": "Centrul Medical Br\u00e2ncu\u0219i", "opening_hours": "Mo-Fr 08:00-20:00", "phone": "0319119", "website": "https://www.cmbrancusi.ro/"}}, {"type": "Feature", "geometry": {"type": "Point", "coordinates": [26.8604718, 47.9587124]}, "properties": {"addr:city": "S\u0103veni", "addr:housenumber": "2", "addr:street": "Strada Avram Iancu", "amenity": "hospital", "email": "sav_bt@spitalulmavromati.ro", "emergency": "yes", "healthcare": "hospital", "healthcare:speciality": "surgery;dermatology;gynaecology;dentistry;paediatrics;ophthalmology;radiology;intensive", "name": "Sec\u021bia extern\u0103 S\u0103veni", "operator": "Spitalul Jude\u021bean de Urgen\u021b\u0103 Marvromati", "operator:type": "government", "phone": "+40231541422", "website": "https://www.spitalulmavromati.ro/?page_id=828"}}, {"type": "Feature", "geometry": {"type": "Point", "coordinates": [25.3384493, 44.7144313]}, "properties": {"amenity": "hospital", "healthcare": "hospital", "name": "Spitalul Or\u0103\u0219enesc G\u0103e\u0219ti", "website": "https://www.spitalgaesti.ro/"}}, {"type": "Feature", "geometry": {"type": "Point", "coordinates": [22.8786325, 47.7917703]}, "properties": {"amenity": "clinic", "building": "hospital", "healthcare": "clinic", "name": "Policlinica"}}, {"type": "Feature", "geometry": {"type": "Point", "coordinates": [28.0496772, 45.4292315]}, "properties": {"addr:city": "Gala\u021bi", "addr:housenumber": "33", "addr:postcode": "800055", "addr:postcode:source": "Date de la Po\u0219ta Rom\u00e2n\u0103, publicate sub Licen\u021ba pentru Guvernare Deschis\u0103 v1.0 la http://date.gov.ro/organization/posta-romana", "addr:street": "Strada Ro\u0219iori", "amenity": "hospital", "emergency": "no", "healthcare": "hospital", "healthcare:speciality": "general;community", "name": "Cabinete medicale de familie"}}, {"type": "Feature", "geometry": {"type": "Point", "coordinates": [25.4697164, 47.5239828]}, "properties": {"addr:city": "Pojor\u00e2ta", "amenity": "clinic", "building": "yes", "building:levels": "2", "healthcare": "clinic", "height": "7", "name": "Centrul de recuperare \u0219i reabilitare neuropsihiatric\u0103", "operator": "D.G.A.S.P.C. SUceava"}}, {"type": "Feature", "geometry": {"type": "Point", "coordinates": [26.069202, 44.6345295]}, "properties": {"addr:city": "S\u0103ftica", "addr:housenumber": "113A", "addr:postcode": "077017", "addr:street": "Calea Bucure\u0219ti", "amenity": "clinic", "building": "yes", "healthcare": "clinic", "name": "Tiberius Clinic", "phone": "+40743130310", "roof:shape": "gabled", "website": "https://www.tiberius-spa.com/"}}, {"type": "Feature", "geometry": {"type": "Point", "coordinates": [26.0941864, 44.4680128]}, "properties": {"addr:city": "Bucure\u0219ti", "addr:housenumber": "36", "addr:street": "Bulevardul Mircea Eliade", "amenity": "clinic", "building": "yes", "healthcare": "clinic", "name": "Clinica Eliade - Medicina Integrativ\u0103", "phone": "+40 748 01 11 11", "website": "https://clinicaeliade.ro"}}, {"type": "Feature", "geometry": {"type": "Point", "coordinates": [22.6569773, 44.6247161]}, "properties": {"amenity": "clinic", "building": "commercial", "healthcare": "clinic", "name": "S\u0103n\u0103tatea"}}, {"type": "Feature", "geometry": {"type": "Point", "coordinates": [24.2937497, 46.3298616]}, "properties": {"amenity": "hospital", "building": "hospital", "healthcare": "hospital", "name": "Spitalul Municipal"}}, {"type": "Feature", "geometry": {"type": "Point", "coordinates": [25.3366622, 45.5705234]}, "properties": {"addr:city": "Z\u0103rne\u0219ti", "addr:housenumber": "12", "addr:postcode": "505800", "addr:street": "Strada Policlinicii", "amenity": "hospital", "building": "yes", "check_date": "2025-12-28", "emergency": "yes", "healthcare": "hospital", "healthcare:speciality": "paediatrics;internal_medicine;gynaecology;neonatology;pulmonology;geriatrics;surgery;general", "name": "Spitalul Orasenesc \u201cDr. Caius Tiberiu Sparchez\""}}, {"type": "Feature", "geometry": {"type": "Point", "coordinates": [28.0452483, 45.4557564]}, "properties": {"addr:city": "Gala\u021bi", "addr:housenumber": "117", "addr:postcode": "800189", "addr:postcode:source": "Date de la Po\u0219ta Rom\u00e2n\u0103, publicate sub Licen\u021ba pentru Guvernare Deschis\u0103 v1.0 la http://date.gov.ro/organization/posta-romana", "addr:street": "Strada \u0218tiin\u021bei", "amenity": "hospital", "email": "contact@pneumogalati.ro;spitalultbc@gmail.com", "healthcare": "hospital", "healthcare:speciality": "pulmonology", "name": "Spitalul de Pneumoftiziologie Gala\u021bi, TBC", "operator": "Ministerul S\u0103n\u0103t\u0103\u021bii", "website": "https://pneumogalati.ro/"}}, {"type": "Feature", "geometry": {"type": "Point", "coordinates": [28.6412921, 44.092358]}, "properties": {"addr:city": "Agigea", "addr:housenumber": "157", "addr:street": "Strada Nicolae Titulescu", "amenity": "hospital", "healthcare": "hospital", "healthcare:speciality": "tbc;osteology", "name": "Sec\u021bia Pneumologie TBC a SJU Constan\u021ba", "old_name": "Sanatoriul TBC Osteoarticular \u201eDr. V. Climescu\u201d", "operator": "Spitalul Clinic Jude\u021bean de Urgen\u021b\u0103 Constan\u021ba", "operator:type": "public"}}, {"type": "Feature", "geometry": {"type": "Point", "coordinates": [22.3381276, 47.3481192]}, "properties": {"amenity": "hospital", "healthcare": "hospital"}}, {"type": "Feature", "geometry": {"type": "Point", "coordinates": [21.2133575, 45.7559988]}, "properties": {"amenity": "clinic", "building": "yes", "healthcare": "clinic", "name": "Medici's Artzthaus"}}, {"type": "Feature", "geometry": {"type": "Point", "coordinates": [21.2395849, 45.7301022]}, "properties": {"addr:city": "Timi\u0219oara", "addr:housenumber": "10", "addr:street": "Strada Jose Silva", "amenity": "clinic", "building": "yes", "healthcare": "clinic", "name": "Clinica Jose Silva"}}, {"type": "Feature", "geometry": {"type": "Point", "coordinates": [27.3846556, 46.1999881]}, "properties": {"addr:city": "Podu Turcului", "addr:housenumber": "94", "addr:postcode": "607450", "addr:street": "Strada Tudor Vladimirescu 94", "amenity": "hospital", "building": "yes", "description": "Firma \u201eS.C. POLIMED S.R.L.\u201d este unitate sanitara din segmentul de asistenta medicala spitaliceasca si ambulatorie cu sediul \u00een localitatea Podu Turcului, str. T. Vladimirescu, nr. 94, judetul Bacau, care functioneaza \u00een baza certificatului de \u00eenregistrar", "emergency": "yes", "healthcare": "hospital", "healthcare:speciality": "general;radiology;cardiology;internal", "name": "Polimed", "operator": "S.C. POLIMED S.R.L", "phone": "0234 289 704", "website": "https://spitalulpolimed.ro"}}, {"type": "Feature", "geometry": {"type": "Point", "coordinates": [22.9065971, 45.7494075]}, "properties": {"addr:city": "Hunedoara", "addr:housenumber": "19", "addr:street": "Strada Victoriei", "amenity": "hospital", "emergency": "yes", "healthcare": "hospital", "name": "Spitalul Municipal Dr. Alexandru Simionescu Hunedoara", "operator": "Spitalul Municipal Dr. Alexandru Simionescu Hunedoara"}}, {"type": "Feature", "geometry": {"type": "Point", "coordinates": [22.9069885, 45.7496792]}, "properties": {"addr:city": "Hunedoara", "addr:housenumber": "19", "addr:street": "Strada Victoriei", "amenity": "hospital", "building": "yes", "building:colour": "#f4a460", "building:levels": "8", "healthcare": "hospital", "height": "21", "name": "Spitalul Municipal Dr. Alexandru Simionescu Hunedoara", "roof:height": "3", "roof:material": "roof_tiles", "roof:shape": "hipped", "start_date": "September 1968"}}, {"type": "Feature", "geometry": {"type": "Point", "coordinates": [21.2165467, 45.7619211]}, "properties": {"addr:city": "Timi\u0219oara", "addr:housenumber": "1", "addr:street": "Strada Teiului", "amenity": "hospital", "building": "yes", "check_date": "2024-05-16", "healthcare": "hospital", "name": "Sec\u021bia de recuperare pediatric\u0103", "operator": "Spitalul Clinic de Urgen\u021ba pentru Copii Louis \u021aurcanu", "roof:colour": "#96989e"}}, {"type": "Feature", "geometry": {"type": "Point", "coordinates": [24.1146068, 44.3473822]}, "properties": {"addr:city": "Bal\u0219", "addr:housenumber": "111", "addr:street": "Strada Nicolae B\u0103lcescu", "amenity": "clinic", "building": "yes", "healthcare": "clinic", "name": "Policlinica Bal\u0219"}}, {"type": "Feature", "geometry": {"type": "Point", "coordinates": [24.8761641, 44.8576169]}, "properties": {"addr:city": "Pite\u0219ti", "addr:street": "Bulevardul I. C. Br\u0103tianu", "amenity": "clinic", "building": "yes", "healthcare": "clinic", "healthcare:speciality": "general", "name": "Policlinica nr. 2"}}, {"type": "Feature", "geometry": {"type": "Point", "coordinates": [24.0581567, 45.1487064]}, "properties": {"amenity": "hospital", "healthcare": "hospital"}}, {"type": "Feature", "geometry": {"type": "Point", "coordinates": [24.1335538, 45.7959913]}, "properties": {"addr:city": "Sibiu", "addr:housenumber": "32", "addr:street": "Strada Distribu\u021biei", "amenity": "hospital", "building": "yes", "healthcare": "hospital", "name": "Centru de dializ\u0103 Diaverum"}}, {"type": "Feature", "geometry": {"type": "Point", "coordinates": [28.6453342, 44.1943213]}, "properties": {"addr:city": "Constan\u021ba", "addr:housenumber": "61", "addr:street": "Strada Timi\u0219anei", "amenity": "clinic", "building": "yes", "healthcare": "clinic", "name": "Dispensar"}}, {"type": "Feature", "geometry": {"type": "Point", "coordinates": [28.643067, 44.1753873]}, "properties": {"addr:city": "Constan\u021ba", "addr:housenumber": "83", "addr:street": "Strada \u0218tefan cel Mare", "amenity": "clinic", "building": "yes", "building:levels": "4", "healthcare": "clinic", "name": "Policlinica cu Plat\u0103", "opening_hours": "Mo-Fr 07:00-19:00; Sa 08:00-14:00"}}, {"type": "Feature", "geometry": {"type": "Point", "coordinates": [28.7930677, 45.1793475]}, "properties": {"amenity": "clinic", "building": "yes", "healthcare": "clinic", "name": "Medical On Group"}}, {"type": "Feature", "geometry": {"type": "Point", "coordinates": [24.2394946, 45.3438699]}, "properties": {"addr:city": "Brezoi", "addr:street": "Strada Panduri", "amenity": "hospital", "healthcare": "hospital", "healthcare:speciality": "general", "name": "Dispensarul Brezoi"}}, {"type": "Feature", "geometry": {"type": "Point", "coordinates": [22.599128, 46.9262414]}, "properties": {"amenity": "hospital", "building": "yes", "name": "Centrul de S\u0103n\u0103tate Multifunc\u021bional Bratca"}}, {"type": "Feature", "geometry": {"type": "Point", "coordinates": [26.0391928, 44.9390061]}, "properties": {"addr:city": "Ploie\u0219ti", "addr:housenumber": "116", "addr:street": "Strada Mihai Bravu", "amenity": "hospital", "healthcare": "hospital", "healthcare:speciality": "gynaecology", "name": "Spitalul de Obstetric\u0103 \u0219i Ginecologie Ploie\u0219ti", "operator": "Consiliul Jude\u021bean Prahova", "operator:type": "government", "website": "http://www.maternitate-ploiesti.ro/"}}, {"type": "Feature", "geometry": {"type": "Point", "coordinates": [27.0510106, 45.3860033]}, "properties": {"amenity": "hospital", "healthcare": "hospital"}}, {"type": "Feature", "geometry": {"type": "Point", "coordinates": [24.5440783, 44.3193932]}, "properties": {"addr:housenumber": "2", "addr:postcode": "237402", "addr:street": "Strada Satul Nou", "amenity": "hospital", "healthcare": "hospital", "healthcare:speciality": "psychiatry", "name": "Spitalul de Psihiatrie Cronici Schitu Greci", "website": "https://www.spitalul-schitu.ro/"}}, {"type": "Feature", "geometry": {"type": "Point", "coordinates": [24.0193252, 47.9170134]}, "properties": {"amenity": "hospital", "healthcare": "hospital"}}, {"type": "Feature", "geometry": {"type": "Point", "coordinates": [24.0185823, 47.916931]}, "properties": {"amenity": "hospital", "healthcare": "hospital"}}, {"type": "Feature", "geometry": {"type": "Point", "coordinates": [24.2645335, 44.6557605]}, "properties": {"addr:housenumber": "403", "addr:street": "Strada Tudor Vladimirescu", "amenity": "clinic", "building": "yes", "healthcare": "clinic", "healthcare:speciality": "blood_check;gastroenterology;endocrinology;urology;rheumatology;cardiology;gynaecology", "name": "Clinica Binisan", "opening_hours": "Mo-Fr 07:00-16:00; Sa 08:00-11:00", "phone": "+40 757 010 432", "website": "https://binisan.ro/locatii/dragasani/"}}, {"type": "Feature", "geometry": {"type": "Point", "coordinates": [23.787307, 44.3262104]}, "properties": {"addr:city": "Craiova", "addr:housenumber": "52", "addr:street": "Bulevardul Nicolae Titulescu", "amenity": "clinic", "building": "yes", "building:levels": "2", "healthcare": "clinic", "name": "CM Camen 1"}}, {"type": "Feature", "geometry": {"type": "Point", "coordinates": [27.9421306, 46.9635267]}, "properties": {"amenity": "hospital", "healthcare": "hospital", "name": "Spital raducaneni"}}, {"type": "Feature", "geometry": {"type": "Point", "coordinates": [25.5910051, 46.0734407]}, "properties": {"amenity": "hospital", "healthcare": "hospital"}}, {"type": "Feature", "geometry": {"type": "Point", "coordinates": [22.873581, 47.7844496]}, "properties": {"addr:city": "Satu Mare", "addr:housenumber": "3", "addr:postcode": "440157", "addr:street": "Strada Careiului", "amenity": "clinic", "building": "yes", "healthcare": "clinic", "name": "West Medica"}}, {"type": "Feature", "geometry": {"type": "Point", "coordinates": [24.3825229, 44.4303958]}, "properties": {"addr:city": "Slatina", "addr:housenumber": "22", "addr:postcode": "230070", "addr:street": "Strada Tunari", "amenity": "clinic", "building": "yes", "email": "contact@spectrumclinique.ro", "emergency": "no", "healthcare": "clinic", "healthcare:speciality": "ophthalmology", "name": "Spectrum Clinique - Clinica de Chirurgie Oftalmologica", "name:en": "Spectrum Clinique - Ophthalmology Clinic", "operator": "Spectrum Clinique", "operator:type": "private", "phone": "+40749565363", "roof:colour": "#7F7465", "roof:shape": "gabled", "website": "https://www.spectrumclinique.ro/"}}, {"type": "Feature", "geometry": {"type": "Point", "coordinates": [23.5571566, 47.6545047]}, "properties": {"addr:city": "Baia Mare", "addr:housenumber": "2", "addr:street": "Bulevardul Republicii", "amenity": "clinic", "building": "yes", "healthcare": "clinic", "name": "B Braun - Centru de Dializ\u0103"}}, {"type": "Feature", "geometry": {"type": "Point", "coordinates": [26.2015639, 44.4586699]}, "properties": {"addr:street": "Drumul G\u0103rii", "amenity": "clinic", "building": "service", "healthcare": "clinic", "name": "Asocia\u021bia Miscarea Pentru Pantelimon"}}, {"type": "Feature", "geometry": {"type": "Point", "coordinates": [26.2819187, 44.4569186]}, "properties": {"addr:city": "Pantelimon", "addr:housenumber": "2", "addr:postcode": "077145", "addr:street": "Strada Cozieni", "amenity": "hospital", "healthcare": "hospital", "healthcare:speciality": "geriatrics", "name": "Servicii Geriatrie \u0219i Asisten\u021b\u0103 Medical\u0103 \u201dSf. Sava \u0219i Teodosie cel Mare\u201d", "operator": "ROmedic", "website": "https://www.romedic.ro/centrul-medical-sf-sava"}}, {"type": "Feature", "geometry": {"type": "Point", "coordinates": [23.608589, 46.7593176]}, "properties": {"addr:city": "Cluj-Napoca", "addr:housenumber": "11A", "addr:postcode": "400475", "addr:street": "Strada M\u0103cinului", "amenity": "clinic", "building": "yes", "healthcare": "clinic", "healthcare:speciality": "dermatology;gynaecology;plastic_surgery", "name": "Med'Art", "opening_hours": "Mo-Fr 09:00-21:00; Sa-Su off", "phone": "+40264333407", "website": "https://med-art.ro/"}}, {"type": "Feature", "geometry": {"type": "Point", "coordinates": [23.1910619, 44.6222276]}, "properties": {"amenity": "hospital", "healthcare": "hospital"}}, {"type": "Feature", "geometry": {"type": "Point", "coordinates": [24.1154335, 44.347279]}, "properties": {"amenity": "hospital", "healthcare": "hospital", "name": "Spitalul Or\u0103\u0219enesc Bal\u0219"}}, {"type": "Feature", "geometry": {"type": "Point", "coordinates": [26.6481324, 47.7476878]}, "properties": {"addr:city": "Boto\u0219ani", "addr:housenumber": "12", "addr:street": "Bulevardul Mihai Eminescu", "amenity": "hospital", "healthcare": "hospital"}}, {"type": "Feature", "geometry": {"type": "Point", "coordinates": [26.3883521, 46.9384481]}, "properties": {"amenity": "clinic", "building": "yes", "healthcare": "clinic", "name": "Dispensar Urban nr. 6"}}, {"type": "Feature", "geometry": {"type": "Point", "coordinates": [23.8014418, 44.3290066]}, "properties": {"addr:city": "Craiova", "addr:housenumber": "35", "addr:street": "Strada Doljului", "amenity": "hospital", "building:levels": "2", "healthcare": "hospital", "name": "medical center"}}, {"type": "Feature", "geometry": {"type": "Point", "coordinates": [27.5981056, 47.1605464]}, "properties": {"addr:city": "Ia\u0219i", "addr:housenumber": "49", "addr:postcode": "700398", "addr:street": "Strada Elena Doamna", "alt_name": "Maternitatea Elena Doamna", "amenity": "hospital", "email": "contact@spitalelenadoamna.ro", "healthcare": "hospital", "healthcare:speciality": "gynaecology;neonatology", "name": "Spitalul Clinic de Obstetric\u0103 \u0219i Ginecologie \u201eElena Doamna\u201d", "website": "https://www.spitalelenadoamna.ro/"}}, {"type": "Feature", "geometry": {"type": "Point", "coordinates": [24.0422795, 45.3515103]}, "properties": {"amenity": "hospital", "healthcare": "hospital", "name": "Dispensarul Uman Malaia"}}, {"type": "Feature", "geometry": {"type": "Point", "coordinates": [23.796208, 44.3230022]}, "properties": {"addr:city": "Craiova", "addr:housenumber": "1", "addr:street": "Strada P\u0103ltini\u0219", "amenity": "hospital", "building": "house", "name": "Centru de Imagistic\u0103 Regina Maria"}}, {"type": "Feature", "geometry": {"type": "Point", "coordinates": [26.7200602, 47.2564936]}, "properties": {"addr:city": "Pa\u0219cani", "addr:housenumber": "29", "addr:street": "Strada Ceferi\u0219tilor", "amenity": "hospital", "emergency": "no", "healthcare": "hospital", "healthcare:speciality": "animal;pharmacy;veterinarian"}}, {"type": "Feature", "geometry": {"type": "Point", "coordinates": [25.3591658, 47.3473848]}, "properties": {"amenity": "hospital", "healthcare": "hospital", "name": "Sec\u021bia obstetric\u0103 ginecologie a spitalului municipal"}}, {"type": "Feature", "geometry": {"type": "Point", "coordinates": [26.0255179, 44.435014]}, "properties": {"addr:city": "Bucure\u0219ti", "addr:housenumber": "2C", "addr:postcode": "060885", "addr:street": "Strada Drept\u0103\u021bii", "amenity": "clinic", "building": "yes", "healthcare": "clinic", "name": "Centrul Medical Sfantul Alexandru", "source:addr:housenumber": "survey", "source:addr:street": "survey"}}, {"type": "Feature", "geometry": {"type": "Point", "coordinates": [23.5246736, 46.7500132]}, "properties": {"addr:city": "Flore\u0219ti", "addr:country": "RO", "addr:housenumber": "486G", "addr:postcode": "407280", "addr:street": "Strada R\u0103zoare", "amenity": "clinic", "building": "yes", "healthcare": "clinic", "name": "Amethyst"}}, {"type": "Feature", "geometry": {"type": "Point", "coordinates": [28.6421444, 44.185938]}, "properties": {"addr:city": "Constan\u021ba", "addr:housenumber": "145", "addr:postcode": "900591", "addr:postcode:source": "Date de la Po\u0219ta Rom\u00e2n\u0103, publicate sub Licen\u021ba pentru Guvernare Deschis\u0103 v1.0 la http://date.gov.ro/organization/posta-romana", "addr:street": "Bulevardul Tomis", "alt_name": "Spitalul Mare", "amenity": "hospital", "healthcare": "hospital", "name": "Spitalul Clinic Jude\u021bean de Urgen\u021b\u0103 \u201eSf. Apostol Andrei\u201d Constan\u021ba", "name:en": "St. Andrew Constan\u021ba County Emergency Clinical Hospital", "operator": "SCJU Constan\u021ba"}}, {"type": "Feature", "geometry": {"type": "Point", "coordinates": [28.6380516, 44.1712047]}, "properties": {"addr:city": "Constan\u021ba", "addr:housenumber": "100", "addr:postcode": "900709", "addr:street": "Bulevardul Ferdinand", "amenity": "hospital", "healthcare": "hospital", "name": "Spitalul Clinic de Boli Infec\u021bioase", "name:en": "Infectious Diseases Clinic", "name:ja": "\u611f\u67d3\u75c7\u81e8\u5e8a\u75c5\u9662", "old_name": "Spitalul Municipal Constan\u021ba", "operator": "SCBI Constan\u021ba", "operator:type": "public"}}, {"type": "Feature", "geometry": {"type": "Point", "coordinates": [26.0301139, 44.9365638]}, "properties": {"amenity": "clinic", "building": "yes", "healthcare": "clinic"}}, {"type": "Feature", "geometry": {"type": "Point", "coordinates": [26.0206799, 44.9355144]}, "properties": {"addr:city": "Ploie\u0219ti", "addr:housenumber": "30", "addr:street": "Strada Rudului", "amenity": "clinic", "building": "yes", "healthcare": "clinic", "name": "DacMed - Centru Medical", "website": "http://www.dacmed.ro/"}}, {"type": "Feature", "geometry": {"type": "Point", "coordinates": [23.8099621, 44.3059619]}, "properties": {"addr:city": "Craiova", "addr:housenumber": "100", "addr:street": "Strada Anul 1848", "amenity": "clinic", "healthcare": "clinic", "name": "Vitaplus"}}, {"type": "Feature", "geometry": {"type": "Point", "coordinates": [21.2369568, 45.7886572]}, "properties": {"amenity": "clinic", "building": "yes", "healthcare": "clinic", "name": "Revive Medical"}}, {"type": "Feature", "geometry": {"type": "Point", "coordinates": [24.5107645, 43.7732124]}, "properties": {"addr:city": "Corabia", "addr:street": "Bulevardul Carpa\u021bi", "amenity": "hospital", "healthcare": "hospital", "healthcare:speciality": "general;paediatrics;gynaecology;cardiology;internal", "name": "Spitalul Or\u0103\u0219enesc"}}, {"type": "Feature", "geometry": {"type": "Point", "coordinates": [26.1087006, 44.3896352]}, "properties": {"addr:city": "Bucure\u0219ti", "addr:street": "Bulevardul Constantin Br\u00e2ncoveanu", "amenity": "clinic", "building": "hospital", "building:levels": "9", "healthcare": "clinic", "name": "Spitalul Na\u021bional de Copii pentru Cancer, Boli Grave \u0219i Traum\u0103", "operator": "Spitalul Marie Curie", "source": "local knowledge", "source_ref": "https://www.daruiesteviata.ro/proiecte/noifacemunspital-primul-spital-national-de-copii-pentru-cancer-boli-grave-si-trauma/WRBnADpY0"}}, {"type": "Feature", "geometry": {"type": "Point", "coordinates": [24.4943042, 43.7723379]}, "properties": {"addr:city": "Corabia", "addr:street": "Bulevardul Carpa\u021bi", "amenity": "hospital", "healthcare": "hospital", "name": "Sanepid"}}, {"type": "Feature", "geometry": {"type": "Point", "coordinates": [21.9356638, 47.0670588]}, "properties": {"amenity": "hospital", "building": "yes", "healthcare": "hospital", "name": "Spitalul Clinic C\u0103i Ferate"}}, {"type": "Feature", "geometry": {"type": "Point", "coordinates": [21.9365972, 47.0615135]}, "properties": {"addr:housenumber": "3", "addr:street": "Strada Dun\u0103rea", "amenity": "hospital", "healthcare": "hospital", "name": "Spitalul Clinic de Urgen\u021b\u0103 Avram Iancu"}}, {"type": "Feature", "geometry": {"type": "Point", "coordinates": [26.7436511, 45.4581153]}, "properties": {"addr:city": "Vintil\u0103 Vod\u0103", "amenity": "hospital", "fence": "yes", "fence_type": "metal", "healthcare": "hospital", "name": "Spitalul Ecomed - Vintil\u0103 Vod\u0103"}}, {"type": "Feature", "geometry": {"type": "Point", "coordinates": [22.8728077, 47.7994299]}, "properties": {"addr:city": "Satu Mare", "addr:housenumber": "22", "addr:street": "Pia\u021ba Eroilor Revolu\u021biei", "amenity": "clinic", "building": "yes", "healthcare": "clinic", "name": "Clinica Korall", "operator:type": "private", "phone": "+40771630034", "website": "https://www.clinicakorall.ro"}}, {"type": "Feature", "geometry": {"type": "Point", "coordinates": [28.6439365, 44.3442747]}, "properties": {"amenity": "clinic", "building": "industrial", "healthcare": "clinic", "name": "Dispensar"}}, {"type": "Feature", "geometry": {"type": "Point", "coordinates": [25.6261694, 45.7286814]}, "properties": {"addr:city": "S\u00e2npetru", "addr:housenumber": "2-8", "addr:street": "Strada Poieni\u021bei", "amenity": "hospital", "email": "contact@centrulmaria.ro;programari@centrulmaria.ro", "healthcare": "hospital", "healthcare:speciality": "psychiatry", "name": "Spitalul de Psihiatrie S\u00e2npetru", "phone": "+40 268 309 300;+40 729 550 790;+40 732 733 334", "website": "https://centrulmaria.ro/"}}, {"type": "Feature", "geometry": {"type": "Point", "coordinates": [26.3766903, 44.3423745]}, "properties": {"addr:city": "Podu Pitarului", "amenity": "hospital", "healthcare": "hospital", "name": "Centrul Medial de Permanen\u021b\u0103 Pl\u0103t\u0103re\u0219ti"}}, {"type": "Feature", "geometry": {"type": "Point", "coordinates": [26.3647775, 46.9289826]}, "properties": {"addr:city": "Piatra Neam\u021b", "addr:housenumber": "9", "addr:street": "Bulevardul Decebal", "amenity": "clinic", "building": "yes", "healthcare": "clinic", "healthcare:speciality": "general;stomatology", "name": "Crismed Clinic"}}, {"type": "Feature", "geometry": {"type": "Point", "coordinates": [21.9267446, 47.0404903]}, "properties": {"amenity": "clinic", "building": "yes", "healthcare": "clinic", "name": "Laser System"}}, {"type": "Feature", "geometry": {"type": "Point", "coordinates": [22.5398217, 44.8052186]}, "properties": {"addr:city": "Bunoaica", "addr:housenumber": "1", "addr:street": "Strada Mihai Viteazu", "amenity": "hospital", "healthcare": "hospital"}}, {"type": "Feature", "geometry": {"type": "Point", "coordinates": [23.5592509, 47.6533215]}, "properties": {"addr:city": "Baia Mare", "addr:housenumber": "22", "addr:street": "Bulevardul Regele Mihai I", "amenity": "clinic", "building": "yes", "name": "Policlinica Sf\u00e2nta Maria"}}, {"type": "Feature", "geometry": {"type": "Point", "coordinates": [23.5599163, 47.6535124]}, "properties": {"addr:city": "Baia Mare", "addr:housenumber": "18", "addr:street": "Bulevardul Regele Mihai I", "amenity": "clinic", "building": "yes", "name": "Policlinica Sf\u00e2nta Maria"}}, {"type": "Feature", "geometry": {"type": "Point", "coordinates": [23.5640101, 47.6554607]}, "properties": {"addr:city": "Baia Mare", "addr:housenumber": "5", "addr:street": "Strada Petru Maior", "amenity": "clinic", "building": "yes", "building:levels": "3", "height": "10", "name": "Circa sanitar\u0103"}}, {"type": "Feature", "geometry": {"type": "Point", "coordinates": [23.5497855, 47.6557232]}, "properties": {"amenity": "clinic", "building": "yes", "name": "Clinica Cosmedica"}}, {"type": "Feature", "geometry": {"type": "Point", "coordinates": [23.5502741, 47.6556059]}, "properties": {"amenity": "clinic", "building": "yes", "name": "Clinica Euromedica"}}, {"type": "Feature", "geometry": {"type": "Point", "coordinates": [23.5571843, 47.6592772]}, "properties": {"amenity": "clinic", "building": "hospital", "name": "Spital & Policlinica Sf\u00e2ntul Ioan"}}, {"type": "Feature", "geometry": {"type": "Point", "coordinates": [23.5362831, 47.6571626]}, "properties": {"addr:city": "Baia Mare", "addr:housenumber": "146J", "addr:street": "Strada Victoriei", "amenity": "clinic", "building": "yes", "building:levels": "5", "height": "16", "name": "Policlinica Sf\u00e2nta Maria"}}, {"type": "Feature", "geometry": {"type": "Point", "coordinates": [23.7981219, 44.3060891]}, "properties": {"amenity": "clinic", "building": "yes", "healthcare": "clinic", "name": "Renamed", "opening_hours": "Mo-Fr 07:30-19:00; Sa,Su off"}}, {"type": "Feature", "geometry": {"type": "Point", "coordinates": [25.9909466, 44.4347188]}, "properties": {"addr:city": "Bucure\u0219ti", "addr:country": "RO", "addr:housenumber": "448", "addr:postcode": "061099", "addr:street": "Bulevardul Iuliu Maniu", "amenity": "clinic", "building": "yes", "healthcare": "clinic", "name": "Dia Medical Port", "source:addr:housenumber": "survey", "source:addr:street": "survey"}}, {"type": "Feature", "geometry": {"type": "Point", "coordinates": [23.7443131, 44.0994826]}, "properties": {"amenity": "clinic", "healthcare": "clinic"}}, {"type": "Feature", "geometry": {"type": "Point", "coordinates": [25.9943491, 44.9259097]}, "properties": {"addr:city": "Ploie\u0219ti", "addr:housenumber": "12", "addr:postcode": "107592", "addr:street": "Strada Libert\u0103\u021bii", "amenity": "clinic", "building": "yes", "healthcare": "clinic", "name": "Clinica de dializ\u0103 Reper"}}, {"type": "Feature", "geometry": {"type": "Point", "coordinates": [26.1203612, 44.3928182]}, "properties": {"addr:city": "Bucure\u0219ti", "addr:housenumber": "1", "addr:street": "Strada Scoru\u0219ului", "amenity": "clinic", "building": "yes", "healthcare": "clinic", "name": "LocalMedic"}}, {"type": "Feature", "geometry": {"type": "Point", "coordinates": [21.238512, 45.7383434]}, "properties": {"amenity": "clinic", "building": "yes", "healthcare": "clinic", "name": "Bioclinica"}}, {"type": "Feature", "geometry": {"type": "Point", "coordinates": [21.2270369, 45.7348815]}, "properties": {"addr:city": "Timi\u0219oara", "addr:housenumber": "29", "addr:street": "Strada Drubeta", "amenity": "clinic", "building": "yes", "healthcare": "clinic", "name": "DermaHealth"}}, {"type": "Feature", "geometry": {"type": "Point", "coordinates": [21.2257271, 45.7342313]}, "properties": {"addr:city": "Timi\u0219oara", "addr:housenumber": "27", "addr:street": "Strada Ulpia Traiana", "amenity": "clinic", "building": "yes", "healthcare": "clinic", "name": "NovaLife Clinics"}}, {"type": "Feature", "geometry": {"type": "Point", "coordinates": [23.825172, 44.313386]}, "properties": {"addr:city": "Craiova", "addr:housenumber": "28", "addr:street": "Strada S\u0103rarilor", "amenity": "hospital", "healthcare": "hospital", "name": "Spitalul Municipal Filantropia"}}, {"type": "Feature", "geometry": {"type": "Point", "coordinates": [24.0178371, 47.2468814]}, "properties": {"amenity": "clinic", "building": "yes", "healthcare": "clinic", "name": "Dispensar"}}, {"type": "Feature", "geometry": {"type": "Point", "coordinates": [21.2321464, 45.7404325]}, "properties": {"addr:city": "Timi\u0219oara", "addr:housenumber": "4", "addr:street": "Pia\u021ba Vasile Adamachi", "amenity": "clinic", "building": "yes", "healthcare": "clinic", "name": "Centrul Medical Mi\u0219c\u0103"}}, {"type": "Feature", "geometry": {"type": "Point", "coordinates": [23.6024559, 46.7731692]}, "properties": {"addr:city": "Cluj-Napoca", "addr:country": "RO", "addr:housenumber": "29", "addr:postcode": "400117", "addr:postcode:source": "Date de la Po\u0219ta Rom\u00e2n\u0103, publicate sub Licen\u021ba pentru Guvernare Deschis\u0103 v1.0 la http://date.gov.ro/organization/posta-romana", "addr:street": "Calea Doroban\u021bilor", "amenity": "hospital", "building": "yes", "healthcare": "hospital", "name": "Spitalul Regina Maria"}}, {"type": "Feature", "geometry": {"type": "Point", "coordinates": [26.4479347, 46.4185321]}, "properties": {"amenity": "hospital", "healthcare": "hospital"}}, {"type": "Feature", "geometry": {"type": "Point", "coordinates": [26.1402674, 45.9976797]}, "properties": {"addr:city": "T\u00e2rgu Secuiesc", "addr:housenumber": "2A", "addr:postcode": "525400", "addr:street": "Strada Fabricii", "amenity": "hospital", "comment": "no helipad, but open areas nearby", "emergency": "yes", "healthcare": "hospital", "name": "Spital Municipal", "name:hu": "V\u00e1rosi K\u00f3rh\u00e1z", "name:ro": "Spital Municipal"}}, {"type": "Feature", "geometry": {"type": "Point", "coordinates": [26.1291522, 44.3837954]}, "properties": {"addr:city": "Bucure\u0219ti", "addr:housenumber": "12", "addr:postcode": "041915", "addr:street": "\u0218oseaua Berceni", "amenity": "hospital", "barrier": "fence", "healthcare": "hospital", "name": "Spitalul de Boli Cronice \u0219i Geriatrie Sf\u00e2ntul Luca", "phone": "+4021 334 30 10", "url": "http://web.spitalulsfluca.ro/", "website": "https://spitalulsfluca.ro/", "wikidata": "Q97061949"}}, {"type": "Feature", "geometry": {"type": "Point", "coordinates": [25.9995866, 44.9497195]}, "properties": {"addr:city": "Ploie\u0219ti", "addr:housenumber": "271", "addr:street": "Bulevardul Republicii", "amenity": "hospital", "barrier": "wall", "healthcare": "hospital", "name": "Spitalul de Boli Infec\u021bioase \"Movila\"", "operator": "Spitalul Jude\u021bean de Urgen\u021b\u0103 Ploie\u0219ti", "operator:type": "government"}}, {"type": "Feature", "geometry": {"type": "Point", "coordinates": [25.9925582, 44.9417573]}, "properties": {"addr:city": "Ploie\u0219ti", "addr:housenumber": "24", "addr:street": "\u0218oseaua Vestului", "amenity": "hospital", "barrier": "fence", "healthcare": "hospital", "name": "Serviciul de Ambulan\u021b\u0103 Jude\u021bean Prahova", "name:en": "Prahova County Public Ambulance Service", "name:ro": "Serviciul de Ambulan\u021b\u0103 Jude\u021bean Prahova", "operator": "Ministerul S\u0103n\u0103t\u0103\u021bii", "website": "http://www.ambulantaprahova.ro"}}, {"type": "Feature", "geometry": {"type": "Point", "coordinates": [25.9926678, 44.9423745]}, "properties": {"amenity": "hospital", "barrier": "fence", "healthcare": "hospital", "name": "Centrul de Transfuzie Sanguin\u0103"}}, {"type": "Feature", "geometry": {"type": "Point", "coordinates": [26.5913248, 48.1840496]}, "properties": {"amenity": "hospital", "healthcare": "hospital"}}, {"type": "Feature", "geometry": {"type": "Point", "coordinates": [26.0535686, 44.4457493]}, "properties": {"addr:city": "Bucure\u0219ti", "addr:housenumber": "290", "addr:postcode": "060029", "addr:street": "Splaiul Independen\u021bei", "amenity": "clinic", "building": "yes", "building:levels": "1", "healthcare": "clinic", "height": "3", "name": "Centru Medical Regie"}}, {"type": "Feature", "geometry": {"type": "Point", "coordinates": [26.1121396, 44.4862244]}, "properties": {"addr:city": "Bucure\u0219ti", "addr:street": "\u0218oseaua Pipera", "amenity": "hospital", "building": "yes", "healthcare": "hospital", "name": "Spital modular COVID-19 (\u00eenchis)", "operator": "Spitalul Victor Babe\u0219", "operator:type": "government"}}, {"type": "Feature", "geometry": {"type": "Point", "coordinates": [23.6618737, 46.7969186]}, "properties": {"addr:city": "Cluj-Napoca", "addr:housenumber": "96-98", "addr:street": "Bulevardul Muncii", "air_conditioning": "yes", "amenity": "clinic", "building": "yes", "healthcare": "clinic", "healthcare:speciality": "oncology", "name": "Medisprof Cancer Center", "name:ro": "Medisprof Cancer Center", "opening_hours": "Mo-Fr 07:00-21:00"}}, {"type": "Feature", "geometry": {"type": "Point", "coordinates": [23.4284468, 47.8719793]}, "properties": {"addr:city": "Negre\u0219ti-Oa\u0219", "addr:country": "RO", "addr:housenumber": "90", "addr:street": "Strada Victoriei", "amenity": "hospital", "emergency": "yes", "healthcare": "hospital", "healthcare:speciality": "emergency;general;surgery;paediatrics;cardiology;psychiatry;gynaecology;oncology;orthopaedics", "name": "Spital Orasenesc", "name:en": "Negresti Oas Hospital", "operator": "Ministerul S\u0103n\u0103t\u0103\u021bii", "operator:type": "public", "supervised": "yes", "website": "https://www.spitalnegrestioas.ro"}}, {"type": "Feature", "geometry": {"type": "Point", "coordinates": [22.9065883, 45.7634096]}, "properties": {"amenity": "clinic", "building": "yes", "building:levels": "4", "healthcare": "clinic", "height": "13"}}, {"type": "Feature", "geometry": {"type": "Point", "coordinates": [21.9400743, 47.0625381]}, "properties": {"amenity": "hospital", "healthcare": "hospital"}}, {"type": "Feature", "geometry": {"type": "Point", "coordinates": [26.1139052, 44.4438298]}, "properties": {"amenity": "clinic", "building": "yes", "healthcare": "clinic", "name": "Ama Optimex"}}, {"type": "Feature", "geometry": {"type": "Point", "coordinates": [27.9521603, 45.2587433]}, "properties": {"amenity": "hospital", "healthcare": "hospital"}}, {"type": "Feature", "geometry": {"type": "Point", "coordinates": [26.8135249, 47.094245]}, "properties": {"addr:city": "H\u0103l\u0103uce\u0219ti", "addr:postcode": "707240", "addr:street": "Strada Principal\u0103", "amenity": "hospital", "healthcare": "hospital", "healthcare:speciality": "physiotherapy"}}, {"type": "Feature", "geometry": {"type": "Point", "coordinates": [25.8015296, 46.3566466]}, "properties": {"addr:city": "Miercurea Ciuc", "addr:housenumber": "1", "addr:street": "Strada Nicolae B\u0103lcescu", "amenity": "hospital", "barrier": "fence", "emergency": "no", "fence_type": "metal", "healthcare": "hospital", "healthcare:speciality": "psychiatry;orthodontics;gynaecology", "name": "SJU M-Ciuc: Sec\u021biile Dermatovenerologie, Psihiatrie, Oftalmologie", "name:hu": "B\u0151r- \u00e9s nemigy\u00f3gy\u00e1szati oszt\u00e1ly, Elmegy\u00f3gy\u00e1szati oszt\u00e1ly, Szem\u00e9szeti oszt\u00e1ly", "operator": "Spitalul Jude\u021bean de Urgen\u021b\u0103 Miercurea Ciuc", "operator:hu": "Cs\u00edkszeredai Megyei S\u00fcrg\u0151ss\u00e9gi K\u00f3rh\u00e1z", "operator:type": "public", "phone": "+40372748259", "website": "http://www.spitalmciuc.ro/index.php/ro/osztalyaink/bor-es-nemigyogyaszati-osztaly"}}, {"type": "Feature", "geometry": {"type": "Point", "coordinates": [25.823548, 46.3776909]}, "properties": {"addr:housenumber": "146", "addr:street": "Strada Sz\u00e9k", "amenity": "hospital", "beds": "37", "healthcare": "hospital", "name": "SJU M-Ciuc: Sec\u021biile Boli Infec\u021bioase, Pneumologie", "name:hu": "Cs\u00edkszeredai MSK: Fert\u0151z\u0151 oszt\u00e1ly, T\u00fcd\u0151gy\u00f3gy\u00e1szati oszt\u00e1ly", "operator": "Spitalul Jude\u021bean de Urgen\u021b\u0103 Miercurea Ciuc", "operator:hu": "Cs\u00edkszeredai Megyei S\u00fcrg\u0151ss\u00e9gi K\u00f3rh\u00e1z", "phone": "+40372753145", "website": "http://www.spitalmciuc.ro/index.php/ro/osztalyaink/fertozo-osztaly"}}, {"type": "Feature", "geometry": {"type": "Point", "coordinates": [25.9596783, 45.1801327]}, "properties": {"amenity": "hospital", "healthcare": "hospital", "name": "Dispensar Varbilau"}}, {"type": "Feature", "geometry": {"type": "Point", "coordinates": [27.3710438, 47.2051077]}, "properties": {"amenity": "hospital", "description:covid19": "temporary hospital", "healthcare": "hospital", "note": "Temporary COVID-19 hospital", "note:covid19": "temporary hospital"}}, {"type": "Feature", "geometry": {"type": "Point", "coordinates": [27.2695671, 46.0771943]}, "properties": {"amenity": "clinic", "name": "Cabinet medical"}}, {"type": "Feature", "geometry": {"type": "Point", "coordinates": [26.0693723, 44.47391]}, "properties": {"addr:city": "Bucure\u0219ti", "addr:housenumber": "63", "addr:postcode": "012244", "addr:street": "Bulevardul M\u0103r\u0103\u0219ti", "amenity": "hospital", "emergency": "yes", "healthcare": "hospital", "name": "Spitalul Clinic CF nr. 2", "phone": "+40 372.298.711", "website": "https://www.spcf2.ro/"}}, {"type": "Feature", "geometry": {"type": "Point", "coordinates": [23.6062329, 46.7896907]}, "properties": {"addr:city": "Cluj-Napoca", "addr:housenumber": "2", "addr:postcode": "400061", "addr:street": "Strada Por\u021belanului", "amenity": "hospital", "building": "hospital", "building:levels": "4", "healthcare": "hospital", "healthcare:speciality": "gastroenterology", "name": "Digenio - Centrul de Excelen\u021b\u0103 \u00een Afec\u021biuni Digestive", "operator": "TVM MED SERV S.R.L.", "phone": "+40 264 598 465", "website": "https://digenio.ro/"}}, {"type": "Feature", "geometry": {"type": "Point", "coordinates": [24.7613562, 45.3128073]}, "properties": {"amenity": "hospital", "healthcare": "hospital", "name": "Spitalul de Recuperare Br\u0103det"}}, {"type": "Feature", "geometry": {"type": "Point", "coordinates": [28.6140789, 44.2009751]}, "properties": {"addr:city": "Constan\u021ba", "addr:housenumber": "30", "addr:street": "Strada \u0218tef\u0103ni\u021b\u0103 Vod\u0103", "amenity": "clinic", "building": "yes", "building:levels": "3", "healthcare": "clinic", "healthcare:speciality": "radiology", "name": "Centru de Radioterapie", "operator": "MedEuropa", "operator:type": "private"}}, {"type": "Feature", "geometry": {"type": "Point", "coordinates": [28.6365687, 44.1828306]}, "properties": {"addr:city": "Constan\u021ba", "addr:housenumber": "43-45", "addr:street": "Strada Constantin Dobrogeanu Gherea", "amenity": "clinic", "building": "yes", "healthcare": "clinic", "name": "ABC Medical Center", "website": "https://abcmedicalcenter.ro/"}}, {"type": "Feature", "geometry": {"type": "Point", "coordinates": [28.6326617, 44.1766908]}, "properties": {"amenity": "clinic", "building": "yes", "healthcare": "clinic", "name": "Clinica 360", "operator:type": "private"}}, {"type": "Feature", "geometry": {"type": "Point", "coordinates": [25.9971193, 44.9265872]}, "properties": {"addr:city": "Ploie\u0219ti", "addr:housenumber": "93", "addr:street": "Strada Domni\u0219ori", "alt_name": "Spitalul General CF", "amenity": "hospital", "check_date": "2025-11-09", "emergency": "yes", "healthcare": "hospital", "name": "Spitalul General C.F. Ploie\u0219ti", "old_name": "Spitalul CFR Ploie\u0219ti", "operator": "Ministerul Transporturilor", "operator:type": "government", "website": "https://www.spitalcfploiesti.ro/"}}, {"type": "Feature", "geometry": {"type": "Point", "coordinates": [26.0061656, 44.9321793]}, "properties": {"addr:city": "Ploie\u0219ti", "addr:housenumber": "185", "addr:street": "Strada M\u0103r\u0103\u0219e\u0219ti", "amenity": "clinic", "building": "hospital", "healthcare": "clinic", "name": "Policlinica Complex Cioceanu", "website": "https://ro.polomap.com/ploie%C8%99ti/8145"}}, {"type": "Feature", "geometry": {"type": "Point", "coordinates": [26.0166405, 44.9392685]}, "properties": {"addr:city": "Ploie\u0219ti", "addr:housenumber": "43", "addr:street": "Strada Gheorghe Grigore Cantacuzino", "amenity": "hospital", "contact:email": "office@spital-lotus.ro", "contact:phone": "+40 244 510 808", "contact:website": "https://spital-lotus.ro/", "emergency": "yes", "healthcare": "hospital", "name": "Spitalul Lotus"}}, {"type": "Feature", "geometry": {"type": "Point", "coordinates": [26.1369411, 45.1117101]}, "properties": {"addr:city": "B\u0103l\u021be\u0219ti", "addr:housenumber": "233 D", "addr:postcode": "107045", "addr:street": "Strada Principal\u0103", "amenity": "hospital", "barrier": "fence", "healthcare": "hospital", "name": "Sf\u00e2nta Sofia Hospital Med B\u0103l\u021be\u0219ti", "website": "http://sfantasofia.ro/"}}, {"type": "Feature", "geometry": {"type": "Point", "coordinates": [26.0324507, 44.939034]}, "properties": {"addr:city": "Ploie\u0219ti", "addr:housenumber": "4", "addr:street": "Strada Avram Iancu", "amenity": "clinic", "building": "hospital", "healthcare": "clinic", "name": "Centrul de Dializ\u0103 \u0219i Nefrologie Fresenius", "operator": "NephroCare", "website": "https://nephrocare.ro/"}}, {"type": "Feature", "geometry": {"type": "Point", "coordinates": [26.0312717, 44.9389605]}, "properties": {"addr:city": "Ploie\u0219ti", "addr:housenumber": "1-3", "addr:street": "Strada Buna Vestire", "amenity": "hospital", "healthcare": "hospital", "heritage:website": "https://republicaploiesti.net/2016/01/requiem-pentru-un-spital.html", "loc_name": "Fosta Maternitate", "name": "Spitalul Buna Vestire", "old_name": "Spitalul Gheorghe \u0219i Ana Constantinescu", "old_name2": "Spitalul unificat Donca Simo", "operator": "Spitalul Jude\u021bean de Urgen\u021b\u0103 Ploie\u0219ti", "operator:type": "government", "start_date": "1900", "website": "https://www.sjup.ro/"}}, {"type": "Feature", "geometry": {"type": "Point", "coordinates": [26.0085615, 44.9621745]}, "properties": {"amenity": "hospital", "healthcare": "hospital", "name": "Unitate Primiri Urgente"}}, {"type": "Feature", "geometry": {"type": "Point", "coordinates": [27.5746052, 47.1789568]}, "properties": {"addr:city": "Ia\u0219i", "addr:housenumber": "177 A", "addr:street": "Strada S\u0103r\u0103rie", "amenity": "hospital", "healthcare": "hospital", "name": "Centrul de Screening \u0219i Diagnostic \u00een Boli Oncologice"}}, {"type": "Feature", "geometry": {"type": "Point", "coordinates": [26.0308354, 44.9426328]}, "properties": {"addr:city": "Ploie\u0219ti", "addr:housenumber": "1", "addr:street": "Strada Praga", "amenity": "hospital", "barrier": "fence", "healthcare": "hospital", "name": "Policlinica Praga", "website": "https://www.laboratorpraga.ro"}}, {"type": "Feature", "geometry": {"type": "Point", "coordinates": [26.0215516, 44.9302401]}, "properties": {"amenity": "hospital", "barrier": "fence", "healthcare": "hospital", "name": "Spitalul Municipal Ploie\u0219ti (Schuller)", "operator": "Consiliul Local al Municipiului Ploie\u015fti", "operator:type": "government", "website": "https://spitalulmunicipalploiesti.ro/"}}, {"type": "Feature", "geometry": {"type": "Point", "coordinates": [26.0400276, 44.9459183]}, "properties": {"addr:city": "Ploie\u0219ti", "addr:housenumber": "2", "addr:street": "Strada Oborului", "amenity": "hospital", "emergency": "yes", "healthcare": "hospital", "healthcare:speciality": "pulmonology", "name": "Spitalul Jude\u021bean de Urgen\u021b\u0103 Ploie\u0219ti Sec\u021bia Pneumologie"}}, {"type": "Feature", "geometry": {"type": "Point", "coordinates": [26.0264982, 44.9319565]}, "properties": {"addr:city": "Ploie\u0219ti", "addr:housenumber": "4-6", "addr:street": "Strada Mihai Eminescu", "alt_name": "Spitalul Petrolul", "amenity": "hospital", "barrier": "fence", "emergency": "yes", "healthcare": "hospital", "healthcare:speciality": "paediatrics", "name": "Spitalul de Pediatrie Ploie\u015fti", "name:en": "Ploie\u015fti Pediatric Hospital", "opening_hours": "24/7", "operator": "Consiliul Local al Municipiului Ploie\u015fti", "operator:type": "government", "website": "https://www.spitalpediatrie.ro/"}}, {"type": "Feature", "geometry": {"type": "Point", "coordinates": [25.9806005, 44.9942478]}, "properties": {"addr:housenumber": "79", "addr:street": "Paulestii Noi", "amenity": "hospital", "building": "hospital", "healthcare": "hospital", "name": "Spitalul Sf\u00e2ntul Anton", "operator": "MediUrg", "operator:type": "private", "website": "https://www.mediurg.ro/spital/"}}, {"type": "Feature", "geometry": {"type": "Point", "coordinates": [26.0683279, 44.5009945]}, "properties": {"amenity": "clinic", "building": "yes", "building:levels": "5", "healthcare": "clinic"}}, {"type": "Feature", "geometry": {"type": "Point", "coordinates": [26.0682538, 44.501239]}, "properties": {"addr:city": "Bucure\u0219ti", "addr:housenumber": "8A", "addr:postcode": "013767", "addr:street": "\u0218oseaua Gheorghe Ionescu Sise\u0219ti", "amenity": "hospital", "emergency": "yes", "healthcare": "hospital", "image": "https://enayatimedicalcity.ro/wp-content/uploads/2022/05/emc-exterior.jpg", "name": "Enayati Medical City"}}, {"type": "Feature", "geometry": {"type": "Point", "coordinates": [25.8373678, 45.0293734]}, "properties": {"addr:city": "B\u0103icoi", "addr:housenumber": "7", "addr:street": "Strada Spitalului", "amenity": "hospital", "healthcare": "hospital", "hospital_type": "spital orasenesc", "name": "Spitalul Or\u0103\u0219enesc B\u0103icoi", "name:ro": "Spitalul Or\u0103\u0219enesc B\u0103icoi", "reviewed": "no", "website": "https://www.spitalulorasenescbaicoi.ro/"}}, {"type": "Feature", "geometry": {"type": "Point", "coordinates": [23.8824078, 46.546864]}, "properties": {"amenity": "hospital", "check_date": "2024-12-30", "healthcare": "hospital", "name": "Spitalul Municipal Dr Cornel Igna"}}, {"type": "Feature", "geometry": {"type": "Point", "coordinates": [26.0089973, 44.9460329]}, "properties": {"addr:city": "Ploie\u0219ti", "addr:housenumber": "43", "addr:postcode": "100349", "addr:street": "Strada Clemen\u021bei", "amenity": "clinic", "barrier": "fence", "healthcare": "clinic", "name": "Centrul Medical MEDIURG", "opening_hours": "24/7"}}, {"type": "Feature", "geometry": {"type": "Point", "coordinates": [23.7767416, 44.3290108]}, "properties": {"addr:city": "Craiova", "addr:country": "RO", "addr:housenumber": "2G", "addr:street": "Calea Severinului", "amenity": "clinic", "building": "yes", "name": "Phoenix", "opening_hours": "Mo-Su 07:30-20:00", "operator": "Medicover", "phone": "+40351421122", "website": "https://www.medicover.ro/clinici/phoenix-severinului,63,d,178"}}, {"type": "Feature", "geometry": {"type": "Point", "coordinates": [26.8370404, 45.1436128]}, "properties": {"addr:city": "Buz\u0103u", "addr:housenumber": "8-12", "addr:postcode": "120121", "addr:street": "Bulevardul Republicii", "amenity": "hospital", "barrier": "wall", "description": "Spitalul General C\u0103i Ferate Gala\u0163i, Sectia Exterioara cu paturi Buz\u0103u.", "healthcare": "hospital", "name": "Spitalul Feroviar", "operator": "Spitalul General C\u0103i Ferate Gala\u0163i", "operator:type": "government", "website": "https://www.spitalgeneralcfgalati.ro/"}}, {"type": "Feature", "geometry": {"type": "Point", "coordinates": [25.7488495, 45.1586753]}, "properties": {"addr:city": "C\u00e2mpina", "addr:housenumber": "114", "addr:postcode": "105600", "addr:street": "Strada Voila", "amenity": "hospital", "barrier": "fence", "healthcare": "hospital", "healthcare:speciality": "psychiatry", "name": "Sec\u021bia Sanatorial\u0103 Voila"}}, {"type": "Feature", "geometry": {"type": "Point", "coordinates": [25.7510404, 45.15902]}, "properties": {"addr:city": "C\u00e2mpina", "addr:housenumber": "114", "addr:street": "Strada Voila", "amenity": "hospital", "barrier": "fence", "emergency": "yes", "healthcare": "hospital", "healthcare:speciality": "psychiatry", "name": "Spitalul de Psihiatrie Voila", "website": "https://www.spitalulvoila.ro"}}, {"type": "Feature", "geometry": {"type": "Point", "coordinates": [26.2404628, 44.9907202]}, "properties": {"addr:city": "Urla\u021bi", "addr:housenumber": "52", "addr:street": "Bulevardul Independen\u021bei", "amenity": "hospital", "barrier": "fence", "healthcare": "hospital", "name": "Spitalul Or\u0103\u015fenesc Urla\u021bi", "website": "http://spitalulurlati.ro"}}, {"type": "Feature", "geometry": {"type": "Point", "coordinates": [26.0726747, 44.4255827]}, "properties": {"addr:city": "Bucure\u0219ti", "addr:housenumber": "20", "addr:postcode": "061344", "addr:street": "\u0218oseaua Panduri", "amenity": "hospital", "barrier": "fence", "check_date": "2026-05-04", "emergency": "yes", "healthcare": "hospital", "name": "Spitalul Clinic Prof. Dr. Theodor Burghele", "name:en": "Professor Doctor Theodor Burghele Clinical Hospital", "phone": "+40214106910"}}, {"type": "Feature", "geometry": {"type": "Point", "coordinates": [26.0745497, 44.4256269]}, "properties": {"addr:city": "Bucure\u0219ti", "amenity": "hospital", "barrier": "fence", "healthcare": "hospital", "name": "Institutul ORL", "official_name": "Institutul de Fonoaudiologie \u0219i Chirurgie Func\u021bional\u0103 ORL Profesor Doctor Dorin Hociot\u0103"}}, {"type": "Feature", "geometry": {"type": "Point", "coordinates": [26.0027505, 44.9321154]}, "properties": {"amenity": "clinic", "building": "yes", "healthcare": "clinic", "name": "Clinica Medliv"}}, {"type": "Feature", "geometry": {"type": "Point", "coordinates": [24.5425666, 46.562361]}, "properties": {"addr:city": "T\u00e2rgu Mure\u0219", "addr:housenumber": "30A", "addr:postcode": "540272", "addr:street": "Strada Agricultorilor", "amenity": "clinic", "building": "yes", "building:levels": "2", "healthcare": "clinic", "healthcare:speciality": "general;stomatology", "name": "Holomed", "opening_hours": "Mo-Fr 08:00-20:00", "operator": "SC Mirvaldent SRL", "operator:type": "private"}}, {"type": "Feature", "geometry": {"type": "Point", "coordinates": [26.0070772, 44.9337562]}, "properties": {"addr:city": "Ploie\u0219ti", "addr:housenumber": "127", "addr:street": "Strada Tudor Vladimirescu", "amenity": "hospital", "barrier": "fence", "healthcare": "hospital", "name": "Spitalul de Pediatrie Ploie\u0219ti - Centru S\u0103n\u0103tate Mintal\u0103 Copii", "operator": "Spitalul de Pediatrie Ploie\u0219ti"}}, {"type": "Feature", "geometry": {"type": "Point", "coordinates": [25.5437936, 47.5322727]}, "properties": {"addr:street": "Strada Sirenei", "amenity": "hospital", "healthcare": "hospital", "name": "Spitalul Municipal"}}, {"type": "Feature", "geometry": {"type": "Point", "coordinates": [26.0656004, 44.5775369]}, "properties": {"addr:city": "Otopeni", "addr:country": "RO", "addr:housenumber": "307", "addr:postcode": "075100", "addr:street": "Calea Bucure\u0219tilor", "amenity": "hospital", "healthcare": "hospital", "healthcare:speciality": "geriatrics", "name": "Spitalul Ana Aslan", "name:en": "Ana Aslan Hospital", "name:ro": "Spitalul Ana Aslan", "official_name": "Institutul Na\u021bional de Gerontologie Ana Aslan", "official_name:en": "Ana Aslan National Institute of Gerontology", "official_name:ro": "Institutul Na\u021bional de Gerontologie Ana Aslan", "opening_hours": "Mo-Su 09:00-20:00", "operator": "Ministerului S\u0103n\u0103t\u0103\u021bii", "operator:type": "public", "phone": "+40 31 805 94 01", "start_date": "1952", "website": "https://ana-aslan.ro/"}}, {"type": "Feature", "geometry": {"type": "Point", "coordinates": [26.7203295, 47.2560796]}, "properties": {"addr:city": "Pa\u0219cani", "addr:housenumber": "29", "addr:street": "Strada Ceferi\u0219tilor", "amenity": "hospital", "emergency": "no", "healthcare": "hospital", "healthcare:speciality": "animal;pharmacy;veterinarian"}}, {"type": "Feature", "geometry": {"type": "Point", "coordinates": [26.0216435, 44.9461387]}, "properties": {"addr:city": "Ploie\u0219ti", "addr:housenumber": "5", "addr:street": "Strada Decebal", "amenity": "clinic", "healthcare": "clinic", "name": "Policlinica cu Plat\u0103"}}, {"type": "Feature", "geometry": {"type": "Point", "coordinates": [26.001053, 44.9388421]}, "properties": {"addr:city": "Ploie\u0219ti", "addr:housenumber": "8", "addr:street": "Strada Zimbrului", "amenity": "clinic", "building": "yes", "healthcare": "clinic", "name": "Policlinica Euromed"}}, {"type": "Feature", "geometry": {"type": "Point", "coordinates": [26.0338652, 44.9424698]}, "properties": {"amenity": "clinic", "building": "yes", "healthcare": "clinic", "name": "Veromedica", "website": "https://urbo.ro/centre-medicale/veromedica-80248"}}, {"type": "Feature", "geometry": {"type": "Point", "coordinates": [24.3540682, 44.1150705]}, "properties": {"addr:city": "Caracal", "addr:housenumber": "1", "addr:postcode": "235200", "addr:street": "Strada Vasile Alecsandri", "amenity": "clinic", "building": "yes", "healthcare": "clinic", "name": "San Medica", "opening_hours": "Mo-Sa 08:00-18:00+"}}, {"type": "Feature", "geometry": {"type": "Point", "coordinates": [25.1491526, 45.8311277]}, "properties": {"addr:city": "\u0218ercaia", "addr:postcode": "507195", "addr:street": "DN1S", "amenity": "hospital", "healthcare": "hospital", "name": "Centrul de Recuperare \u0219i Reabilitare Persoane cu Handicap Canaan"}}, {"type": "Feature", "geometry": {"type": "Point", "coordinates": [21.1892116, 45.763342]}, "properties": {"addr:housenumber": "122C", "addr:street": "Strada Mircea cel B\u0103tr\u00e2n", "amenity": "clinic", "building": "yes", "healthcare": "clinic", "healthcare:speciality": "general", "name": "Bastion Medical", "opening_hours": "Mo,We,Fr 08:00-22:00; Tu,Th 08:00-23:00"}}, {"type": "Feature", "geometry": {"type": "Point", "coordinates": [27.4284215, 45.851925]}, "properties": {"addr:city": "Tecuci", "addr:housenumber": "29", "addr:street": "Strada 1 Decembrie 1918", "amenity": "clinic", "healthcare": "clinic", "name": "Ambulatoriul de specialitate", "operator": "Spitalul Municipal \u201eAnton Cincu\u201d Tecuci", "operator:type": "public", "phone": "+40 236 810 010"}}, {"type": "Feature", "geometry": {"type": "Point", "coordinates": [27.4379722, 45.8473331]}, "properties": {"addr:city": "Tecuci", "addr:housenumber": "35", "addr:postcode": "805300", "addr:street": "Strada Costache Conachi", "amenity": "hospital", "email": "anton_cincu2006@yahoo.com", "fax": "+40 236 811 608", "healthcare": "hospital", "name": "Spitalul Municipal \u201eAnton Cincu\u201d", "operator": "Spitalul Municipal \u201eAnton Cincu\u201d Tecuci", "operator:type": "public", "phone": "+40 236 812 440", "website": "https://spital-tecuci.blogspot.com"}}, {"type": "Feature", "geometry": {"type": "Point", "coordinates": [26.1309144, 44.3829548]}, "properties": {"addr:street": "\u0218oseaua Berceni", "amenity": "hospital", "barrier": "fence", "healthcare": "hospital"}}, {"type": "Feature", "geometry": {"type": "Point", "coordinates": [23.60681, 46.7892534]}, "properties": {"addr:city": "Cluj-Napoca", "addr:housenumber": "11", "addr:postcode": "400139", "addr:street": "Strada T\u0103b\u0103carilor", "amenity": "hospital", "email": "office@spitalclujana.ro", "healthcare": "hospital", "name": "Spitalul Clinic Municipal Cluj-Napoca", "phone": "+ 40 735 406 101", "website": "https://spitalclujana.ro/"}}, {"type": "Feature", "geometry": {"type": "Point", "coordinates": [25.452805, 44.920911]}, "properties": {"addr:city": "T\u00e2rgovi\u0219te", "addr:housenumber": "12", "addr:street": "Strada Doctor Benone Georgescu", "amenity": "clinic", "building": "yes", "healthcare": "clinic", "healthcare:speciality": "abortion", "name": "PROMED"}}, {"type": "Feature", "geometry": {"type": "Point", "coordinates": [23.5827779, 46.763946]}, "properties": {"addr:city": "Cluj-Napoca", "addr:housenumber": "6", "addr:street": "Strada Bogdan Petriceicu Ha\u0219deu", "amenity": "hospital", "healthcare": "hospital", "name": "Spitalul Clinic de Pneumoftiziologie Leon Daniello"}}, {"type": "Feature", "geometry": {"type": "Point", "coordinates": [23.5853544, 46.7620823]}, "properties": {"amenity": "hospital", "healthcare": "hospital"}}, {"type": "Feature", "geometry": {"type": "Point", "coordinates": [23.5935643, 46.7845692]}, "properties": {"addr:city": "Cluj-Napoca", "addr:housenumber": "126", "addr:postcode": "400205", "addr:postcode:source": "Date de la Po\u0219ta Rom\u00e2n\u0103, publicate sub Licen\u021ba pentru Guvernare Deschis\u0103 v1.0 la http://date.gov.ro/organization/posta-romana", "addr:street": "Strada Decebal", "amenity": "clinic", "healthcare": "clinic", "name": "Clinica de Psihiatrie pentru Ergoterapie", "name:hu": "Ergoter\u00e1pi\u00e1s Pszichi\u00e1triai Klinika", "name:ro": "Clinica de Psihiatrie pentru Ergoterapie"}}, {"type": "Feature", "geometry": {"type": "Point", "coordinates": [23.5922991, 46.7761707]}, "properties": {"addr:city": "Cluj-Napoca", "addr:housenumber": "19", "addr:street": "Strada Croitorilor", "amenity": "hospital", "emergency": "yes", "healthcare": "hospital", "name": "Institutul regional de gastroenterologie \u0219i hepatologie prof. dr. Octavian Fodor"}}, {"type": "Feature", "geometry": {"type": "Point", "coordinates": [26.0966293, 44.4556397]}, "properties": {"addr:city": "Bucure\u0219ti", "addr:housenumber": "48A", "addr:street": "Strada Washington", "amenity": "clinic", "building": "yes", "building:levels": "3", "healthcare": "clinic", "name": "Clinica Vascularte"}}, {"type": "Feature", "geometry": {"type": "Point", "coordinates": [23.7936556, 44.3225695]}, "properties": {"addr:city": "Craiova", "addr:housenumber": "6", "addr:street": "Bulevardul Nicolae Titulescu", "amenity": "hospital", "name": "Spitalul Clinic Municipal Filantropia"}}, {"type": "Feature", "geometry": {"type": "Point", "coordinates": [23.5823537, 46.754898]}, "properties": {"addr:city": "Cluj-Napoca", "addr:housenumber": "46-50", "addr:postcode": "400437", "addr:street": "Strada Viilor", "amenity": "hospital", "healthcare": "hospital", "name": "Spitalul Clinic de Recuperare"}}, {"type": "Feature", "geometry": {"type": "Point", "coordinates": [23.8083073, 44.3061393]}, "properties": {"addr:city": "Craiova", "addr:housenumber": "86", "addr:street": "Strada Caracal", "amenity": "clinic", "building": "yes", "name": "Centrul Medical Irina"}}, {"type": "Feature", "geometry": {"type": "Point", "coordinates": [23.5931489, 46.7571647]}, "properties": {"addr:housenumber": "1-3", "addr:postcode": "400486", "addr:street": "Strada Rene Descartes", "amenity": "hospital", "building": "yes", "building:levels": "4", "email": "office@spitalultransilvania.ro", "healthcare": "hospital", "name": "Spitalul Transilvania", "name:ro": "Spitalul Transilvania", "opening_hours": "Mo-Fr 08:00-20:00; Sa 09:00-16:00", "phone": "0364884884", "website": "https://www.spitalultransilvania.ro/"}}, {"type": "Feature", "geometry": {"type": "Point", "coordinates": [24.87721, 46.9478558]}, "properties": {"amenity": "hospital", "building": "yes", "healthcare": "hospital", "name": "Centrul Medico-Social Deda"}}, {"type": "Feature", "geometry": {"type": "Point", "coordinates": [25.2207837, 46.0374767]}, "properties": {"addr:city": "Rupea", "addr:postcode": "505500", "addr:street": "Strada Republicii", "amenity": "hospital", "building": "yes", "emergency": "yes", "healthcare": "hospital", "name": "Spitalul Or\u0103\u0219enesc Rupea"}}, {"type": "Feature", "geometry": {"type": "Point", "coordinates": [23.8202466, 47.9596385]}, "properties": {"amenity": "hospital", "healthcare": "hospital", "healthcare:speciality": "general;medic_de_familie", "name": "Dispensar"}}, {"type": "Feature", "geometry": {"type": "Point", "coordinates": [23.7014607, 44.3039012]}, "properties": {"amenity": "hospital", "name": "Spitalul de Pneumoftiziologie Leamna"}}, {"type": "Feature", "geometry": {"type": "Point", "coordinates": [21.1114986, 45.7606569]}, "properties": {"amenity": "clinic", "building": "yes", "healthcare": "clinic", "name": "Cabinet Medical"}}, {"type": "Feature", "geometry": {"type": "Point", "coordinates": [26.1729565, 44.4412468]}, "properties": {"addr:city": "Bucure\u0219ti", "addr:housenumber": "340-342", "addr:street": "\u0218oseaua Pantelimon", "amenity": "hospital", "barrier": "fence", "emergency": "yes", "healthcare": "hospital", "name": "Spitalul Clinic de Urgen\u021b\u0103 Sf\u00e2ntul Pantelimon", "name:en": "Clinical Emergency Hospital Saint Pantelimon", "opening_hours": "24/7", "website": "https://urgentapantelimon.ro/"}}, {"type": "Feature", "geometry": {"type": "Point", "coordinates": [25.9364581, 44.5747491]}, "properties": {"addr:city": "Buftea", "addr:postcode": "07000", "addr:street": "Strada Studioului", "amenity": "clinic", "building": "yes", "building:levels": "2", "healthcare": "clinic", "name": "Policlinica Buftea"}}, {"type": "Feature", "geometry": {"type": "Point", "coordinates": [25.936585, 44.5747557]}, "properties": {"amenity": "clinic", "barrier": "fence", "fence_type": "chain_link", "healthcare": "clinic"}}, {"type": "Feature", "geometry": {"type": "Point", "coordinates": [25.9383435, 44.5764212]}, "properties": {"addr:city": "Buftea", "addr:housenumber": "5", "addr:postcode": "070000", "addr:street": "Strada Studioului", "amenity": "hospital", "barrier": "fence", "emergency": "yes", "fence_type": "wall", "healthcare": "hospital", "healthcare:speciality": "gynaecology;maternity", "name": "Spitalul de Obstetric\u0103 Ginecologie Buftea"}}, {"type": "Feature", "geometry": {"type": "Point", "coordinates": [25.6466825, 44.9801716]}, "properties": {"addr:street": "Bulevardul 22 Decembrie 1989", "amenity": "hospital", "building": "yes", "healthcare": "hospital", "name": "Policlinica Moreni"}}, {"type": "Feature", "geometry": {"type": "Point", "coordinates": [26.0953678, 44.4373837]}, "properties": {"amenity": "clinic", "building": "yes", "building:levels": "3", "healthcare": "clinic", "name": "Clinica Sala Palatului", "roof:levels": "1"}}, {"type": "Feature", "geometry": {"type": "Point", "coordinates": [28.6293694, 44.2140724]}, "properties": {"addr:city": "Constan\u021ba", "addr:housenumber": "188A", "addr:postcode": "900489", "addr:street": "Bulevardul Alexandru L\u0103pu\u0219neanu", "amenity": "clinic", "building": "yes", "building:levels": "1", "healthcare": "clinic", "name": "Iowemed", "old_name": "Restaurant Nord", "operator": "Medicover", "operator:type": "private"}}, {"type": "Feature", "geometry": {"type": "Point", "coordinates": [28.6301986, 44.1716996]}, "properties": {"addr:city": "Constan\u021ba", "addr:housenumber": "35-37", "addr:street": "Bulevardul I. C. Br\u0103tianu", "amenity": "hospital", "healthcare": "hospital", "name": "Policlinica CFR"}}, {"type": "Feature", "geometry": {"type": "Point", "coordinates": [28.6287136, 44.1859063]}, "properties": {"amenity": "clinic", "healthcare": "clinic"}}, {"type": "Feature", "geometry": {"type": "Point", "coordinates": [28.6342395, 44.1655479]}, "properties": {"amenity": "hospital", "healthcare": "hospital", "name": "Spitalul Clinic C\u0103i Ferate Constan\u021ba", "operator": "Ministerul Transporturilor \u0219i Infrastructurii"}}, {"type": "Feature", "geometry": {"type": "Point", "coordinates": [28.6425856, 44.2099409]}, "properties": {"addr:city": "Constan\u021ba", "addr:housenumber": "273", "addr:street": "Bulevardul Mamaia", "amenity": "hospital", "email": "cmj.ct@mai.gov.ro", "healthcare": "hospital", "name": "Centrul Medical Jude\u021bean Constan\u021ba al Ministerului de Afaceri Interne", "operator": "Ministerul de Interne", "operator:type": "government", "phone": "+40 241 699 556"}}, {"type": "Feature", "geometry": {"type": "Point", "coordinates": [28.6428394, 44.2098998]}, "properties": {"amenity": "clinic", "building": "yes", "healthcare": "clinic"}}, {"type": "Feature", "geometry": {"type": "Point", "coordinates": [25.9874807, 44.4451427]}, "properties": {"addr:country": "RO", "addr:housenumber": "67", "addr:postcode": "077042", "addr:street": "Strada Rezervelor", "amenity": "clinic", "building": "yes", "building:levels": "3", "name": "Clinica Domni\u021ba Chiajna"}}, {"type": "Feature", "geometry": {"type": "Point", "coordinates": [25.6063561, 45.649016]}, "properties": {"addr:city": "Bra\u0219ov", "addr:housenumber": "60", "addr:postcode": "500097", "addr:street": "Bulevardul 15 Noiembrie", "amenity": "hospital", "email": "spcfbv@spcfbv.ro", "emergency": "no", "fax": "+40 268 475 268", "healthcare": "hospital", "name": "Spitalul General C.F.Brasov", "name:en": "Railway General Hospital", "name:ro": "Spitalul General C.F.Brasov", "phone": "+40 268 475 949", "website": "https://spcfbv.ro/"}}, {"type": "Feature", "geometry": {"type": "Point", "coordinates": [28.6248276, 44.2080185]}, "properties": {"addr:city": "Constan\u021ba", "addr:housenumber": "1", "addr:street": "Aleea Dealului", "amenity": "clinic", "building": "yes", "healthcare": "clinic", "healthcare:speciality": "general", "name": "Dispensar medical nr. 9-10"}}, {"type": "Feature", "geometry": {"type": "Point", "coordinates": [28.6381074, 44.1720921]}, "properties": {"addr:city": "Constan\u021ba", "addr:housenumber": "133", "addr:street": "Strada \u0218tefan cel Mare", "amenity": "hospital", "healthcare": "hospital", "name": "Policlinica Nr.2", "name:ja": "\u7b2c2\u7dcf\u5408\u8a3a\u7642\u6240", "operator": "Spitalul Clinic Jude\u021bean de Urgen\u021b\u0103 Constan\u021ba", "operator:type": "public"}}, {"type": "Feature", "geometry": {"type": "Point", "coordinates": [28.6376115, 44.1718335]}, "properties": {"addr:city": "Constan\u021ba", "addr:housenumber": "4C", "addr:street": "Bulevardul 1 Decembrie 1918", "amenity": "hospital", "healthcare": "hospital"}}, {"type": "Feature", "geometry": {"type": "Point", "coordinates": [28.6237347, 44.1495929]}, "properties": {"addr:city": "Constan\u021ba", "addr:housenumber": "10", "addr:street": "Prelungirea Liliacului", "amenity": "hospital", "description": "Centrul de Excelenta Baylor asigura tratament antiHIV, precum si vitamine, suplimente nutritive si antibiotice pentru persoanele seropozitive, ingrijiri medicale in cabinete specializate (stomatologie, obstetrica-ginecologie, planificare familiala, pneumo", "emergency": "no", "healthcare": "hospital", "healthcare:speciality": "hiv", "name": "Centru De Excelen\u021b\u0103 Clinic\u0103 Funda\u021bia Baylor", "opening_hours": "Mo-Fr 08:00-16:30", "phone": "+40 241 691 730", "website": "https://www.baylor.ro/"}}, {"type": "Feature", "geometry": {"type": "Point", "coordinates": [23.8289909, 44.3004388]}, "properties": {"addr:city": "Craiova", "addr:housenumber": "109", "addr:postcode": "200746", "addr:street": "Strada Caracal", "amenity": "hospital", "barrier": "fence", "healthcare": "hospital", "opening_hours": "Mo-Fr 08:00-20:00; Sa,Su off"}}, {"type": "Feature", "geometry": {"type": "Point", "coordinates": [28.6016949, 44.1643008]}, "properties": {"addr:city": "Constan\u021ba", "addr:housenumber": "4", "addr:street": "Strada Ion Ionescu de la Brad", "amenity": "hospital", "healthcare": "hospital", "name": "Spitalul Clinic de Boli Infec\u021bioase Constan\u021ba"}}, {"type": "Feature", "geometry": {"type": "Point", "coordinates": [24.2478217, 45.198098]}, "properties": {"addr:city": "B\u0103ile Ol\u0103ne\u0219ti", "addr:street": "Aleea Salc\u00e2milor", "amenity": "hospital", "healthcare": "hospital", "name": "Spitalul Universitar Elias - Sec\u021bia de Recuperare Medical\u0103 Ol\u0103ne\u0219ti"}}, {"type": "Feature", "geometry": {"type": "Point", "coordinates": [28.6436163, 44.21028]}, "properties": {"addr:city": "Constan\u021ba", "addr:housenumber": "288Bis", "addr:street": "Bulevardul Mamaia", "amenity": "clinic", "building": "yes", "healthcare": "dialysis", "healthcare:speciality": "nephrology", "name": "Fresenius Nephrocare Constan\u021ba", "operator": "NephroCare", "operator:type": "private"}}, {"type": "Feature", "geometry": {"type": "Point", "coordinates": [28.6335689, 44.1726846]}, "properties": {"addr:city": "Constan\u021ba", "addr:housenumber": "2-4", "addr:street": "Bulevardul I. C. Br\u0103tianu", "amenity": "hospital", "emergency": "no", "healthcare": "hospital", "name": "Servicii Imagistic\u0103 Armonia", "operator": "Armonia Group", "operator:type": "private"}}, {"type": "Feature", "geometry": {"type": "Point", "coordinates": [28.6446268, 44.1808573]}, "properties": {"addr:city": "Constan\u021ba", "addr:housenumber": "41", "addr:street": "Strada Ion Lahovari", "amenity": "hospital", "emergency": "no", "healthcare": "hospital", "healthcare:speciality": "general;cardiology;internal", "name": "Clinica Medstar 2000", "operator:type": "private", "website": "https://www.medstar2000.ro/"}}, {"type": "Feature", "geometry": {"type": "Point", "coordinates": [28.6359792, 44.1737921]}, "properties": {"addr:city": "Constan\u021ba", "addr:housenumber": "21", "addr:street": "Bulevardul 1 Decembrie 1918", "amenity": "hospital", "healthcare": "hospital", "name": "Heka Hospital", "operator:type": "private"}}, {"type": "Feature", "geometry": {"type": "Point", "coordinates": [22.6367659, 44.6462782]}, "properties": {"amenity": "clinic", "building": "yes", "healthcare": "clinic", "name": "LASER HOSPICE S.R.L."}}, {"type": "Feature", "geometry": {"type": "Point", "coordinates": [28.632705, 44.1765847]}, "properties": {"addr:city": "Constan\u021ba", "addr:housenumber": "21", "addr:street": "Strada Bucure\u0219ti", "amenity": "clinic", "healthcare": "clinic"}}, {"type": "Feature", "geometry": {"type": "Point", "coordinates": [23.483564, 46.7945967]}, "properties": {"addr:city": "Suceagu", "addr:housenumber": "323T", "addr:street": "Strada Principal\u0103", "amenity": "hospital", "healthcare": "hospital", "name": "Spitalul Medicover", "operator": "Medicover", "operator:type": "private"}}, {"type": "Feature", "geometry": {"type": "Point", "coordinates": [25.7809555, 45.8643312]}, "properties": {"addr:city": "Sf\u00e2ntu Gheorghe", "addr:housenumber": "1-3", "addr:street": "Strada Stadionului", "amenity": "hospital", "emergency": "yes", "healthcare": "hospital", "healthcare:speciality": "general", "name": "Spitalul Jude\u021bean de Urgen\u021b\u0103 \"Dr. Fogoly\u00e1n Krist\u00f3f\"", "name:hu": "\"Dr. Fogoly\u00e1n Krist\u00f3f\" Megyei S\u00fcrg\u0151ss\u00e9gi K\u00f3rh\u00e1z", "name:ro": "Spitalul Jude\u021bean de Urgen\u021b\u0103 \"Dr. Fogoly\u00e1n Krist\u00f3f\"", "operator:type": "public", "phone": "+40 267 31 46 44", "website": "https://spitfog.ro/"}}, {"type": "Feature", "geometry": {"type": "Point", "coordinates": [21.2440639, 45.7374904]}, "properties": {"addr:city": "Timi\u0219oara", "addr:housenumber": "158A", "addr:street": "Bulevardul Liviu Rebreanu", "amenity": "clinic", "building": "hospital", "email": "ginecologie2@hosptm.ro", "healthcare": "clinic", "healthcare:speciality": "gynaecology", "name": "Clinica de obstetric\u0103 \u0219i ginecologie \"Maternitatea BEGA\"", "phone": "0374161717", "website": "https://www.hosptm.ro/sectiile-spitalului/obstetrica-ginecologie/"}}, {"type": "Feature", "geometry": {"type": "Point", "coordinates": [25.4788973, 45.6257238]}, "properties": {"addr:city": "Cristian", "addr:housenumber": "20", "addr:postcode": "507055", "addr:street": "Pia\u021ba Libert\u0103\u021bii", "air_conditioning": "yes", "amenity": "clinic", "building": "yes", "healthcare": "clinic", "healthcare:speciality": "psychiatry;cardiology;chiropractic;surgery;internal", "name": "Policlinica", "operator": "RMN Diagnostica", "website": "https://www.rmn-diagnostica.ro/contact/", "wheelchair": "yes"}}, {"type": "Feature", "geometry": {"type": "Point", "coordinates": [21.2237259, 45.7404571]}, "properties": {"amenity": "hospital", "building": "hospital", "name": "Spitalul Medici's", "operator": "MedLife"}}, {"type": "Feature", "geometry": {"type": "Point", "coordinates": [25.405007, 45.666528]}, "properties": {"addr:city": "Colonia 1 Mai", "amenity": "hospital", "building": "yes", "healthcare": "hospital"}}, {"type": "Feature", "geometry": {"type": "Point", "coordinates": [25.0375929, 45.2663576]}, "properties": {"addr:housenumber": "8", "addr:street": "Strada Doctor Costea", "amenity": "hospital", "barrier": "fence", "healthcare": "hospital", "name": "Spitalul Municipal C\u00e2mpulung Muscel", "operator": "Prim\u0103ria Municipiului C\u00e2mpulung", "website": "http://www.smcampulung.ro/"}}, {"type": "Feature", "geometry": {"type": "Point", "coordinates": [26.9194472, 47.650864]}, "properties": {"amenity": "clinic", "healthcare": "clinic", "name": "Unitatea De Asistenta Medico- Sociala Suli\u021ba"}}, {"type": "Feature", "geometry": {"type": "Point", "coordinates": [28.0224568, 45.4458828]}, "properties": {"amenity": "hospital", "healthcare": "hospital", "name": "Centrul medical Irina"}}, {"type": "Feature", "geometry": {"type": "Point", "coordinates": [25.4497549, 44.9229429]}, "properties": {"amenity": "hospital", "building": "yes", "healthcare": "hospital", "name": "Cardiologie"}}, {"type": "Feature", "geometry": {"type": "Point", "coordinates": [25.4500014, 44.922866]}, "properties": {"amenity": "hospital", "building": "yes", "healthcare": "hospital", "name": "Paliatia"}}, {"type": "Feature", "geometry": {"type": "Point", "coordinates": [25.4511111, 44.923237]}, "properties": {"amenity": "hospital", "healthcare": "hospital", "name": "Punct Control"}}, {"type": "Feature", "geometry": {"type": "Point", "coordinates": [25.4491806, 44.9227885]}, "properties": {"amenity": "hospital", "building": "yes", "healthcare": "hospital", "name": "informatica"}}, {"type": "Feature", "geometry": {"type": "Point", "coordinates": [25.4487278, 44.9227028]}, "properties": {"amenity": "hospital", "healthcare": "hospital", "name": "technic"}}, {"type": "Feature", "geometry": {"type": "Point", "coordinates": [25.4496885, 44.9230362]}, "properties": {"amenity": "hospital", "building": "yes", "healthcare": "hospital", "name": "Spalatorie"}}, {"type": "Feature", "geometry": {"type": "Point", "coordinates": [26.6497635, 45.279306]}, "properties": {"amenity": "hospital", "healthcare": "hospital", "healthcare:speciality": "psychiatry;physiatry", "name": "Spitaul de psihiatrie \u0219i pentru m\u0103suri de sigurant\u0103 S\u0103poca"}}, {"type": "Feature", "geometry": {"type": "Point", "coordinates": [24.2372206, 45.023206]}, "properties": {"amenity": "hospital", "healthcare": "hospital", "name": "Spitalul de Pneumoftiziologie \"Constantin Anastasatu\" Mih\u0103e\u0219ti"}}, {"type": "Feature", "geometry": {"type": "Point", "coordinates": [24.1135077, 45.1404437]}, "properties": {"amenity": "hospital", "healthcare": "hospital", "name": "Dispensar Bode\u0219ti"}}, {"type": "Feature", "geometry": {"type": "Point", "coordinates": [28.0495176, 45.4296536]}, "properties": {"access": "customers", "addr:city": "Gala\u021bi", "addr:housenumber": "39", "addr:street": "Strada Alexandru L\u0103pu\u0219neanu", "amenity": "clinic", "building": "yes", "building:levels": "1", "building:material": "concrete", "description": "Cabinete Medicale Individuale Medicin\u0103 dentar\u0103", "description:en": "Individual Medical Offices Dentistry", "healthcare": "dentist", "healthcare:speciality": "dentistry;radiology;neurology;stomatology;paediatrics;implantology;periodontics;endodontics", "name": "Cabinete Medicale Individuale Medicin\u0103 dentar\u0103", "name:en": "Individual Medical Offices Dentistry", "opening_hours": "Mo-Fr 09:00-18:00", "stairs": "outdoor", "toilets": "not-sure", "wheelchair": "yes"}}, {"type": "Feature", "geometry": {"type": "Point", "coordinates": [26.3088729, 47.1192214]}, "properties": {"addr:city": "B\u0103l\u021b\u0103te\u0219ti", "addr:housenumber": "63", "addr:street": "Strada Florilor", "amenity": "hospital", "contact:email": "statiuneabaltatesti@mapn.ro", "healthcare": "hospital", "name": "Sanatoriul de Balneofizioterapie \u0219i Recuperare Medical\u0103 \u201dDr. Dimitrie Cantemir\u201d B\u0103l\u021b\u0103te\u0219ti", "operator": "ANMCS", "operator:type": "government", "phone": "+40783236226"}}, {"type": "Feature", "geometry": {"type": "Point", "coordinates": [24.8865015, 44.270222]}, "properties": {"addr:city": "Dobrote\u0219ti", "addr:street": "\u0218oseaua Mic\u0103", "amenity": "clinic", "building": "yes", "healthcare": "clinic", "name": "Centrul Medical \"Ion Pitis\""}}, {"type": "Feature", "geometry": {"type": "Point", "coordinates": [24.9929759, 44.2117822]}, "properties": {"addr:city": "Dr\u0103c\u0219ani", "addr:street": "Strada Calea Ro\u0219ori", "amenity": "clinic", "building": "yes", "healthcare": "clinic", "name": "Cabinet Medical"}}, {"type": "Feature", "geometry": {"type": "Point", "coordinates": [24.9613438, 44.9684815]}, "properties": {"amenity": "hospital", "emergency": "yes", "healthcare": "hospital", "name": "Siptalul Mioveni", "name:en": "Mioveni City Hospital", "website": "https://spitalmioveni.ro/"}}, {"type": "Feature", "geometry": {"type": "Point", "coordinates": [23.5563197, 46.0717946]}, "properties": {"amenity": "hospital", "healthcare": "hospital", "name": "Spitalul Jude\u021bean de Urgen\u021b\u0103"}}, {"type": "Feature", "geometry": {"type": "Point", "coordinates": [28.0188238, 45.4196654]}, "properties": {"addr:city": "Gala\u021bi", "addr:housenumber": "177", "addr:postcode": "800578", "addr:street": "Strada Br\u0103ilei", "amenity": "clinic", "building": "hospital", "building:levels": "1", "emergency": "yes", "healthcare": "clinic", "healthcare:speciality": "emergency", "height": "5", "layer": "1", "name": "Emergency Room", "name:ro": "UNITATE PRIMIRE URGENTE", "phone": "0236301122"}}, {"type": "Feature", "geometry": {"type": "Point", "coordinates": [21.9138434, 47.064073]}, "properties": {"amenity": "clinic", "building": "yes", "healthcare": "clinic", "name": "MedEuropa"}}, {"type": "Feature", "geometry": {"type": "Point", "coordinates": [25.9938878, 44.5008942]}, "properties": {"amenity": "clinic", "building": "no", "healthcare": "clinic"}}, {"type": "Feature", "geometry": {"type": "Point", "coordinates": [24.2422102, 45.0194228]}, "properties": {"amenity": "hospital", "healthcare": "hospital", "name": "Spitalul de Pneumoftiziologie \u201eConstantin Anastasatu\u201d"}}, {"type": "Feature", "geometry": {"type": "Point", "coordinates": [24.2538313, 45.0386965]}, "properties": {"amenity": "hospital", "healthcare": "hospital"}}, {"type": "Feature", "geometry": {"type": "Point", "coordinates": [22.8743323, 47.797173]}, "properties": {"amenity": "clinic", "building": "apartments", "healthcare": "clinic", "name": "Centrul Medical Ham Janos"}}, {"type": "Feature", "geometry": {"type": "Point", "coordinates": [25.5373934, 45.4976411]}, "properties": {"addr:city": "Predeal", "addr:housenumber": "8", "addr:street": "Strada Valea R\u00e2\u0219noavei", "amenity": "hospital", "healthcare": "hospital", "name": "Sanatoriul de nevroze", "phone": "0773 966 412", "website": "https://www.nevroze-predeal.ro/"}}, {"type": "Feature", "geometry": {"type": "Point", "coordinates": [25.5440379, 45.4934317]}, "properties": {"amenity": "hospital", "healthcare": "hospital", "name": "Sanatoriul de nevroze"}}, {"type": "Feature", "geometry": {"type": "Point", "coordinates": [26.9025167, 45.9107743]}, "properties": {"amenity": "clinic", "building": "yes", "healthcare": "clinic", "name": "Policlinica Vidra"}}, {"type": "Feature", "geometry": {"type": "Point", "coordinates": [26.1197133, 44.9355086]}, "properties": {"amenity": "clinic", "building": "yes", "healthcare": "clinic", "name": "Centrul Comunitar Berceni - Second Chance"}}, {"type": "Feature", "geometry": {"type": "Point", "coordinates": [23.3800204, 44.6886261]}, "properties": {"addr:city": "Jil\u021bu", "addr:street": "Strada 13 Septembrie", "amenity": "hospital", "healthcare": "hospital", "name": "Spital Psihiatrie Turceni"}}, {"type": "Feature", "geometry": {"type": "Point", "coordinates": [22.800686, 47.2301652]}, "properties": {"amenity": "clinic", "building": "yes", "healthcare": "clinic"}}, {"type": "Feature", "geometry": {"type": "Point", "coordinates": [27.2743469, 45.0851025]}, "properties": {"amenity": "hospital", "emergency": "yes", "healthcare": "hospital", "name": "Spitalul Or\u0103\u0219enesc F\u0103urei", "website": "http://spitalfaurei.ro/"}}, {"type": "Feature", "geometry": {"type": "Point", "coordinates": [26.1248979, 44.4228851]}, "properties": {"addr:city": "Bucure\u0219ti", "addr:housenumber": "9A", "addr:postcode": "031281", "addr:street": "Calea Vitan", "amenity": "clinic", "building": "clinic", "contact:phone": "031.9225", "email": "receptie@cmcondor.ro", "healthcare": "clinic", "name": "Centru Medical Condor", "opening_hours": "Mo-Fr 08:00-20:00", "website": "https://cmcondor.ro"}}, {"type": "Feature", "geometry": {"type": "Point", "coordinates": [27.5677343, 47.1252177]}, "properties": {"addr:city": "Ia\u0219i", "addr:housenumber": "171A", "addr:postcode": "700714", "addr:street": "\u0218oseaua Nicolina", "amenity": "clinic", "building": "yes", "healthcare": "clinic", "name": "Arcadia - Centrul medical Nicolina", "opening_hours": "Mo-Fr 07:00-19:00", "website": "https://arcadiamedical.ro/", "wheelchair": "limited"}}, {"type": "Feature", "geometry": {"type": "Point", "coordinates": [24.6957912, 46.7830363]}, "properties": {"addr:city": "Reghin", "addr:housenumber": "20", "addr:postcode": "545300", "addr:street": "Strada Spitalului", "amenity": "hospital", "emergency": "yes", "fax": "+40265512809", "healthcare": "hospital", "healthcare:speciality": "general;psychiatry;intensive;surgery;maternity;orthopaedics;emergency;gynaecology;cardiology;radiology", "name": "Spitalul Municipal Dr. Eugen Nicoar\u0103", "phone": "+40265511161", "website": "https://www.spitalreghin.ro/"}}, {"type": "Feature", "geometry": {"type": "Point", "coordinates": [25.1155179, 44.7940752]}, "properties": {"amenity": "hospital", "name": "Spitalul Pneumoftiziologie Leordeni"}}, {"type": "Feature", "geometry": {"type": "Point", "coordinates": [26.0479366, 44.2546695]}, "properties": {"addr:city": "Aduna\u021bii-Cop\u0103ceni", "addr:housenumber": "114", "addr:street": "\u0218oseaua Giurgiului", "amenity": "clinic", "building": "yes", "healthcare": "clinic", "healthcare:speciality": "surgery;dentistry;ophthalmology;orthodontics", "name": "Clinica ONIX Aduna\u021bii-Cop\u0103ceni", "name:en": "ONIX Clinic Aduna\u021bii-Cop\u0103ceni", "operator": "Spitalului Clinic de Urgen\u021b\u0103 Bucure\u0219ti", "operator:type": "public", "website": "https://onixmedical.ro/"}}, {"type": "Feature", "geometry": {"type": "Point", "coordinates": [23.2178962, 45.3551469]}, "properties": {"amenity": "hospital", "building": "yes", "healthcare": "hospital", "healthcare:speciality": "general", "name": "Spitalul Lupeni"}}, {"type": "Feature", "geometry": {"type": "Point", "coordinates": [24.1854619, 47.1839369]}, "properties": {"addr:city": "Beclean", "addr:housenumber": "65", "addr:postcode": "425100", "addr:street": "Strada 1 Decembrie 1918", "amenity": "hospital", "healthcare": "hospital", "name": "Spital Or\u0103\u0219enesc Beclean", "website": "https://www.spitalbeclean.ro/"}}, {"type": "Feature", "geometry": {"type": "Point", "coordinates": [24.5451425, 46.5306413]}, "properties": {"addr:city": "T\u00e2rgu Mure\u0219", "addr:housenumber": "18E", "addr:postcode": "540233", "addr:street": "Strada Fabrica de Zah\u0103r", "amenity": "hospital", "building": "office", "email": "office@doraoptics.ro", "emergency": "yes", "healthcare": "hospital", "healthcare:speciality": "general;emergency", "name": "Dora Optics", "phone": "0771195340", "website": "https://doraoptics.ro/"}}, {"type": "Feature", "geometry": {"type": "Point", "coordinates": [24.6995433, 46.7719551]}, "properties": {"amenity": "clinic", "building": "yes", "healthcare": "clinic", "name": "Cabinet Medical \u0218colar \"Florea Bogdan\""}}, {"type": "Feature", "geometry": {"type": "Point", "coordinates": [24.7013141, 46.7780821]}, "properties": {"amenity": "clinic", "building": "yes", "building:levels": "2", "healthcare": "clinic", "name": "Policlinic\u0103"}}, {"type": "Feature", "geometry": {"type": "Point", "coordinates": [23.1220129, 45.3320252]}, "properties": {"amenity": "hospital", "healthcare": "hospital", "name": "Spitalul Or\u0103\u0219enesc Uricani"}}, {"type": "Feature", "geometry": {"type": "Point", "coordinates": [23.1223569, 45.3322292]}, "properties": {"amenity": "hospital", "healthcare": "hospital"}}, {"type": "Feature", "geometry": {"type": "Point", "coordinates": [26.2914807, 44.3914949]}, "properties": {"addr:city": "B\u0103l\u0103ceanca", "addr:housenumber": "56", "addr:street": "Strada G\u0103rii", "amenity": "hospital", "emergency": "no", "healthcare": "hospital", "healthcare:speciality": "neurology;psychiatry;neuropsychiatry", "name": "Spitalul de Psihiatrie \"Eftimie Diamandescu\" B\u0103l\u0103ceanca"}}, {"type": "Feature", "geometry": {"type": "Point", "coordinates": [21.689883, 45.0361846]}, "properties": {"amenity": "hospital", "healthcare": "hospital", "name": "Spitalul Ora\u0219enesc Oravi\u021ba"}}, {"type": "Feature", "geometry": {"type": "Point", "coordinates": [23.5746813, 45.9581581]}, "properties": {"addr:city": "Sebe\u0219", "amenity": "hospital", "building": "yes", "healthcare": "hospital", "name": "Spital Fizioterapie"}}, {"type": "Feature", "geometry": {"type": "Point", "coordinates": [23.5682676, 45.9511629]}, "properties": {"amenity": "hospital", "building": "yes", "healthcare": "hospital", "name": "Spitalul Municipal Sebe\u0219", "name:en": "Municipal Hospital Sebe\u0219", "name:ro": "Spitalul Municipal Sebe\u0219"}}, {"type": "Feature", "geometry": {"type": "Point", "coordinates": [23.5677528, 45.9528477]}, "properties": {"addr:city": "Sebe\u0219", "addr:housenumber": "26", "addr:postcode": "515800", "addr:street": "Strada \u0218urianu", "amenity": "hospital", "building": "yes", "healthcare": "hospital", "name": "Spitalul Municipal Sebe\u0219 Pediatrie", "name:en": "Municipal Hospital Sebe\u0219 - Children\u2019s Care", "name:ro": "Spitalul Municipal Sebe\u0219 Pediatrie"}}, {"type": "Feature", "geometry": {"type": "Point", "coordinates": [23.5770266, 45.9556697]}, "properties": {"addr:city": "Sebe\u0219", "addr:street": "Bulevardul Lucian Blaga", "amenity": "clinic", "building": "yes", "healthcare": "clinic", "name": "CLINICA AFRODITA", "website": "https://www.clinicaafrodita.ro/"}}, {"type": "Feature", "geometry": {"type": "Point", "coordinates": [26.1669403, 44.4436416]}, "properties": {"amenity": "clinic", "building": "yes", "healthcare": "clinic", "healthcare:speciality": "oncology", "name": "MedEuropa Bucuresti"}}, {"type": "Feature", "geometry": {"type": "Point", "coordinates": [26.241903, 47.6378405]}, "properties": {"amenity": "hospital", "healthcare": "hospital", "name": "Spitalul Vechi"}}, {"type": "Feature", "geometry": {"type": "Point", "coordinates": [27.0920457, 45.9069391]}, "properties": {"amenity": "clinic", "building": "yes", "healthcare": "clinic", "name": "Clinica Materna"}}, {"type": "Feature", "geometry": {"type": "Point", "coordinates": [24.4016834, 47.8304485]}, "properties": {"addr:city": "Repedea", "addr:postcode": "437240", "addr:street": "PRINCIPALA", "amenity": "hospital", "healthcare": "hospital", "name": "DISPENSAR UMAN"}}, {"type": "Feature", "geometry": {"type": "Point", "coordinates": [25.8895024, 47.5549575]}, "properties": {"addr:city": "Gura Humorului", "addr:street": "Strada \u0218tefan cel Mare", "amenity": "hospital", "building": "yes", "healthcare": "hospital", "name": "Spitalul Or\u0103\u0219enesc"}}, {"type": "Feature", "geometry": {"type": "Point", "coordinates": [24.9579029, 45.8409888]}, "properties": {"addr:city": "F\u0103g\u0103ra\u0219", "addr:housenumber": "1", "addr:postcode": "505200", "addr:street": "Strada Ghioceilor", "amenity": "clinic", "building": "yes", "healthcare": "clinic", "name": "Policlinica F\u0103g\u0103ra\u0219"}}, {"type": "Feature", "geometry": {"type": "Point", "coordinates": [24.6666204, 47.6542222]}, "properties": {"addr:city": "Bor\u0219a", "addr:housenumber": "1", "addr:street": "Strada Floare de Col\u021b", "amenity": "hospital", "emergency": "yes", "healthcare": "hospital", "name": "Spitalul de recuperare Bor\u0219a"}}, {"type": "Feature", "geometry": {"type": "Point", "coordinates": [27.8272885, 44.4088249]}, "properties": {"amenity": "hospital", "building": "hospital", "healthcare": "hospital", "name": "Policlinica Fete\u0219ti"}}, {"type": "Feature", "geometry": {"type": "Point", "coordinates": [25.893485, 47.5539089]}, "properties": {"amenity": "hospital", "building": "yes", "healthcare": "hospital"}}, {"type": "Feature", "geometry": {"type": "Point", "coordinates": [26.9698827, 46.3424533]}, "properties": {"amenity": "hospital", "healthcare": "hospital", "healthcare:speciality": "psychiatry", "name": "Centrul de Recuperare \u0219i Reabilitare Neuropsihiatric\u0103 R\u0103c\u0103ciuni"}}, {"type": "Feature", "geometry": {"type": "Point", "coordinates": [26.9077254, 45.9114013]}, "properties": {"amenity": "hospital", "healthcare": "hospital", "heritage": "2", "heritage:operator": "lmi", "name": "Spitalul comunal Vidra", "ref:RO:lmi": "VN-II-m-B-06566"}}, {"type": "Feature", "geometry": {"type": "Point", "coordinates": [23.571557, 46.7509672]}, "properties": {"amenity": "hospital", "building": "yes", "healthcare": "hospital", "name": "MedLife Spitalul Humanitas"}}, {"type": "Feature", "geometry": {"type": "Point", "coordinates": [27.070797, 45.764104]}, "properties": {"amenity": "hospital", "healthcare": "hospital"}}, {"type": "Feature", "geometry": {"type": "Point", "coordinates": [27.1940929, 45.7044843]}, "properties": {"amenity": "hospital", "building": "yes", "healthcare": "hospital", "healthcare:speciality": "paediatrics"}}, {"type": "Feature", "geometry": {"type": "Point", "coordinates": [27.1950049, 45.7037599]}, "properties": {"amenity": "hospital", "building": "yes", "healthcare": "hospital", "healthcare:speciality": "pulmonology"}}, {"type": "Feature", "geometry": {"type": "Point", "coordinates": [27.1953938, 45.7049326]}, "properties": {"amenity": "hospital", "building": "yes", "healthcare": "hospital", "healthcare:speciality": "infectious_diseases", "name": "Spitalul de Boli Infec\u021bioase"}}, {"type": "Feature", "geometry": {"type": "Point", "coordinates": [27.1905659, 45.696796]}, "properties": {"addr:city": "Foc\u0219ani", "addr:housenumber": "3-5", "addr:street": "Strada Cezar Bolliac", "amenity": "hospital", "healthcare": "hospital", "name": "Spitalul Militar de Urgen\u0163\u0103 \u201eDr. Alexandru Popescu\u201d"}}, {"type": "Feature", "geometry": {"type": "Point", "coordinates": [28.5824568, 44.2320807]}, "properties": {"addr:city": "Ovidiu", "addr:housenumber": "km 202+880", "addr:street": "DN2A", "amenity": "hospital", "healthcare": "hospital", "healthcare:speciality": "intensive;cardiology;diabetology;endocrinology;gastroenterology;haematology;neurology;nephrology;oncology;rheumatology;internal;neurosurgery;orthopaedics;physiatry;urology;surgery;vascular_surgery;dermatology;gynaecology;general;ophthalmology;psychiatry", "name": "Ovidius Clinical Hospital", "operator": "Ovidius Clinical Hospital SRL", "operator:type": "private", "phone": "+40 241 480 400", "website": "https://ovidius-ch.ro/"}}, {"type": "Feature", "geometry": {"type": "Point", "coordinates": [28.6521643, 44.1900643]}, "properties": {"addr:city": "Constan\u021ba", "addr:housenumber": "96", "addr:street": "Bulevardul Mamaia", "alt_name": "Cazarma 507", "amenity": "hospital", "emergency": "yes", "healthcare": "hospital", "name": "Spitalul Militar de Urgen\u021b\u0103 \u201eDr. Alexandru Gafencu\u201d Constan\u021ba", "operator": "Ministerul Ap\u0103r\u0103rii Na\u021bionale", "operator:type": "military", "wheelchair": "limited"}}, {"type": "Feature", "geometry": {"type": "Point", "coordinates": [24.2455494, 45.3425106]}, "properties": {"amenity": "hospital", "healthcare": "hospital"}}, {"type": "Feature", "geometry": {"type": "Point", "coordinates": [26.0740855, 44.4659572]}, "properties": {"addr:city": "Bucure\u0219ti", "addr:housenumber": "17", "addr:postcode": "011461", "addr:street": "Bulevardul M\u0103r\u0103\u0219ti", "amenity": "hospital", "emergency": "yes", "healthcare": "hospital", "name": "Spitalul Universitar de Urgen\u021b\u0103 Elias", "name:en": "Elias University Emergency Hospital", "phone": "+40 21 316 1600", "start_date": "1936", "website": "http://www.spitalul-elias.ro/"}}, {"type": "Feature", "geometry": {"type": "Point", "coordinates": [22.8936356, 47.7796113]}, "properties": {"amenity": "clinic", "building": "yes", "healthcare": "clinic"}}, {"type": "Feature", "geometry": {"type": "Point", "coordinates": [26.355013, 47.1996879]}, "properties": {"amenity": "clinic", "building": "house", "healthcare": "clinic", "name": "Clinica Asclepion"}}, {"type": "Feature", "geometry": {"type": "Point", "coordinates": [26.3365506, 47.2121292]}, "properties": {"amenity": "hospital", "healthcare": "hospital", "name": "Cas\u0103 pentru persoane cu dizabilit\u0103\u021bi"}}, {"type": "Feature", "geometry": {"type": "Point", "coordinates": [25.5520634, 44.9577922]}, "properties": {"amenity": "hospital", "healthcare": "hospital", "name": "Spitalul Jude\u021bean de Urgen\u021b\u0103 T\u00e2rgovi\u0219te - Sec\u021biile Psihiatrie Cronici I - VI"}}, {"type": "Feature", "geometry": {"type": "Point", "coordinates": [27.6760481, 44.6390222]}, "properties": {"amenity": "hospital", "healthcare": "hospital", "name": "Spitalul Or\u0103\u0219enesc \u021a\u0103nd\u0103rei"}}, {"type": "Feature", "geometry": {"type": "Point", "coordinates": [27.3276212, 44.1920442]}, "properties": {"addr:city": "C\u0103l\u0103ra\u0219i", "addr:street": "Strada Eroilor Revolutiei din 22 Decembrie 1989", "amenity": "hospital", "healthcare": "hospital", "name": "Spitalul Jude\u021bean C\u0103l\u0103ra\u0219i"}}, {"type": "Feature", "geometry": {"type": "Point", "coordinates": [23.3766818, 45.4078065]}, "properties": {"amenity": "clinic", "building": "yes", "healthcare": "clinic", "name": "Policlinic\u0103"}}, {"type": "Feature", "geometry": {"type": "Point", "coordinates": [23.3768654, 45.4078092]}, "properties": {"amenity": "clinic", "building": "yes", "healthcare": "clinic", "name": "Policlinic\u0103"}}, {"type": "Feature", "geometry": {"type": "Point", "coordinates": [25.4922897, 44.9530603]}, "properties": {"addr:city": "Valea Voievozilor", "addr:street": "Strada Gura V\u0103ii", "amenity": "clinic", "building": "yes", "healthcare": "clinic", "healthcare:speciality": "abortion", "name": "Hac"}}, {"type": "Feature", "geometry": {"type": "Point", "coordinates": [26.1054838, 44.4536805]}, "properties": {"addr:city": "Bucure\u0219ti", "addr:housenumber": "11", "addr:street": "\u0218oseaua \u0218tefan cel Mare", "amenity": "hospital", "emergency": "no", "healthcare": "hospital", "healthcare:speciality": "pneumology", "name": "Spitalul de Pneumoftiziologie Sf\u00e2ntul \u0218tefan", "operator": "Primaria Capitalei", "operator:type": "public", "phone": "+40 021 210 3936", "start_date": "1963", "website": "https://pneumosfstefan.ro/"}}, {"type": "Feature", "geometry": {"type": "Point", "coordinates": [24.0996708, 46.4876834]}, "properties": {"amenity": "hospital", "building": "yes"}}, {"type": "Feature", "geometry": {"type": "Point", "coordinates": [25.7801149, 45.017522]}, "properties": {"amenity": "hospital", "healthcare": "hospital", "healthcare:speciality": "psychiatry", "name": "Centru de recuperare \u0219i reabilitare neuro-psihiatric\u0103"}}, {"type": "Feature", "geometry": {"type": "Point", "coordinates": [24.695061, 46.7816931]}, "properties": {"addr:housenumber": "22", "addr:street": "Cardinal Alexandru Todea", "amenity": "clinic", "building": "yes", "healthcare": "clinic", "name": "Centrul Medical Policardinal Med", "website": "https://www.policardinalmed.ro/"}}, {"type": "Feature", "geometry": {"type": "Point", "coordinates": [25.4498838, 44.92393]}, "properties": {"addr:city": "T\u00e2rgovi\u0219te", "addr:street": "Bulevardul Tudor Vladimirescu", "amenity": "hospital", "healthcare": "hospital", "healthcare:speciality": "ophthalmology", "name": "Sectia recuperari"}}, {"type": "Feature", "geometry": {"type": "Point", "coordinates": [26.1419938, 44.4330768]}, "properties": {"amenity": "hospital", "healthcare": "hospital", "name": "Spitalul clinic de copii \"Dr. Victor Gomoiu\""}}, {"type": "Feature", "geometry": {"type": "Point", "coordinates": [24.0943386, 43.8011926]}, "properties": {"addr:city": "D\u0103buleni", "addr:housenumber": "13", "addr:street": "Strada Unirii", "amenity": "hospital", "name": "Spitalul Or\u0103\u0219enesc A\u0219ez\u0103mintele Br\u00e2ncovene\u0219ti"}}, {"type": "Feature", "geometry": {"type": "Point", "coordinates": [28.6509297, 44.1821646]}, "properties": {"addr:city": "Constan\u021ba", "addr:housenumber": "102", "addr:street": "Strada Mircea cel B\u0103tr\u00e2n", "amenity": "clinic", "building": "yes", "building:levels": "2", "healthcare": "clinic", "name": "Policlinica Pozimed", "operator": "Regina Maria", "operator:type": "private"}}, {"type": "Feature", "geometry": {"type": "Point", "coordinates": [24.2560844, 44.6303905]}, "properties": {"amenity": "hospital", "healthcare": "hospital"}}, {"type": "Feature", "geometry": {"type": "Point", "coordinates": [23.5619806, 46.7684351]}, "properties": {"addr:city": "Cluj-Napoca", "addr:housenumber": "32", "addr:street": "Strada Iancu de Hunedoara", "amenity": "clinic", "building": "yes", "healthcare": "clinic", "name": "Regina Maria Policlinica E. Grigorescu"}}, {"type": "Feature", "geometry": {"type": "Point", "coordinates": [25.0424406, 45.2739366]}, "properties": {"amenity": "hospital", "building": "yes", "healthcare": "hospital", "name": "Centrul Maternal \"Mama \u0219i Copilul\" C\u00e2mpulung", "source": "microsoft/BuildingFootprints"}}, {"type": "Feature", "geometry": {"type": "Point", "coordinates": [24.1435651, 45.7950982]}, "properties": {"amenity": "hospital", "contact:facebook": "https://www.facebook.com/Spitaltbcsb/", "email": "spitaltbcsibiu@yahoo.com", "emergency": "no", "healthcare": "hospital", "is_in:city": "Sibiu", "is_in:country": "Romania", "is_in:country_code": "RO", "is_in:county": "Sibiu", "loc_name": "Spitalul TBC", "mobile": "+40 790 012 598", "name": "Spitalul de Pneumoftiziologie Sibiu", "phone": "+40 269 210 979", "website": "https://spital-tbc.ro/"}}, {"type": "Feature", "geometry": {"type": "Point", "coordinates": [24.1398905, 45.7977479]}, "properties": {"addr:city": "Sibiu", "addr:housenumber": "3-5", "addr:street": "Strada Pedagogilor", "amenity": "hospital", "email": "carlwolff@carlwolff.ro", "emergency": "no", "fax": "+40 269 223 680", "healthcare": "hospital", "name": "C\u0103min \u2013 Spital \u201eDr. Carl Wolff\u201d", "phone": "+40 269 221 131", "website": "https://carlwolff.ro"}}, {"type": "Feature", "geometry": {"type": "Point", "coordinates": [28.6306966, 44.1613596]}, "properties": {"amenity": "hospital", "healthcare": "hospital"}}, {"type": "Feature", "geometry": {"type": "Point", "coordinates": [26.8592137, 47.0051501]}, "properties": {"addr:city": "S\u0103b\u0103oani", "addr:housenumber": "34", "addr:postcode": "617400", "addr:street": "Strada Cioc\u00e2rliei", "amenity": "clinic", "building": "yes", "healthcare": "clinic", "name": "LucaMed Recuperare Medicala"}}, {"type": "Feature", "geometry": {"type": "Point", "coordinates": [26.3618912, 47.2025432]}, "properties": {"amenity": "hospital", "healthcare": "hospital"}}, {"type": "Feature", "geometry": {"type": "Point", "coordinates": [21.2593357, 45.8113407]}, "properties": {"addr:city": "Dumbr\u0103vi\u021ba", "addr:housenumber": "12", "addr:street": "Strada Bart\u00f3k B\u00e9la", "amenity": "clinic", "building": "yes", "email": "office.timisoara@amethyst-radiotherapy.com", "name": "Centrul de radioterapie Amethyst", "phone": "+40 21 9368", "website": "https://amethyst-radiotherapy.ro/"}}, {"type": "Feature", "geometry": {"type": "Point", "coordinates": [23.6049529, 46.7559051]}, "properties": {"addr:city": "Cluj-Napoca", "addr:housenumber": "40G", "addr:postcode": "400504", "addr:street": "Strada Predeal", "amenity": "clinic", "building": "yes", "name": "Di'Art Clinic and Consultant"}}, {"type": "Feature", "geometry": {"type": "Point", "coordinates": [23.5662439, 46.7626497]}, "properties": {"addr:city": "Cluj-Napoca", "addr:housenumber": "54C", "addr:street": "Calea M\u0103n\u0103\u0219tur", "amenity": "hospital", "building": "yes", "emergency": "yes", "healthcare": "hospital", "healthcare:speciality": "paediatrics;psychiatry;emergency", "name": "Ambulatoriu Clinic de Psihiatrie Pedriatic\u0103", "operator": "Spitalul Clinic de Urgen\u021b\u0103 pentru Copii Cluj"}}, {"type": "Feature", "geometry": {"type": "Point", "coordinates": [21.2192955, 45.7792232]}, "properties": {"amenity": "hospital", "email": "receptie@spitalpremiere.ro", "healthcare": "hospital", "healthcare:speciality": "paediatrics;gynaecology;maternity;surgery", "name": "Spital Premiere", "operator": "Regina Maria", "phone": "+40 356 900", "website": "https://www.spitalpremiere.ro/"}}, {"type": "Feature", "geometry": {"type": "Point", "coordinates": [26.101545, 44.45388]}, "properties": {"addr:city": "Bucure\u0219ti", "addr:housenumber": "8", "addr:postcode": "014451", "addr:street": "Calea Floreasca", "alt_name": "Spitalul de Urgen\u021b\u0103 Floreasca", "alt_name:en": "Bucharest Emergency Clinical Hospital", "amenity": "hospital", "emergency": "yes", "healthcare": "hospital", "name": "Spitalul Clinic de Urgen\u021b\u0103 Bucure\u0219ti", "name:en": "Floreasca Hospital", "operator:type": "public", "website": "http://www.urgentafloreasca.ro/", "wikidata": "Q5460508", "wikipedia": "ro:Spitalul Clinic de Urgen\u021b\u0103 Bucure\u0219ti"}}, {"type": "Feature", "geometry": {"type": "Point", "coordinates": [25.7923086, 45.0301768]}, "properties": {"amenity": "hospital", "fixme": "The perimeter is approximate.", "healthcare": "hospital", "name": "Spitalul de pneumoftiziologie Flore\u0219ti"}}, {"type": "Feature", "geometry": {"type": "Point", "coordinates": [21.4615052, 45.437746]}, "properties": {"amenity": "hospital", "healthcare:speciality": "psychiatry", "name": "Spitalul de Psihiatrie G\u0103taia"}}, {"type": "Feature", "geometry": {"type": "Point", "coordinates": [21.1985412, 45.5660194]}, "properties": {"amenity": "hospital", "healthcare:speciality": "psychiatry", "name": "Spitalul de Psihiatrie \u0219i pentru M\u0103suri de Siguran\u021b\u0103 Jebel"}}, {"type": "Feature", "geometry": {"type": "Point", "coordinates": [22.6402575, 44.6322986]}, "properties": {"amenity": "clinic", "building": "yes", "building:levels": "4", "healthcare": "clinic", "name": "Centrul de Oncologie"}}, {"type": "Feature", "geometry": {"type": "Point", "coordinates": [25.9262941, 47.8377387]}, "properties": {"amenity": "hospital", "healthcare": "hospital", "name": "Spitalul Municipal R\u0103d\u0103u\u021bi"}}, {"type": "Feature", "geometry": {"type": "Point", "coordinates": [25.989035, 44.9082873]}, "properties": {"addr:city": "Ploie\u0219ti", "addr:street": "\u0218oseaua Buftea", "amenity": "clinic", "building": "yes", "healthcare": "clinic"}}, {"type": "Feature", "geometry": {"type": "Point", "coordinates": [26.1346879, 44.428482]}, "properties": {"addr:city": "Bucure\u0219ti", "addr:housenumber": "14A", "addr:street": "Bulevardul Decebal", "amenity": "clinic", "building:levels": "3", "healthcare": "clinic", "name": "Synris Dent"}}, {"type": "Feature", "geometry": {"type": "Point", "coordinates": [26.8274153, 45.1463743]}, "properties": {"amenity": "hospital", "healthcare": "hospital", "name": "Spitalul de Boli Contagioase Buz\u0103u (fost G\u00e2rla\u0219i)", "operator": "Spitalul Jude\u021ben de Urgen\u021b\u0103 Buz\u0103u", "operator:type": "public"}}, {"type": "Feature", "geometry": {"type": "Point", "coordinates": [24.0950681, 44.9841746]}, "properties": {"amenity": "hospital", "healthcare": "hospital", "name": "Dispensarul Pope\u0219ti"}}, {"type": "Feature", "geometry": {"type": "Point", "coordinates": [23.6025994, 46.7757871]}, "properties": {"amenity": "hospital", "healthcare": "hospital", "name": "Sec\u021bia de Hematologie a Institutului Oncologic"}}, {"type": "Feature", "geometry": {"type": "Point", "coordinates": [23.8612063, 47.45535]}, "properties": {"amenity": "hospital", "healthcare": "hospital"}}, {"type": "Feature", "geometry": {"type": "Point", "coordinates": [21.2183439, 45.7384962]}, "properties": {"addr:city": "Timi\u0219oara", "addr:housenumber": "59", "addr:postcode": "300239", "addr:street": "Strada Ciprian Porumbescu", "amenity": "clinic", "healthcare": "clinic", "name": "Centrul de Oncologie OncoHelp", "website": "https://www.oncohelp.ro/"}}, {"type": "Feature", "geometry": {"type": "Point", "coordinates": [23.829645, 44.3009723]}, "properties": {"addr:city": "Craiova", "addr:housenumber": "109", "addr:street": "Strada Caracal", "amenity": "hospital", "healthcare": "hospital", "name": "Centrul de Recuperare \"Sf\u00e2ntul Nectarie\""}}, {"type": "Feature", "geometry": {"type": "Point", "coordinates": [26.1214467, 44.4406855]}, "properties": {"amenity": "hospital", "healthcare": "hospital", "healthcare:speciality": "orthopaedics", "name": "Spitalul Clinic de Ortopedie \"Foi\u0219or\""}}, {"type": "Feature", "geometry": {"type": "Point", "coordinates": [26.1490639, 44.4388062]}, "properties": {"amenity": "hospital", "healthcare": "hospital", "name": "Spitalul \"Monza\""}}, {"type": "Feature", "geometry": {"type": "Point", "coordinates": [26.1787735, 44.4383371]}, "properties": {"amenity": "hospital", "healthcare": "hospital", "name": "Spitalul Clinic \"Nicolae Malaxa\""}}, {"type": "Feature", "geometry": {"type": "Point", "coordinates": [21.2357923, 45.7527645]}, "properties": {"amenity": "clinic", "healthcare": "clinic", "name": "Clinica de Recuperare, Medicin\u0103 Fizic\u0103 \u0219i Balneologie"}}, {"type": "Feature", "geometry": {"type": "Point", "coordinates": [24.1545286, 45.8081347]}, "properties": {"addr:city": "Sibiu", "addr:postcode": "550081", "amenity": "hospital", "building": "yes", "healthcare": "hospital", "height": "15", "name": "Spitalul de Psihiatrie \"Dr. Gheorghe Preda\"", "old_name": "Spitalul Nr. 3", "roof:height": "3", "roof:material": "roof_tiles", "roof:shape": "pyramidal"}}, {"type": "Feature", "geometry": {"type": "Point", "coordinates": [26.6493562, 44.7109004]}, "properties": {"amenity": "hospital", "healthcare": "hospital", "name": "Spitalul Municipal Urziceni"}}, {"type": "Feature", "geometry": {"type": "Point", "coordinates": [24.1454091, 45.7087771]}, "properties": {"addr:city": "Cisn\u0103die", "amenity": "hospital", "building": "yes", "healthcare": "hospital", "name": "Spitalul Or\u0103\u0219enesc Cisn\u0103die"}}, {"type": "Feature", "geometry": {"type": "Point", "coordinates": [21.2313705, 45.7321168]}, "properties": {"addr:city": "Timi\u0219oara", "addr:housenumber": "39", "addr:street": "Strada Mare\u0219al Alexandru Averescu", "amenity": "clinic", "building": "yes", "name": "Clinica Sf\u00e2ntul Pantelimon"}}, {"type": "Feature", "geometry": {"type": "Point", "coordinates": [23.0455021, 44.1083129]}, "properties": {"amenity": "hospital", "healthcare": "hospital"}}, {"type": "Feature", "geometry": {"type": "Point", "coordinates": [26.0720731, 44.4960281]}, "properties": {"addr:city": "Bucure\u0219ti", "addr:housenumber": "85A", "addr:street": "Strada Constantin Dobrogeanu-Gherea", "amenity": "hospital", "healthcare": "hospital", "name": "Spitalul B\u0103neasa Regina Maria", "website": "https://www.reginamaria.ro/spitale/spitalul-baneasa"}}, {"type": "Feature", "geometry": {"type": "Point", "coordinates": [27.6113601, 47.1645472]}, "properties": {"amenity": "clinic", "building": "yes", "healthcare": "clinic", "healthcare:speciality": "dermatology", "name": "Unique Clinic"}}, {"type": "Feature", "geometry": {"type": "Point", "coordinates": [22.8771479, 47.7849324]}, "properties": {"amenity": "clinic", "building": "yes", "healthcare": "clinic"}}, {"type": "Feature", "geometry": {"type": "Point", "coordinates": [27.63353, 47.1515288]}, "properties": {"amenity": "clinic", "building": "yes", "healthcare": "dialysis", "healthcare:speciality": "nephrology", "name": "Fresenius"}}, {"type": "Feature", "geometry": {"type": "Point", "coordinates": [26.0036935, 44.4179605]}, "properties": {"addr:city": "Bucure\u0219ti", "addr:country": "RO", "addr:housenumber": "101", "addr:postcode": "061981", "addr:street": "Drumul Valea Doftanei", "amenity": "clinic", "building": "clinic", "building:levels": "5", "building:levels:underground": "1", "healthcare": "clinic", "height": "16", "name": "Spitalul Br\u00e2ncu\u0219i", "start_date": "2024"}}, {"type": "Feature", "geometry": {"type": "Point", "coordinates": [27.5614523, 47.1722067]}, "properties": {"addr:city": "Ia\u0219i", "addr:housenumber": "95A", "addr:street": "Strada P\u0103curari", "amenity": "clinic", "building": "yes", "healthcare": "clinic", "healthcare:speciality": "radiotherapy", "name": "Centru de Radioterapie MedEuropa Iasi", "opening_hours": "Mo-Fr 08:00-20:00", "operator": "MedEuropa", "operator:type": "private", "website": "https://www.medeuropa.ro/radioterapie-iasi"}}, {"type": "Feature", "geometry": {"type": "Point", "coordinates": [22.3673051, 46.7658448]}, "properties": {"amenity": "clinic", "building": "yes", "healthcare": "clinic", "name": "Dispensar"}}, {"type": "Feature", "geometry": {"type": "Point", "coordinates": [28.7357189, 45.0401948]}, "properties": {"amenity": "clinic", "building": "yes", "healthcare": "clinic", "healthcare:speciality": "general"}}, {"type": "Feature", "geometry": {"type": "Point", "coordinates": [28.6319004, 44.1630284]}, "properties": {"addr:city": "Constan\u021ba", "addr:housenumber": "42", "addr:street": "Bulevardul 1 Mai", "amenity": "clinic", "healthcare": "clinic"}}, {"type": "Feature", "geometry": {"type": "Point", "coordinates": [24.1826556, 47.1813789]}, "properties": {"addr:city": "Beclean", "addr:postcode": "425100", "addr:street": "Aleea Zorilor", "amenity": "hospital", "healthcare": "doctor", "healthcare:speciality": "general;dentistry", "name": "Policlinica"}}, {"type": "Feature", "geometry": {"type": "Point", "coordinates": [22.9099923, 45.7614894]}, "properties": {"addr:city": "Hunedoara", "addr:street": "Bulevardul Dacia", "amenity": "clinic", "brand": "Clinica Sante", "brand:wikidata": "Q121080834", "building": "yes", "healthcare": "sample_collection", "height": "4", "name": "Clinica Sante", "roof:colour": "#c0c0c0"}}, {"type": "Feature", "geometry": {"type": "Point", "coordinates": [26.4065593, 47.1966531]}, "properties": {"amenity": "hospital", "healthcare": "hospital", "name": "Punct sanitar"}}, {"type": "Feature", "geometry": {"type": "Point", "coordinates": [27.5152175, 47.2039527]}, "properties": {"amenity": "clinic", "healthcare": "dialysis", "healthcare:speciality": "nephrology", "name": "Verde Clinic - Centru de Dializ\u0103"}}, {"type": "Feature", "geometry": {"type": "Point", "coordinates": [26.3821644, 47.2087896]}, "properties": {"amenity": "hospital", "healthcare": "hospital"}}, {"type": "Feature", "geometry": {"type": "Point", "coordinates": [26.3783799, 47.2074663]}, "properties": {"amenity": "hospital", "healthcare": "hospital", "name": "Medic de familie"}}, {"type": "Feature", "geometry": {"type": "Point", "coordinates": [23.513326, 44.9625379]}, "properties": {"addr:city": "T\u00e2rgu C\u0103rbune\u0219ti", "addr:housenumber": "5", "addr:postcode": "215500", "addr:street": "Strada Eroilor", "amenity": "hospital", "emergency": "yes", "healthcare": "hospital", "name": "Spitalul Or\u0103\u0219enesc"}}, {"type": "Feature", "geometry": {"type": "Point", "coordinates": [26.9090808, 46.5707463]}, "properties": {"addr:city": "Bac\u0103u", "addr:housenumber": "4", "addr:postcode": "600237", "addr:street": "Strada Banca Na\u021bional\u0103", "amenity": "clinic", "building": "yes", "healthcare": "clinic", "name": "Clinica NewMedics Bacau"}}, {"type": "Feature", "geometry": {"type": "Point", "coordinates": [26.0719302, 44.4360553]}, "properties": {"addr:city": "Bucure\u0219ti", "addr:country": "RO", "addr:housename": "Str. Dr. A.Leonte", "addr:housenumber": "169", "addr:postcode": "050098", "addr:street": "Splaiul Independen\u021bei", "amenity": "hospital", "emergency": "yes", "healthcare": "hospital", "name": "Spitalul Universitar de Urgen\u021b\u0103 Bucure\u0219ti", "name:en": "Emergency University Hospital of Bucharest", "operator": "Spitalul Universitar de Urgenta Bucuresti", "operator:type": "public", "phone": "+4 21 3180522", "source": "IT SUUB", "source:addr:housenumber": "survey", "source:addr:street": "survey", "toilets:wheelchair": "no", "website": "https://www.suub.ro/", "wheelchair": "yes"}}, {"type": "Feature", "geometry": {"type": "Point", "coordinates": [24.2580992, 44.6596017]}, "properties": {"addr:city": "Dr\u0103g\u0103\u0219ani", "addr:housenumber": "2", "addr:postcode": "245700", "addr:street": "Strada Dr. Dumitru Bagdasar", "amenity": "hospital", "emergency": "no", "healthcare": "hospital", "name": "Spitalul Municipal \u201eCostache Nicolescu\u201d Dr\u0103g\u0103\u0219ani"}}, {"type": "Feature", "geometry": {"type": "Point", "coordinates": [26.0811162, 44.4472576]}, "properties": {"addr:city": "Bucure\u0219ti", "addr:country": "RO", "addr:housenumber": "38-52", "addr:postcode": "011062", "addr:street": "Strada Gheorghe Polizu", "amenity": "hospital", "emergency": "yes", "healthcare": "hospital", "healthcare:speciality": "gynaecology;paediatrics", "name": "Spitalul Polizu", "official_name": "Spitalul Clinic de Obstetric\u0103 \u0219i Ginecologie Polizu", "operator": "Institutul Clinic pentru Ocrotirea Mamei \u0219i Copilului Alfred Rusescu", "operator:type": "public", "website": "https://www.insmc.ro/"}}, {"type": "Feature", "geometry": {"type": "Point", "coordinates": [24.9435803, 44.3764216]}, "properties": {"amenity": "hospital", "healthcare": "hospital", "healthcare:speciality": "psychiatry", "name": "Spitalul de Psihiatrie Cronici Balaci"}}, {"type": "Feature", "geometry": {"type": "Point", "coordinates": [22.6629771, 45.931434]}, "properties": {"addr:city": "Ilia", "addr:postcode": "337270", "addr:street": "Strada Libert\u0103\u021bii", "amenity": "hospital", "building": "yes", "healthcare": "hospital", "height": "7"}}, {"type": "Feature", "geometry": {"type": "Point", "coordinates": [22.3958105, 44.7216057]}, "properties": {"amenity": "hospital", "name": "Spitalul Municipal Or\u0219ova"}}, {"type": "Feature", "geometry": {"type": "Point", "coordinates": [27.1064108, 45.5500118]}, "properties": {"addr:city": "Dumbr\u0103veni", "addr:postcode": "627105", "addr:street": "Strada Duiliu Zamfirescu", "amenity": "hospital", "building": "yes", "healthcare": "hospital", "name": "Spitalul de Psihiatrie Cronici"}}, {"type": "Feature", "geometry": {"type": "Point", "coordinates": [25.5470205, 45.348616]}, "properties": {"amenity": "hospital", "healthcare": "hospital", "healthcare:speciality": "paediatrics", "name": "Spital Sinaia- Sec\u021bia Pediatrie"}}, {"type": "Feature", "geometry": {"type": "Point", "coordinates": [26.0832364, 44.4182398]}, "properties": {"addr:city": "Bucure\u0219ti", "addr:housenumber": "42-44", "addr:postcode": "050142", "addr:street": "Bulevardul George Co\u0219buc", "amenity": "hospital", "building": "yes", "building:levels": "4", "healthcare": "hospital", "name": "Medic Line George Cosbuc"}}, {"type": "Feature", "geometry": {"type": "Point", "coordinates": [24.2673774, 44.5210617]}, "properties": {"amenity": "clinic", "building": "yes", "healthcare": "clinic", "name": "Dispensar Strejesti"}}, {"type": "Feature", "geometry": {"type": "Point", "coordinates": [26.1370296, 44.4057416]}, "properties": {"addr:city": "Bucure\u0219ti", "addr:housenumber": "313A", "addr:street": "Splaiul Unirii", "amenity": "hospital", "email": "callcenter@royalhospital.ro", "healthcare": "hospital", "healthcare:speciality": "emergency;gynaecology;urology", "name": "Royal Hospital", "phone": "+40219095", "website": "https://www.royalhospital.ro/"}}, {"type": "Feature", "geometry": {"type": "Point", "coordinates": [22.922992, 47.7780262]}, "properties": {"amenity": "clinic", "building": "yes", "healthcare": "clinic", "name": "Clinica Primamedica One"}}, {"type": "Feature", "geometry": {"type": "Point", "coordinates": [21.8853919, 45.291025]}, "properties": {"amenity": "hospital", "healthcare": "hospital"}}, {"type": "Feature", "geometry": {"type": "Point", "coordinates": [21.8858492, 45.2908145]}, "properties": {"amenity": "hospital", "healthcare": "hospital"}}, {"type": "Feature", "geometry": {"type": "Point", "coordinates": [21.8844925, 45.2905409]}, "properties": {"amenity": "hospital", "healthcare": "hospital"}}, {"type": "Feature", "geometry": {"type": "Point", "coordinates": [21.8860927, 45.290581]}, "properties": {"amenity": "hospital", "healthcare": "hospital", "name": "Centrul de Transfuzie Sanguin\u0103"}}, {"type": "Feature", "geometry": {"type": "Point", "coordinates": [21.8849547, 45.2902125]}, "properties": {"amenity": "hospital", "healthcare": "hospital"}}, {"type": "Feature", "geometry": {"type": "Point", "coordinates": [21.88521, 45.2905521]}, "properties": {"addr:street": "Strada Spitalului", "amenity": "hospital", "healthcare": "hospital", "name": "Spitalul nr. 2"}}, {"type": "Feature", "geometry": {"type": "Point", "coordinates": [25.9570071, 43.8943475]}, "properties": {"amenity": "clinic", "building": "yes", "healthcare": "clinic", "height": "9", "name": "Policlinic\u0103"}}, {"type": "Feature", "geometry": {"type": "Point", "coordinates": [26.108544, 44.3894516]}, "properties": {"amenity": "hospital", "check_date": "2024-03-13", "emergency": "yes", "healthcare": "hospital", "healthcare:speciality": "paediatrics", "name": "Spitalul Clinic de Urgenta pentru copii Maria Sklodowska Curie", "name:etymology:wikidata": "Q7186", "old_name": "Budimex", "start_date": "1984", "website": "https://www.mscurie.ro/", "wikidata": "Q12741193", "wikipedia": "ro:Spitalul Clinic de Urgen\u021b\u0103 pentru copii \u201eMaria Sklodowska Curie\u201d"}}, {"type": "Feature", "geometry": {"type": "Point", "coordinates": [26.8103115, 45.1521928]}, "properties": {"amenity": "hospital", "healthcare": "hospital"}}, {"type": "Feature", "geometry": {"type": "Point", "coordinates": [26.7736652, 45.197959]}, "properties": {"amenity": "clinic", "building": "yes", "healthcare": "clinic"}}, {"type": "Feature", "geometry": {"type": "Point", "coordinates": [26.8095095, 45.1811641]}, "properties": {"amenity": "clinic", "building": "yes", "healthcare": "clinic"}}, {"type": "Feature", "geometry": {"type": "Point", "coordinates": [23.5521912, 47.6531009]}, "properties": {"addr:city": "Baia Mare", "addr:housenumber": "8C", "addr:street": "Strada Cuza Vod\u0103", "amenity": "clinic", "building": "yes", "name": "Centrul de Servicii de Reabilitare Neutomotorie"}}, {"type": "Feature", "geometry": {"type": "Point", "coordinates": [26.0664684, 45.659375]}, "properties": {"addr:city": "Sita Buz\u0103ului", "addr:housenumber": "222", "addr:postcode": "527155", "addr:street": "Strada Principal\u0103", "amenity": "hospital", "emergency": "no", "healthcare": "hospital", "healthcare:speciality": "general", "name": "Cabinet medical de familie"}}, {"type": "Feature", "geometry": {"type": "Point", "coordinates": [24.8687797, 43.743527]}, "properties": {"amenity": "hospital", "healthcare": "hospital", "name": "Spitalul Municipal Turnu M\u0103gurele"}}, {"type": "Feature", "geometry": {"type": "Point", "coordinates": [26.9095852, 46.5572947]}, "properties": {"amenity": "hospital", "healthcare": "hospital", "name": "Spitalul Municipal \u201eSf\u00e2nta Maria\u201d Bac\u0103u"}}, {"type": "Feature", "geometry": {"type": "Point", "coordinates": [25.9686889, 43.8978063]}, "properties": {"addr:city": "Giurgiu", "addr:housenumber": "16", "addr:street": "Bulevardul Bucure\u0219ti", "amenity": "hospital", "emergency": "yes", "healthcare": "hospital", "name": "Spitalul Jude\u021bean de Urgen\u021b\u0103 Giurgiu"}}, {"type": "Feature", "geometry": {"type": "Point", "coordinates": [25.313522, 43.9796402]}, "properties": {"amenity": "hospital", "healthcare": "hospital"}}, {"type": "Feature", "geometry": {"type": "Point", "coordinates": [26.2676003, 47.6704469]}, "properties": {"addr:city": "Suceava", "addr:housenumber": "9", "addr:postcode": "720168", "addr:street": "Strada Nicolae Iorga", "amenity": "hospital", "building": "yes", "healthcare": "hospital", "name": "Spitalul Clinic CF Iasi, Ambulatoriul de specialitate CF Suceava", "phone": "0741 070 264"}}, {"type": "Feature", "geometry": {"type": "Point", "coordinates": [26.0116404, 47.5853952]}, "properties": {"addr:city": "Ili\u0219e\u0219ti", "addr:housenumber": "307C", "addr:postcode": "727130", "amenity": "hospital", "building": "yes", "healthcare": "hospital", "height": "10", "name": "Spitalul de ingrijiri paliative Ilisesti,"}}, {"type": "Feature", "geometry": {"type": "Point", "coordinates": [21.6097633, 45.6498426]}, "properties": {"addr:city": "Buzia\u0219-", "addr:housenumber": "18", "addr:street": "Strada Avram Iancu", "amenity": "clinic", "building": "yes", "healthcare": "clinic", "name": "Centrul Medical Clinic de Evaluare \u015fi Recuperare pentru Copii \u015fi Adolescen\u0163i Cristian \u015eerban"}}, {"type": "Feature", "geometry": {"type": "Point", "coordinates": [25.7323155, 45.1279933]}, "properties": {"amenity": "hospital", "emergency": "yes", "healthcare": "hospital", "name": "Spitalul Municipal C\u00e2mpina", "website": "https://www.spitalcampina.ro/"}}, {"type": "Feature", "geometry": {"type": "Point", "coordinates": [23.1870583, 45.8421208]}, "properties": {"amenity": "hospital", "healthcare": "hospital", "name": "Spitalul Or\u0103\u0219enesc Or\u0103\u0219tie"}}, {"type": "Feature", "geometry": {"type": "Point", "coordinates": [28.0196327, 45.4187293]}, "properties": {"addr:city": "Gala\u021bi", "addr:housenumber": "177", "addr:postcode": "800578", "addr:street": "Strada Br\u0103ilei", "amenity": "hospital", "email": "secretariat@spitalulurgentagalati.ro", "emergency": "yes", "healthcare": "hospital", "is_in:city": "Gala\u021bi", "name": "Spitalul Jude\u021bean de Urgen\u021b\u0103 \"Sf\u00e2ntul Apostol Andrei\"", "operator": "Spitalul Clinic Jude\u021bean de Urgen\u021b\u0103 \"Sf. Apostol Andrei\" Gala\u021bi", "operator:type": "government", "phone": "0236 / 301.111", "short_name": "Spitalul judetean Galati", "website": "https://www.spitalulurgentagalati.ro/"}}, {"type": "Feature", "geometry": {"type": "Point", "coordinates": [26.7674586, 46.2449883]}, "properties": {"amenity": "clinic", "building": "yes", "healthcare": "clinic", "name": "Clinica Antares"}}, {"type": "Feature", "geometry": {"type": "Point", "coordinates": [24.363827, 45.1306208]}, "properties": {"amenity": "clinic", "building": "yes", "healthcare": "clinic"}}, {"type": "Feature", "geometry": {"type": "Point", "coordinates": [24.5057545, 47.1398742]}, "properties": {"amenity": "hospital", "emergency": "yes", "healthcare": "hospital", "name": "Spitalul Clinic Jude\u021bean de Urgen\u021b\u0103 Bistri\u021ba", "operator": "Jude\u021bul Bistri\u021ba-N\u0103s\u0103ud", "operator:type": "public", "operator:wikidata": "Q181513", "phone": "+40263214390", "website": "https://sjub.ro/"}}, {"type": "Feature", "geometry": {"type": "Point", "coordinates": [23.0664931, 43.9189948]}, "properties": {"addr:city": "Poiana Mare", "addr:postcode": "207470", "addr:street": "Strada Independen\u021bei", "amenity": "clinic", "building": "yes", "building:levels": "2", "healthcare": "clinic"}}, {"type": "Feature", "geometry": {"type": "Point", "coordinates": [24.8475013, 44.8708232]}, "properties": {"amenity": "hospital", "email": "sesizari@sjupitesti.ro", "emergency": "yes", "healthcare": "hospital", "name": "Spitalul Jude\u021bean de Urgen\u021b\u0103 Pite\u0219ti", "name:en": "The County Emergency Hospital Pite\u0219ti", "opening_hours": "24/7", "phone": "0248287150", "website": "http://www.sjupitesti.ro/"}}, {"type": "Feature", "geometry": {"type": "Point", "coordinates": [26.0956314, 44.428945]}, "properties": {"addr:city": "Bucure\u0219ti", "addr:street": "Pia\u021ba Na\u021biunile Unite", "amenity": "clinic", "building": "yes", "healthcare": "clinic", "name": "Centrul socio-medical \"Sf\u00e2ntul Spiridon Vechi\""}}, {"type": "Feature", "geometry": {"type": "Point", "coordinates": [26.3585, 47.208529]}, "properties": {"amenity": "hospital", "healthcare": "hospital"}}, {"type": "Feature", "geometry": {"type": "Point", "coordinates": [26.3589206, 47.20806]}, "properties": {"addr:city": "T\u00e2rgu Neam\u021b", "addr:housenumber": "35", "addr:postcode": "615200", "addr:street": "Stefan cel mare", "amenity": "hospital", "healthcare": "hospital", "name": "Corp tehnic administrativ"}}, {"type": "Feature", "geometry": {"type": "Point", "coordinates": [26.3571905, 47.2085462]}, "properties": {"addr:city": "T\u00e2rgu Neam\u021b", "addr:housenumber": "35", "addr:postcode": "615200", "addr:street": "stefan cel mare", "amenity": "hospital", "healthcare": "hospital", "healthcare:speciality": "general", "name": "Magazie centrala", "operator": "Spital Targu Neamt", "operator:type": "public"}}, {"type": "Feature", "geometry": {"type": "Point", "coordinates": [24.3667127, 44.4300092]}, "properties": {"amenity": "hospital", "healthcare": "hospital", "name": "Spitalul Jude\u021bean de Urgen\u021b\u0103 Slatina"}}, {"type": "Feature", "geometry": {"type": "Point", "coordinates": [25.6207447, 45.6484567]}, "properties": {"addr:city": "Bra\u0219ov", "addr:street": "Calea Bucure\u0219ti", "amenity": "hospital", "emergency": "yes", "healthcare": "hospital", "name": "Spitalul Clinic Jude\u021bean de Urgen\u021b\u0103 Bra\u0219ov", "operator:type": "public", "phone": "+70372676253", "short_name": "SCJU Bra\u0219ov", "website": "https://www.hospbv.ro/"}}, {"type": "Feature", "geometry": {"type": "Point", "coordinates": [25.364334, 43.6503688]}, "properties": {"addr:city": "Zimnicea", "addr:housenumber": "12", "addr:postcode": "145400", "addr:street": "Strada Trandafirilor", "amenity": "hospital", "healthcare": "hospital", "name": "Spitalul Or\u0103\u0219enesc Zimnicea"}}, {"type": "Feature", "geometry": {"type": "Point", "coordinates": [25.3620285, 43.652367]}, "properties": {"amenity": "clinic", "healthcare": "hospital", "healthcare:speciality": "geriatrics", "name": "Sec\u021bia de Geriatrie - Spitalul Or\u0103\u0219enesc Zimnicea"}}, {"type": "Feature", "geometry": {"type": "Point", "coordinates": [26.2404995, 47.6391198]}, "properties": {"addr:city": "Suceava", "addr:housenumber": "18", "addr:street": "Bulevardul 1 Mai", "alt_name": "Spitalul de Urgen\u021b\u0103 Suceava", "amenity": "hospital", "emergency": "yes", "healthcare": "hospital", "name": "Spitalul Jude\u021bean Suceava", "operator:type": "public", "phone": "+40230222098", "website": "https://spitaluljudeteansuceava.ro/"}}, {"type": "Feature", "geometry": {"type": "Point", "coordinates": [24.4237222, 44.6039291]}, "properties": {"amenity": "hospital", "building": "hospital", "healthcare": "hospital"}}, {"type": "Feature", "geometry": {"type": "Point", "coordinates": [26.1032491, 44.2435934]}, "properties": {"addr:city": "Aduna\u021bii-Cop\u0103ceni", "addr:housenumber": "31", "addr:street": "\u0218oseaua Victoriei", "amenity": "hospital", "healthcare": "hospital", "name": "Centrul de Asisten\u021b\u0103 socio-medical\u0103 Mogo\u0219e\u0219ti"}}, {"type": "Feature", "geometry": {"type": "Point", "coordinates": [21.3930254, 46.2839492]}, "properties": {"amenity": "clinic", "building": "yes", "healthcare": "clinic", "name": "Dispensarul Zimandul Nou"}}, {"type": "Feature", "geometry": {"type": "Point", "coordinates": [27.4329346, 47.0713917]}, "properties": {"amenity": "hospital", "healthcare": "hospital"}}, {"type": "Feature", "geometry": {"type": "Point", "coordinates": [27.4327353, 47.0712155]}, "properties": {"amenity": "hospital", "healthcare": "hospital"}}, {"type": "Feature", "geometry": {"type": "Point", "coordinates": [26.8995895, 46.5644968]}, "properties": {"addr:city": "Bac\u0103u", "addr:housenumber": "72", "addr:postcode": "600252", "addr:street": "Strada Oituz", "amenity": "hospital", "email": "secretariat@pneumobacau.ro", "fax": "+40 234 514 056", "healthcare": "hospital", "name": "Spitalul de Pneumoftiziologie Bac\u0103u", "phone": "+40 234 510 072", "siruta:code": "20297", "website": "https://www.pneumobacau.ro/"}}, {"type": "Feature", "geometry": {"type": "Point", "coordinates": [23.881054, 47.1413947]}, "properties": {"amenity": "hospital", "name": "Spitalul Municipal Dej"}}, {"type": "Feature", "geometry": {"type": "Point", "coordinates": [29.5945929, 44.8975257]}, "properties": {"addr:city": "Sf\u00e2ntu Gheorghe", "addr:housenumber": "14", "addr:postcode": "827195", "addr:street": "Strada X", "amenity": "hospital", "emergency": "no", "healthcare": "hospital", "name": "Farmacie & Dispensar Comunal Sf\u00e2ntu Gheorghe", "name:en": "Pharmacy & Communal Dispensary Sf\u00e2ntu Gheorghe"}}, {"type": "Feature", "geometry": {"type": "Point", "coordinates": [26.105816, 44.4166587]}, "properties": {"addr:city": "Bucure\u0219ti", "addr:housenumber": "16-18", "addr:street": "Strada R\u0103dulescu Drumea", "amenity": "hospital", "healthcare": "hospital", "name": "Policlinica Drumea R\u0103dulescu (medicina de familie)"}}, {"type": "Feature", "geometry": {"type": "Point", "coordinates": [25.8895085, 47.5549321]}, "properties": {"amenity": "hospital", "emergency": "yes", "healthcare": "hospital", "name": "Spitalul Or\u0103\u0219enesc Gura Humorului"}}]}