{
"type": "FeatureCollection",
"name": "education",
"crs": { "type": "name", "properties": { "name": "urn:ogc:def:crs:OGC:1.3:CRS84" } },
"features": [
{ "type": "Feature", "properties": { "nuts3_code": "RO421", "name": "Facultatea de Științe ale Naturii, Inginerie și Informatică a Universității \"Vasile Goldiș\"", "amenity": "university", "landuse": null }, "geometry": { "type": "Point", "coordinates": [ 21.3168771, 46.172892 ] } },
{ "type": "Feature", "properties": { "nuts3_code": "RO421", "name": "Vasile Goldiș: Facultatea de Științe Juridice", "amenity": "university", "landuse": null }, "geometry": { "type": "Point", "coordinates": [ 21.3161732, 46.173254 ] } },
{ "type": "Feature", "properties": { "nuts3_code": "RO112", "name": "Liceul Liviu Rebreanu", "amenity": "college", "landuse": null }, "geometry": { "type": "Point", "coordinates": [ 24.495396, 47.1357344 ] } },
{ "type": "Feature", "properties": { "nuts3_code": "RO112", "name": "Liceul Andrei Mureșanu", "amenity": "college", "landuse": null }, "geometry": { "type": "Point", "coordinates": [ 24.4912841, 47.1323075 ] } },
{ "type": "Feature", "properties": { "nuts3_code": "RO112", "name": "Liceul Sanitar", "amenity": "college", "landuse": null }, "geometry": { "type": "Point", "coordinates": [ 24.4925584, 47.1332947 ] } },
{ "type": "Feature", "properties": { "nuts3_code": "RO112", "name": "Grup Școlar Grigore Moisil", "amenity": "college", "landuse": null }, "geometry": { "type": "Point", "coordinates": [ 24.480141, 47.128795 ] } },
{ "type": "Feature", "properties": { "nuts3_code": "RO122", "name": "Colegiul de Arhitectură", "amenity": "college", "landuse": null }, "geometry": { "type": "Point", "coordinates": [ 25.5856671, 45.6580021 ] } },
{ "type": "Feature", "properties": { "nuts3_code": "RO224", "name": "Facultatea de Medicină", "amenity": "university", "landuse": null }, "geometry": { "type": "Point", "coordinates": [ 28.0576738, 45.4388725 ] } },
{ "type": "Feature", "properties": { "nuts3_code": "RO322", "name": "Colegiul Silvic „Theodor Pietraru” Brănești", "amenity": "college", "landuse": null }, "geometry": { "type": "Point", "coordinates": [ 26.3280756, 44.461622 ] } },
{ "type": "Feature", "properties": { "nuts3_code": "RO423", "name": "Universitatea Alma Mater", "amenity": "university", "landuse": null }, "geometry": { "type": "Point", "coordinates": [ 22.9145365, 45.7580179 ] } },
{ "type": "Feature", "properties": { "nuts3_code": "RO411", "name": "Facultatea de Medicină", "amenity": "university", "landuse": null }, "geometry": { "type": "Point", "coordinates": [ 23.794708, 44.3047594 ] } },
{ "type": "Feature", "properties": { "nuts3_code": "RO215", "name": "Colegiul Național Petru Rareș", "amenity": "college", "landuse": null }, "geometry": { "type": "Point", "coordinates": [ 26.2525517, 47.6432085 ] } },
{ "type": "Feature", "properties": { "nuts3_code": "RO215", "name": "Liceul Dimitrie Cantemir", "amenity": "college", "landuse": null }, "geometry": { "type": "Point", "coordinates": [ 26.2461868, 47.6447679 ] } },
{ "type": "Feature", "properties": { "nuts3_code": "RO215", "name": "Grupul Școlar Samoil Isopescu", "amenity": "college", "landuse": null }, "geometry": { "type": "Point", "coordinates": [ 26.2609337, 47.6389702 ] } },
{ "type": "Feature", "properties": { "nuts3_code": "RO423", "name": "Colegiul Național Iancu de Hunedoara", "amenity": "college", "landuse": null }, "geometry": { "type": "Point", "coordinates": [ 22.9039084, 45.7507384 ] } },
{ "type": "Feature", "properties": { "nuts3_code": "RO423", "name": "Facultatea de Inginerie", "amenity": "university", "landuse": null }, "geometry": { "type": "Point", "coordinates": [ 22.8999531, 45.753085 ] } },
{ "type": "Feature", "properties": { "nuts3_code": "RO221", "name": "Facultatea de Inginerie", "amenity": "university", "landuse": null }, "geometry": { "type": "Point", "coordinates": [ 27.9728023, 45.2673862 ] } },
{ "type": "Feature", "properties": { "nuts3_code": "RO126", "name": "Decanat - Facultatea de Medicină", "amenity": "university", "landuse": null }, "geometry": { "type": "Point", "coordinates": [ 24.1560431, 45.7955892 ] } },
{ "type": "Feature", "properties": { "nuts3_code": "RO421", "name": "Castelul Cernovici - Universitatea de Vest „Vasile Goldiș”", "amenity": "university", "landuse": null }, "geometry": { "type": "Point", "coordinates": [ 21.3102064, 46.3844298 ] } },
{ "type": "Feature", "properties": { "nuts3_code": "RO211", "name": "Colegiul Național Costache Negri", "amenity": "college", "landuse": null }, "geometry": { "type": "Point", "coordinates": [ 26.6143565, 46.279389 ] } },
{ "type": "Feature", "properties": { "nuts3_code": "RO316", "name": "Spiru Haret", "amenity": "college", "landuse": null }, "geometry": { "type": "Point", "coordinates": [ 26.0281176, 44.9363793 ] } },
{ "type": "Feature", "properties": { "nuts3_code": "RO423", "name": "Colegiul Național de Informatică Traian Lalescu", "amenity": "college", "landuse": null }, "geometry": { "type": "Point", "coordinates": [ 22.9095022, 45.7501867 ] } },
{ "type": "Feature", "properties": { "nuts3_code": "RO126", "name": "Academia Forțelor Terestre \"Nicolae Bălcescu\"", "amenity": "university", "landuse": null }, "geometry": { "type": "Point", "coordinates": [ 24.1557738, 45.789198 ] } },
{ "type": "Feature", "properties": { "nuts3_code": "RO126", "name": "Facultatea de Geografia Turismului", "amenity": "university", "landuse": null }, "geometry": { "type": "Point", "coordinates": [ 24.1605663, 45.7961469 ] } },
{ "type": "Feature", "properties": { "nuts3_code": "RO126", "name": "Facultatea de Științe Economice (ULBS)", "amenity": "university", "landuse": null }, "geometry": { "type": "Point", "coordinates": [ 24.1502848, 45.787472 ] } },
{ "type": "Feature", "properties": { "nuts3_code": "RO126", "name": "Liceul Teoretic Dumbrăveni", "amenity": "college", "landuse": null }, "geometry": { "type": "Point", "coordinates": [ 24.5779771, 46.2260188 ] } },
{ "type": "Feature", "properties": { "nuts3_code": "RO126", "name": "Facultatea de Medicină", "amenity": "university", "landuse": null }, "geometry": { "type": "Point", "coordinates": [ 24.1561796, 45.7932864 ] } },
{ "type": "Feature", "properties": { "nuts3_code": "RO224", "name": "Facultatea de Știința Calculatoarelor", "amenity": "university", "landuse": null }, "geometry": { "type": "Point", "coordinates": [ 28.0522473, 45.4458002 ] } },
{ "type": "Feature", "properties": { "nuts3_code": "RO224", "name": "Facultatea de Drept", "amenity": "university", "landuse": null }, "geometry": { "type": "Point", "coordinates": [ 28.0532859, 45.4475165 ] } },
{ "type": "Feature", "properties": { "nuts3_code": "RO122", "name": "Universitatea Transilvania Corp T", "amenity": "university", "landuse": null }, "geometry": { "type": "Point", "coordinates": [ 25.5923744, 45.6452058 ] } },
{ "type": "Feature", "properties": { "nuts3_code": "RO412", "name": "Grupul Școlar Industrial", "amenity": "college", "landuse": null }, "geometry": { "type": "Point", "coordinates": [ 23.1622765, 44.8991696 ] } },
{ "type": "Feature", "properties": { "nuts3_code": "RO226", "name": "Liceul nr. 1", "amenity": "college", "landuse": null }, "geometry": { "type": "Point", "coordinates": [ 27.1909599, 45.6882125 ] } },
{ "type": "Feature", "properties": { "nuts3_code": "RO226", "name": "Universitatea \"George Barițiu\"", "amenity": "university", "landuse": null }, "geometry": { "type": "Point", "coordinates": [ 27.1766953, 45.6774701 ] } },
{ "type": "Feature", "properties": { "nuts3_code": "RO126", "name": "Liceul \"Timotei Cipariu\"", "amenity": "college", "landuse": null }, "geometry": { "type": "Point", "coordinates": [ 24.57732, 46.2239771 ] } },
{ "type": "Feature", "properties": { "nuts3_code": "RO321", "name": "Facultatea de Jurnalism și Științele Comunicării", "amenity": "university", "landuse": null }, "geometry": { "type": "Point", "coordinates": [ 26.058091, 44.4340346 ] } },
{ "type": "Feature", "properties": { "nuts3_code": "RO321", "name": "Facultatea de Știința și Ingineria Materialelor", "amenity": "university", "landuse": null }, "geometry": { "type": "Point", "coordinates": [ 26.052754, 44.439628 ] } },
{ "type": "Feature", "properties": { "nuts3_code": "RO321", "name": "Facultatea de Energetică", "amenity": "university", "landuse": null }, "geometry": { "type": "Point", "coordinates": [ 26.048606, 44.4374461 ] } },
{ "type": "Feature", "properties": { "nuts3_code": "RO321", "name": "Universitatea \"Dimitrie Cantemir\"", "amenity": "university", "landuse": null }, "geometry": { "type": "Point", "coordinates": [ 26.1154205, 44.4145789 ] } },
{ "type": "Feature", "properties": { "nuts3_code": "RO111", "name": "Universitatea Creștină Partium - Clădirea Sulyok", "amenity": "university", "landuse": null }, "geometry": { "type": "Point", "coordinates": [ 21.922709, 47.0570222 ] } },
{ "type": "Feature", "properties": { "nuts3_code": "RO121", "name": "Liceul de Muzică și Artă", "amenity": "college", "landuse": null }, "geometry": { "type": "Point", "coordinates": [ 23.5824756, 46.0739394 ] } },
{ "type": "Feature", "properties": { "nuts3_code": "RO321", "name": "Facultatea de Biologie", "amenity": "university", "landuse": null }, "geometry": { "type": "Point", "coordinates": [ 26.0835967, 44.4332655 ] } },
{ "type": "Feature", "properties": { "nuts3_code": "RO321", "name": "Institutul Cantacuzino", "amenity": null, "landuse": null }, "geometry": { "type": "Point", "coordinates": [ 26.0835498, 44.4320522 ] } },
{ "type": "Feature", "properties": { "nuts3_code": "RO221", "name": "Grupul Scolar Industrial \"Panait Istrati\"", "amenity": "college", "landuse": null }, "geometry": { "type": "Point", "coordinates": [ 27.9724121, 45.287245 ] } },
{ "type": "Feature", "properties": { "nuts3_code": "RO215", "name": "Corp D", "amenity": "university", "landuse": null }, "geometry": { "type": "Point", "coordinates": [ 26.2447366, 47.6415843 ] } },
{ "type": "Feature", "properties": { "nuts3_code": "RO311", "name": "Corp I", "amenity": "university", "landuse": null }, "geometry": { "type": "Point", "coordinates": [ 24.8807001, 44.8546836 ] } },
{ "type": "Feature", "properties": { "nuts3_code": "RO311", "name": "Universitatea din Pitești corp S", "amenity": "university", "landuse": null }, "geometry": { "type": "Point", "coordinates": [ 24.8805359, 44.8552569 ] } },
{ "type": "Feature", "properties": { "nuts3_code": "RO122", "name": "Colegiul pentru Agricultură și Industrie Alimentară \"Țara Bârsei\"", "amenity": "college", "landuse": null }, "geometry": { "type": "Point", "coordinates": [ 25.766434, 45.7188826 ] } },
{ "type": "Feature", "properties": { "nuts3_code": "RO122", "name": "Liceul Pedagogic", "amenity": "college", "landuse": null }, "geometry": { "type": "Point", "coordinates": [ 25.5821182, 45.6367346 ] } },
{ "type": "Feature", "properties": { "nuts3_code": "RO423", "name": "Colegiul Național Avram Iancu", "amenity": "college", "landuse": null }, "geometry": { "type": "Point", "coordinates": [ 22.7853835, 46.1290765 ] } },
{ "type": "Feature", "properties": { "nuts3_code": "RO126", "name": "IMC", "amenity": null, "landuse": null }, "geometry": { "type": "Point", "coordinates": [ 24.1349147, 45.7831363 ] } },
{ "type": "Feature", "properties": { "nuts3_code": "RO321", "name": "Facultatea de Inginerie Electrică", "amenity": "university", "landuse": null }, "geometry": { "type": "Point", "coordinates": [ 26.0458196, 44.4362074 ] } },
{ "type": "Feature", "properties": { "nuts3_code": "RO113", "name": "Institutul de Speologie Emil Racoviță", "amenity": "university", "landuse": null }, "geometry": { "type": "Point", "coordinates": [ 23.5801271, 46.7643029 ] } },
{ "type": "Feature", "properties": { "nuts3_code": "RO113", "name": "UBB Teologie Reformată", "amenity": "university", "landuse": null }, "geometry": { "type": "Point", "coordinates": [ 23.5869052, 46.7755675 ] } },
{ "type": "Feature", "properties": { "nuts3_code": "RO113", "name": "UBB Facultatea de Business", "amenity": "university", "landuse": null }, "geometry": { "type": "Point", "coordinates": [ 23.586989, 46.7752769 ] } },
{ "type": "Feature", "properties": { "nuts3_code": "RO113", "name": "UBB Educație Fizică și Sport", "amenity": "university", "landuse": null }, "geometry": { "type": "Point", "coordinates": [ 23.5625305, 46.7658139 ] } },
{ "type": "Feature", "properties": { "nuts3_code": "RO113", "name": "Institutul Culturii Clujene în Europa", "amenity": "university", "landuse": null }, "geometry": { "type": "Point", "coordinates": [ 23.5923974, 46.7671274 ] } },
{ "type": "Feature", "properties": { "nuts3_code": "RO321", "name": "Facultatea de Geografie", "amenity": "university", "landuse": null }, "geometry": { "type": "Point", "coordinates": [ 26.1017646, 44.4360329 ] } },
{ "type": "Feature", "properties": { "nuts3_code": "RO316", "name": "Colegiul Național „Nicolae Iorga”", "amenity": "college", "landuse": null }, "geometry": { "type": "Point", "coordinates": [ 26.0374563, 45.1773972 ] } },
{ "type": "Feature", "properties": { "nuts3_code": "RO113", "name": "Universitatea Creștină „Dimitrie Cantemir” - Facultatea de Drept", "amenity": "university", "landuse": null }, "geometry": { "type": "Point", "coordinates": [ 23.5903676, 46.783085 ] } },
{ "type": "Feature", "properties": { "nuts3_code": "RO113", "name": "UTCN - Facultatea de Autovehicule Rutiere, Mecatronică și Mecanică", "amenity": "university", "landuse": null }, "geometry": { "type": "Point", "coordinates": [ 23.6259006, 46.7964529 ] } },
{ "type": "Feature", "properties": { "nuts3_code": "RO113", "name": "UBB Biologie", "amenity": "university", "landuse": null }, "geometry": { "type": "Point", "coordinates": [ 23.5803253, 46.7639908 ] } },
{ "type": "Feature", "properties": { "nuts3_code": "RO321", "name": "Facultatea de Istorie", "amenity": "university", "landuse": null }, "geometry": { "type": "Point", "coordinates": [ 26.1006051, 44.435416 ] } },
{ "type": "Feature", "properties": { "nuts3_code": "RO321", "name": "Facultatea de Matematică și Informatică", "amenity": "university", "landuse": null }, "geometry": { "type": "Point", "coordinates": [ 26.040829, 44.4340339 ] } },
{ "type": "Feature", "properties": { "nuts3_code": "RO211", "name": "Colegiul Tehnic Henri Coandă", "amenity": "college", "landuse": null }, "geometry": { "type": "Point", "coordinates": [ 26.9149696, 46.5293879 ] } },
{ "type": "Feature", "properties": { "nuts3_code": "RO112", "name": "Universitatea Babeș-Bolyai Cluj-Napoca, Extensia Universitară Bistrița", "amenity": "university", "landuse": null }, "geometry": { "type": "Point", "coordinates": [ 24.4968935, 47.139408 ] } },
{ "type": "Feature", "properties": { "nuts3_code": "RO412", "name": "Colegiul de Muzică și Arte Plastice Constantin Brăiloiu", "amenity": "college", "landuse": null }, "geometry": { "type": "Point", "coordinates": [ 23.2782499, 45.0437205 ] } },
{ "type": "Feature", "properties": { "nuts3_code": "RO412", "name": "Colegiul Național Tudor Vladimirescu", "amenity": "college", "landuse": null }, "geometry": { "type": "Point", "coordinates": [ 23.2737891, 45.0373867 ] } },
{ "type": "Feature", "properties": { "nuts3_code": "RO412", "name": "Colegiul Comercial Virgil Madgeru", "amenity": "college", "landuse": null }, "geometry": { "type": "Point", "coordinates": [ 23.2862284, 45.0385411 ] } },
{ "type": "Feature", "properties": { "nuts3_code": "RO321", "name": "Facultatea de Limbi și Literaturi Străine", "amenity": "university", "landuse": null }, "geometry": { "type": "Point", "coordinates": [ 26.1011326, 44.4358915 ] } },
{ "type": "Feature", "properties": { "nuts3_code": "RO321", "name": "Universitatea Lumina", "amenity": "university", "landuse": null }, "geometry": { "type": "Point", "coordinates": [ 26.1428584, 44.4677092 ] } },
{ "type": "Feature", "properties": { "nuts3_code": "RO112", "name": "Liceul de Arte Plastice Corneliu Baba", "amenity": "college", "landuse": null }, "geometry": { "type": "Point", "coordinates": [ 24.4907538, 47.1298435 ] } },
{ "type": "Feature", "properties": { "nuts3_code": "RO126", "name": "Homegraphics design studio", "amenity": null, "landuse": null }, "geometry": { "type": "Point", "coordinates": [ 24.1214231, 45.7958033 ] } },
{ "type": "Feature", "properties": { "nuts3_code": "RO213", "name": "Facultatea de Geografie și Geologie", "amenity": "university", "landuse": null }, "geometry": { "type": "Point", "coordinates": [ 27.5739282, 47.1749513 ] } },
{ "type": "Feature", "properties": { "nuts3_code": "RO213", "name": "Facultatea de Economie și Administrarea Afacerilor", "amenity": "university", "landuse": null }, "geometry": { "type": "Point", "coordinates": [ 27.5736239, 47.175311 ] } },
{ "type": "Feature", "properties": { "nuts3_code": "RO213", "name": "Facultatea de Biologie", "amenity": "university", "landuse": null }, "geometry": { "type": "Point", "coordinates": [ 27.5741603, 47.1746382 ] } },
{ "type": "Feature", "properties": { "nuts3_code": "RO213", "name": "Facultatea de Istorie", "amenity": "university", "landuse": null }, "geometry": { "type": "Point", "coordinates": [ 27.5722682, 47.1753914 ] } },
{ "type": "Feature", "properties": { "nuts3_code": "RO321", "name": "Universitatea Populară \"Ioan I. Dalles\"", "amenity": "university", "landuse": null }, "geometry": { "type": "Point", "coordinates": [ 26.101366, 44.4381254 ] } },
{ "type": "Feature", "properties": { "nuts3_code": "RO321", "name": "Colegiul Preuniversitar \"Dr. I. Cantacuzino\"", "amenity": "college", "landuse": null }, "geometry": { "type": "Point", "coordinates": [ 26.14417, 44.4550588 ] } },
{ "type": "Feature", "properties": { "nuts3_code": "RO321", "name": "Universitatea Nicolae Titulescu", "amenity": "university", "landuse": null }, "geometry": { "type": "Point", "coordinates": [ 26.1142262, 44.4145898 ] } },
{ "type": "Feature", "properties": { "nuts3_code": "RO321", "name": "Facultatea de Chimie", "amenity": "university", "landuse": null }, "geometry": { "type": "Point", "coordinates": [ 26.1010332, 44.43552 ] } },
{ "type": "Feature", "properties": { "nuts3_code": "RO321", "name": "Facultatea de Medicină Dentară", "amenity": "university", "landuse": null }, "geometry": { "type": "Point", "coordinates": [ 26.0852548, 44.4357348 ] } },
{ "type": "Feature", "properties": { "nuts3_code": "RO321", "name": "Facultatea de Moașe și Asistență Medicală", "amenity": "university", "landuse": null }, "geometry": { "type": "Point", "coordinates": [ 26.0699824, 44.4345844 ] } },
{ "type": "Feature", "properties": { "nuts3_code": "RO213", "name": "Departamentul de Limbă Română pentru studenți străini", "amenity": "university", "landuse": null }, "geometry": { "type": "Point", "coordinates": [ 27.5723463, 47.1752719 ] } },
{ "type": "Feature", "properties": { "nuts3_code": "RO213", "name": "Centrul Cultural al Americii Latine și Caraibelor", "amenity": "university", "landuse": null }, "geometry": { "type": "Point", "coordinates": [ 27.5722161, 47.1753029 ] } },
{ "type": "Feature", "properties": { "nuts3_code": "RO213", "name": "Direcția Financiar Contabilă", "amenity": "university", "landuse": null }, "geometry": { "type": "Point", "coordinates": [ 27.5730791, 47.1741362 ] } },
{ "type": "Feature", "properties": { "nuts3_code": "RO213", "name": "Direcția Resurse Umane", "amenity": "university", "landuse": null }, "geometry": { "type": "Point", "coordinates": [ 27.573053, 47.1742314 ] } },
{ "type": "Feature", "properties": { "nuts3_code": "RO213", "name": "Serviciul Achiziții Publice", "amenity": "university", "landuse": null }, "geometry": { "type": "Point", "coordinates": [ 27.5732452, 47.1743045 ] } },
{ "type": "Feature", "properties": { "nuts3_code": "RO213", "name": "Serviciul Audit Intern", "amenity": "university", "landuse": null }, "geometry": { "type": "Point", "coordinates": [ 27.5731475, 47.1742801 ] } },
{ "type": "Feature", "properties": { "nuts3_code": "RO213", "name": "Control Financiar Preventiv", "amenity": "university", "landuse": null }, "geometry": { "type": "Point", "coordinates": [ 27.5731768, 47.1741584 ] } },
{ "type": "Feature", "properties": { "nuts3_code": "RO213", "name": "Biroul Investiții", "amenity": "university", "landuse": null }, "geometry": { "type": "Point", "coordinates": [ 27.5733299, 47.1743244 ] } },
{ "type": "Feature", "properties": { "nuts3_code": "RO122", "name": "Colegiul Tehnic Simion Mehedinți", "amenity": "college", "landuse": null }, "geometry": { "type": "Point", "coordinates": [ 25.4516279, 45.687051 ] } },
{ "type": "Feature", "properties": { "nuts3_code": "RO412", "name": "Facultatea de Litere și Științe Sociale", "amenity": "university", "landuse": null }, "geometry": { "type": "Point", "coordinates": [ 23.2766782, 45.0431973 ] } },
{ "type": "Feature", "properties": { "nuts3_code": "RO321", "name": "Facultatea de Inginerie Chimică și Biotehnologii", "amenity": "university", "landuse": null }, "geometry": { "type": "Point", "coordinates": [ 26.0797526, 44.4477086 ] } },
{ "type": "Feature", "properties": { "nuts3_code": "RO321", "name": "Facultatea de Inginerie Aerospațială", "amenity": "university", "landuse": null }, "geometry": { "type": "Point", "coordinates": [ 26.0777652, 44.4473376 ] } },
{ "type": "Feature", "properties": { "nuts3_code": "RO321", "name": "Facultatea de Inginerie Medicală", "amenity": "university", "landuse": null }, "geometry": { "type": "Point", "coordinates": [ 26.0790075, 44.4474941 ] } },
{ "type": "Feature", "properties": { "nuts3_code": "RO311", "name": "Corp T", "amenity": "university", "landuse": null }, "geometry": { "type": "Point", "coordinates": [ 24.8814791, 44.8548967 ] } },
{ "type": "Feature", "properties": { "nuts3_code": "RO113", "name": "Centrul de Cooperare Internațională", "amenity": "university", "landuse": null }, "geometry": { "type": "Point", "coordinates": [ 23.5961169, 46.7672348 ] } },
{ "type": "Feature", "properties": { "nuts3_code": "RO113", "name": "Facultatea de Teologie Romano-Catolică", "amenity": "university", "landuse": null }, "geometry": { "type": "Point", "coordinates": [ 23.5912156, 46.7702077 ] } },
{ "type": "Feature", "properties": { "nuts3_code": "RO121", "name": "Colegiul \"Horea, Cloșca și Crișan\"", "amenity": "college", "landuse": null }, "geometry": { "type": "Point", "coordinates": [ 23.5637094, 46.0664945 ] } },
{ "type": "Feature", "properties": { "nuts3_code": "RO121", "name": "Colegiului Economic \"Dionisie Pop Martian\"", "amenity": "college", "landuse": null }, "geometry": { "type": "Point", "coordinates": [ 23.5778609, 46.0658133 ] } },
{ "type": "Feature", "properties": { "nuts3_code": "RO121", "name": "Grup Școlar Industrie Ușoară", "amenity": "college", "landuse": null }, "geometry": { "type": "Point", "coordinates": [ 23.5624082, 46.0658931 ] } },
{ "type": "Feature", "properties": { "nuts3_code": "RO212", "name": "Liceul Teoretic Nicolae Iorga", "amenity": "college", "landuse": null }, "geometry": { "type": "Point", "coordinates": [ 26.6803147, 47.7434776 ] } },
{ "type": "Feature", "properties": { "nuts3_code": "RO212", "name": "Liceul Tehnologic Elie Radu", "amenity": "college", "landuse": null }, "geometry": { "type": "Point", "coordinates": [ 26.6800344, 47.7420912 ] } },
{ "type": "Feature", "properties": { "nuts3_code": "RO212", "name": "Colegiul Economic Octav Onicescu", "amenity": "college", "landuse": null }, "geometry": { "type": "Point", "coordinates": [ 26.6594872, 47.7352742 ] } },
{ "type": "Feature", "properties": { "nuts3_code": "RO212", "name": "Liceul cu Program Sportiv", "amenity": "college", "landuse": null }, "geometry": { "type": "Point", "coordinates": [ 26.6596495, 47.7370962 ] } },
{ "type": "Feature", "properties": { "nuts3_code": "RO212", "name": "Liceul Teoretic Grigore Antipa", "amenity": "college", "landuse": null }, "geometry": { "type": "Point", "coordinates": [ 26.654221, 47.7448291 ] } },
{ "type": "Feature", "properties": { "nuts3_code": "RO113", "name": "Universitatea de Artă și Design Cluj-Napoca", "amenity": "university", "landuse": null }, "geometry": { "type": "Point", "coordinates": [ 23.5908842, 46.7697101 ] } },
{ "type": "Feature", "properties": { "nuts3_code": "RO321", "name": "IPROLAM SA", "amenity": null, "landuse": null }, "geometry": { "type": "Point", "coordinates": [ 26.1122005, 44.4352898 ] } },
{ "type": "Feature", "properties": { "nuts3_code": "RO321", "name": "CROS - Universitatea Alternativa", "amenity": "university", "landuse": null }, "geometry": { "type": "Point", "coordinates": [ 26.1039088, 44.4488061 ] } },
{ "type": "Feature", "properties": { "nuts3_code": "RO311", "name": "Universitatea Titu Maiorescu", "amenity": "university", "landuse": null }, "geometry": { "type": "Point", "coordinates": [ 24.6763509, 45.1546084 ] } },
{ "type": "Feature", "properties": { "nuts3_code": "RO311", "name": "Grupul Școlar Constantin Dobrescu", "amenity": "college", "landuse": null }, "geometry": { "type": "Point", "coordinates": [ 24.6762542, 45.1550937 ] } },
{ "type": "Feature", "properties": { "nuts3_code": "RO321", "name": "Universitatea Ecologică", "amenity": "university", "landuse": null }, "geometry": { "type": "Point", "coordinates": [ 26.0981083, 44.430514 ] } },
{ "type": "Feature", "properties": { "nuts3_code": "RO321", "name": "Colegiul Tehnic \"Mihai Bravu\"", "amenity": "college", "landuse": null }, "geometry": { "type": "Point", "coordinates": [ 26.1356845, 44.4194365 ] } },
{ "type": "Feature", "properties": { "nuts3_code": "RO411", "name": "Facultatea de Agronomie", "amenity": "university", "landuse": null }, "geometry": { "type": "Point", "coordinates": [ 23.7865155, 44.3194629 ] } },
{ "type": "Feature", "properties": { "nuts3_code": "RO321", "name": "Facultatea de Cibernetică", "amenity": "university", "landuse": null }, "geometry": { "type": "Point", "coordinates": [ 26.0990494, 44.4477955 ] } },
{ "type": "Feature", "properties": { "nuts3_code": "RO121", "name": "Colegiul Industrial Blaj", "amenity": "college", "landuse": null }, "geometry": { "type": "Point", "coordinates": [ 23.9185155, 46.1784351 ] } },
{ "type": "Feature", "properties": { "nuts3_code": "RO321", "name": "Universitatea Atenaeum", "amenity": "university", "landuse": null }, "geometry": { "type": "Point", "coordinates": [ 26.1050417, 44.4613939 ] } },
{ "type": "Feature", "properties": { "nuts3_code": "RO113", "name": "Facultatea de Ingineria Materialelor și a Mediului", "amenity": "university", "landuse": null }, "geometry": { "type": "Point", "coordinates": [ 23.6257055, 46.7967094 ] } },
{ "type": "Feature", "properties": { "nuts3_code": "RO112", "name": "Liceul Teoretic \"Constantin Romanu Vivu\"", "amenity": "college", "landuse": null }, "geometry": { "type": "Point", "coordinates": [ 24.5023764, 46.9092353 ] } },
{ "type": "Feature", "properties": { "nuts3_code": "RO113", "name": "UBB Facultatea de Psihologie și Științe ale Educației Linia maghiară", "amenity": "university", "landuse": null }, "geometry": { "type": "Point", "coordinates": [ 23.6088352, 46.7752231 ] } },
{ "type": "Feature", "properties": { "nuts3_code": "RO113", "name": "Facultatea de Sociologie și Asistență Socială", "amenity": "university", "landuse": null }, "geometry": { "type": "Point", "coordinates": [ 23.6087217, 46.7753864 ] } },
{ "type": "Feature", "properties": { "nuts3_code": "RO122", "name": "Facultatea de Silvicultură", "amenity": "university", "landuse": null }, "geometry": { "type": "Point", "coordinates": [ 25.5857568, 45.6399128 ] } },
{ "type": "Feature", "properties": { "nuts3_code": "RO121", "name": "Colegiul Național Avram Iancu", "amenity": "college", "landuse": null }, "geometry": { "type": "Point", "coordinates": [ 23.045859, 46.3624908 ] } },
{ "type": "Feature", "properties": { "nuts3_code": "RO214", "name": "Liceul de artă Victor Brauner corp A", "amenity": "college", "landuse": null }, "geometry": { "type": "Point", "coordinates": [ 26.3635355, 46.9323315 ] } },
{ "type": "Feature", "properties": { "nuts3_code": "RO122", "name": "Facultatea de Muzică", "amenity": "university", "landuse": null }, "geometry": { "type": "Point", "coordinates": [ 25.5833441, 45.6386774 ] } },
{ "type": "Feature", "properties": { "nuts3_code": "RO423", "name": "Colegiul Tehnic Baia de Criș", "amenity": "college", "landuse": null }, "geometry": { "type": "Point", "coordinates": [ 22.7014184, 46.1776191 ] } },
{ "type": "Feature", "properties": { "nuts3_code": "RO222", "name": "FPSE Buzău", "amenity": "college", "landuse": null }, "geometry": { "type": "Point", "coordinates": [ 26.8330296, 45.1532094 ] } },
{ "type": "Feature", "properties": { "nuts3_code": "RO222", "name": "LICEUL MILITAR NEAGOE BASARAB", "amenity": "university", "landuse": null }, "geometry": { "type": "Point", "coordinates": [ 26.8178285, 45.1391979 ] } },
{ "type": "Feature", "properties": { "nuts3_code": "RO313", "name": "Liceul Tehnologic Voinești", "amenity": "college", "landuse": null }, "geometry": { "type": "Point", "coordinates": [ 25.2509967, 45.0679993 ] } },
{ "type": "Feature", "properties": { "nuts3_code": "RO214", "name": "Colegiul Național Petru Rareș", "amenity": "college", "landuse": null }, "geometry": { "type": "Point", "coordinates": [ 26.3709756, 46.9330336 ] } },
{ "type": "Feature", "properties": { "nuts3_code": "RO222", "name": "Seminarul Teologic Liceal Ortodox Chesarie Episcopul", "amenity": "college", "landuse": null }, "geometry": { "type": "Point", "coordinates": [ 26.8202126, 45.1568393 ] } },
{ "type": "Feature", "properties": { "nuts3_code": "RO222", "name": "Grup Școlar Agricol", "amenity": "college", "landuse": null }, "geometry": { "type": "Point", "coordinates": [ 26.8655302, 44.9941325 ] } },
{ "type": "Feature", "properties": { "nuts3_code": "RO113", "name": "Institutul de Iudaistică și istorie evreiască \"De. Moshe Carmilly\"", "amenity": "university", "landuse": null }, "geometry": { "type": "Point", "coordinates": [ 23.5923046, 46.7753883 ] } },
{ "type": "Feature", "properties": { "nuts3_code": "RO113", "name": "Facultatea de Istorie și Filozofie", "amenity": "university", "landuse": null }, "geometry": { "type": "Point", "coordinates": [ 23.5923717, 46.7754108 ] } },
{ "type": "Feature", "properties": { "nuts3_code": "RO114", "name": "Universitatea Babeș-Bolyai Cluj-Napoca, extensiunea Sighetu Marmației", "amenity": "university", "landuse": null }, "geometry": { "type": "Point", "coordinates": [ 23.8803437, 47.9277594 ] } },
{ "type": "Feature", "properties": { "nuts3_code": "RO114", "name": "Liceul ucrainian Taras Sevcenko", "amenity": "college", "landuse": null }, "geometry": { "type": "Point", "coordinates": [ 23.8883059, 47.9286134 ] } },
{ "type": "Feature", "properties": { "nuts3_code": "RO223", "name": "Liceul Cobadin", "amenity": "college", "landuse": null }, "geometry": { "type": "Point", "coordinates": [ 28.2350392, 44.0629744 ] } },
{ "type": "Feature", "properties": { "nuts3_code": "RO322", "name": "Liceul Teoretic „Traian Lalescu” Brănești", "amenity": "college", "landuse": null }, "geometry": { "type": "Point", "coordinates": [ 26.3278349, 44.4636205 ] } },
{ "type": "Feature", "properties": { "nuts3_code": "RO322", "name": "Liceul Tehnologic „Cezar Nicolau” Brănești", "amenity": "college", "landuse": null }, "geometry": { "type": "Point", "coordinates": [ 26.3270109, 44.4630974 ] } },
{ "type": "Feature", "properties": { "nuts3_code": "RO322", "name": "Seminarul Teologic Liceal Ortodox „Sfânta Filofteia” Brănești", "amenity": "college", "landuse": null }, "geometry": { "type": "Point", "coordinates": [ 26.32647, 44.4627855 ] } },
{ "type": "Feature", "properties": { "nuts3_code": "RO115", "name": "Liceul Teoretic Carei", "amenity": "college", "landuse": null }, "geometry": { "type": "Point", "coordinates": [ 22.4664808, 47.679666 ] } },
{ "type": "Feature", "properties": { "nuts3_code": "RO115", "name": "Liceul teologic Josephus Calasantius", "amenity": "college", "landuse": null }, "geometry": { "type": "Point", "coordinates": [ 22.4645124, 47.6892803 ] } },
{ "type": "Feature", "properties": { "nuts3_code": "RO115", "name": "Sala de sport Liceul teoretic Carei", "amenity": "college", "landuse": null }, "geometry": { "type": "Point", "coordinates": [ 22.466301, 47.6801806 ] } },
{ "type": "Feature", "properties": { "nuts3_code": "RO115", "name": "Școala Generală Gheorghe Bulgar Sanislau", "amenity": "college", "landuse": null }, "geometry": { "type": "Point", "coordinates": [ 22.3249021, 47.6375469 ] } },
{ "type": "Feature", "properties": { "nuts3_code": "RO112", "name": "Liceul de Muzica \"Tudor Jarda\"", "amenity": "college", "landuse": null }, "geometry": { "type": "Point", "coordinates": [ 24.4923722, 47.1290705 ] } },
{ "type": "Feature", "properties": { "nuts3_code": "RO226", "name": "Colegiul Tehnic \"Edmund Nicolau\"", "amenity": "college", "landuse": null }, "geometry": { "type": "Point", "coordinates": [ 27.1901398, 45.6883312 ] } },
{ "type": "Feature", "properties": { "nuts3_code": "RO223", "name": "Colegiul Nautic Român", "amenity": "college", "landuse": null }, "geometry": { "type": "Point", "coordinates": [ 28.6164105, 44.1794073 ] } },
{ "type": "Feature", "properties": { "nuts3_code": "RO424", "name": "Facultatea de Automatică și Calculatoare", "amenity": "university", "landuse": null }, "geometry": { "type": "Point", "coordinates": [ 21.2267099, 45.747264 ] } },
{ "type": "Feature", "properties": { "nuts3_code": "RO424", "name": "Facultatea de Electronică și Telecomunicații", "amenity": "university", "landuse": null }, "geometry": { "type": "Point", "coordinates": [ 21.2268468, 45.7472646 ] } },
{ "type": "Feature", "properties": { "nuts3_code": "RO424", "name": "Facultatea de Electrotehnică și Electroenergetică", "amenity": "university", "landuse": null }, "geometry": { "type": "Point", "coordinates": [ 21.2278309, 45.7471755 ] } },
{ "type": "Feature", "properties": { "nuts3_code": "RO321", "name": "Facultatea de Ingineria și Gestiunea Producțiilor Animaliere", "amenity": "university", "landuse": null }, "geometry": { "type": "Point", "coordinates": [ 26.0711224, 44.4705864 ] } },
{ "type": "Feature", "properties": { "nuts3_code": "RO421", "name": "Universitatea Aurel Vlaicu", "amenity": "university", "landuse": null }, "geometry": { "type": "Point", "coordinates": [ 21.3188875, 46.1749859 ] } },
{ "type": "Feature", "properties": { "nuts3_code": "RO121", "name": "Liceul Tehnologic Baia de Arieș", "amenity": "college", "landuse": null }, "geometry": { "type": "Point", "coordinates": [ 23.2771335, 46.3799394 ] } },
{ "type": "Feature", "properties": { "nuts3_code": "RO422", "name": "Bison Hillock Research Center", "amenity": null, "landuse": null }, "geometry": { "type": "Point", "coordinates": [ 22.343833, 45.1903481 ] } },
{ "type": "Feature", "properties": { "nuts3_code": "RO412", "name": "Liceul tehnologic Baia de Fier", "amenity": "college", "landuse": null }, "geometry": { "type": "Point", "coordinates": [ 23.762309, 45.1713002 ] } },
{ "type": "Feature", "properties": { "nuts3_code": "RO113", "name": "Institutul de Studii Germane", "amenity": "university", "landuse": null }, "geometry": { "type": "Point", "coordinates": [ 23.5950491, 46.7688384 ] } },
{ "type": "Feature", "properties": { "nuts3_code": "RO113", "name": "Facultatea de Studii Europene", "amenity": "university", "landuse": null }, "geometry": { "type": "Point", "coordinates": [ 23.5949843, 46.7689761 ] } },
{ "type": "Feature", "properties": { "nuts3_code": "RO216", "name": "Colegiul Agricol Dimitrie Cantemir -Huși", "amenity": "college", "landuse": null }, "geometry": { "type": "Point", "coordinates": [ 28.047795, 46.6718473 ] } },
{ "type": "Feature", "properties": { "nuts3_code": "RO126", "name": "Arhivele Naționale ale CFR", "amenity": null, "landuse": null }, "geometry": { "type": "Point", "coordinates": [ 24.296183, 45.6432 ] } },
{ "type": "Feature", "properties": { "nuts3_code": "RO423", "name": "Biroul Notariat Petre Vârsan", "amenity": null, "landuse": null }, "geometry": { "type": "Point", "coordinates": [ 22.8459842, 46.1186223 ] } },
{ "type": "Feature", "properties": { "nuts3_code": "RO121", "name": "Liceul Horea Cloșca și Crișan", "amenity": "college", "landuse": null }, "geometry": { "type": "Point", "coordinates": [ 23.0826166, 46.2651208 ] } },
{ "type": "Feature", "properties": { "nuts3_code": "RO121", "name": "Grup Școlar Zlatna", "amenity": "college", "landuse": null }, "geometry": { "type": "Point", "coordinates": [ 23.2268898, 46.1098324 ] } },
{ "type": "Feature", "properties": { "nuts3_code": "RO125", "name": "Grupul Școlar I-XII Carol I Târnăveni", "amenity": "college", "landuse": null }, "geometry": { "type": "Point", "coordinates": [ 24.2810188, 46.329586 ] } },
{ "type": "Feature", "properties": { "nuts3_code": "RO121", "name": "Grup Școlar Teiuș", "amenity": "college", "landuse": null }, "geometry": { "type": "Point", "coordinates": [ 23.6762538, 46.2055457 ] } },
{ "type": "Feature", "properties": { "nuts3_code": "RO121", "name": "ADJ Alba", "amenity": null, "landuse": null }, "geometry": { "type": "Point", "coordinates": [ 23.5747459, 46.0560485 ] } },
{ "type": "Feature", "properties": { "nuts3_code": "RO123", "name": "Grup Școlar Zagon", "amenity": "college", "landuse": null }, "geometry": { "type": "Point", "coordinates": [ 26.1118921, 45.7667694 ] } },
{ "type": "Feature", "properties": { "nuts3_code": "RO121", "name": "Grup Școlar Ciumbrud", "amenity": "college", "landuse": null }, "geometry": { "type": "Point", "coordinates": [ 23.7609176, 46.3053976 ] } },
{ "type": "Feature", "properties": { "nuts3_code": "RO126", "name": "Grup Școlar Avrig", "amenity": "college", "landuse": null }, "geometry": { "type": "Point", "coordinates": [ 24.3825656, 45.7275106 ] } },
{ "type": "Feature", "properties": { "nuts3_code": "RO113", "name": "Centrul de testare soiurilor Turda", "amenity": null, "landuse": null }, "geometry": { "type": "Point", "coordinates": [ 23.8422708, 46.5585947 ] } },
{ "type": "Feature", "properties": { "nuts3_code": "RO211", "name": "SC DASRICOM SRL", "amenity": null, "landuse": null }, "geometry": { "type": "Point", "coordinates": [ 27.3852176, 46.2016448 ] } },
{ "type": "Feature", "properties": { "nuts3_code": "RO211", "name": "Cercetare Ape", "amenity": null, "landuse": null }, "geometry": { "type": "Point", "coordinates": [ 27.3835615, 46.2047458 ] } },
{ "type": "Feature", "properties": { "nuts3_code": "RO211", "name": "Birouri COOP", "amenity": null, "landuse": null }, "geometry": { "type": "Point", "coordinates": [ 27.3858138, 46.2045011 ] } },
{ "type": "Feature", "properties": { "nuts3_code": "RO224", "name": null, "amenity": "university", "landuse": null }, "geometry": { "type": "Point", "coordinates": [ 28.0527406, 45.4402849 ] } },
{ "type": "Feature", "properties": { "nuts3_code": "RO221", "name": "Universitatea Constantin Brâncoveanu", "amenity": "university", "landuse": null }, "geometry": { "type": "Point", "coordinates": [ 27.9756283, 45.2707864 ] } },
{ "type": "Feature", "properties": { "nuts3_code": "RO411", "name": "Stațiune de Cercetare Dezvoltarea Agricolă Șimnic", "amenity": null, "landuse": null }, "geometry": { "type": "Point", "coordinates": [ 23.8224844, 44.3611103 ] } },
{ "type": "Feature", "properties": { "nuts3_code": "RO213", "name": "Direcția servicii studențești", "amenity": "university", "landuse": null }, "geometry": { "type": "Point", "coordinates": [ 27.6038054, 47.157218 ] } },
{ "type": "Feature", "properties": { "nuts3_code": "RO122", "name": "Colegiul Nicolae Titulescu", "amenity": "college", "landuse": null }, "geometry": { "type": "Point", "coordinates": [ 25.6102623, 45.6693897 ] } },
{ "type": "Feature", "properties": { "nuts3_code": "RO424", "name": "Facultatea de Electrotehnică și Electroenergetică", "amenity": "university", "landuse": null }, "geometry": { "type": "Point", "coordinates": [ 21.2269835, 45.7468271 ] } },
{ "type": "Feature", "properties": { "nuts3_code": "RO424", "name": "Departamentul de Construcții Metalice și Mecanica Construcțiilor", "amenity": "university", "landuse": null }, "geometry": { "type": "Point", "coordinates": [ 21.230576, 45.7453787 ] } },
{ "type": "Feature", "properties": { "nuts3_code": "RO424", "name": "Departamentul Căi de Comunicație Terestre, Fundații și Cadastru", "amenity": "university", "landuse": null }, "geometry": { "type": "Point", "coordinates": [ 21.2311628, 45.7454605 ] } },
{ "type": "Feature", "properties": { "nuts3_code": "RO424", "name": "Facultatea de Construcții", "amenity": "university", "landuse": null }, "geometry": { "type": "Point", "coordinates": [ 21.2299367, 45.7457808 ] } },
{ "type": "Feature", "properties": { "nuts3_code": "RO424", "name": "Facultatea de Arhitectură și Urbanism", "amenity": "university", "landuse": null }, "geometry": { "type": "Point", "coordinates": [ 21.2299754, 45.7455594 ] } },
{ "type": "Feature", "properties": { "nuts3_code": "RO424", "name": "Facultatea de Științe ale Comunicării", "amenity": "university", "landuse": null }, "geometry": { "type": "Point", "coordinates": [ 21.2300203, 45.745316 ] } },
{ "type": "Feature", "properties": { "nuts3_code": "RO424", "name": "Facultatea de Construcții", "amenity": "university", "landuse": null }, "geometry": { "type": "Point", "coordinates": [ 21.2315101, 45.7461325 ] } },
{ "type": "Feature", "properties": { "nuts3_code": "RO424", "name": "Facultatea de Științe ale Comunicării", "amenity": "university", "landuse": null }, "geometry": { "type": "Point", "coordinates": [ 21.2315837, 45.7458761 ] } },
{ "type": "Feature", "properties": { "nuts3_code": "RO424", "name": "Facultatea de Automatică și Calculatoare", "amenity": "university", "landuse": null }, "geometry": { "type": "Point", "coordinates": [ 21.2316678, 45.745587 ] } },
{ "type": "Feature", "properties": { "nuts3_code": "RO424", "name": "Facultatea de Mecanică", "amenity": "university", "landuse": null }, "geometry": { "type": "Point", "coordinates": [ 21.2271335, 45.7463062 ] } },
{ "type": "Feature", "properties": { "nuts3_code": "RO424", "name": "Facultatea de Construcții", "amenity": "university", "landuse": null }, "geometry": { "type": "Point", "coordinates": [ 21.2265552, 45.7455161 ] } },
{ "type": "Feature", "properties": { "nuts3_code": "RO424", "name": "Facultatea de Management și Producție în Transporturi", "amenity": "university", "landuse": null }, "geometry": { "type": "Point", "coordinates": [ 21.227485, 45.7454742 ] } },
{ "type": "Feature", "properties": { "nuts3_code": "RO314", "name": "Liceul Udriste Nasturel, Hotarele", "amenity": "college", "landuse": null }, "geometry": { "type": "Point", "coordinates": [ 26.367784, 44.1774832 ] } },
{ "type": "Feature", "properties": { "nuts3_code": "RO321", "name": "Facultatea de Agricultură", "amenity": "university", "landuse": null }, "geometry": { "type": "Point", "coordinates": [ 26.0707592, 44.4713422 ] } },
{ "type": "Feature", "properties": { "nuts3_code": "RO321", "name": "Facultatea de Management și Dezvoltare Rurală", "amenity": "university", "landuse": null }, "geometry": { "type": "Point", "coordinates": [ 26.0711568, 44.4709701 ] } },
{ "type": "Feature", "properties": { "nuts3_code": "RO316", "name": "Liceul Tehnologic Carol I", "amenity": "college", "landuse": null }, "geometry": { "type": "Point", "coordinates": [ 25.7207811, 45.3024428 ] } },
{ "type": "Feature", "properties": { "nuts3_code": "RO413", "name": "Școala de Perfecționare a Pregătirii Personalului Poliției de Frontieră Orșova - IGPFR", "amenity": "college", "landuse": null }, "geometry": { "type": "Point", "coordinates": [ 22.4013501, 44.7146295 ] } },
{ "type": "Feature", "properties": { "nuts3_code": "RO412", "name": "Facultatea de Ştiințe ale Educației, Drept şi Administrație Publică", "amenity": "university", "landuse": null }, "geometry": { "type": "Point", "coordinates": [ 23.2716761, 45.0398564 ] } },
{ "type": "Feature", "properties": { "nuts3_code": "RO214", "name": "Colegul Național \"Gheorghe Asachi\" Piatra Neamț", "amenity": "college", "landuse": null }, "geometry": { "type": "Point", "coordinates": [ 26.3884232, 46.9459419 ] } },
{ "type": "Feature", "properties": { "nuts3_code": "RO214", "name": "Colegul Național \"Gheorghe Asachi\" Piatra Neamț Corp B", "amenity": "college", "landuse": null }, "geometry": { "type": "Point", "coordinates": [ 26.3878342, 46.9459094 ] } },
{ "type": "Feature", "properties": { "nuts3_code": "RO214", "name": "Liceul Particular Aurora Ouatu", "amenity": "college", "landuse": null }, "geometry": { "type": "Point", "coordinates": [ 26.3192037, 46.9414246 ] } },
{ "type": "Feature", "properties": { "nuts3_code": "RO321", "name": "Facultatea de Management", "amenity": "university", "landuse": null }, "geometry": { "type": "Point", "coordinates": [ 26.0967613, 44.4480782 ] } },
{ "type": "Feature", "properties": { "nuts3_code": "RO321", "name": "Facultatea de Contabilitate și Informatica de Gestiune ( CIG )", "amenity": "university", "landuse": null }, "geometry": { "type": "Point", "coordinates": [ 26.0967774, 44.447903 ] } },
{ "type": "Feature", "properties": { "nuts3_code": "RO321", "name": "Facultatea de Relaţii Economice Internaţionale (REI)", "amenity": "university", "landuse": null }, "geometry": { "type": "Point", "coordinates": [ 26.0987344, 44.4473784 ] } },
{ "type": "Feature", "properties": { "nuts3_code": "RO321", "name": "Facultatea de Geologie și Geofizică", "amenity": "university", "landuse": null }, "geometry": { "type": "Point", "coordinates": [ 26.1018077, 44.4357018 ] } },
{ "type": "Feature", "properties": { "nuts3_code": "RO321", "name": "Facultatea de Administrație și Afaceri", "amenity": "university", "landuse": null }, "geometry": { "type": "Point", "coordinates": [ 26.1014573, 44.4355946 ] } },
{ "type": "Feature", "properties": { "nuts3_code": "RO321", "name": "Facultatea de Litere", "amenity": "university", "landuse": null }, "geometry": { "type": "Point", "coordinates": [ 26.1005178, 44.4357453 ] } },
{ "type": "Feature", "properties": { "nuts3_code": "RO222", "name": "Școala Gimnazială Dumitru I. Ionescu", "amenity": "college", "landuse": null }, "geometry": { "type": "Point", "coordinates": [ 26.2994306, 45.2485748 ] } },
{ "type": "Feature", "properties": { "nuts3_code": "RO113", "name": "UMF Rectorat", "amenity": "university", "landuse": null }, "geometry": { "type": "Point", "coordinates": [ 23.584656, 46.7649771 ] } },
{ "type": "Feature", "properties": { "nuts3_code": "RO422", "name": "Colegiul Național Traian Lalescu - Reșița", "amenity": "college", "landuse": null }, "geometry": { "type": "Point", "coordinates": [ 21.8799117, 45.2944561 ] } },
{ "type": "Feature", "properties": { "nuts3_code": "RO125", "name": "Liceul Tehnologic nr. 1", "amenity": "college", "landuse": null }, "geometry": { "type": "Point", "coordinates": [ 24.7898336, 46.2145503 ] } },
{ "type": "Feature", "properties": { "nuts3_code": "RO212", "name": "Universitatea A.I. Cuza - Filiala Botoșani", "amenity": "university", "landuse": null }, "geometry": { "type": "Point", "coordinates": [ 26.6643865, 47.738367 ] } },
{ "type": "Feature", "properties": { "nuts3_code": "RO211", "name": "Liceul Tehnologic Dumitru Mangeron", "amenity": "college", "landuse": null }, "geometry": { "type": "Point", "coordinates": [ 26.9173848, 46.53244 ] } },
{ "type": "Feature", "properties": { "nuts3_code": "RO211", "name": "Colegiul Tehnologic Grigore Antipa", "amenity": "college", "landuse": null }, "geometry": { "type": "Point", "coordinates": [ 26.9172088, 46.5332667 ] } },
{ "type": "Feature", "properties": { "nuts3_code": "RO214", "name": "Centrul de Cercetari Biologice “Stejarul”", "amenity": null, "landuse": null }, "geometry": { "type": "Point", "coordinates": [ 26.3636238, 46.9339362 ] } },
{ "type": "Feature", "properties": { "nuts3_code": "RO222", "name": "Liceul Tehnologic Rușețu", "amenity": "college", "landuse": null }, "geometry": { "type": "Point", "coordinates": [ 27.2168284, 44.9632672 ] } },
{ "type": "Feature", "properties": { "nuts3_code": "RO321", "name": "arnia software", "amenity": null, "landuse": null }, "geometry": { "type": "Point", "coordinates": [ 26.0875373, 44.4512929 ] } },
{ "type": "Feature", "properties": { "nuts3_code": "RO125", "name": "Facultatea de Economie și Drept", "amenity": "university", "landuse": null }, "geometry": { "type": "Point", "coordinates": [ 24.5984595, 46.5381995 ] } },
{ "type": "Feature", "properties": { "nuts3_code": "RO121", "name": "Liceul Tehnologic Sebeș", "amenity": "college", "landuse": null }, "geometry": { "type": "Point", "coordinates": [ 23.5799426, 45.9540983 ] } },
{ "type": "Feature", "properties": { "nuts3_code": "RO215", "name": "Colegiul „Alexandru cel Bun”", "amenity": "college", "landuse": null }, "geometry": { "type": "Point", "coordinates": [ 25.8996232, 47.5530442 ] } },
{ "type": "Feature", "properties": { "nuts3_code": "RO315", "name": "Liceul Tehnologic Fierbinți-Târg", "amenity": "college", "landuse": null }, "geometry": { "type": "Point", "coordinates": [ 26.3848564, 44.6819839 ] } },
{ "type": "Feature", "properties": { "nuts3_code": "RO315", "name": "Grupul Școlar Agricol", "amenity": "college", "landuse": null }, "geometry": { "type": "Point", "coordinates": [ 26.3859063, 44.6814977 ] } },
{ "type": "Feature", "properties": { "nuts3_code": "RO112", "name": "Universitatea Tehnica", "amenity": "university", "landuse": null }, "geometry": { "type": "Point", "coordinates": [ 24.497147, 47.1327679 ] } },
{ "type": "Feature", "properties": { "nuts3_code": "RO321", "name": "Facultatea de Drept", "amenity": "university", "landuse": null }, "geometry": { "type": "Point", "coordinates": [ 26.0820687, 44.4350442 ] } },
{ "type": "Feature", "properties": { "nuts3_code": "RO321", "name": "Facultatea de Utilaj Tehnologic pentru Construcții București", "amenity": "university", "landuse": null }, "geometry": { "type": "Point", "coordinates": [ 26.0819896, 44.4365163 ] } },
{ "type": "Feature", "properties": { "nuts3_code": "RO321", "name": "Facultatea de Științe Politice", "amenity": "university", "landuse": null }, "geometry": { "type": "Point", "coordinates": [ 26.0807896, 44.4367447 ] } },
{ "type": "Feature", "properties": { "nuts3_code": "RO321", "name": "Facultatea de Electronică, Telecomunicații și Tehnologia Informației", "amenity": "university", "landuse": null }, "geometry": { "type": "Point", "coordinates": [ 26.057419, 44.4338169 ] } },
{ "type": "Feature", "properties": { "nuts3_code": "RO321", "name": "Facultatea de Chimie", "amenity": "university", "landuse": null }, "geometry": { "type": "Point", "coordinates": [ 26.0632461, 44.4301767 ] } },
{ "type": "Feature", "properties": { "nuts3_code": "RO321", "name": "Facultatea de Administrație și Afaceri", "amenity": "university", "landuse": null }, "geometry": { "type": "Point", "coordinates": [ 26.0615901, 44.431143 ] } },
{ "type": "Feature", "properties": { "nuts3_code": "RO321", "name": "Facultatea de Sociologie şi Asistenţă Socială", "amenity": "university", "landuse": null }, "geometry": { "type": "Point", "coordinates": [ 26.0614082, 44.4317282 ] } },
{ "type": "Feature", "properties": { "nuts3_code": "RO321", "name": "Facultatea de Psihologie și Științele Educației", "amenity": "university", "landuse": null }, "geometry": { "type": "Point", "coordinates": [ 26.0624027, 44.4314375 ] } },
{ "type": "Feature", "properties": { "nuts3_code": "RO321", "name": "Facultatea de Limbi și Literaturi Străine", "amenity": "university", "landuse": null }, "geometry": { "type": "Point", "coordinates": [ 26.1002534, 44.4419466 ] } },
{ "type": "Feature", "properties": { "nuts3_code": "RO321", "name": "Facultatea de Biologie", "amenity": "university", "landuse": null }, "geometry": { "type": "Point", "coordinates": [ 26.083565, 44.4332274 ] } },
{ "type": "Feature", "properties": { "nuts3_code": "RO321", "name": "Facultatea de Medicină Veterinară", "amenity": "university", "landuse": null }, "geometry": { "type": "Point", "coordinates": [ 26.0809188, 44.4334351 ] } },
{ "type": "Feature", "properties": { "nuts3_code": "RO321", "name": "Facultatea de Finanțe, Asigurări, Bănci și Burse de Valori", "amenity": "university", "landuse": null }, "geometry": { "type": "Point", "coordinates": [ 26.0882222, 44.4458705 ] } },
{ "type": "Feature", "properties": { "nuts3_code": "RO321", "name": "Facultatea Artelor Decorative și Designului din Universitatea Artelor", "amenity": "university", "landuse": null }, "geometry": { "type": "Point", "coordinates": [ 26.0870107, 44.4448358 ] } },
{ "type": "Feature", "properties": { "nuts3_code": "RO113", "name": "UAD - Departamentul Foto", "amenity": "university", "landuse": null }, "geometry": { "type": "Point", "coordinates": [ 23.59471, 46.7553956 ] } },
{ "type": "Feature", "properties": { "nuts3_code": "RO321", "name": "Facultatea de Științe Aplicate", "amenity": "university", "landuse": null }, "geometry": { "type": "Point", "coordinates": [ 26.0506895, 44.4399677 ] } },
{ "type": "Feature", "properties": { "nuts3_code": "RO321", "name": "Facultatea de Antreprenoriat, Ingineria și Managementul Afacerilor", "amenity": "university", "landuse": null }, "geometry": { "type": "Point", "coordinates": [ 26.0504562, 44.4391672 ] } },
{ "type": "Feature", "properties": { "nuts3_code": "RO321", "name": "Facultatea de Ingineria și Managementul Sistemelor Tehnologice", "amenity": "university", "landuse": null }, "geometry": { "type": "Point", "coordinates": [ 26.0491687, 44.4409827 ] } },
{ "type": "Feature", "properties": { "nuts3_code": "RO321", "name": "Facultatea de Inginerie Mecanică și Mecatronică", "amenity": "university", "landuse": null }, "geometry": { "type": "Point", "coordinates": [ 26.0484982, 44.4407242 ] } },
{ "type": "Feature", "properties": { "nuts3_code": "RO321", "name": "Facultatea de Ingineria Sistemelor Biotehnice", "amenity": "university", "landuse": null }, "geometry": { "type": "Point", "coordinates": [ 26.0459205, 44.4398566 ] } },
{ "type": "Feature", "properties": { "nuts3_code": "RO321", "name": "Facultatea de Automatică și Calculatoare", "amenity": "university", "landuse": null }, "geometry": { "type": "Point", "coordinates": [ 26.0477941, 44.4357679 ] } },
{ "type": "Feature", "properties": { "nuts3_code": "RO321", "name": "Facultatea de Transporturi", "amenity": "university", "landuse": null }, "geometry": { "type": "Point", "coordinates": [ 26.0529654, 44.4395837 ] } },
{ "type": "Feature", "properties": { "nuts3_code": "RO321", "name": "Facultatea de Inginerie în Limbi Străine", "amenity": "university", "landuse": null }, "geometry": { "type": "Point", "coordinates": [ 26.0527709, 44.439128 ] } },
{ "type": "Feature", "properties": { "nuts3_code": "RO223", "name": "Școala Postliceală „Henri Coandă” Năvodari", "amenity": "college", "landuse": null }, "geometry": { "type": "Point", "coordinates": [ 28.6107122, 44.3195919 ] } },
{ "type": "Feature", "properties": { "nuts3_code": "RO223", "name": "Laboratoare Facultatea de Medicină Dentară", "amenity": "university", "landuse": null }, "geometry": { "type": "Point", "coordinates": [ 28.6233399, 44.1745312 ] } },
{ "type": "Feature", "properties": { "nuts3_code": "RO114", "name": "Colegiul Tehnic Anghel Saligny", "amenity": "college", "landuse": null }, "geometry": { "type": "Point", "coordinates": [ 23.5724726, 47.6517085 ] } },
{ "type": "Feature", "properties": { "nuts3_code": "RO321", "name": "Facultatea de Geodezie", "amenity": "university", "landuse": null }, "geometry": { "type": "Point", "coordinates": [ 26.1255373, 44.4637576 ] } },
{ "type": "Feature", "properties": { "nuts3_code": "RO321", "name": "Facultatea de Construcții Civile", "amenity": "university", "landuse": null }, "geometry": { "type": "Point", "coordinates": [ 26.1247693, 44.4635075 ] } },
{ "type": "Feature", "properties": { "nuts3_code": "RO321", "name": "Facultatea de Hidrotehnică", "amenity": "university", "landuse": null }, "geometry": { "type": "Point", "coordinates": [ 26.1242278, 44.4630099 ] } },
{ "type": "Feature", "properties": { "nuts3_code": "RO321", "name": "Rectorat Universitatea Tehnică de Construcții", "amenity": "university", "landuse": null }, "geometry": { "type": "Point", "coordinates": [ 26.1246171, 44.4632423 ] } },
{ "type": "Feature", "properties": { "nuts3_code": "RO113", "name": "Institutul Psihologic UBB", "amenity": "university", "landuse": null }, "geometry": { "type": "Point", "coordinates": [ 23.5891705, 46.7632959 ] } },
{ "type": "Feature", "properties": { "nuts3_code": "RO113", "name": "UBB Department of Public Health", "amenity": "university", "landuse": null }, "geometry": { "type": "Point", "coordinates": [ 23.5596361, 46.7634506 ] } },
{ "type": "Feature", "properties": { "nuts3_code": "RO125", "name": "Labaqua", "amenity": null, "landuse": null }, "geometry": { "type": "Point", "coordinates": [ 24.5711006, 46.5511952 ] } },
{ "type": "Feature", "properties": { "nuts3_code": "RO215", "name": "Corp A", "amenity": "university", "landuse": null }, "geometry": { "type": "Point", "coordinates": [ 26.2451374, 47.6411594 ] } },
{ "type": "Feature", "properties": { "nuts3_code": "RO215", "name": "Corp C", "amenity": "university", "landuse": null }, "geometry": { "type": "Point", "coordinates": [ 26.2431104, 47.6412989 ] } },
{ "type": "Feature", "properties": { "nuts3_code": "RO215", "name": "Corp E", "amenity": "university", "landuse": null }, "geometry": { "type": "Point", "coordinates": [ 26.2445266, 47.6403302 ] } },
{ "type": "Feature", "properties": { "nuts3_code": "RO321", "name": "Sixth Form College", "amenity": "college", "landuse": null }, "geometry": { "type": "Point", "coordinates": [ 26.1315487, 44.4382846 ] } },
{ "type": "Feature", "properties": { "nuts3_code": "RO112", "name": "Generala 1", "amenity": "college", "landuse": null }, "geometry": { "type": "Point", "coordinates": [ 24.4948119, 47.1318593 ] } },
{ "type": "Feature", "properties": { "nuts3_code": "RO213", "name": "Universitatea de Arte", "amenity": "university", "landuse": null }, "geometry": { "type": "Point", "coordinates": [ 27.5850449, 47.1644021 ] } },
{ "type": "Feature", "properties": { "nuts3_code": "RO311", "name": "Facultatea de Teologie Ortodoxă", "amenity": "university", "landuse": null }, "geometry": { "type": "Point", "coordinates": [ 24.890059, 44.8422086 ] } },
{ "type": "Feature", "properties": { "nuts3_code": "RO311", "name": "Facultatea de Litere", "amenity": "university", "landuse": null }, "geometry": { "type": "Point", "coordinates": [ 24.8907725, 44.8425777 ] } },
{ "type": "Feature", "properties": { "nuts3_code": "RO311", "name": "Facultatea de Educație Fizică și Sport", "amenity": "university", "landuse": null }, "geometry": { "type": "Point", "coordinates": [ 24.8910042, 44.842192 ] } },
{ "type": "Feature", "properties": { "nuts3_code": "RO224", "name": "Școala Postliceală FEG Education Tecuci", "amenity": "college", "landuse": null }, "geometry": { "type": "Point", "coordinates": [ 27.4256788, 45.8463703 ] } },
{ "type": "Feature", "properties": { "nuts3_code": "RO115", "name": "UBB", "amenity": "college", "landuse": null }, "geometry": { "type": "Point", "coordinates": [ 22.8694775, 47.7895168 ] } },
{ "type": "Feature", "properties": { "nuts3_code": "RO321", "name": "INCD URBAN-INCERC", "amenity": null, "landuse": null }, "geometry": { "type": "Point", "coordinates": [ 26.1611381, 44.4420719 ] } },
{ "type": "Feature", "properties": { "nuts3_code": "RO415", "name": "INCD Ecoind - Sucursala Râmnicu Vâlcea", "amenity": null, "landuse": null }, "geometry": { "type": "Point", "coordinates": [ 24.3451102, 45.1059215 ] } },
{ "type": "Feature", "properties": { "nuts3_code": "RO224", "name": "Liceul Teoretic \"Emil Racoviță\"", "amenity": "college", "landuse": null }, "geometry": { "type": "Point", "coordinates": [ 28.0325684, 45.4221591 ] } },
{ "type": "Feature", "properties": { "nuts3_code": "RO224", "name": "Liceul Teoretic \"Emil Racoviță\"", "amenity": "college", "landuse": null }, "geometry": { "type": "Point", "coordinates": [ 28.032784, 45.4220666 ] } },
{ "type": "Feature", "properties": { "nuts3_code": "RO224", "name": "Colegiul Național Pedagogic \"Costache Negri\"", "amenity": "college", "landuse": null }, "geometry": { "type": "Point", "coordinates": [ 28.0327258, 45.4296399 ] } },
{ "type": "Feature", "properties": { "nuts3_code": "RO321", "name": "Institutul Medico-Militar", "amenity": "university", "landuse": null }, "geometry": { "type": "Point", "coordinates": [ 26.0728419, 44.4452296 ] } },
{ "type": "Feature", "properties": { "nuts3_code": "RO125", "name": "Universitatea Dimitrie Cantemir", "amenity": "university", "landuse": null }, "geometry": { "type": "Point", "coordinates": [ 24.5841549, 46.5308937 ] } },
{ "type": "Feature", "properties": { "nuts3_code": "RO321", "name": "Universitatea Spiru Haret", "amenity": "university", "landuse": null }, "geometry": { "type": "Point", "coordinates": [ 26.1331855, 44.38025 ] } },
{ "type": "Feature", "properties": { "nuts3_code": "RO321", "name": "Institutul Teologic Penticostal", "amenity": "university", "landuse": null }, "geometry": { "type": "Point", "coordinates": [ 26.0196338, 44.4444781 ] } },
{ "type": "Feature", "properties": { "nuts3_code": "RO321", "name": "Universitatea Politehnica din București", "amenity": "university", "landuse": null }, "geometry": { "type": "Point", "coordinates": [ 26.0489971, 44.4393472 ] } },
{ "type": "Feature", "properties": { "nuts3_code": "RO321", "name": "Complexul Studențesc Leu", "amenity": "university", "landuse": null }, "geometry": { "type": "Point", "coordinates": [ 26.0566167, 44.4332673 ] } },
{ "type": "Feature", "properties": { "nuts3_code": "RO321", "name": "Universitatea de Medicină și Farmacie \"Carol Davila\"", "amenity": "university", "landuse": null }, "geometry": { "type": "Point", "coordinates": [ 26.0698438, 44.4352692 ] } },
{ "type": "Feature", "properties": { "nuts3_code": "RO321", "name": "Facultatea de utilaj tehnic", "amenity": "university", "landuse": null }, "geometry": { "type": "Point", "coordinates": [ 26.080728, 44.436347 ] } },
{ "type": "Feature", "properties": { "nuts3_code": "RO321", "name": "Școala Națională de Studii Politice și Administrative", "amenity": "university", "landuse": null }, "geometry": { "type": "Point", "coordinates": [ 26.0940243, 44.4499389 ] } },
{ "type": "Feature", "properties": { "nuts3_code": "RO321", "name": "Universitatea de Știinte Agronomice și Medicină Veterinară București", "amenity": "university", "landuse": null }, "geometry": { "type": "Point", "coordinates": [ 26.0660267, 44.4709751 ] } },
{ "type": "Feature", "properties": { "nuts3_code": "RO321", "name": "Institutul de Studii pentru Ordine Publică", "amenity": "university", "landuse": null }, "geometry": { "type": "Point", "coordinates": [ 26.1143742, 44.3948696 ] } },
{ "type": "Feature", "properties": { "nuts3_code": "RO321", "name": "Campusul Studențesc Regie", "amenity": "university", "landuse": null }, "geometry": { "type": "Point", "coordinates": [ 26.0551047, 44.4460651 ] } },
{ "type": "Feature", "properties": { "nuts3_code": "RO321", "name": "Universitatea de Arhitectură și Urbanism Ion Mincu", "amenity": "university", "landuse": null }, "geometry": { "type": "Point", "coordinates": [ 26.1003163, 44.4362292 ] } },
{ "type": "Feature", "properties": { "nuts3_code": "RO221", "name": "Liceul cu program sportiv", "amenity": "college", "landuse": null }, "geometry": { "type": "Point", "coordinates": [ 27.9507114, 45.2580356 ] } },
{ "type": "Feature", "properties": { "nuts3_code": "RO321", "name": "Complexul Studențesc Polizu", "amenity": "university", "landuse": null }, "geometry": { "type": "Point", "coordinates": [ 26.0788169, 44.4483214 ] } },
{ "type": "Feature", "properties": { "nuts3_code": "RO321", "name": "Academia de Politie \"Alexandru Ioan Cuza\"", "amenity": "university", "landuse": null }, "geometry": { "type": "Point", "coordinates": [ 26.0782454, 44.5209307 ] } },
{ "type": "Feature", "properties": { "nuts3_code": "RO321", "name": "Facultatea de Medicină Dentară", "amenity": "university", "landuse": null }, "geometry": { "type": "Point", "coordinates": [ 26.152384, 44.4302036 ] } },
{ "type": "Feature", "properties": { "nuts3_code": "RO224", "name": "Colegiul Tehnic  Energetic \"Paul Dimo\" ", "amenity": "college", "landuse": null }, "geometry": { "type": "Point", "coordinates": [ 28.0203203, 45.4496965 ] } },
{ "type": "Feature", "properties": { "nuts3_code": "RO224", "name": "Liceul Tehnologic Transporturi Căi Ferate Galați", "amenity": "college", "landuse": null }, "geometry": { "type": "Point", "coordinates": [ 28.0344213, 45.447856 ] } },
{ "type": "Feature", "properties": { "nuts3_code": "RO125", "name": null, "amenity": "college", "landuse": null }, "geometry": { "type": "Point", "coordinates": [ 24.5636041, 46.5441153 ] } },
{ "type": "Feature", "properties": { "nuts3_code": "RO224", "name": "Liceul Teoretic \"Mircea Eliade\"", "amenity": "college", "landuse": null }, "geometry": { "type": "Point", "coordinates": [ 28.0289626, 45.4489697 ] } },
{ "type": "Feature", "properties": { "nuts3_code": "RO224", "name": "Grup școlar de industrie alimentară \"Dimitrie Moțoc\" (MAIA)", "amenity": "college", "landuse": null }, "geometry": { "type": "Point", "coordinates": [ 28.0275095, 45.4488907 ] } },
{ "type": "Feature", "properties": { "nuts3_code": "RO224", "name": "Liceul de artă \"Dimitrie Cuclin\"", "amenity": "college", "landuse": null }, "geometry": { "type": "Point", "coordinates": [ 28.0539126, 45.4451954 ] } },
{ "type": "Feature", "properties": { "nuts3_code": "RO224", "name": "Colegiul Național Vasile Alecsandri", "amenity": "college", "landuse": null }, "geometry": { "type": "Point", "coordinates": [ 28.0508505, 45.4407235 ] } },
{ "type": "Feature", "properties": { "nuts3_code": "RO423", "name": null, "amenity": "college", "landuse": null }, "geometry": { "type": "Point", "coordinates": [ 22.9095906, 45.7556242 ] } },
{ "type": "Feature", "properties": { "nuts3_code": "RO423", "name": "Colegiul Economic Emanuil Gojdu", "amenity": "college", "landuse": null }, "geometry": { "type": "Point", "coordinates": [ 22.9135903, 45.7582508 ] } },
{ "type": "Feature", "properties": { "nuts3_code": "RO224", "name": "Colegiul Tehnic \"Traian Vuia\"", "amenity": "college", "landuse": null }, "geometry": { "type": "Point", "coordinates": [ 28.020537, 45.4319601 ] } },
{ "type": "Feature", "properties": { "nuts3_code": "RO423", "name": "Școala Postliceală Sanitară", "amenity": "college", "landuse": null }, "geometry": { "type": "Point", "coordinates": [ 22.902537, 45.7498788 ] } },
{ "type": "Feature", "properties": { "nuts3_code": "RO321", "name": "Universitatea Națională de Muzică București", "amenity": "university", "landuse": null }, "geometry": { "type": "Point", "coordinates": [ 26.0909012, 44.4392875 ] } },
{ "type": "Feature", "properties": { "nuts3_code": "RO321", "name": "Academia de Studii Economice", "amenity": "university", "landuse": null }, "geometry": { "type": "Point", "coordinates": [ 26.1025086, 44.4242608 ] } },
{ "type": "Feature", "properties": { "nuts3_code": "RO321", "name": "Complexul Studențesc Kogălniceanu", "amenity": "university", "landuse": "grass" }, "geometry": { "type": "Point", "coordinates": [ 26.0819287, 44.4356969 ] } },
{ "type": "Feature", "properties": { "nuts3_code": "RO126", "name": "Universitatea Lucian Blaga din Sibiu", "amenity": "university", "landuse": null }, "geometry": { "type": "Point", "coordinates": [ 24.1461089, 45.7901988 ] } },
{ "type": "Feature", "properties": { "nuts3_code": "RO126", "name": "Liceul \"Samuel Brukenthal\"", "amenity": "college", "landuse": null }, "geometry": { "type": "Point", "coordinates": [ 24.149691, 45.7972693 ] } },
{ "type": "Feature", "properties": { "nuts3_code": "RO222", "name": "Liceul cu Program Sportiv ,,Iolanda Balas Soter’’", "amenity": "college", "landuse": null }, "geometry": { "type": "Point", "coordinates": [ 26.7928945, 45.1535305 ] } },
{ "type": "Feature", "properties": { "nuts3_code": "RO424", "name": "Facultatea de Arte și Design", "amenity": "university", "landuse": null }, "geometry": { "type": "Point", "coordinates": [ 21.2295996, 45.7595889 ] } },
{ "type": "Feature", "properties": { "nuts3_code": "RO111", "name": "Colegiul Național Mihai Eminescu", "amenity": "college", "landuse": null }, "geometry": { "type": "Point", "coordinates": [ 21.930562, 47.0605659 ] } },
{ "type": "Feature", "properties": { "nuts3_code": "RO224", "name": "Facultatea de Arte / Drept", "amenity": "university", "landuse": null }, "geometry": { "type": "Point", "coordinates": [ 28.0530526, 45.4474366 ] } },
{ "type": "Feature", "properties": { "nuts3_code": "RO224", "name": "Facultatea de Nave", "amenity": "college", "landuse": null }, "geometry": { "type": "Point", "coordinates": [ 28.052288, 45.4457255 ] } },
{ "type": "Feature", "properties": { "nuts3_code": "RO224", "name": "Facultatea de Inginerie", "amenity": "university", "landuse": null }, "geometry": { "type": "Point", "coordinates": [ 28.0534199, 45.4469077 ] } },
{ "type": "Feature", "properties": { "nuts3_code": "RO221", "name": "Universitatea Danubius", "amenity": "university", "landuse": null }, "geometry": { "type": "Point", "coordinates": [ 28.0169751, 45.4039293 ] } },
{ "type": "Feature", "properties": { "nuts3_code": "RO224", "name": "Liceul cu Program Sportiv", "amenity": "college", "landuse": null }, "geometry": { "type": "Point", "coordinates": [ 28.0247617, 45.4154325 ] } },
{ "type": "Feature", "properties": { "nuts3_code": "RO224", "name": null, "amenity": "university", "landuse": null }, "geometry": { "type": "Point", "coordinates": [ 28.0526319, 45.446462 ] } },
{ "type": "Feature", "properties": { "nuts3_code": "RO224", "name": "Facultatea de Inginerie", "amenity": "university", "landuse": null }, "geometry": { "type": "Point", "coordinates": [ 28.0526474, 45.4477766 ] } },
{ "type": "Feature", "properties": { "nuts3_code": "RO224", "name": "corp E", "amenity": "university", "landuse": null }, "geometry": { "type": "Point", "coordinates": [ 28.0517822, 45.4475309 ] } },
{ "type": "Feature", "properties": { "nuts3_code": "RO224", "name": null, "amenity": "university", "landuse": null }, "geometry": { "type": "Point", "coordinates": [ 28.0518189, 45.4469179 ] } },
{ "type": "Feature", "properties": { "nuts3_code": "RO224", "name": "corp H/G", "amenity": "university", "landuse": null }, "geometry": { "type": "Point", "coordinates": [ 28.0521979, 45.4468912 ] } },
{ "type": "Feature", "properties": { "nuts3_code": "RO224", "name": "corp G/H", "amenity": "university", "landuse": null }, "geometry": { "type": "Point", "coordinates": [ 28.0519899, 45.4462444 ] } },
{ "type": "Feature", "properties": { "nuts3_code": "RO224", "name": "Facultatea de Economie și Administrarea Afacerilor", "amenity": "university", "landuse": null }, "geometry": { "type": "Point", "coordinates": [ 28.0515392, 45.4432996 ] } },
{ "type": "Feature", "properties": { "nuts3_code": "RO224", "name": "Facultatea de Educație Fizică și Sport", "amenity": "university", "landuse": null }, "geometry": { "type": "Point", "coordinates": [ 28.0498302, 45.4431609 ] } },
{ "type": "Feature", "properties": { "nuts3_code": "RO224", "name": "Liceul CFR, Grup Școlar Industrial Transporturi Feroviare", "amenity": "college", "landuse": null }, "geometry": { "type": "Point", "coordinates": [ 28.0346826, 45.4479376 ] } },
{ "type": "Feature", "properties": { "nuts3_code": "RO125", "name": "Colegiul Național Al. Papiu Ilarian", "amenity": "college", "landuse": null }, "geometry": { "type": "Point", "coordinates": [ 24.568551, 46.5457522 ] } },
{ "type": "Feature", "properties": { "nuts3_code": "RO213", "name": "Universitatea Tehnică „Gheorghe Asachi” din Iași", "amenity": "university", "landuse": null }, "geometry": { "type": "Point", "coordinates": [ 27.5963238, 47.1542739 ] } },
{ "type": "Feature", "properties": { "nuts3_code": "RO213", "name": "Universitatea de știintele vieții \"Ion Ionescu de la Brad\"", "amenity": "university", "landuse": null }, "geometry": { "type": "Point", "coordinates": [ 27.5577192, 47.1938919 ] } },
{ "type": "Feature", "properties": { "nuts3_code": "RO317", "name": "Colegiul Național Anastasescu", "amenity": "college", "landuse": null }, "geometry": { "type": "Point", "coordinates": [ 24.9845296, 44.1139062 ] } },
{ "type": "Feature", "properties": { "nuts3_code": "RO224", "name": "Grup școlar \"Anghel Saligny\"", "amenity": "college", "landuse": null }, "geometry": { "type": "Point", "coordinates": [ 28.0126932, 45.4409921 ] } },
{ "type": "Feature", "properties": { "nuts3_code": "RO111", "name": "Colegiul Național Teodor Neș", "amenity": "college", "landuse": null }, "geometry": { "type": "Point", "coordinates": [ 21.6462803, 46.8055725 ] } },
{ "type": "Feature", "properties": { "nuts3_code": "RO224", "name": "Grup școlar Industrial Metalurgic", "amenity": "college", "landuse": null }, "geometry": { "type": "Point", "coordinates": [ 28.0239024, 45.4481421 ] } },
{ "type": "Feature", "properties": { "nuts3_code": "RO213", "name": "Universitatea Alexandru Ioan Cuza - Corpul H", "amenity": "university", "landuse": null }, "geometry": { "type": "Point", "coordinates": [ 27.5723035, 47.175342 ] } },
{ "type": "Feature", "properties": { "nuts3_code": "RO213", "name": "Universitatea Alexandru Ioan Cuza - Corpul G", "amenity": "university", "landuse": null }, "geometry": { "type": "Point", "coordinates": [ 27.5727598, 47.1754114 ] } },
{ "type": "Feature", "properties": { "nuts3_code": "RO213", "name": "Univ Al. I. Cuza - Corp I", "amenity": "university", "landuse": null }, "geometry": { "type": "Point", "coordinates": [ 27.5707051, 47.1760592 ] } },
{ "type": "Feature", "properties": { "nuts3_code": "RO121", "name": "Colegiul Bethlen Gabor", "amenity": "college", "landuse": null }, "geometry": { "type": "Point", "coordinates": [ 23.7173387, 46.3107355 ] } },
{ "type": "Feature", "properties": { "nuts3_code": "RO321", "name": "Liceul Teoretic \"Benjamin Franklin\"", "amenity": "college", "landuse": null }, "geometry": { "type": "Point", "coordinates": [ 26.1523984, 44.4298457 ] } },
{ "type": "Feature", "properties": { "nuts3_code": "RO214", "name": "Colegiul Național \"Calistrat Hogaș\"", "amenity": "college", "landuse": null }, "geometry": { "type": "Point", "coordinates": [ 26.3655494, 46.9337651 ] } },
{ "type": "Feature", "properties": { "nuts3_code": "RO113", "name": "Universitatea de Artă și Design", "amenity": "university", "landuse": null }, "geometry": { "type": "Point", "coordinates": [ 23.578764, 46.7704357 ] } },
{ "type": "Feature", "properties": { "nuts3_code": "RO423", "name": null, "amenity": "college", "landuse": null }, "geometry": { "type": "Point", "coordinates": [ 22.9017027, 45.8835939 ] } },
{ "type": "Feature", "properties": { "nuts3_code": "RO423", "name": "Colegiul Național Pedagogic Regina Maria", "amenity": "college", "landuse": null }, "geometry": { "type": "Point", "coordinates": [ 22.8973497, 45.8813894 ] } },
{ "type": "Feature", "properties": { "nuts3_code": "RO224", "name": "Facultatea de Științe", "amenity": "university", "landuse": null }, "geometry": { "type": "Point", "coordinates": [ 28.0515594, 45.4469857 ] } },
{ "type": "Feature", "properties": { "nuts3_code": "RO125", "name": "Universitatea Petru Maior", "amenity": "university", "landuse": null }, "geometry": { "type": "Point", "coordinates": [ 24.5682523, 46.5471689 ] } },
{ "type": "Feature", "properties": { "nuts3_code": "RO321", "name": "Academia Tehnică Militară", "amenity": "university", "landuse": null }, "geometry": { "type": "Point", "coordinates": [ 26.0864385, 44.4182395 ] } },
{ "type": "Feature", "properties": { "nuts3_code": "RO321", "name": "Facultatea de Teologie Ortodoxă \"Justinian Patriarhul\"", "amenity": "university", "landuse": null }, "geometry": { "type": "Point", "coordinates": [ 26.1014695, 44.4247888 ] } },
{ "type": "Feature", "properties": { "nuts3_code": "RO125", "name": "Colegiul Național Unirea", "amenity": "college", "landuse": null }, "geometry": { "type": "Point", "coordinates": [ 24.5706315, 46.5475551 ] } },
{ "type": "Feature", "properties": { "nuts3_code": "RO316", "name": "Școala Superioară de Aviație Civilă", "amenity": "college", "landuse": null }, "geometry": { "type": "Point", "coordinates": [ 25.9717328, 44.9226535 ] } },
{ "type": "Feature", "properties": { "nuts3_code": "RO321", "name": "Universitatea din București - Facultatea de Științe Politice", "amenity": "university", "landuse": null }, "geometry": { "type": "Point", "coordinates": [ 26.1171723, 44.4370117 ] } },
{ "type": "Feature", "properties": { "nuts3_code": "RO321", "name": "Universitatea Națională de Artă Teatrală și Cinematografică “I.L. Caragiale”", "amenity": "university", "landuse": null }, "geometry": { "type": "Point", "coordinates": [ 26.1305371, 44.4379057 ] } },
{ "type": "Feature", "properties": { "nuts3_code": "RO221", "name": "Colegiul Tehnic Costin D. Nenițescu", "amenity": "college", "landuse": null }, "geometry": { "type": "Point", "coordinates": [ 27.9434304, 45.2525164 ] } },
{ "type": "Feature", "properties": { "nuts3_code": "RO321", "name": "Școala Sanitară Postliceală \"Carol Davila", "amenity": "college", "landuse": null }, "geometry": { "type": "Point", "coordinates": [ 26.1172682, 44.4508974 ] } },
{ "type": "Feature", "properties": { "nuts3_code": "RO423", "name": "Colegiul Național Sportiv Cetate", "amenity": "college", "landuse": null }, "geometry": { "type": "Point", "coordinates": [ 22.9010191, 45.887348 ] } },
{ "type": "Feature", "properties": { "nuts3_code": "RO423", "name": "Universitatea Ecologică Traian", "amenity": "university", "landuse": null }, "geometry": { "type": "Point", "coordinates": [ 22.9009631, 45.8824095 ] } },
{ "type": "Feature", "properties": { "nuts3_code": "RO314", "name": "Colegiul Național Ion Maiorescu", "amenity": "college", "landuse": null }, "geometry": { "type": "Point", "coordinates": [ 25.9667635, 43.8925776 ] } },
{ "type": "Feature", "properties": { "nuts3_code": "RO125", "name": "Liceul Industrial Avram Iancu", "amenity": "college", "landuse": null }, "geometry": { "type": "Point", "coordinates": [ 24.5575798, 46.5367394 ] } },
{ "type": "Feature", "properties": { "nuts3_code": "RO423", "name": "Liceul Teoretic Téglás Gábor", "amenity": "college", "landuse": null }, "geometry": { "type": "Point", "coordinates": [ 22.9039424, 45.8713591 ] } },
{ "type": "Feature", "properties": { "nuts3_code": "RO423", "name": "Colegiul Tehnic Transilvania", "amenity": "college", "landuse": null }, "geometry": { "type": "Point", "coordinates": [ 22.909397, 45.8708924 ] } },
{ "type": "Feature", "properties": { "nuts3_code": "RO423", "name": "Grup Școlar Industrial Horea", "amenity": "college", "landuse": null }, "geometry": { "type": "Point", "coordinates": [ 22.8977336, 45.8697753 ] } },
{ "type": "Feature", "properties": { "nuts3_code": "RO423", "name": "Grup Școlar Grigore Moisil", "amenity": "college", "landuse": null }, "geometry": { "type": "Point", "coordinates": [ 22.8998827, 45.8686281 ] } },
{ "type": "Feature", "properties": { "nuts3_code": "RO423", "name": "Liceul Teoretic Traian", "amenity": "college", "landuse": null }, "geometry": { "type": "Point", "coordinates": [ 22.9012276, 45.8647639 ] } },
{ "type": "Feature", "properties": { "nuts3_code": "RO423", "name": "Colegiul Tehnic Dragomir Hurmuzescu", "amenity": "college", "landuse": null }, "geometry": { "type": "Point", "coordinates": [ 22.9003553, 45.8669772 ] } },
{ "type": "Feature", "properties": { "nuts3_code": "RO423", "name": "Grup Școlar Ion Mincu", "amenity": "college", "landuse": null }, "geometry": { "type": "Point", "coordinates": [ 22.9008934, 45.8660219 ] } },
{ "type": "Feature", "properties": { "nuts3_code": "RO221", "name": "Grupul școlar industrial \"Constantin Brâncoveanu\"", "amenity": "college", "landuse": null }, "geometry": { "type": "Point", "coordinates": [ 27.9628668, 45.3059681 ] } },
{ "type": "Feature", "properties": { "nuts3_code": "RO126", "name": "Institutul Militar de Învățământ Superior de Artilerie și Geodezie \"Ioan Vodă\"", "amenity": "university", "landuse": null }, "geometry": { "type": "Point", "coordinates": [ 24.1348152, 45.7781979 ] } },
{ "type": "Feature", "properties": { "nuts3_code": "RO221", "name": "Grup Școlar \"Grigore Moisil\"", "amenity": "college", "landuse": null }, "geometry": { "type": "Point", "coordinates": [ 27.9776436, 45.2818027 ] } },
{ "type": "Feature", "properties": { "nuts3_code": "RO221", "name": "Liceul Tehnologic \"Anghel Saligny\"", "amenity": "college", "landuse": null }, "geometry": { "type": "Point", "coordinates": [ 27.9629651, 45.2782733 ] } },
{ "type": "Feature", "properties": { "nuts3_code": "RO221", "name": "Liceul teoretic Panait Cerna", "amenity": "college", "landuse": null }, "geometry": { "type": "Point", "coordinates": [ 27.955459, 45.2704065 ] } },
{ "type": "Feature", "properties": { "nuts3_code": "RO221", "name": "Liceul pedagogic ”D.P. Perpessicius”", "amenity": "college", "landuse": null }, "geometry": { "type": "Point", "coordinates": [ 27.9560357, 45.2624984 ] } },
{ "type": "Feature", "properties": { "nuts3_code": "RO126", "name": "Universitatea Lucian Blaga din Sibiu - Rectoratul", "amenity": "university", "landuse": null }, "geometry": { "type": "Point", "coordinates": [ 24.145021, 45.7907696 ] } },
{ "type": "Feature", "properties": { "nuts3_code": "RO126", "name": "Facultatea de Științe Agricole, Protecția Mediului, Științe Economice", "amenity": "university", "landuse": null }, "geometry": { "type": "Point", "coordinates": [ 24.1432202, 45.7907792 ] } },
{ "type": "Feature", "properties": { "nuts3_code": "RO126", "name": "Facultatea de Drept \"Simion Bărnuțiu\"", "amenity": "university", "landuse": null }, "geometry": { "type": "Point", "coordinates": [ 24.1467422, 45.7822754 ] } },
{ "type": "Feature", "properties": { "nuts3_code": "RO424", "name": "Universitatea de Științele Vieții „Regele Mihai I”", "amenity": "university", "landuse": null }, "geometry": { "type": "Point", "coordinates": [ 21.2155967, 45.7828884 ] } },
{ "type": "Feature", "properties": { "nuts3_code": "RO424", "name": "Universitatea de Vest din Timișoara", "amenity": "university", "landuse": null }, "geometry": { "type": "Point", "coordinates": [ 21.2312903, 45.7472256 ] } },
{ "type": "Feature", "properties": { "nuts3_code": "RO424", "name": null, "amenity": "university", "landuse": null }, "geometry": { "type": "Point", "coordinates": [ 21.2307741, 45.7458608 ] } },
{ "type": "Feature", "properties": { "nuts3_code": "RO224", "name": "Cămin L.S.G.", "amenity": "university", "landuse": null }, "geometry": { "type": "Point", "coordinates": [ 28.0529322, 45.4456887 ] } },
{ "type": "Feature", "properties": { "nuts3_code": "RO424", "name": "Universitatea Politehnica Timișoara", "amenity": "university", "landuse": null }, "geometry": { "type": "Point", "coordinates": [ 21.2276057, 45.746089 ] } },
{ "type": "Feature", "properties": { "nuts3_code": "RO224", "name": "Grup școlar Elena Doamna", "amenity": "college", "landuse": null }, "geometry": { "type": "Point", "coordinates": [ 28.048132, 45.4555304 ] } },
{ "type": "Feature", "properties": { "nuts3_code": "RO224", "name": "Grup școlar Radu Negru", "amenity": "college", "landuse": null }, "geometry": { "type": "Point", "coordinates": [ 28.04515, 45.4577005 ] } },
{ "type": "Feature", "properties": { "nuts3_code": "RO126", "name": "Liceul Industrial \"MIU\"", "amenity": "college", "landuse": null }, "geometry": { "type": "Point", "coordinates": [ 24.1394809, 45.7937979 ] } },
{ "type": "Feature", "properties": { "nuts3_code": "RO113", "name": "Institutul de cercetări în chimie Raluca Ripan", "amenity": "university", "landuse": null }, "geometry": { "type": "Point", "coordinates": [ 23.5507467, 46.7682907 ] } },
{ "type": "Feature", "properties": { "nuts3_code": "RO424", "name": null, "amenity": "university", "landuse": null }, "geometry": { "type": "Point", "coordinates": [ 21.2157818, 45.7834516 ] } },
{ "type": "Feature", "properties": { "nuts3_code": "RO424", "name": "Universitatea de Științele Vieții “Regele Mihai I” din Timișoara", "amenity": "university", "landuse": null }, "geometry": { "type": "Point", "coordinates": [ 21.2163788, 45.7830319 ] } },
{ "type": "Feature", "properties": { "nuts3_code": "RO126", "name": "Universitatea \"Alma Mater\" Sibiu", "amenity": "university", "landuse": null }, "geometry": { "type": "Point", "coordinates": [ 24.1480776, 45.7870908 ] } },
{ "type": "Feature", "properties": { "nuts3_code": "RO213", "name": "Universitatea Mihail Kogălniceanu", "amenity": "university", "landuse": null }, "geometry": { "type": "Point", "coordinates": [ 27.6033077, 47.1602531 ] } },
{ "type": "Feature", "properties": { "nuts3_code": "RO113", "name": "UBB Facultatea de Geografie", "amenity": "university", "landuse": null }, "geometry": { "type": "Point", "coordinates": [ 23.5795494, 46.7645172 ] } },
{ "type": "Feature", "properties": { "nuts3_code": "RO224", "name": "Grupul Școlar Industrial de Marină", "amenity": "college", "landuse": null }, "geometry": { "type": "Point", "coordinates": [ 28.0666573, 45.4355697 ] } },
{ "type": "Feature", "properties": { "nuts3_code": "RO113", "name": "UMF Stomatologie", "amenity": "university", "landuse": null }, "geometry": { "type": "Point", "coordinates": [ 23.5801204, 46.7654239 ] } },
{ "type": "Feature", "properties": { "nuts3_code": "RO113", "name": "Laboratoarele de Biochimie-Biofizică-Biologie Moleculară", "amenity": "university", "landuse": null }, "geometry": { "type": "Point", "coordinates": [ 23.5804039, 46.7644369 ] } },
{ "type": "Feature", "properties": { "nuts3_code": "RO113", "name": "UBB Facultatea de Drept", "amenity": "university", "landuse": null }, "geometry": { "type": "Point", "coordinates": [ 23.5897742, 46.7665693 ] } },
{ "type": "Feature", "properties": { "nuts3_code": "RO111", "name": "Sala de sport", "amenity": "college", "landuse": null }, "geometry": { "type": "Point", "coordinates": [ 22.3504627, 46.6668313 ] } },
{ "type": "Feature", "properties": { "nuts3_code": "RO111", "name": null, "amenity": "college", "landuse": null }, "geometry": { "type": "Point", "coordinates": [ 22.3505112, 46.6673581 ] } },
{ "type": "Feature", "properties": { "nuts3_code": "RO111", "name": "Colegiul Național Samuil Vulcan", "amenity": "college", "landuse": null }, "geometry": { "type": "Point", "coordinates": [ 22.3505569, 46.6674901 ] } },
{ "type": "Feature", "properties": { "nuts3_code": "RO111", "name": "Colegiul Tehnic Ioan Ciordaș Beiuș", "amenity": "college", "landuse": null }, "geometry": { "type": "Point", "coordinates": [ 22.3478105, 46.6655351 ] } },
{ "type": "Feature", "properties": { "nuts3_code": "RO224", "name": "Colegiul Economic „Virgil Madgearu\"", "amenity": "college", "landuse": null }, "geometry": { "type": "Point", "coordinates": [ 28.015185, 45.416369 ] } },
{ "type": "Feature", "properties": { "nuts3_code": "RO424", "name": "Facultatea de Drept", "amenity": "university", "landuse": null }, "geometry": { "type": "Point", "coordinates": [ 21.2388925, 45.7469538 ] } },
{ "type": "Feature", "properties": { "nuts3_code": "RO224", "name": "Grup Școlar Industrial \"Sfânta Maria\"", "amenity": "college", "landuse": null }, "geometry": { "type": "Point", "coordinates": [ 28.0301973, 45.4342898 ] } },
{ "type": "Feature", "properties": { "nuts3_code": "RO424", "name": "Facultatea de Chimie-Biologie-Geografie", "amenity": "university", "landuse": null }, "geometry": { "type": "Point", "coordinates": [ 21.244892, 45.754111 ] } },
{ "type": "Feature", "properties": { "nuts3_code": "RO424", "name": "Facultatea de Economie și de Administrarea a Afacerilor", "amenity": "university", "landuse": null }, "geometry": { "type": "Point", "coordinates": [ 21.2449322, 45.7538703 ] } },
{ "type": "Feature", "properties": { "nuts3_code": "RO424", "name": "Facultatea de Hidrotehnică", "amenity": "university", "landuse": null }, "geometry": { "type": "Point", "coordinates": [ 21.2287312, 45.7489298 ] } },
{ "type": "Feature", "properties": { "nuts3_code": "RO224", "name": "Colegiul Tehnic Traian", "amenity": "college", "landuse": null }, "geometry": { "type": "Point", "coordinates": [ 28.0418104, 45.452105 ] } },
{ "type": "Feature", "properties": { "nuts3_code": "RO125", "name": "Colegiul Agricol Traian Săvulescu", "amenity": "college", "landuse": null }, "geometry": { "type": "Point", "coordinates": [ 24.5543796, 46.552171 ] } },
{ "type": "Feature", "properties": { "nuts3_code": "RO125", "name": "Liceul cu Program Sportiv Szász Adalbert", "amenity": "college", "landuse": null }, "geometry": { "type": "Point", "coordinates": [ 24.5608802, 46.5510015 ] } },
{ "type": "Feature", "properties": { "nuts3_code": "RO222", "name": "Colegiul Economic Buzău", "amenity": "college", "landuse": null }, "geometry": { "type": "Point", "coordinates": [ 26.8231535, 45.1510991 ] } },
{ "type": "Feature", "properties": { "nuts3_code": "RO126", "name": "Colegiul Tehnic „August Treboniu Laurian”", "amenity": "college", "landuse": null }, "geometry": { "type": "Point", "coordinates": [ 24.6290497, 45.9750121 ] } },
{ "type": "Feature", "properties": { "nuts3_code": "RO321", "name": "Universitatea Națională de Educație Fizică și Sport", "amenity": "university", "landuse": null }, "geometry": { "type": "Point", "coordinates": [ 26.0696179, 44.4396627 ] } },
{ "type": "Feature", "properties": { "nuts3_code": "RO316", "name": "Grupul școlar Tase Dumitrescu", "amenity": "college", "landuse": null }, "geometry": { "type": "Point", "coordinates": [ 26.4428732, 45.0030179 ] } },
{ "type": "Feature", "properties": { "nuts3_code": "RO222", "name": "Liceul Teoretic „Radu Vlădescu”", "amenity": "college", "landuse": null }, "geometry": { "type": "Point", "coordinates": [ 26.3587963, 45.3211469 ] } },
{ "type": "Feature", "properties": { "nuts3_code": "RO321", "name": "Facultatea de Biologie", "amenity": "university", "landuse": null }, "geometry": { "type": "Point", "coordinates": [ 26.0647437, 44.4396023 ] } },
{ "type": "Feature", "properties": { "nuts3_code": "RO223", "name": "Universitatea Creștină „Dimitrie Cantemir”", "amenity": "university", "landuse": null }, "geometry": { "type": "Point", "coordinates": [ 28.6162747, 44.1794869 ] } },
{ "type": "Feature", "properties": { "nuts3_code": "RO223", "name": "Universitatea Andrei Șaguna", "amenity": "university", "landuse": null }, "geometry": { "type": "Point", "coordinates": [ 28.634921, 44.1836332 ] } },
{ "type": "Feature", "properties": { "nuts3_code": "RO316", "name": "Liceul Teoretic \"Grigore Tocilescu\"", "amenity": "college", "landuse": null }, "geometry": { "type": "Point", "coordinates": [ 26.4418255, 45.0005944 ] } },
{ "type": "Feature", "properties": { "nuts3_code": "RO223", "name": "Academia Navală „Mircea cel Bătrân”", "amenity": "university", "landuse": null }, "geometry": { "type": "Point", "coordinates": [ 28.6162611, 44.1829819 ] } },
{ "type": "Feature", "properties": { "nuts3_code": "RO311", "name": "Universitatea din Pitești - Corp D", "amenity": "university", "landuse": null }, "geometry": { "type": "Point", "coordinates": [ 24.8626428, 44.8544776 ] } },
{ "type": "Feature", "properties": { "nuts3_code": "RO411", "name": "Facultatea de Automatică, Calculatoare și Electronică", "amenity": "college", "landuse": null }, "geometry": { "type": "Point", "coordinates": [ 23.8356428, 44.3088308 ] } },
{ "type": "Feature", "properties": { "nuts3_code": "RO321", "name": null, "amenity": "college", "landuse": null }, "geometry": { "type": "Point", "coordinates": [ 26.1786747, 44.440351 ] } },
{ "type": "Feature", "properties": { "nuts3_code": "RO316", "name": "Grupul Școlar Agromontan „Romeo Constantinescu”", "amenity": "college", "landuse": null }, "geometry": { "type": "Point", "coordinates": [ 26.0439911, 45.1917872 ] } },
{ "type": "Feature", "properties": { "nuts3_code": "RO316", "name": null, "amenity": "college", "landuse": null }, "geometry": { "type": "Point", "coordinates": [ 26.0373784, 45.1774355 ] } },
{ "type": "Feature", "properties": { "nuts3_code": "RO424", "name": "Universitatea Ioan Slavici", "amenity": "university", "landuse": null }, "geometry": { "type": "Point", "coordinates": [ 21.2522501, 45.7446665 ] } },
{ "type": "Feature", "properties": { "nuts3_code": "RO322", "name": "Universitatea Adventus", "amenity": "college", "landuse": null }, "geometry": { "type": "Point", "coordinates": [ 26.2797595, 44.4226924 ] } },
{ "type": "Feature", "properties": { "nuts3_code": "RO321", "name": "Universitatea Hyperion", "amenity": "university", "landuse": null }, "geometry": { "type": "Point", "coordinates": [ 26.125447, 44.4327392 ] } },
{ "type": "Feature", "properties": { "nuts3_code": "RO321", "name": "Universitatea Națională de Arte", "amenity": "university", "landuse": null }, "geometry": { "type": "Point", "coordinates": [ 26.0914457, 44.4428305 ] } },
{ "type": "Feature", "properties": { "nuts3_code": "RO321", "name": "Centrul de Limbi Străine Ariel", "amenity": "university", "landuse": null }, "geometry": { "type": "Point", "coordinates": [ 26.1005046, 44.441796 ] } },
{ "type": "Feature", "properties": { "nuts3_code": "RO311", "name": "Colegiul Național Vlaicu-Vodă", "amenity": "college", "landuse": null }, "geometry": { "type": "Point", "coordinates": [ 24.6764341, 45.1339339 ] } },
{ "type": "Feature", "properties": { "nuts3_code": "RO311", "name": "Seminarul Teologic Ortodox Neagoe Vodă Basarab", "amenity": "college", "landuse": null }, "geometry": { "type": "Point", "coordinates": [ 24.6764189, 45.1555767 ] } },
{ "type": "Feature", "properties": { "nuts3_code": "RO311", "name": "Colegiul Național Vlaicu-Vodă", "amenity": "college", "landuse": null }, "geometry": { "type": "Point", "coordinates": [ 24.6765783, 45.1334514 ] } },
{ "type": "Feature", "properties": { "nuts3_code": "RO122", "name": "Facultatea de Psihologie și Științele Educației", "amenity": "university", "landuse": null }, "geometry": { "type": "Point", "coordinates": [ 25.5957019, 45.6426208 ] } },
{ "type": "Feature", "properties": { "nuts3_code": "RO125", "name": "Universitatea Sapientia", "amenity": "university", "landuse": null }, "geometry": { "type": "Point", "coordinates": [ 24.5986551, 46.5227875 ] } },
{ "type": "Feature", "properties": { "nuts3_code": "RO125", "name": "Universitatea de Arte", "amenity": "university", "landuse": null }, "geometry": { "type": "Point", "coordinates": [ 24.5616044, 46.5429967 ] } },
{ "type": "Feature", "properties": { "nuts3_code": "RO123", "name": "Universitatea \"Babeș-Bolyai\"", "amenity": "university", "landuse": null }, "geometry": { "type": "Point", "coordinates": [ 25.7753933, 45.860809 ] } },
{ "type": "Feature", "properties": { "nuts3_code": "RO113", "name": "UBB Facultatea de Științe Politice", "amenity": "university", "landuse": null }, "geometry": { "type": "Point", "coordinates": [ 23.6071061, 46.7718541 ] } },
{ "type": "Feature", "properties": { "nuts3_code": "RO115", "name": "Grupul Școlar Simion Bărnuțiu", "amenity": "college", "landuse": null }, "geometry": { "type": "Point", "coordinates": [ 22.4608164, 47.6845384 ] } },
{ "type": "Feature", "properties": { "nuts3_code": "RO311", "name": "Liceul Teoretic Ion Barbu", "amenity": "college", "landuse": null }, "geometry": { "type": "Point", "coordinates": [ 24.8688725, 44.850205 ] } },
{ "type": "Feature", "properties": { "nuts3_code": "RO311", "name": "Liceul de Artă Dinu Lipatti", "amenity": "college", "landuse": null }, "geometry": { "type": "Point", "coordinates": [ 24.8769257, 44.8469257 ] } },
{ "type": "Feature", "properties": { "nuts3_code": "RO311", "name": "Liceul Tehnologic Constantin Brancusi", "amenity": "college", "landuse": null }, "geometry": { "type": "Point", "coordinates": [ 24.8776823, 44.8477915 ] } },
{ "type": "Feature", "properties": { "nuts3_code": "RO311", "name": null, "amenity": "college", "landuse": null }, "geometry": { "type": "Point", "coordinates": [ 24.8772729, 44.84762 ] } },
{ "type": "Feature", "properties": { "nuts3_code": "RO321", "name": "FADD Facultatea de Arte Decorative si Design", "amenity": "university", "landuse": null }, "geometry": { "type": "Point", "coordinates": [ 26.0869688, 44.44554 ] } },
{ "type": "Feature", "properties": { "nuts3_code": "RO321", "name": "Liceul Tehnologic Special nr. 3", "amenity": "college", "landuse": null }, "geometry": { "type": "Point", "coordinates": [ 26.1126859, 44.4497573 ] } },
{ "type": "Feature", "properties": { "nuts3_code": "RO113", "name": "UBB Facultatea de Litere", "amenity": "university", "landuse": null }, "geometry": { "type": "Point", "coordinates": [ 23.5863992, 46.7783749 ] } },
{ "type": "Feature", "properties": { "nuts3_code": "RO111", "name": "Universitatea Oradea Filiala Beiuș", "amenity": "university", "landuse": null }, "geometry": { "type": "Point", "coordinates": [ 22.3549613, 46.6662728 ] } },
{ "type": "Feature", "properties": { "nuts3_code": "RO125", "name": "Universitatea de Medicină, Farmacie, Științe și Tehnologie \"George Emil Palade\" din Târgu Mureș", "amenity": "university", "landuse": null }, "geometry": { "type": "Point", "coordinates": [ 24.5818734, 46.5549513 ] } },
{ "type": "Feature", "properties": { "nuts3_code": "RO321", "name": "Institutul de Biodinamica", "amenity": "university", "landuse": null }, "geometry": { "type": "Point", "coordinates": [ 26.0651417, 44.4400066 ] } },
{ "type": "Feature", "properties": { "nuts3_code": "RO113", "name": "Facultatea de Farmacie", "amenity": "university", "landuse": null }, "geometry": { "type": "Point", "coordinates": [ 23.5853515, 46.76365 ] } },
{ "type": "Feature", "properties": { "nuts3_code": "RO125", "name": "Colegiul Economic Transilvania", "amenity": "college", "landuse": null }, "geometry": { "type": "Point", "coordinates": [ 24.5724771, 46.541072 ] } },
{ "type": "Feature", "properties": { "nuts3_code": "RO316", "name": "Liceul teoretic Șerban Vodă, Slănic", "amenity": "college", "landuse": null }, "geometry": { "type": "Point", "coordinates": [ 25.9390165, 45.2337175 ] } },
{ "type": "Feature", "properties": { "nuts3_code": "RO125", "name": "Liceul Teoretic Bólyai Farkas", "amenity": "college", "landuse": null }, "geometry": { "type": "Point", "coordinates": [ 24.5634401, 46.5438661 ] } },
{ "type": "Feature", "properties": { "nuts3_code": "RO125", "name": "Grupul școlar de Chimie Industrială Emil A. Dandea", "amenity": "college", "landuse": null }, "geometry": { "type": "Point", "coordinates": [ 24.5231871, 46.5184595 ] } },
{ "type": "Feature", "properties": { "nuts3_code": "RO121", "name": "Liceul German Sebeș", "amenity": "college", "landuse": null }, "geometry": { "type": "Point", "coordinates": [ 23.5612514, 45.9593794 ] } },
{ "type": "Feature", "properties": { "nuts3_code": "RO424", "name": "Universitatea de Medicină și Farmacie Victor Babeș", "amenity": "university", "landuse": null }, "geometry": { "type": "Point", "coordinates": [ 21.2367178, 45.7573062 ] } },
{ "type": "Feature", "properties": { "nuts3_code": "RO311", "name": "Liceul Național cu Program de Atletism", "amenity": "college", "landuse": null }, "geometry": { "type": "Point", "coordinates": [ 25.0499441, 45.2800908 ] } },
{ "type": "Feature", "properties": { "nuts3_code": "RO213", "name": "Facultatea de Arte Vizuale si Design", "amenity": "university", "landuse": null }, "geometry": { "type": "Point", "coordinates": [ 27.5710067, 47.1817781 ] } },
{ "type": "Feature", "properties": { "nuts3_code": "RO123", "name": null, "amenity": "college", "landuse": null }, "geometry": { "type": "Point", "coordinates": [ 26.0296993, 45.6741032 ] } },
{ "type": "Feature", "properties": { "nuts3_code": "RO121", "name": "Institutul Teologic Greco-Catolic \"Bunavestire\"", "amenity": "college", "landuse": null }, "geometry": { "type": "Point", "coordinates": [ 23.9235705, 46.1739635 ] } },
{ "type": "Feature", "properties": { "nuts3_code": "RO113", "name": "Universitatea Sapientia", "amenity": "university", "landuse": null }, "geometry": { "type": "Point", "coordinates": [ 23.5880006, 46.770905 ] } },
{ "type": "Feature", "properties": { "nuts3_code": "RO113", "name": "Universitatea Babeș-Bolyai", "amenity": "university", "landuse": null }, "geometry": { "type": "Point", "coordinates": [ 23.5886843, 46.7677721 ] } },
{ "type": "Feature", "properties": { "nuts3_code": "RO213", "name": "UAIC Departamentul de cercetari interdisciplinare", "amenity": "university", "landuse": null }, "geometry": { "type": "Point", "coordinates": [ 27.5763624, 47.176728 ] } },
{ "type": "Feature", "properties": { "nuts3_code": "RO222", "name": "Colegiul Național \"B. P. Hasdeu\"", "amenity": "college", "landuse": null }, "geometry": { "type": "Point", "coordinates": [ 26.8259058, 45.1479047 ] } },
{ "type": "Feature", "properties": { "nuts3_code": "RO321", "name": null, "amenity": "college", "landuse": null }, "geometry": { "type": "Point", "coordinates": [ 26.135365, 44.4199365 ] } },
{ "type": "Feature", "properties": { "nuts3_code": "RO213", "name": null, "amenity": "college", "landuse": null }, "geometry": { "type": "Point", "coordinates": [ 27.537804, 47.2012964 ] } },
{ "type": "Feature", "properties": { "nuts3_code": "RO213", "name": "Universitatea de Medicină și Farmacie „Gr. T. Popa” Facultatea de Bioinginerie Medicală", "amenity": "university", "landuse": null }, "geometry": { "type": "Point", "coordinates": [ 27.5798819, 47.1734541 ] } },
{ "type": "Feature", "properties": { "nuts3_code": "RO211", "name": "Colegiul Tehnic Dimitrie Ghika", "amenity": "college", "landuse": null }, "geometry": { "type": "Point", "coordinates": [ 26.4530659, 46.4236617 ] } },
{ "type": "Feature", "properties": { "nuts3_code": "RO221", "name": "Colegiul Național \"Ana Aslan\"", "amenity": "college", "landuse": null }, "geometry": { "type": "Point", "coordinates": [ 27.9546909, 45.2504294 ] } },
{ "type": "Feature", "properties": { "nuts3_code": "RO221", "name": "Colegiul Național \"Nicolae Iorga\"", "amenity": "college", "landuse": null }, "geometry": { "type": "Point", "coordinates": [ 27.9731443, 45.2692574 ] } },
{ "type": "Feature", "properties": { "nuts3_code": "RO221", "name": "Liceul Teoretic \"Mihail Sebastian\"", "amenity": "college", "landuse": null }, "geometry": { "type": "Point", "coordinates": [ 27.9791668, 45.2782967 ] } },
{ "type": "Feature", "properties": { "nuts3_code": "RO221", "name": "Liceul Agricol GH. K. Constantinescu", "amenity": "college", "landuse": null }, "geometry": { "type": "Point", "coordinates": [ 27.9274957, 45.2697391 ] } },
{ "type": "Feature", "properties": { "nuts3_code": "RO213", "name": "Centrul de Limbi Moderne si Integrare Culturala Grigore T. Popa", "amenity": "university", "landuse": null }, "geometry": { "type": "Point", "coordinates": [ 27.5784066, 47.1649371 ] } },
{ "type": "Feature", "properties": { "nuts3_code": "RO213", "name": "Universitatea Națională de Arte „George Enescu\"", "amenity": "university", "landuse": null }, "geometry": { "type": "Point", "coordinates": [ 27.577658, 47.16459 ] } },
{ "type": "Feature", "properties": { "nuts3_code": "RO213", "name": "Universitatea Alexandru Ioan Cuza din Iași", "amenity": "university", "landuse": null }, "geometry": { "type": "Point", "coordinates": [ 27.5717343, 47.1741616 ] } },
{ "type": "Feature", "properties": { "nuts3_code": "RO423", "name": "Corpul D", "amenity": "university", "landuse": null }, "geometry": { "type": "Point", "coordinates": [ 23.3759368, 45.4203642 ] } },
{ "type": "Feature", "properties": { "nuts3_code": "RO316", "name": "Colegiul Tehnic Gheorghe Lazăr", "amenity": "college", "landuse": null }, "geometry": { "type": "Point", "coordinates": [ 25.952393, 45.0443678 ] } },
{ "type": "Feature", "properties": { "nuts3_code": "RO321", "name": "Colegiul Universitar Spiru Haret", "amenity": "university", "landuse": null }, "geometry": { "type": "Point", "coordinates": [ 26.1325858, 44.3801644 ] } },
{ "type": "Feature", "properties": { "nuts3_code": "RO423", "name": "Colegiul Economic Hermes", "amenity": "college", "landuse": null }, "geometry": { "type": "Point", "coordinates": [ 23.3746408, 45.407238 ] } },
{ "type": "Feature", "properties": { "nuts3_code": "RO423", "name": "Sală de Sport", "amenity": "college", "landuse": null }, "geometry": { "type": "Point", "coordinates": [ 23.3748018, 45.407288 ] } },
{ "type": "Feature", "properties": { "nuts3_code": "RO423", "name": "Universitatea Petroșani - Corpul B", "amenity": "university", "landuse": null }, "geometry": { "type": "Point", "coordinates": [ 23.3741489, 45.4182718 ] } },
{ "type": "Feature", "properties": { "nuts3_code": "RO423", "name": "Grup Școlar Dimitrie Leonida", "amenity": "college", "landuse": null }, "geometry": { "type": "Point", "coordinates": [ 23.3784009, 45.4126907 ] } },
{ "type": "Feature", "properties": { "nuts3_code": "RO423", "name": "Atelier", "amenity": "college", "landuse": null }, "geometry": { "type": "Point", "coordinates": [ 23.3786596, 45.4129494 ] } },
{ "type": "Feature", "properties": { "nuts3_code": "RO423", "name": "Sală de Sport", "amenity": "college", "landuse": null }, "geometry": { "type": "Point", "coordinates": [ 23.3789171, 45.4133152 ] } },
{ "type": "Feature", "properties": { "nuts3_code": "RO423", "name": "Cantină", "amenity": "college", "landuse": null }, "geometry": { "type": "Point", "coordinates": [ 23.3793322, 45.413696 ] } },
{ "type": "Feature", "properties": { "nuts3_code": "RO423", "name": "Liceul de Informatică", "amenity": "college", "landuse": null }, "geometry": { "type": "Point", "coordinates": [ 23.3797232, 45.4123744 ] } },
{ "type": "Feature", "properties": { "nuts3_code": "RO311", "name": "Universitatea Pitești Rectorat", "amenity": "university", "landuse": null }, "geometry": { "type": "Point", "coordinates": [ 24.8818256, 44.8546482 ] } },
{ "type": "Feature", "properties": { "nuts3_code": "RO423", "name": "Alelier", "amenity": "university", "landuse": null }, "geometry": { "type": "Point", "coordinates": [ 23.376793, 45.4201982 ] } },
{ "type": "Feature", "properties": { "nuts3_code": "RO423", "name": "Sală de Sport", "amenity": "university", "landuse": null }, "geometry": { "type": "Point", "coordinates": [ 23.3787454, 45.4207473 ] } },
{ "type": "Feature", "properties": { "nuts3_code": "RO423", "name": "Corp E", "amenity": "university", "landuse": null }, "geometry": { "type": "Point", "coordinates": [ 23.378413, 45.4202669 ] } },
{ "type": "Feature", "properties": { "nuts3_code": "RO121", "name": "Universitatea 1 Decembrie 1918", "amenity": "university", "landuse": null }, "geometry": { "type": "Point", "coordinates": [ 23.5726959, 46.0686483 ] } },
{ "type": "Feature", "properties": { "nuts3_code": "RO121", "name": null, "amenity": "college", "landuse": null }, "geometry": { "type": "Point", "coordinates": [ 23.5827343, 46.0736231 ] } },
{ "type": "Feature", "properties": { "nuts3_code": "RO121", "name": null, "amenity": "college", "landuse": null }, "geometry": { "type": "Point", "coordinates": [ 23.582505, 46.073932 ] } },
{ "type": "Feature", "properties": { "nuts3_code": "RO121", "name": "Liceul Tehnologic Edwin Hubble", "amenity": "college", "landuse": null }, "geometry": { "type": "Point", "coordinates": [ 23.5832319, 46.0737524 ] } },
{ "type": "Feature", "properties": { "nuts3_code": "RO121", "name": "Scoala Gimnazială ,,Vasile Goldiș,, Alba Iulia", "amenity": "college", "landuse": null }, "geometry": { "type": "Point", "coordinates": [ 23.5838738, 46.0742539 ] } },
{ "type": "Feature", "properties": { "nuts3_code": "RO121", "name": "Sala de sport", "amenity": "college", "landuse": null }, "geometry": { "type": "Point", "coordinates": [ 23.5835254, 46.0746176 ] } },
{ "type": "Feature", "properties": { "nuts3_code": "RO121", "name": null, "amenity": "college", "landuse": null }, "geometry": { "type": "Point", "coordinates": [ 23.5841747, 46.0745962 ] } },
{ "type": "Feature", "properties": { "nuts3_code": "RO121", "name": null, "amenity": "college", "landuse": null }, "geometry": { "type": "Point", "coordinates": [ 23.5834385, 46.0739216 ] } },
{ "type": "Feature", "properties": { "nuts3_code": "RO322", "name": "Universitatea din București, Facultatea de fizică", "amenity": "university", "landuse": null }, "geometry": { "type": "Point", "coordinates": [ 26.0321799, 44.3500034 ] } },
{ "type": "Feature", "properties": { "nuts3_code": "RO113", "name": "Academia Națională de Muzică Gheorghe Dima", "amenity": "university", "landuse": null }, "geometry": { "type": "Point", "coordinates": [ 23.5927684, 46.7686744 ] } },
{ "type": "Feature", "properties": { "nuts3_code": "RO414", "name": "Liceul Teoretic Tudor Vladimirescu", "amenity": "college", "landuse": null }, "geometry": { "type": "Point", "coordinates": [ 24.5224064, 44.1698193 ] } },
{ "type": "Feature", "properties": { "nuts3_code": "RO412", "name": "Liceul Rovinari", "amenity": "college", "landuse": null }, "geometry": { "type": "Point", "coordinates": [ 23.161462, 44.8994452 ] } },
{ "type": "Feature", "properties": { "nuts3_code": "RO122", "name": "Facultatea de Construcții", "amenity": "university", "landuse": null }, "geometry": { "type": "Point", "coordinates": [ 25.6195477, 45.6627831 ] } },
{ "type": "Feature", "properties": { "nuts3_code": "RO122", "name": "Corp P, Universitatea Transilvania", "amenity": "university", "landuse": null }, "geometry": { "type": "Point", "coordinates": [ 25.6015057, 45.6493028 ] } },
{ "type": "Feature", "properties": { "nuts3_code": "RO122", "name": "Colegiul Tehnic Transilvania", "amenity": "college", "landuse": null }, "geometry": { "type": "Point", "coordinates": [ 25.6022792, 45.6494297 ] } },
{ "type": "Feature", "properties": { "nuts3_code": "RO422", "name": "Liceul de Artă Sabin Păuță", "amenity": "college", "landuse": null }, "geometry": { "type": "Point", "coordinates": [ 21.8787349, 45.3247588 ] } },
{ "type": "Feature", "properties": { "nuts3_code": "RO122", "name": "Universitatea Transilvania Rectorat", "amenity": "university", "landuse": null }, "geometry": { "type": "Point", "coordinates": [ 25.5891492, 45.6452482 ] } },
{ "type": "Feature", "properties": { "nuts3_code": "RO423", "name": "Colegiul Național \"Aurel Vlaicu\"", "amenity": "college", "landuse": null }, "geometry": { "type": "Point", "coordinates": [ 23.1986386, 45.837734 ] } },
{ "type": "Feature", "properties": { "nuts3_code": "RO321", "name": "Facultatea de Farmacie", "amenity": "university", "landuse": null }, "geometry": { "type": "Point", "coordinates": [ 26.1023473, 44.4385799 ] } },
{ "type": "Feature", "properties": { "nuts3_code": "RO113", "name": "UT Facultatea de Inginerie a Instalațiilor", "amenity": "university", "landuse": null }, "geometry": { "type": "Point", "coordinates": [ 23.6077512, 46.7755908 ] } },
{ "type": "Feature", "properties": { "nuts3_code": "RO321", "name": "Facultatea de Geologie și Geofizică", "amenity": "university", "landuse": null }, "geometry": { "type": "Point", "coordinates": [ 26.1017568, 44.4389171 ] } },
{ "type": "Feature", "properties": { "nuts3_code": "RO123", "name": "Liceul Pedagogic Bod Péter Tanítóképző", "amenity": "college", "landuse": null }, "geometry": { "type": "Point", "coordinates": [ 26.1326406, 46.0027534 ] } },
{ "type": "Feature", "properties": { "nuts3_code": "RO125", "name": "Grupul Școlar Electromureș", "amenity": "college", "landuse": null }, "geometry": { "type": "Point", "coordinates": [ 24.5888275, 46.5345269 ] } },
{ "type": "Feature", "properties": { "nuts3_code": "RO321", "name": "Universitatea Bioterra", "amenity": "university", "landuse": null }, "geometry": { "type": "Point", "coordinates": [ 26.0620147, 44.4997982 ] } },
{ "type": "Feature", "properties": { "nuts3_code": "RO125", "name": "Liceul Mircea Eliade", "amenity": "college", "landuse": null }, "geometry": { "type": "Point", "coordinates": [ 24.7964797, 46.2195283 ] } },
{ "type": "Feature", "properties": { "nuts3_code": "RO321", "name": "The International School of Bucharest", "amenity": "college", "landuse": null }, "geometry": { "type": "Point", "coordinates": [ 26.2147193, 44.4309287 ] } },
{ "type": "Feature", "properties": { "nuts3_code": "RO411", "name": "Universitatea de Medicină și Farmacie din Craiova - Clădirea Veche", "amenity": "university", "landuse": null }, "geometry": { "type": "Point", "coordinates": [ 23.7977006, 44.3088289 ] } },
{ "type": "Feature", "properties": { "nuts3_code": "RO122", "name": "Liceul Sportiv", "amenity": "college", "landuse": null }, "geometry": { "type": "Point", "coordinates": [ 25.5871585, 45.6383502 ] } },
{ "type": "Feature", "properties": { "nuts3_code": "RO113", "name": "UBB Teatru și Televiziune", "amenity": "university", "landuse": null }, "geometry": { "type": "Point", "coordinates": [ 23.5921604, 46.7671387 ] } },
{ "type": "Feature", "properties": { "nuts3_code": "RO213", "name": "Universitatea Aexandru Ioan Cuza din Iași", "amenity": "university", "landuse": null }, "geometry": { "type": "Point", "coordinates": [ 27.5737079, 47.1748697 ] } },
{ "type": "Feature", "properties": { "nuts3_code": "RO321", "name": "UNARTE - Facultatea de Arte Decorative și Design", "amenity": "university", "landuse": null }, "geometry": { "type": "Point", "coordinates": [ 26.0870232, 44.4451175 ] } },
{ "type": "Feature", "properties": { "nuts3_code": "RO321", "name": "Amfiteatrul SUUB", "amenity": "university", "landuse": null }, "geometry": { "type": "Point", "coordinates": [ 26.0713697, 44.4354347 ] } },
{ "type": "Feature", "properties": { "nuts3_code": "RO423", "name": "Sală de Sport", "amenity": "college", "landuse": null }, "geometry": { "type": "Point", "coordinates": [ 23.3789838, 45.4132401 ] } },
{ "type": "Feature", "properties": { "nuts3_code": "RO423", "name": "Sală de Sport", "amenity": "college", "landuse": null }, "geometry": { "type": "Point", "coordinates": [ 23.3750346, 45.4072837 ] } },
{ "type": "Feature", "properties": { "nuts3_code": "RO415", "name": "Liceul Gheorghe Surdu Brezoi", "amenity": "college", "landuse": null }, "geometry": { "type": "Point", "coordinates": [ 24.2402739, 45.342785 ] } },
{ "type": "Feature", "properties": { "nuts3_code": "RO415", "name": "Liceul Teoretic Gheorghe Surdu Brezoi", "amenity": "college", "landuse": null }, "geometry": { "type": "Point", "coordinates": [ 24.2402134, 45.3425289 ] } },
{ "type": "Feature", "properties": { "nuts3_code": "RO321", "name": null, "amenity": "college", "landuse": null }, "geometry": { "type": "Point", "coordinates": [ 26.1697458, 44.4429561 ] } },
{ "type": "Feature", "properties": { "nuts3_code": "RO315", "name": "Colegiul Național \"Mihai Viteazul\"", "amenity": "college", "landuse": null }, "geometry": { "type": "Point", "coordinates": [ 27.3541002, 44.5639358 ] } },
{ "type": "Feature", "properties": { "nuts3_code": "RO315", "name": "Liceul Pedagogic \"M. Basarab\"", "amenity": "college", "landuse": null }, "geometry": { "type": "Point", "coordinates": [ 27.3540748, 44.5629945 ] } },
{ "type": "Feature", "properties": { "nuts3_code": "RO315", "name": "Liceul Tehnologic \"A.I.Cuza\" Slobozia", "amenity": "college", "landuse": null }, "geometry": { "type": "Point", "coordinates": [ 27.3596444, 44.570068 ] } },
{ "type": "Feature", "properties": { "nuts3_code": "RO315", "name": "Grup Școlar \"M.Eminescu\"", "amenity": "college", "landuse": null }, "geometry": { "type": "Point", "coordinates": [ 27.3619487, 44.569021 ] } },
{ "type": "Feature", "properties": { "nuts3_code": "RO315", "name": "Universitatea Bioterra", "amenity": "university", "landuse": null }, "geometry": { "type": "Point", "coordinates": [ 27.3847789, 44.5672076 ] } },
{ "type": "Feature", "properties": { "nuts3_code": "RO315", "name": "Liceul de Artă „Ionel Perlea” Slobozia", "amenity": "college", "landuse": null }, "geometry": { "type": "Point", "coordinates": [ 27.3765345, 44.5641372 ] } },
{ "type": "Feature", "properties": { "nuts3_code": "RO126", "name": "Facultatea de Științe Agroalimentare", "amenity": "university", "landuse": null }, "geometry": { "type": "Point", "coordinates": [ 24.1498061, 45.7837124 ] } },
{ "type": "Feature", "properties": { "nuts3_code": "RO214", "name": "Liceul teoretic Vasile Alecsandri", "amenity": "college", "landuse": null }, "geometry": { "type": "Point", "coordinates": [ 26.8643913, 47.0160786 ] } },
{ "type": "Feature", "properties": { "nuts3_code": "RO214", "name": "Liceul teoretic Vasile Alecsandri", "amenity": "college", "landuse": null }, "geometry": { "type": "Point", "coordinates": [ 26.8653275, 47.0151215 ] } },
{ "type": "Feature", "properties": { "nuts3_code": "RO214", "name": "Liceul La Salle", "amenity": "college", "landuse": null }, "geometry": { "type": "Point", "coordinates": [ 26.8362438, 46.999343 ] } },
{ "type": "Feature", "properties": { "nuts3_code": "RO122", "name": "Universitatea Spiru Haret", "amenity": "university", "landuse": null }, "geometry": { "type": "Point", "coordinates": [ 25.6149118, 45.6646516 ] } },
{ "type": "Feature", "properties": { "nuts3_code": "RO311", "name": "Facultatea de Științe Economice și Administrative", "amenity": "university", "landuse": null }, "geometry": { "type": "Point", "coordinates": [ 24.8758319, 44.8545013 ] } },
{ "type": "Feature", "properties": { "nuts3_code": "RO423", "name": "Colegiul Național de Informatică Traian Lalescu", "amenity": "college", "landuse": null }, "geometry": { "type": "Point", "coordinates": [ 22.9096813, 45.750232 ] } },
{ "type": "Feature", "properties": { "nuts3_code": "RO113", "name": "Universitatea de Medicină și Farmacie Iuliu Hațieganu", "amenity": "university", "landuse": null }, "geometry": { "type": "Point", "coordinates": [ 23.5847469, 46.7701408 ] } },
{ "type": "Feature", "properties": { "nuts3_code": "RO317", "name": "Colegiul Național Alexandru Dimitrie Ghica", "amenity": "college", "landuse": null }, "geometry": { "type": "Point", "coordinates": [ 25.3248626, 43.9752575 ] } },
{ "type": "Feature", "properties": { "nuts3_code": "RO424", "name": "Liceul Teoretic", "amenity": "college", "landuse": null }, "geometry": { "type": "Point", "coordinates": [ 20.6252653, 46.0733857 ] } },
{ "type": "Feature", "properties": { "nuts3_code": "RO113", "name": "UBB Biologie și Geologie", "amenity": "university", "landuse": null }, "geometry": { "type": "Point", "coordinates": [ 23.5889841, 46.7623165 ] } },
{ "type": "Feature", "properties": { "nuts3_code": "RO122", "name": "Aula Universității “Transilvania”", "amenity": "university", "landuse": null }, "geometry": { "type": "Point", "coordinates": [ 25.6028669, 45.6510203 ] } },
{ "type": "Feature", "properties": { "nuts3_code": "RO125", "name": "Liceul Pedagogic Mihai Eminescu", "amenity": "college", "landuse": null }, "geometry": { "type": "Point", "coordinates": [ 24.5747951, 46.5405265 ] } },
{ "type": "Feature", "properties": { "nuts3_code": "RO122", "name": "American Hotel Academy", "amenity": "university", "landuse": null }, "geometry": { "type": "Point", "coordinates": [ 25.5989521, 45.6464817 ] } },
{ "type": "Feature", "properties": { "nuts3_code": "RO122", "name": "UniTBv corpul V", "amenity": "university", "landuse": null }, "geometry": { "type": "Point", "coordinates": [ 25.5992633, 45.655435 ] } },
{ "type": "Feature", "properties": { "nuts3_code": "RO122", "name": "Colegiul Tehnic Remus Răduleț", "amenity": "college", "landuse": null }, "geometry": { "type": "Point", "coordinates": [ 25.6421483, 45.6466846 ] } },
{ "type": "Feature", "properties": { "nuts3_code": "RO212", "name": "Liceul Dimitrie Negreanu", "amenity": "college", "landuse": null }, "geometry": { "type": "Point", "coordinates": [ 26.6624301, 47.7355398 ] } },
{ "type": "Feature", "properties": { "nuts3_code": "RO212", "name": "Colegiul A.T. Laurian", "amenity": "college", "landuse": null }, "geometry": { "type": "Point", "coordinates": [ 26.664949, 47.7387371 ] } },
{ "type": "Feature", "properties": { "nuts3_code": "RO113", "name": "Universitatea Spiru Haret", "amenity": "university", "landuse": null }, "geometry": { "type": "Point", "coordinates": [ 23.5987452, 46.7734313 ] } },
{ "type": "Feature", "properties": { "nuts3_code": "RO113", "name": null, "amenity": "university", "landuse": null }, "geometry": { "type": "Point", "coordinates": [ 23.5979086, 46.7669555 ] } },
{ "type": "Feature", "properties": { "nuts3_code": "RO113", "name": null, "amenity": "university", "landuse": null }, "geometry": { "type": "Point", "coordinates": [ 23.597516, 46.7668688 ] } },
{ "type": "Feature", "properties": { "nuts3_code": "RO113", "name": null, "amenity": "university", "landuse": null }, "geometry": { "type": "Point", "coordinates": [ 23.5979707, 46.7669437 ] } },
{ "type": "Feature", "properties": { "nuts3_code": "RO113", "name": null, "amenity": "university", "landuse": null }, "geometry": { "type": "Point", "coordinates": [ 23.6087739, 46.7753022 ] } },
{ "type": "Feature", "properties": { "nuts3_code": "RO211", "name": "Liceul Teoretic \"Spiru Haret\"", "amenity": "college", "landuse": null }, "geometry": { "type": "Point", "coordinates": [ 26.4883934, 46.4751548 ] } },
{ "type": "Feature", "properties": { "nuts3_code": "RO122", "name": "Colegiul Național „Unirea” Brașov", "amenity": "college", "landuse": null }, "geometry": { "type": "Point", "coordinates": [ 25.5962037, 45.6438953 ] } },
{ "type": "Feature", "properties": { "nuts3_code": "RO413", "name": "Centrul Universitar Drobeta Turnu Severin", "amenity": "university", "landuse": null }, "geometry": { "type": "Point", "coordinates": [ 22.6691446, 44.627166 ] } },
{ "type": "Feature", "properties": { "nuts3_code": "RO222", "name": null, "amenity": "college", "landuse": null }, "geometry": { "type": "Point", "coordinates": [ 26.8027606, 45.1604338 ] } },
{ "type": "Feature", "properties": { "nuts3_code": "RO411", "name": "Campus Medicină", "amenity": "university", "landuse": null }, "geometry": { "type": "Point", "coordinates": [ 23.7946816, 44.3048247 ] } },
{ "type": "Feature", "properties": { "nuts3_code": "RO411", "name": "Universitatea de Medicină și Farmacie", "amenity": "university", "landuse": null }, "geometry": { "type": "Point", "coordinates": [ 23.7979724, 44.3088188 ] } },
{ "type": "Feature", "properties": { "nuts3_code": "RO411", "name": "Campus Mecanică", "amenity": "university", "landuse": null }, "geometry": { "type": "Point", "coordinates": [ 23.8226461, 44.3167737 ] } },
{ "type": "Feature", "properties": { "nuts3_code": "RO114", "name": "Colegiul economic Pintea Viteazul - Cavnic", "amenity": "college", "landuse": null }, "geometry": { "type": "Point", "coordinates": [ 23.820442, 47.6486905 ] } },
{ "type": "Feature", "properties": { "nuts3_code": "RO311", "name": "Liceul Forestier", "amenity": "college", "landuse": null }, "geometry": { "type": "Point", "coordinates": [ 24.676982, 45.1535083 ] } },
{ "type": "Feature", "properties": { "nuts3_code": "RO421", "name": "Universitatea Aurel Vlaicu din Arad", "amenity": "university", "landuse": null }, "geometry": { "type": "Point", "coordinates": [ 21.3436029, 46.1766541 ] } },
{ "type": "Feature", "properties": { "nuts3_code": "RO421", "name": "Universitatea Aurel Vlaicu Cămine Studențești", "amenity": "university", "landuse": null }, "geometry": { "type": "Point", "coordinates": [ 21.301523, 46.1993887 ] } },
{ "type": "Feature", "properties": { "nuts3_code": "RO322", "name": "Liceul teoretic Horia Hulubei - Măgurele", "amenity": "college", "landuse": null }, "geometry": { "type": "Point", "coordinates": [ 26.0274349, 44.3497146 ] } },
{ "type": "Feature", "properties": { "nuts3_code": "RO216", "name": "Liceul Tehnologic \"Nicolae Iorga\"", "amenity": "college", "landuse": null }, "geometry": { "type": "Point", "coordinates": [ 27.4531412, 46.8361175 ] } },
{ "type": "Feature", "properties": { "nuts3_code": "RO211", "name": null, "amenity": "college", "landuse": null }, "geometry": { "type": "Point", "coordinates": [ 26.4914685, 46.3687657 ] } },
{ "type": "Feature", "properties": { "nuts3_code": "RO421", "name": null, "amenity": "university", "landuse": null }, "geometry": { "type": "Point", "coordinates": [ 21.3443969, 46.2038887 ] } },
{ "type": "Feature", "properties": { "nuts3_code": "RO223", "name": "Facultatea de Medicină Dentară", "amenity": "university", "landuse": null }, "geometry": { "type": "Point", "coordinates": [ 28.6457507, 44.1780072 ] } },
{ "type": "Feature", "properties": { "nuts3_code": "RO114", "name": "Liceul teoretic Bogdan Vodă - Viseu de Mijloc", "amenity": "college", "landuse": null }, "geometry": { "type": "Point", "coordinates": [ 24.4050818, 47.7152366 ] } },
{ "type": "Feature", "properties": { "nuts3_code": "RO122", "name": "Universitatea Transilvania Corp N", "amenity": "university", "landuse": null }, "geometry": { "type": "Point", "coordinates": [ 25.5953557, 45.644117 ] } },
{ "type": "Feature", "properties": { "nuts3_code": "RO321", "name": "Universitatea Spiru Haret - Facultatea de Medicină veterinară", "amenity": "university", "landuse": null }, "geometry": { "type": "Point", "coordinates": [ 26.1250408, 44.4543209 ] } },
{ "type": "Feature", "properties": { "nuts3_code": "RO114", "name": "Liceul teoretic Ioan Buteanu", "amenity": "college", "landuse": null }, "geometry": { "type": "Point", "coordinates": [ 23.4762753, 47.4991905 ] } },
{ "type": "Feature", "properties": { "nuts3_code": "RO315", "name": null, "amenity": "college", "landuse": null }, "geometry": { "type": "Point", "coordinates": [ 27.6638194, 44.6383244 ] } },
{ "type": "Feature", "properties": { "nuts3_code": "RO214", "name": "Colegiul National de Informatica", "amenity": "college", "landuse": null }, "geometry": { "type": "Point", "coordinates": [ 26.3829956, 46.9354018 ] } },
{ "type": "Feature", "properties": { "nuts3_code": "RO316", "name": "Colegiul Tehnic Carol I Valea Doftanei", "amenity": "college", "landuse": null }, "geometry": { "type": "Point", "coordinates": [ 25.7212694, 45.3032321 ] } },
{ "type": "Feature", "properties": { "nuts3_code": "RO321", "name": null, "amenity": "college", "landuse": null }, "geometry": { "type": "Point", "coordinates": [ 26.1127422, 44.383041 ] } },
{ "type": "Feature", "properties": { "nuts3_code": "RO121", "name": "Colegiul Tehnic Alexandru Domșa", "amenity": "college", "landuse": null }, "geometry": { "type": "Point", "coordinates": [ 23.5865107, 46.0870213 ] } },
{ "type": "Feature", "properties": { "nuts3_code": "RO411", "name": "Campus Agronomie", "amenity": "university", "landuse": null }, "geometry": { "type": "Point", "coordinates": [ 23.7856806, 44.3191697 ] } },
{ "type": "Feature", "properties": { "nuts3_code": "RO411", "name": "Universitatea Spiru Haret", "amenity": "college", "landuse": null }, "geometry": { "type": "Point", "coordinates": [ 23.7966848, 44.3264776 ] } },
{ "type": "Feature", "properties": { "nuts3_code": "RO411", "name": "Universitatea de Medicină si Farmacie din Craiova - Clădirea Nouă", "amenity": "university", "landuse": null }, "geometry": { "type": "Point", "coordinates": [ 23.7945307, 44.3053225 ] } },
{ "type": "Feature", "properties": { "nuts3_code": "RO411", "name": "Facultatea de Educație Fizică și Sport", "amenity": "college", "landuse": null }, "geometry": { "type": "Point", "coordinates": [ 23.7734103, 44.326048 ] } },
{ "type": "Feature", "properties": { "nuts3_code": "RO212", "name": "Liceul Tehnologic Special Sfântul Stelian", "amenity": "college", "landuse": null }, "geometry": { "type": "Point", "coordinates": [ 26.6617767, 47.7345753 ] } },
{ "type": "Feature", "properties": { "nuts3_code": "RO222", "name": "Liceul de Artă Margareta Sterian", "amenity": "college", "landuse": null }, "geometry": { "type": "Point", "coordinates": [ 26.8262482, 45.1509897 ] } },
{ "type": "Feature", "properties": { "nuts3_code": "RO222", "name": "Colegiul Agricol Doctor Constantin Angelescu", "amenity": "college", "landuse": null }, "geometry": { "type": "Point", "coordinates": [ 26.8209483, 45.1480655 ] } },
{ "type": "Feature", "properties": { "nuts3_code": "RO222", "name": "Colegiul Tehnic Buzău", "amenity": "college", "landuse": null }, "geometry": { "type": "Point", "coordinates": [ 26.8331595, 45.1338516 ] } },
{ "type": "Feature", "properties": { "nuts3_code": "RO222", "name": "Grup Școlar Tehnologic Dimitrie Filipescu", "amenity": "college", "landuse": null }, "geometry": { "type": "Point", "coordinates": [ 26.8193228, 45.1380408 ] } },
{ "type": "Feature", "properties": { "nuts3_code": "RO223", "name": "Liceul Teoretic Carmen Sylva", "amenity": "college", "landuse": null }, "geometry": { "type": "Point", "coordinates": [ 28.6529356, 44.0200168 ] } },
{ "type": "Feature", "properties": { "nuts3_code": "RO321", "name": "Școala Gimnazială Avram Iancu", "amenity": "college", "landuse": null }, "geometry": { "type": "Point", "coordinates": [ 26.1144007, 44.3769866 ] } },
{ "type": "Feature", "properties": { "nuts3_code": "RO111", "name": "Liceul Popesti", "amenity": "college", "landuse": null }, "geometry": { "type": "Point", "coordinates": [ 22.4187784, 47.2369147 ] } },
{ "type": "Feature", "properties": { "nuts3_code": "RO322", "name": null, "amenity": "college", "landuse": null }, "geometry": { "type": "Point", "coordinates": [ 26.3278993, 44.4618538 ] } },
{ "type": "Feature", "properties": { "nuts3_code": "RO322", "name": null, "amenity": "college", "landuse": null }, "geometry": { "type": "Point", "coordinates": [ 26.3272076, 44.4636612 ] } },
{ "type": "Feature", "properties": { "nuts3_code": "RO316", "name": "Liceul Teoretic Filipeștii de Pădure", "amenity": "college", "landuse": null }, "geometry": { "type": "Point", "coordinates": [ 25.7411238, 44.997818 ] } },
{ "type": "Feature", "properties": { "nuts3_code": "RO115", "name": null, "amenity": "college", "landuse": "grass" }, "geometry": { "type": "Point", "coordinates": [ 22.3249261, 47.6378462 ] } },
{ "type": "Feature", "properties": { "nuts3_code": "RO115", "name": null, "amenity": "college", "landuse": null }, "geometry": { "type": "Point", "coordinates": [ 22.3247387, 47.6373921 ] } },
{ "type": "Feature", "properties": { "nuts3_code": "RO115", "name": null, "amenity": "college", "landuse": null }, "geometry": { "type": "Point", "coordinates": [ 22.3254064, 47.6374922 ] } },
{ "type": "Feature", "properties": { "nuts3_code": "RO226", "name": "Colegiul Național „Unirea\"", "amenity": "college", "landuse": null }, "geometry": { "type": "Point", "coordinates": [ 27.1915716, 45.6979453 ] } },
{ "type": "Feature", "properties": { "nuts3_code": "RO311", "name": "Colegiul Național Pedagogic ”Carol I”", "amenity": "college", "landuse": null }, "geometry": { "type": "Point", "coordinates": [ 25.0486169, 45.2643173 ] } },
{ "type": "Feature", "properties": { "nuts3_code": "RO313", "name": "Colegiul Național Nicolae Titulescu", "amenity": "college", "landuse": null }, "geometry": { "type": "Point", "coordinates": [ 25.4367624, 45.0698601 ] } },
{ "type": "Feature", "properties": { "nuts3_code": "RO111", "name": "Universitatea Emanuel", "amenity": "university", "landuse": null }, "geometry": { "type": "Point", "coordinates": [ 21.9555837, 47.0270143 ] } },
{ "type": "Feature", "properties": { "nuts3_code": "RO111", "name": "Facultatea de Drept", "amenity": "university", "landuse": null }, "geometry": { "type": "Point", "coordinates": [ 21.9406282, 47.0587154 ] } },
{ "type": "Feature", "properties": { "nuts3_code": "RO313", "name": "Liceul nr. 5 Târgoviște", "amenity": "college", "landuse": null }, "geometry": { "type": "Point", "coordinates": [ 25.4685751, 44.9146744 ] } },
{ "type": "Feature", "properties": { "nuts3_code": "RO321", "name": null, "amenity": "college", "landuse": null }, "geometry": { "type": "Point", "coordinates": [ 26.1199737, 44.3816767 ] } },
{ "type": "Feature", "properties": { "nuts3_code": "RO311", "name": "Garajul B", "amenity": "college", "landuse": null }, "geometry": { "type": "Point", "coordinates": [ 24.6654123, 45.1332774 ] } },
{ "type": "Feature", "properties": { "nuts3_code": "RO311", "name": "Garajul C", "amenity": "college", "landuse": null }, "geometry": { "type": "Point", "coordinates": [ 24.6650341, 45.1333559 ] } },
{ "type": "Feature", "properties": { "nuts3_code": "RO311", "name": "Garajul A", "amenity": "college", "landuse": null }, "geometry": { "type": "Point", "coordinates": [ 24.6658068, 45.1341224 ] } },
{ "type": "Feature", "properties": { "nuts3_code": "RO311", "name": "Liceul Tehnologic de Automobile", "amenity": "college", "landuse": null }, "geometry": { "type": "Point", "coordinates": [ 24.6650965, 45.1340714 ] } },
{ "type": "Feature", "properties": { "nuts3_code": "RO116", "name": "Liceul pedagogic ”Gheorghe Șincai”", "amenity": "college", "landuse": null }, "geometry": { "type": "Point", "coordinates": [ 23.0537856, 47.1853675 ] } },
{ "type": "Feature", "properties": { "nuts3_code": "RO126", "name": null, "amenity": "college", "landuse": null }, "geometry": { "type": "Point", "coordinates": [ 24.1538397, 45.7964513 ] } },
{ "type": "Feature", "properties": { "nuts3_code": "RO114", "name": "Facultatea de Științe și Litere - Centrul Universitar Nord din Baia Mare", "amenity": "university", "landuse": null }, "geometry": { "type": "Point", "coordinates": [ 23.5645302, 47.660241 ] } },
{ "type": "Feature", "properties": { "nuts3_code": "RO321", "name": "Universitatea Româno-Americană", "amenity": "university", "landuse": null }, "geometry": { "type": "Point", "coordinates": [ 26.0656308, 44.4731149 ] } },
{ "type": "Feature", "properties": { "nuts3_code": "RO114", "name": "Facultatea de Inginerie - Centrul Universitar Nord din Baia Mare", "amenity": "university", "landuse": null }, "geometry": { "type": "Point", "coordinates": [ 23.5445103, 47.6601183 ] } },
{ "type": "Feature", "properties": { "nuts3_code": "RO424", "name": "Facultatea de Management în Producție și Transporturi", "amenity": "university", "landuse": null }, "geometry": { "type": "Point", "coordinates": [ 21.2225893, 45.7455845 ] } },
{ "type": "Feature", "properties": { "nuts3_code": "RO317", "name": "Liceul Economic Administrativ", "amenity": "college", "landuse": null }, "geometry": { "type": "Point", "coordinates": [ 24.9842991, 44.1147014 ] } },
{ "type": "Feature", "properties": { "nuts3_code": "RO424", "name": "Universitatea Europeană Drăgan", "amenity": "university", "landuse": null }, "geometry": { "type": "Point", "coordinates": [ 21.9032945, 45.689051 ] } },
{ "type": "Feature", "properties": { "nuts3_code": "RO422", "name": "Universitatea Eftimie Murgu", "amenity": "university", "landuse": null }, "geometry": { "type": "Point", "coordinates": [ 21.8838587, 45.2930149 ] } },
{ "type": "Feature", "properties": { "nuts3_code": "RO422", "name": "Facultatea de Teologie, Științe Sociale și ale Educației", "amenity": "university", "landuse": null }, "geometry": { "type": "Point", "coordinates": [ 22.216526, 45.4171771 ] } },
{ "type": "Feature", "properties": { "nuts3_code": "RO114", "name": "Colegiul Național Mihai Eminescu", "amenity": "college", "landuse": null }, "geometry": { "type": "Point", "coordinates": [ 23.5721877, 47.6552513 ] } },
{ "type": "Feature", "properties": { "nuts3_code": "RO311", "name": "Grupul Școlar Tigveni", "amenity": "college", "landuse": null }, "geometry": { "type": "Point", "coordinates": [ 24.5503159, 45.1378483 ] } },
{ "type": "Feature", "properties": { "nuts3_code": "RO126", "name": "Liceul Tehnologic \"Nicolae Teclu\"", "amenity": "college", "landuse": null }, "geometry": { "type": "Point", "coordinates": [ 24.2263237, 46.1102626 ] } },
{ "type": "Feature", "properties": { "nuts3_code": "RO313", "name": "Colegiul Național Vladimir Streinu", "amenity": "college", "landuse": null }, "geometry": { "type": "Point", "coordinates": [ 25.3143266, 44.7221272 ] } },
{ "type": "Feature", "properties": { "nuts3_code": "RO321", "name": "Facultatea de Inginerie a Instalațiilor", "amenity": "university", "landuse": null }, "geometry": { "type": "Point", "coordinates": [ 26.12613, 44.4394852 ] } },
{ "type": "Feature", "properties": { "nuts3_code": "RO423", "name": "Universitatea Alma Mater", "amenity": "university", "landuse": null }, "geometry": { "type": "Point", "coordinates": [ 22.9143804, 45.758083 ] } },
{ "type": "Feature", "properties": { "nuts3_code": "RO223", "name": "Liceul Teoretic Callatis", "amenity": "college", "landuse": null }, "geometry": { "type": "Point", "coordinates": [ 28.5845098, 43.8247061 ] } },
{ "type": "Feature", "properties": { "nuts3_code": "RO316", "name": "Liceul Militar Breaza", "amenity": "college", "landuse": null }, "geometry": { "type": "Point", "coordinates": [ 25.6604281, 45.1816659 ] } },
{ "type": "Feature", "properties": { "nuts3_code": "RO316", "name": "Group Școlar Agricol Bărcănești", "amenity": "college", "landuse": null }, "geometry": { "type": "Point", "coordinates": [ 26.0483828, 44.8867989 ] } },
{ "type": "Feature", "properties": { "nuts3_code": "RO415", "name": "Universitatea Constantin Brancoveanu", "amenity": "university", "landuse": null }, "geometry": { "type": "Point", "coordinates": [ 24.3745523, 45.1079025 ] } },
{ "type": "Feature", "properties": { "nuts3_code": "RO113", "name": "Școala de Agenți de Poliție Septimiu Mureșan", "amenity": "college", "landuse": null }, "geometry": { "type": "Point", "coordinates": [ 23.5717966, 46.7853709 ] } },
{ "type": "Feature", "properties": { "nuts3_code": "RO423", "name": "Colegiul Național ”Iancu de Hunedoara”", "amenity": "college", "landuse": null }, "geometry": { "type": "Point", "coordinates": [ 22.9042643, 45.7507389 ] } },
{ "type": "Feature", "properties": { "nuts3_code": "RO423", "name": "Școala Postliceală Sanitară", "amenity": "college", "landuse": null }, "geometry": { "type": "Point", "coordinates": [ 22.9028925, 45.7498469 ] } },
{ "type": "Feature", "properties": { "nuts3_code": "RO423", "name": "Colegiul Național de Informatică Traian Lalescu", "amenity": "college", "landuse": null }, "geometry": { "type": "Point", "coordinates": [ 22.9097003, 45.7503018 ] } },
{ "type": "Feature", "properties": { "nuts3_code": "RO423", "name": "Facultatea de Inginerie Hunedoara", "amenity": "university", "landuse": null }, "geometry": { "type": "Point", "coordinates": [ 22.8993167, 45.7530558 ] } },
{ "type": "Feature", "properties": { "nuts3_code": "RO126", "name": null, "amenity": "college", "landuse": null }, "geometry": { "type": "Point", "coordinates": [ 24.1606266, 45.7962392 ] } },
{ "type": "Feature", "properties": { "nuts3_code": "RO223", "name": "Facultatea de Științe Economice", "amenity": "university", "landuse": null }, "geometry": { "type": "Point", "coordinates": [ 28.6462291, 44.1940448 ] } },
{ "type": "Feature", "properties": { "nuts3_code": "RO411", "name": "Colegiul Tehnic Ștefan Milcu", "amenity": "college", "landuse": null }, "geometry": { "type": "Point", "coordinates": [ 22.9428717, 43.9966117 ] } },
{ "type": "Feature", "properties": { "nuts3_code": "RO315", "name": "Liceul Teoretic \"Carol I\" Fetesti", "amenity": "college", "landuse": null }, "geometry": { "type": "Point", "coordinates": [ 27.8275953, 44.4098985 ] } },
{ "type": "Feature", "properties": { "nuts3_code": "RO224", "name": "Colegiul Național „Mihail Kogălniceanu”", "amenity": "college", "landuse": null }, "geometry": { "type": "Point", "coordinates": [ 28.0342325, 45.4268122 ] } },
{ "type": "Feature", "properties": { "nuts3_code": "RO115", "name": "Academia Comerciala", "amenity": "college", "landuse": null }, "geometry": { "type": "Point", "coordinates": [ 22.8892603, 47.7962104 ] } },
{ "type": "Feature", "properties": { "nuts3_code": "RO223", "name": "Școala Postliceală Hipocrate", "amenity": "college", "landuse": null }, "geometry": { "type": "Point", "coordinates": [ 28.6215873, 44.2083173 ] } },
{ "type": "Feature", "properties": { "nuts3_code": "RO221", "name": null, "amenity": "college", "landuse": null }, "geometry": { "type": "Point", "coordinates": [ 27.9732202, 45.2692416 ] } },
{ "type": "Feature", "properties": { "nuts3_code": "RO424", "name": "Universitatea de Vest din Timișoara - Zona Oituz", "amenity": "university", "landuse": null }, "geometry": { "type": "Point", "coordinates": [ 21.2304769, 45.7607158 ] } },
{ "type": "Feature", "properties": { "nuts3_code": "RO414", "name": "Colegiul Agricol Danubius", "amenity": "college", "landuse": null }, "geometry": { "type": "Point", "coordinates": [ 24.4909884, 43.7823027 ] } },
{ "type": "Feature", "properties": { "nuts3_code": "RO411", "name": "Universitatea de Medicină și Farmacie din Craiova - Corp A Extindere", "amenity": "university", "landuse": null }, "geometry": { "type": "Point", "coordinates": [ 23.7985531, 44.3087098 ] } },
{ "type": "Feature", "properties": { "nuts3_code": "RO321", "name": "Campusul Studențesc Belvedere", "amenity": "university", "landuse": null }, "geometry": { "type": "Point", "coordinates": [ 26.05474, 44.4483942 ] } },
{ "type": "Feature", "properties": { "nuts3_code": "RO321", "name": "Campusul Studențesc Grozăvești", "amenity": "university", "landuse": null }, "geometry": { "type": "Point", "coordinates": [ 26.0644589, 44.4432929 ] } },
{ "type": "Feature", "properties": { "nuts3_code": "RO123", "name": "Liceul Pedagogic \"Bod Péter\"", "amenity": "college", "landuse": null }, "geometry": { "type": "Point", "coordinates": [ 26.1330587, 46.0026826 ] } },
{ "type": "Feature", "properties": { "nuts3_code": "RO321", "name": "Universitatea Ecologică din București", "amenity": "university", "landuse": null }, "geometry": { "type": "Point", "coordinates": [ 26.0591682, 44.4402875 ] } },
{ "type": "Feature", "properties": { "nuts3_code": "RO321", "name": "Universitatea Artifex", "amenity": "university", "landuse": null }, "geometry": { "type": "Point", "coordinates": [ 26.0569262, 44.4402652 ] } },
{ "type": "Feature", "properties": { "nuts3_code": "RO112", "name": "Universitatea Babeș-Bolyai Bistrița", "amenity": "university", "landuse": null }, "geometry": { "type": "Point", "coordinates": [ 24.4968286, 47.1397778 ] } },
{ "type": "Feature", "properties": { "nuts3_code": "RO125", "name": null, "amenity": "university", "landuse": null }, "geometry": { "type": "Point", "coordinates": [ 24.5980963, 46.5231926 ] } },
{ "type": "Feature", "properties": { "nuts3_code": "RO321", "name": "Facultatea de Medicină Veterinară", "amenity": "university", "landuse": null }, "geometry": { "type": "Point", "coordinates": [ 26.0802206, 44.4314689 ] } },
{ "type": "Feature", "properties": { "nuts3_code": "RO321", "name": "Universitatea din București - Facultatea de Biologie", "amenity": "university", "landuse": null }, "geometry": { "type": "Point", "coordinates": [ 26.0835359, 44.4330498 ] } },
{ "type": "Feature", "properties": { "nuts3_code": "RO223", "name": "Universitatea Tomis", "amenity": "university", "landuse": null }, "geometry": { "type": "Point", "coordinates": [ 28.6412749, 44.1924817 ] } },
{ "type": "Feature", "properties": { "nuts3_code": "RO113", "name": "Laboratoare UTCN Dorobanților", "amenity": "college", "landuse": null }, "geometry": { "type": "Point", "coordinates": [ 23.6075671, 46.7744484 ] } },
{ "type": "Feature", "properties": { "nuts3_code": "RO113", "name": null, "amenity": "university", "landuse": null }, "geometry": { "type": "Point", "coordinates": [ 23.626487, 46.7963271 ] } },
{ "type": "Feature", "properties": { "nuts3_code": "RO122", "name": "Colegiul Național Áprily Lajos", "amenity": "college", "landuse": null }, "geometry": { "type": "Point", "coordinates": [ 25.5883732, 45.6446047 ] } },
{ "type": "Feature", "properties": { "nuts3_code": "RO321", "name": "Complexul Studențesc Panduri", "amenity": "university", "landuse": null }, "geometry": { "type": "Point", "coordinates": [ 26.0625522, 44.4307976 ] } },
{ "type": "Feature", "properties": { "nuts3_code": "RO321", "name": "Universitatea Națională de Apărare \"Carol I\"", "amenity": "university", "landuse": null }, "geometry": { "type": "Point", "coordinates": [ 26.0656951, 44.4295357 ] } },
{ "type": "Feature", "properties": { "nuts3_code": "RO321", "name": "Campusul Studențesc Tei", "amenity": "university", "landuse": null }, "geometry": { "type": "Point", "coordinates": [ 26.1213779, 44.4621717 ] } },
{ "type": "Feature", "properties": { "nuts3_code": "RO321", "name": "Complexul Studențesc Tei", "amenity": "university", "landuse": null }, "geometry": { "type": "Point", "coordinates": [ 26.124634, 44.4631509 ] } },
{ "type": "Feature", "properties": { "nuts3_code": "RO215", "name": "Liceul Silvic", "amenity": "college", "landuse": null }, "geometry": { "type": "Point", "coordinates": [ 25.5687998, 47.5263642 ] } },
{ "type": "Feature", "properties": { "nuts3_code": "RO215", "name": "Colegiul Național Militar \"Ștefan cel Mare\"", "amenity": "college", "landuse": null }, "geometry": { "type": "Point", "coordinates": [ 25.6092248, 47.5088327 ] } },
{ "type": "Feature", "properties": { "nuts3_code": "RO214", "name": null, "amenity": "college", "landuse": null }, "geometry": { "type": "Point", "coordinates": [ 26.3863036, 46.9220565 ] } },
{ "type": "Feature", "properties": { "nuts3_code": "RO321", "name": "Academia de Studii Economice", "amenity": "university", "landuse": null }, "geometry": { "type": "Point", "coordinates": [ 26.097896, 44.4476192 ] } },
{ "type": "Feature", "properties": { "nuts3_code": "RO113", "name": "Universitatea Sapientia", "amenity": "university", "landuse": null }, "geometry": { "type": "Point", "coordinates": [ 23.5974597, 46.7668155 ] } },
{ "type": "Feature", "properties": { "nuts3_code": "RO113", "name": "Universitatea de Științe Agricole și Medicină Veterinară", "amenity": "university", "landuse": null }, "geometry": { "type": "Point", "coordinates": [ 23.5707976, 46.7600763 ] } },
{ "type": "Feature", "properties": { "nuts3_code": "RO113", "name": "Facultatea de Știința și Tehnologia Alimentelor", "amenity": "university", "landuse": null }, "geometry": { "type": "Point", "coordinates": [ 23.5441439, 46.7578021 ] } },
{ "type": "Feature", "properties": { "nuts3_code": "RO113", "name": "Universitatea de Medicină și Farmacie Iuliu Hațieganu", "amenity": "university", "landuse": null }, "geometry": { "type": "Point", "coordinates": [ 23.5830644, 46.762045 ] } },
{ "type": "Feature", "properties": { "nuts3_code": "RO113", "name": "UTCN Facultatea de Construcții", "amenity": "university", "landuse": null }, "geometry": { "type": "Point", "coordinates": [ 23.585318, 46.7708133 ] } },
{ "type": "Feature", "properties": { "nuts3_code": "RO415", "name": null, "amenity": "college", "landuse": null }, "geometry": { "type": "Point", "coordinates": [ 24.2402504, 45.3427061 ] } },
{ "type": "Feature", "properties": { "nuts3_code": "RO221", "name": "Centrul de Formare Profesională", "amenity": "college", "landuse": null }, "geometry": { "type": "Point", "coordinates": [ 27.9799106, 45.278166 ] } },
{ "type": "Feature", "properties": { "nuts3_code": "RO311", "name": "Universitatea Constantin Brâncoveanu", "amenity": "university", "landuse": null }, "geometry": { "type": "Point", "coordinates": [ 24.860018, 44.8699018 ] } },
{ "type": "Feature", "properties": { "nuts3_code": "RO215", "name": "Universitatea Ștefan cel Mare", "amenity": "university", "landuse": null }, "geometry": { "type": "Point", "coordinates": [ 26.2438074, 47.6409628 ] } },
{ "type": "Feature", "properties": { "nuts3_code": "RO313", "name": "Universitatea Valahia din Targoviste", "amenity": "university", "landuse": null }, "geometry": { "type": "Point", "coordinates": [ 25.4539554, 44.9432258 ] } },
{ "type": "Feature", "properties": { "nuts3_code": "RO122", "name": "Colegiul Tehnic Mircea Cristea", "amenity": "college", "landuse": null }, "geometry": { "type": "Point", "coordinates": [ 25.6120722, 45.6665295 ] } },
{ "type": "Feature", "properties": { "nuts3_code": "RO321", "name": "Universitatea de Arhitectură și Urbanism Ion Mincu", "amenity": "university", "landuse": null }, "geometry": { "type": "Point", "coordinates": [ 26.0997578, 44.4363208 ] } },
{ "type": "Feature", "properties": { "nuts3_code": "RO321", "name": null, "amenity": "university", "landuse": null }, "geometry": { "type": "Point", "coordinates": [ 26.0997879, 44.4358821 ] } },
{ "type": "Feature", "properties": { "nuts3_code": "RO321", "name": "Palatul Institutului de Arhitectură", "amenity": "university", "landuse": null }, "geometry": { "type": "Point", "coordinates": [ 26.1005131, 44.4363776 ] } },
{ "type": "Feature", "properties": { "nuts3_code": "RO321", "name": "Universitatea din București", "amenity": "university", "landuse": null }, "geometry": { "type": "Point", "coordinates": [ 26.1007692, 44.4356211 ] } },
{ "type": "Feature", "properties": { "nuts3_code": "RO111", "name": "Universitatea din Oradea, Campus B", "amenity": "university", "landuse": null }, "geometry": { "type": "Point", "coordinates": [ 21.9221363, 47.0434959 ] } },
{ "type": "Feature", "properties": { "nuts3_code": "RO122", "name": "Universitatea Transilvania - Campus Colina Universității", "amenity": "university", "landuse": null }, "geometry": { "type": "Point", "coordinates": [ 25.5973883, 45.6552822 ] } },
{ "type": "Feature", "properties": { "nuts3_code": "RO311", "name": "Facultatea de Ştiinţe Economice Câmpulung a Universităţii \"Spiru Haret\"", "amenity": "university", "landuse": null }, "geometry": { "type": "Point", "coordinates": [ 25.0659785, 45.2990871 ] } },
{ "type": "Feature", "properties": { "nuts3_code": "RO223", "name": "Secția de pregătire marinărească și sporturi nautice Palazu Mare", "amenity": "university", "landuse": null }, "geometry": { "type": "Point", "coordinates": [ 28.6127102, 44.2305463 ] } },
{ "type": "Feature", "properties": { "nuts3_code": "RO211", "name": null, "amenity": "college", "landuse": null }, "geometry": { "type": "Point", "coordinates": [ 26.9149723, 46.5295474 ] } },
{ "type": "Feature", "properties": { "nuts3_code": "RO321", "name": "Universitatea Titu Maiorescu", "amenity": "university", "landuse": null }, "geometry": { "type": "Point", "coordinates": [ 26.1144692, 44.4136774 ] } },
{ "type": "Feature", "properties": { "nuts3_code": "RO113", "name": "UBB Facultatea de Științe Economice și Gestiunea Afacerilor (FSEGA)", "amenity": "university", "landuse": null }, "geometry": { "type": "Point", "coordinates": [ 23.6207838, 46.7731255 ] } },
{ "type": "Feature", "properties": { "nuts3_code": "RO113", "name": null, "amenity": "university", "landuse": null }, "geometry": { "type": "Point", "coordinates": [ 23.620919, 46.7748562 ] } },
{ "type": "Feature", "properties": { "nuts3_code": "RO113", "name": "UTCN Facultatea de Automatică și Calculatoare", "amenity": "university", "landuse": null }, "geometry": { "type": "Point", "coordinates": [ 23.5852432, 46.7726444 ] } },
{ "type": "Feature", "properties": { "nuts3_code": "RO113", "name": null, "amenity": "university", "landuse": null }, "geometry": { "type": "Point", "coordinates": [ 23.5856911, 46.7719553 ] } },
{ "type": "Feature", "properties": { "nuts3_code": "RO113", "name": "UBB Facultatea de Teologie Ortodoxă", "amenity": "university", "landuse": null }, "geometry": { "type": "Point", "coordinates": [ 23.6170691, 46.7764021 ] } },
{ "type": "Feature", "properties": { "nuts3_code": "RO322", "name": "Academia Națională de Informații", "amenity": "college", "landuse": null }, "geometry": { "type": "Point", "coordinates": [ 26.0440848, 44.5292583 ] } },
{ "type": "Feature", "properties": { "nuts3_code": "RO122", "name": "Colegiul pentru Agricultură și Industrie Alimentară \"Țara Bârsei\"", "amenity": "college", "landuse": null }, "geometry": { "type": "Point", "coordinates": [ 25.7662677, 45.7189294 ] } },
{ "type": "Feature", "properties": { "nuts3_code": "RO412", "name": "Liceul Tehnologic Turceni", "amenity": "college", "landuse": null }, "geometry": { "type": "Point", "coordinates": [ 23.3744754, 44.6817839 ] } },
{ "type": "Feature", "properties": { "nuts3_code": "RO412", "name": "Liceul Tehnologic Turceni", "amenity": "college", "landuse": null }, "geometry": { "type": "Point", "coordinates": [ 23.3752799, 44.6820359 ] } },
{ "type": "Feature", "properties": { "nuts3_code": "RO321", "name": "SNSPA", "amenity": "university", "landuse": null }, "geometry": { "type": "Point", "coordinates": [ 26.0590485, 44.4739857 ] } },
{ "type": "Feature", "properties": { "nuts3_code": "RO424", "name": "Institutul de Cercetări pentru Energii Regenerabile", "amenity": "university", "landuse": null }, "geometry": { "type": "Point", "coordinates": [ 21.2344473, 45.7241683 ] } },
{ "type": "Feature", "properties": { "nuts3_code": "RO112", "name": "Colegiul Național Petru Rareș", "amenity": "college", "landuse": null }, "geometry": { "type": "Point", "coordinates": [ 24.1762065, 47.1768526 ] } },
{ "type": "Feature", "properties": { "nuts3_code": "RO423", "name": null, "amenity": "college", "landuse": null }, "geometry": { "type": "Point", "coordinates": [ 23.2057627, 45.3439439 ] } },
{ "type": "Feature", "properties": { "nuts3_code": "RO423", "name": "Grupul Şcolar Industrial Minier Lupeni", "amenity": "college", "landuse": null }, "geometry": { "type": "Point", "coordinates": [ 23.206142, 45.3441248 ] } },
{ "type": "Feature", "properties": { "nuts3_code": "RO423", "name": null, "amenity": "college", "landuse": null }, "geometry": { "type": "Point", "coordinates": [ 23.2065237, 45.3443077 ] } },
{ "type": "Feature", "properties": { "nuts3_code": "RO423", "name": "Sindicatul Învăţământului Preuniversitar", "amenity": "college", "landuse": null }, "geometry": { "type": "Point", "coordinates": [ 23.2053478, 45.3442656 ] } },
{ "type": "Feature", "properties": { "nuts3_code": "RO423", "name": null, "amenity": "college", "landuse": null }, "geometry": { "type": "Point", "coordinates": [ 23.205026, 45.3446378 ] } },
{ "type": "Feature", "properties": { "nuts3_code": "RO423", "name": null, "amenity": "college", "landuse": null }, "geometry": { "type": "Point", "coordinates": [ 23.205148, 45.3444864 ] } },
{ "type": "Feature", "properties": { "nuts3_code": "RO423", "name": null, "amenity": "college", "landuse": null }, "geometry": { "type": "Point", "coordinates": [ 23.2051619, 45.3447124 ] } },
{ "type": "Feature", "properties": { "nuts3_code": "RO423", "name": null, "amenity": "college", "landuse": null }, "geometry": { "type": "Point", "coordinates": [ 23.205534, 45.344884 ] } },
{ "type": "Feature", "properties": { "nuts3_code": "RO423", "name": null, "amenity": "college", "landuse": null }, "geometry": { "type": "Point", "coordinates": [ 23.2059329, 45.3450586 ] } },
{ "type": "Feature", "properties": { "nuts3_code": "RO423", "name": null, "amenity": "college", "landuse": null }, "geometry": { "type": "Point", "coordinates": [ 23.2060927, 45.3451414 ] } },
{ "type": "Feature", "properties": { "nuts3_code": "RO113", "name": "Universitatea de Artă și Design", "amenity": "university", "landuse": null }, "geometry": { "type": "Point", "coordinates": [ 23.6185518, 46.7795622 ] } },
{ "type": "Feature", "properties": { "nuts3_code": "RO121", "name": "Corpul A", "amenity": "college", "landuse": null }, "geometry": { "type": "Point", "coordinates": [ 23.5700814, 45.9523325 ] } },
{ "type": "Feature", "properties": { "nuts3_code": "RO121", "name": null, "amenity": "college", "landuse": null }, "geometry": { "type": "Point", "coordinates": [ 23.5700981, 45.9606307 ] } },
{ "type": "Feature", "properties": { "nuts3_code": "RO226", "name": null, "amenity": "university", "landuse": null }, "geometry": { "type": "Point", "coordinates": [ 27.1868597, 45.6993317 ] } },
{ "type": "Feature", "properties": { "nuts3_code": "RO215", "name": null, "amenity": "college", "landuse": null }, "geometry": { "type": "Point", "coordinates": [ 25.895553, 47.5547657 ] } },
{ "type": "Feature", "properties": { "nuts3_code": "RO215", "name": null, "amenity": "college", "landuse": null }, "geometry": { "type": "Point", "coordinates": [ 25.8957553, 47.5548058 ] } },
{ "type": "Feature", "properties": { "nuts3_code": "RO215", "name": null, "amenity": "college", "landuse": null }, "geometry": { "type": "Point", "coordinates": [ 25.8958478, 47.554992 ] } },
{ "type": "Feature", "properties": { "nuts3_code": "RO215", "name": null, "amenity": "college", "landuse": null }, "geometry": { "type": "Point", "coordinates": [ 25.8994427, 47.5534069 ] } },
{ "type": "Feature", "properties": { "nuts3_code": "RO215", "name": "Colegiul \"Alexandru cel Bun\"", "amenity": "college", "landuse": null }, "geometry": { "type": "Point", "coordinates": [ 25.8996244, 47.5531496 ] } },
{ "type": "Feature", "properties": { "nuts3_code": "RO215", "name": null, "amenity": "college", "landuse": null }, "geometry": { "type": "Point", "coordinates": [ 25.8998148, 47.5535757 ] } },
{ "type": "Feature", "properties": { "nuts3_code": "RO215", "name": null, "amenity": "college", "landuse": null }, "geometry": { "type": "Point", "coordinates": [ 25.8992286, 47.5538562 ] } },
{ "type": "Feature", "properties": { "nuts3_code": "RO215", "name": null, "amenity": "college", "landuse": null }, "geometry": { "type": "Point", "coordinates": [ 25.8997435, 47.554226 ] } },
{ "type": "Feature", "properties": { "nuts3_code": "RO215", "name": null, "amenity": "college", "landuse": null }, "geometry": { "type": "Point", "coordinates": [ 25.8999199, 47.5538846 ] } },
{ "type": "Feature", "properties": { "nuts3_code": "RO121", "name": "Extensia Universitară Alba Iulia a Universității Tehnice din Cluj-Napoca", "amenity": "university", "landuse": null }, "geometry": { "type": "Point", "coordinates": [ 23.59697, 46.0948128 ] } },
{ "type": "Feature", "properties": { "nuts3_code": "RO412", "name": "Facultatea de Inginerie", "amenity": "university", "landuse": null }, "geometry": { "type": "Point", "coordinates": [ 23.2746306, 45.0383214 ] } },
{ "type": "Feature", "properties": { "nuts3_code": "RO321", "name": "Facultatea de Pompieri", "amenity": "university", "landuse": null }, "geometry": { "type": "Point", "coordinates": [ 26.1684279, 44.4383876 ] } },
{ "type": "Feature", "properties": { "nuts3_code": "RO321", "name": "Universitatea din București - Facultatea de Limbi și Literaturi Străine", "amenity": "university", "landuse": null }, "geometry": { "type": "Point", "coordinates": [ 26.1002131, 44.4417974 ] } },
{ "type": "Feature", "properties": { "nuts3_code": "RO321", "name": "Universitatea Athenaeum", "amenity": "university", "landuse": null }, "geometry": { "type": "Point", "coordinates": [ 26.1051315, 44.461379 ] } },
{ "type": "Feature", "properties": { "nuts3_code": "RO321", "name": "Universitatea Tehnică de Construcții București - Facultatea de Inginerie a Instalațiilor", "amenity": "university", "landuse": null }, "geometry": { "type": "Point", "coordinates": [ 26.1261271, 44.4394689 ] } },
{ "type": "Feature", "properties": { "nuts3_code": "RO321", "name": "Colegiul Tehnic \"Mihai Bravu\"", "amenity": "college", "landuse": null }, "geometry": { "type": "Point", "coordinates": [ 26.135551, 44.4194707 ] } },
{ "type": "Feature", "properties": { "nuts3_code": "RO321", "name": "Cămin Mihail Kogălniceanu", "amenity": "university", "landuse": null }, "geometry": { "type": "Point", "coordinates": [ 26.0804809, 44.4351976 ] } },
{ "type": "Feature", "properties": { "nuts3_code": "RO321", "name": "Universitatea din București", "amenity": "university", "landuse": null }, "geometry": { "type": "Point", "coordinates": [ 26.0821264, 44.4354105 ] } },
{ "type": "Feature", "properties": { "nuts3_code": "RO321", "name": "Facultatea de Filosofie", "amenity": "university", "landuse": null }, "geometry": { "type": "Point", "coordinates": [ 26.0654118, 44.4419525 ] } },
{ "type": "Feature", "properties": { "nuts3_code": "RO321", "name": "Universitatea din București", "amenity": "university", "landuse": null }, "geometry": { "type": "Point", "coordinates": [ 26.0807625, 44.436348 ] } },
{ "type": "Feature", "properties": { "nuts3_code": "RO321", "name": "Universitatea Tehnică de Construcții București", "amenity": "university", "landuse": null }, "geometry": { "type": "Point", "coordinates": [ 26.0821554, 44.4364881 ] } },
{ "type": "Feature", "properties": { "nuts3_code": "RO321", "name": "Complexul Studențesc Fundeni", "amenity": "university", "landuse": null }, "geometry": { "type": "Point", "coordinates": [ 26.1594259, 44.4630403 ] } },
{ "type": "Feature", "properties": { "nuts3_code": "RO311", "name": "Universitatea din Pitești", "amenity": "university", "landuse": null }, "geometry": { "type": "Point", "coordinates": [ 24.8674162, 44.8539294 ] } },
{ "type": "Feature", "properties": { "nuts3_code": "RO321", "name": "Complexul Studențesc Moxa", "amenity": "university", "landuse": null }, "geometry": { "type": "Point", "coordinates": [ 26.0873749, 44.4455222 ] } },
{ "type": "Feature", "properties": { "nuts3_code": "RO321", "name": null, "amenity": "university", "landuse": null }, "geometry": { "type": "Point", "coordinates": [ 26.0923254, 44.4427604 ] } },
{ "type": "Feature", "properties": { "nuts3_code": "RO122", "name": "Școala Profesională Germană Kronstadt", "amenity": "college", "landuse": null }, "geometry": { "type": "Point", "coordinates": [ 25.6141472, 45.6824283 ] } },
{ "type": "Feature", "properties": { "nuts3_code": "RO424", "name": "Fosta Facultate de Hidrotehnică", "amenity": "university", "landuse": null }, "geometry": { "type": "Point", "coordinates": [ 21.2726621, 45.7631862 ] } },
{ "type": "Feature", "properties": { "nuts3_code": "RO113", "name": "Hub UTCN", "amenity": "university", "landuse": null }, "geometry": { "type": "Point", "coordinates": [ 23.587289, 46.7736422 ] } },
{ "type": "Feature", "properties": { "nuts3_code": "RO424", "name": "Facultatea de Teologie", "amenity": "university", "landuse": null }, "geometry": { "type": "Point", "coordinates": [ 21.2059577, 45.7588287 ] } },
{ "type": "Feature", "properties": { "nuts3_code": "RO113", "name": "UBB Facultatea de Chimie și Inginerie Chimică", "amenity": "university", "landuse": null }, "geometry": { "type": "Point", "coordinates": [ 23.5823172, 46.7705345 ] } },
{ "type": "Feature", "properties": { "nuts3_code": "RO317", "name": "Liceul Tehnologic „Sfântul Haralambie”", "amenity": "college", "landuse": null }, "geometry": { "type": "Point", "coordinates": [ 24.8712498, 43.7474239 ] } },
{ "type": "Feature", "properties": { "nuts3_code": "RO424", "name": null, "amenity": "university", "landuse": null }, "geometry": { "type": "Point", "coordinates": [ 21.2187234, 45.7498327 ] } },
{ "type": "Feature", "properties": { "nuts3_code": "RO315", "name": "Liceul Teoretic „Grigore Moisil” Urziceni", "amenity": "college", "landuse": null }, "geometry": { "type": "Point", "coordinates": [ 26.6472183, 44.7112566 ] } },
{ "type": "Feature", "properties": { "nuts3_code": "RO126", "name": "Liceul Gustav Gundisch", "amenity": "college", "landuse": null }, "geometry": { "type": "Point", "coordinates": [ 24.1501642, 45.7120655 ] } },
{ "type": "Feature", "properties": { "nuts3_code": "RO122", "name": "Liceul Doctor Ioan Meșotă", "amenity": "college", "landuse": null }, "geometry": { "type": "Point", "coordinates": [ 25.6092247, 45.6542056 ] } },
{ "type": "Feature", "properties": { "nuts3_code": "RO122", "name": "Colegiul Național \"Andrei Șaguna\"", "amenity": "college", "landuse": null }, "geometry": { "type": "Point", "coordinates": [ 25.5844539, 45.6385298 ] } },
{ "type": "Feature", "properties": { "nuts3_code": "RO126", "name": "Colegiul Tehnic Cibinium", "amenity": "college", "landuse": null }, "geometry": { "type": "Point", "coordinates": [ 24.1433649, 45.7935397 ] } },
{ "type": "Feature", "properties": { "nuts3_code": "RO126", "name": "Facultatea de Conservare și Restaurare a UAUIM", "amenity": "university", "landuse": null }, "geometry": { "type": "Point", "coordinates": [ 24.1433153, 45.7929209 ] } },
{ "type": "Feature", "properties": { "nuts3_code": "RO126", "name": "Liceul Teoretic \"Constantin Noica\"", "amenity": "college", "landuse": null }, "geometry": { "type": "Point", "coordinates": [ 24.1430449, 45.792664 ] } },
{ "type": "Feature", "properties": { "nuts3_code": "RO321", "name": "Universitatea de Construcții București", "amenity": "university", "landuse": null }, "geometry": { "type": "Point", "coordinates": [ 26.1415572, 44.4665741 ] } },
{ "type": "Feature", "properties": { "nuts3_code": "RO321", "name": "UNATC", "amenity": "university", "landuse": null }, "geometry": { "type": "Point", "coordinates": [ 26.1254635, 44.4265341 ] } },
{ "type": "Feature", "properties": { "nuts3_code": "RO321", "name": null, "amenity": "university", "landuse": null }, "geometry": { "type": "Point", "coordinates": [ 26.1215122, 44.4602653 ] } },
{ "type": "Feature", "properties": { "nuts3_code": "RO223", "name": "Colegiul Tehnic „Nicolae Titulescu”", "amenity": "college", "landuse": null }, "geometry": { "type": "Point", "coordinates": [ 28.2655473, 44.2603388 ] } },
{ "type": "Feature", "properties": { "nuts3_code": "RO223", "name": null, "amenity": "college", "landuse": null }, "geometry": { "type": "Point", "coordinates": [ 28.295878, 44.2428691 ] } },
{ "type": "Feature", "properties": { "nuts3_code": "RO223", "name": null, "amenity": "college", "landuse": null }, "geometry": { "type": "Point", "coordinates": [ 28.2961196, 44.2428648 ] } },
{ "type": "Feature", "properties": { "nuts3_code": "RO223", "name": null, "amenity": "college", "landuse": null }, "geometry": { "type": "Point", "coordinates": [ 28.2950928, 44.2429774 ] } },
{ "type": "Feature", "properties": { "nuts3_code": "RO223", "name": "Liceul Tehnologic „Dragomir Hurmuzescu”", "amenity": "college", "landuse": null }, "geometry": { "type": "Point", "coordinates": [ 28.2954959, 44.2430435 ] } },
{ "type": "Feature", "properties": { "nuts3_code": "RO223", "name": null, "amenity": "college", "landuse": null }, "geometry": { "type": "Point", "coordinates": [ 28.2958334, 44.2432689 ] } },
{ "type": "Feature", "properties": { "nuts3_code": "RO424", "name": null, "amenity": "university", "landuse": null }, "geometry": { "type": "Point", "coordinates": [ 21.2299341, 45.7611026 ] } },
{ "type": "Feature", "properties": { "nuts3_code": "RO423", "name": "Facultatea de Inginerie", "amenity": "university", "landuse": null }, "geometry": { "type": "Point", "coordinates": [ 22.899968, 45.7531392 ] } },
{ "type": "Feature", "properties": { "nuts3_code": "RO423", "name": "Colegiul Național Iancu de Hunedoara", "amenity": "college", "landuse": null }, "geometry": { "type": "Point", "coordinates": [ 22.9042738, 45.7507087 ] } },
{ "type": "Feature", "properties": { "nuts3_code": "RO215", "name": null, "amenity": "college", "landuse": null }, "geometry": { "type": "Point", "coordinates": [ 26.2970106, 47.4617473 ] } },
{ "type": "Feature", "properties": { "nuts3_code": "RO111", "name": "Faculty of Environmental Protection", "amenity": "university", "landuse": null }, "geometry": { "type": "Point", "coordinates": [ 21.9407973, 47.05861 ] } },
{ "type": "Feature", "properties": { "nuts3_code": "RO423", "name": "Liceul Teoretic ,,Silviu Dragomir'' Ilia", "amenity": "college", "landuse": null }, "geometry": { "type": "Point", "coordinates": [ 22.6622847, 45.9337623 ] } },
{ "type": "Feature", "properties": { "nuts3_code": "RO421", "name": "Universitatea de Vest Vasile Goldiș - Facultatea de Educație Fizică și Sport", "amenity": "university", "landuse": null }, "geometry": { "type": "Point", "coordinates": [ 21.3243012, 46.1779535 ] } },
{ "type": "Feature", "properties": { "nuts3_code": "RO213", "name": "Universitatea de Medicina si Farmacie Grigore T. Popa", "amenity": "university", "landuse": null }, "geometry": { "type": "Point", "coordinates": [ 27.5847856, 47.1684426 ] } },
{ "type": "Feature", "properties": { "nuts3_code": "RO211", "name": "Universitatea  „Vasile Alecsandri\" Bacău - Campusul Spiru Haret", "amenity": "university", "landuse": null }, "geometry": { "type": "Point", "coordinates": [ 26.907592, 46.5555303 ] } },
{ "type": "Feature", "properties": { "nuts3_code": "RO321", "name": null, "amenity": "university", "landuse": null }, "geometry": { "type": "Point", "coordinates": [ 26.1150429, 44.414485 ] } },
{ "type": "Feature", "properties": { "nuts3_code": "RO321", "name": "Colegiul Economic Viilor", "amenity": "college", "landuse": null }, "geometry": { "type": "Point", "coordinates": [ 26.086258, 44.4129622 ] } },
{ "type": "Feature", "properties": { "nuts3_code": "RO321", "name": "Cămin Stoian Militaru", "amenity": "university", "landuse": null }, "geometry": { "type": "Point", "coordinates": [ 26.1039604, 44.3984284 ] } },
{ "type": "Feature", "properties": { "nuts3_code": "RO317", "name": "Colegiul Național Unirea", "amenity": "college", "landuse": null }, "geometry": { "type": "Point", "coordinates": [ 24.868437, 43.744434 ] } },
{ "type": "Feature", "properties": { "nuts3_code": "RO114", "name": "Colegiul Tehnic George Barițiu", "amenity": "college", "landuse": null }, "geometry": { "type": "Point", "coordinates": [ 23.5708363, 47.6553816 ] } },
{ "type": "Feature", "properties": { "nuts3_code": "RO114", "name": "Colegiul Economic Nicolae Titulescu", "amenity": "college", "landuse": null }, "geometry": { "type": "Point", "coordinates": [ 23.5730841, 47.6527223 ] } },
{ "type": "Feature", "properties": { "nuts3_code": "RO311", "name": "Universitatea din Pitești Corp B", "amenity": "university", "landuse": null }, "geometry": { "type": "Point", "coordinates": [ 24.8919683, 44.8418252 ] } },
{ "type": "Feature", "properties": { "nuts3_code": "RO422", "name": "Liceul Teoretic Tata Oancea", "amenity": "college", "landuse": null }, "geometry": { "type": "Point", "coordinates": [ 21.7697765, 45.3783734 ] } },
{ "type": "Feature", "properties": { "nuts3_code": "RO225", "name": "Archeological student base", "amenity": "university", "landuse": null }, "geometry": { "type": "Point", "coordinates": [ 28.592396, 44.8537716 ] } },
{ "type": "Feature", "properties": { "nuts3_code": "RO321", "name": "Școala nr. 36 Ionel Teodoreanu", "amenity": "college", "landuse": null }, "geometry": { "type": "Point", "coordinates": [ 26.1016324, 44.3805559 ] } },
{ "type": "Feature", "properties": { "nuts3_code": "RO321", "name": "Școala Gimnazială nr. 99", "amenity": "college", "landuse": null }, "geometry": { "type": "Point", "coordinates": [ 26.1055877, 44.3822007 ] } },
{ "type": "Feature", "properties": { "nuts3_code": "RO321", "name": null, "amenity": "college", "landuse": null }, "geometry": { "type": "Point", "coordinates": [ 26.1058228, 44.3823264 ] } },
{ "type": "Feature", "properties": { "nuts3_code": "RO321", "name": null, "amenity": "college", "landuse": null }, "geometry": { "type": "Point", "coordinates": [ 26.1057853, 44.3819801 ] } },
{ "type": "Feature", "properties": { "nuts3_code": "RO321", "name": null, "amenity": "college", "landuse": null }, "geometry": { "type": "Point", "coordinates": [ 26.1016185, 44.3878366 ] } },
{ "type": "Feature", "properties": { "nuts3_code": "RO321", "name": "Școala Gimnazială nr. 110 \"George Topârceanu\"", "amenity": "college", "landuse": null }, "geometry": { "type": "Point", "coordinates": [ 26.1015802, 44.3876333 ] } },
{ "type": "Feature", "properties": { "nuts3_code": "RO321", "name": null, "amenity": "college", "landuse": null }, "geometry": { "type": "Point", "coordinates": [ 26.1019178, 44.3875759 ] } },
{ "type": "Feature", "properties": { "nuts3_code": "RO321", "name": "Școala nr. 308", "amenity": "college", "landuse": null }, "geometry": { "type": "Point", "coordinates": [ 26.0969586, 44.3857824 ] } },
{ "type": "Feature", "properties": { "nuts3_code": "RO321", "name": "Școala Generală Nr. 109 Șerban Vodă", "amenity": "college", "landuse": null }, "geometry": { "type": "Point", "coordinates": [ 26.0949447, 44.3885545 ] } },
{ "type": "Feature", "properties": { "nuts3_code": "RO321", "name": "Școala Gimnazială George Bacovia", "amenity": "college", "landuse": null }, "geometry": { "type": "Point", "coordinates": [ 26.0993533, 44.3958648 ] } },
{ "type": "Feature", "properties": { "nuts3_code": "RO122", "name": "Colegiul Emil Racoviță", "amenity": "college", "landuse": null }, "geometry": { "type": "Point", "coordinates": [ 25.6035788, 45.659111 ] } },
{ "type": "Feature", "properties": { "nuts3_code": "RO322", "name": "Școala Gimnazială nr.40", "amenity": "college", "landuse": null }, "geometry": { "type": "Point", "coordinates": [ 26.1506593, 44.4770383 ] } },
{ "type": "Feature", "properties": { "nuts3_code": "RO322", "name": "Școala Gimnazială nr.40", "amenity": "college", "landuse": null }, "geometry": { "type": "Point", "coordinates": [ 26.1504791, 44.4774608 ] } },
{ "type": "Feature", "properties": { "nuts3_code": "RO321", "name": "Institutul Național Pentru Pregătirea Și Perfecționarea Avocaților", "amenity": "college", "landuse": null }, "geometry": { "type": "Point", "coordinates": [ 26.1180408, 44.4291653 ] } },
{ "type": "Feature", "properties": { "nuts3_code": "RO321", "name": "Consiliul Municipal al Elevilor", "amenity": "college", "landuse": null }, "geometry": { "type": "Point", "coordinates": [ 26.0817561, 44.454306 ] } }
]
}
